instruction_name,pattern,pattern_source_file,pattern_source_location,decoder_location,guard,generator_source_file,generator_source_location,generator_generation_input
ADD,0000000??????????000?????0110011,hw/ip/snitch/src/riscv_instr.sv,hw/ip/snitch/src/riscv_instr.sv:298,hw/ip/snitch/src/snitch.sv:553,always,sw/toolchain/riscv-opcodes/opcodes-rv32i,sw/toolchain/riscv-opcodes/opcodes-rv32i:34,No
ADDI,?????????????????000?????0010011,hw/ip/snitch/src/riscv_instr.sv,hw/ip/snitch/src/riscv_instr.sv:289,hw/ip/snitch/src/snitch.sv:557,always,sw/toolchain/riscv-opcodes/opcodes-rv32i,sw/toolchain/riscv-opcodes/opcodes-rv32i:24,No
SUB,0100000??????????000?????0110011,hw/ip/snitch/src/riscv_instr.sv,hw/ip/snitch/src/riscv_instr.sv:299,hw/ip/snitch/src/snitch.sv:561,always,sw/toolchain/riscv-opcodes/opcodes-rv32i,sw/toolchain/riscv-opcodes/opcodes-rv32i:35,No
XOR,0000000??????????100?????0110011,hw/ip/snitch/src/riscv_instr.sv,hw/ip/snitch/src/riscv_instr.sv:303,hw/ip/snitch/src/snitch.sv:566,always,sw/toolchain/riscv-opcodes/opcodes-rv32i,sw/toolchain/riscv-opcodes/opcodes-rv32i:39,No
XORI,?????????????????100?????0010011,hw/ip/snitch/src/riscv_instr.sv,hw/ip/snitch/src/riscv_instr.sv:293,hw/ip/snitch/src/snitch.sv:571,always,sw/toolchain/riscv-opcodes/opcodes-rv32i,sw/toolchain/riscv-opcodes/opcodes-rv32i:28,No
OR,0000000??????????110?????0110011,hw/ip/snitch/src/riscv_instr.sv,hw/ip/snitch/src/riscv_instr.sv:306,hw/ip/snitch/src/snitch.sv:576,always,sw/toolchain/riscv-opcodes/opcodes-rv32i,sw/toolchain/riscv-opcodes/opcodes-rv32i:42,No
ORI,?????????????????110?????0010011,hw/ip/snitch/src/riscv_instr.sv,hw/ip/snitch/src/riscv_instr.sv:296,hw/ip/snitch/src/snitch.sv:581,always,sw/toolchain/riscv-opcodes/opcodes-rv32i,sw/toolchain/riscv-opcodes/opcodes-rv32i:31,No
AND,0000000??????????111?????0110011,hw/ip/snitch/src/riscv_instr.sv,hw/ip/snitch/src/riscv_instr.sv:307,hw/ip/snitch/src/snitch.sv:586,always,sw/toolchain/riscv-opcodes/opcodes-rv32i,sw/toolchain/riscv-opcodes/opcodes-rv32i:43,No
ANDI,?????????????????111?????0010011,hw/ip/snitch/src/riscv_instr.sv,hw/ip/snitch/src/riscv_instr.sv:297,hw/ip/snitch/src/snitch.sv:591,always,sw/toolchain/riscv-opcodes/opcodes-rv32i,sw/toolchain/riscv-opcodes/opcodes-rv32i:32,No
SLT,0000000??????????010?????0110011,hw/ip/snitch/src/riscv_instr.sv,hw/ip/snitch/src/riscv_instr.sv:301,hw/ip/snitch/src/snitch.sv:596,always,sw/toolchain/riscv-opcodes/opcodes-rv32i,sw/toolchain/riscv-opcodes/opcodes-rv32i:37,No
SLTI,?????????????????010?????0010011,hw/ip/snitch/src/riscv_instr.sv,hw/ip/snitch/src/riscv_instr.sv:291,hw/ip/snitch/src/snitch.sv:601,always,sw/toolchain/riscv-opcodes/opcodes-rv32i,sw/toolchain/riscv-opcodes/opcodes-rv32i:26,No
SLTU,0000000??????????011?????0110011,hw/ip/snitch/src/riscv_instr.sv,hw/ip/snitch/src/riscv_instr.sv:302,hw/ip/snitch/src/snitch.sv:606,always,sw/toolchain/riscv-opcodes/opcodes-rv32i,sw/toolchain/riscv-opcodes/opcodes-rv32i:38,No
SLTIU,?????????????????011?????0010011,hw/ip/snitch/src/riscv_instr.sv,hw/ip/snitch/src/riscv_instr.sv:292,hw/ip/snitch/src/snitch.sv:611,always,sw/toolchain/riscv-opcodes/opcodes-rv32i,sw/toolchain/riscv-opcodes/opcodes-rv32i:27,No
SLL,0000000??????????001?????0110011,hw/ip/snitch/src/riscv_instr.sv,hw/ip/snitch/src/riscv_instr.sv:300,hw/ip/snitch/src/snitch.sv:616,always,sw/toolchain/riscv-opcodes/opcodes-rv32i,sw/toolchain/riscv-opcodes/opcodes-rv32i:36,No
SRL,0000000??????????101?????0110011,hw/ip/snitch/src/riscv_instr.sv,hw/ip/snitch/src/riscv_instr.sv:304,hw/ip/snitch/src/snitch.sv:621,always,sw/toolchain/riscv-opcodes/opcodes-rv32i,sw/toolchain/riscv-opcodes/opcodes-rv32i:40,No
SRA,0100000??????????101?????0110011,hw/ip/snitch/src/riscv_instr.sv,hw/ip/snitch/src/riscv_instr.sv:305,hw/ip/snitch/src/snitch.sv:626,always,sw/toolchain/riscv-opcodes/opcodes-rv32i,sw/toolchain/riscv-opcodes/opcodes-rv32i:41,No
SLLI,000000???????????001?????0010011,hw/ip/snitch/src/riscv_instr.sv,hw/ip/snitch/src/riscv_instr.sv:290,hw/ip/snitch/src/snitch.sv:631,always,sw/toolchain/riscv-opcodes/opcodes-rv32i,sw/toolchain/riscv-opcodes/opcodes-rv32i:25,No
SRLI,000000???????????101?????0010011,hw/ip/snitch/src/riscv_instr.sv,hw/ip/snitch/src/riscv_instr.sv:294,hw/ip/snitch/src/snitch.sv:636,always,sw/toolchain/riscv-opcodes/opcodes-rv32i,sw/toolchain/riscv-opcodes/opcodes-rv32i:29,No
SRAI,010000???????????101?????0010011,hw/ip/snitch/src/riscv_instr.sv,hw/ip/snitch/src/riscv_instr.sv:295,hw/ip/snitch/src/snitch.sv:641,always,sw/toolchain/riscv-opcodes/opcodes-rv32i,sw/toolchain/riscv-opcodes/opcodes-rv32i:30,No
LUI,?????????????????????????0110111,hw/ip/snitch/src/riscv_instr.sv,hw/ip/snitch/src/riscv_instr.sv:287,hw/ip/snitch/src/snitch.sv:646,always,sw/toolchain/riscv-opcodes/opcodes-rv32i,sw/toolchain/riscv-opcodes/opcodes-rv32i:21,No
AUIPC,?????????????????????????0010111,hw/ip/snitch/src/riscv_instr.sv,hw/ip/snitch/src/riscv_instr.sv:288,hw/ip/snitch/src/snitch.sv:652,always,sw/toolchain/riscv-opcodes/opcodes-rv32i,sw/toolchain/riscv-opcodes/opcodes-rv32i:22,No
JAL,?????????????????????????1101111,hw/ip/snitch/src/riscv_instr.sv,hw/ip/snitch/src/riscv_instr.sv:286,hw/ip/snitch/src/snitch.sv:656,always,sw/toolchain/riscv-opcodes/opcodes-rv32i,sw/toolchain/riscv-opcodes/opcodes-rv32i:19,No
JALR,?????????????????000?????1100111,hw/ip/snitch/src/riscv_instr.sv,hw/ip/snitch/src/riscv_instr.sv:285,hw/ip/snitch/src/snitch.sv:662,always,sw/toolchain/riscv-opcodes/opcodes-rv32i,sw/toolchain/riscv-opcodes/opcodes-rv32i:17,No
BEQ,?????????????????000?????1100011,hw/ip/snitch/src/riscv_instr.sv,hw/ip/snitch/src/riscv_instr.sv:279,hw/ip/snitch/src/snitch.sv:670,always,sw/toolchain/riscv-opcodes/opcodes-rv32i,sw/toolchain/riscv-opcodes/opcodes-rv32i:10,No
BNE,?????????????????001?????1100011,hw/ip/snitch/src/riscv_instr.sv,hw/ip/snitch/src/riscv_instr.sv:280,hw/ip/snitch/src/snitch.sv:677,always,sw/toolchain/riscv-opcodes/opcodes-rv32i,sw/toolchain/riscv-opcodes/opcodes-rv32i:11,No
BLT,?????????????????100?????1100011,hw/ip/snitch/src/riscv_instr.sv,hw/ip/snitch/src/riscv_instr.sv:281,hw/ip/snitch/src/snitch.sv:684,always,sw/toolchain/riscv-opcodes/opcodes-rv32i,sw/toolchain/riscv-opcodes/opcodes-rv32i:12,No
BLTU,?????????????????110?????1100011,hw/ip/snitch/src/riscv_instr.sv,hw/ip/snitch/src/riscv_instr.sv:283,hw/ip/snitch/src/snitch.sv:691,always,sw/toolchain/riscv-opcodes/opcodes-rv32i,sw/toolchain/riscv-opcodes/opcodes-rv32i:14,No
BGE,?????????????????101?????1100011,hw/ip/snitch/src/riscv_instr.sv,hw/ip/snitch/src/riscv_instr.sv:282,hw/ip/snitch/src/snitch.sv:698,always,sw/toolchain/riscv-opcodes/opcodes-rv32i,sw/toolchain/riscv-opcodes/opcodes-rv32i:13,No
BGEU,?????????????????111?????1100011,hw/ip/snitch/src/riscv_instr.sv,hw/ip/snitch/src/riscv_instr.sv:284,hw/ip/snitch/src/snitch.sv:705,always,sw/toolchain/riscv-opcodes/opcodes-rv32i,sw/toolchain/riscv-opcodes/opcodes-rv32i:15,No
SB,?????????????????000?????0100011,hw/ip/snitch/src/riscv_instr.sv,hw/ip/snitch/src/riscv_instr.sv:313,hw/ip/snitch/src/snitch.sv:713,always,sw/toolchain/riscv-opcodes/opcodes-rv32i,sw/toolchain/riscv-opcodes/opcodes-rv32i:51,No
SH,?????????????????001?????0100011,hw/ip/snitch/src/riscv_instr.sv,hw/ip/snitch/src/riscv_instr.sv:314,hw/ip/snitch/src/snitch.sv:719,always,sw/toolchain/riscv-opcodes/opcodes-rv32i,sw/toolchain/riscv-opcodes/opcodes-rv32i:52,No
SW,?????????????????010?????0100011,hw/ip/snitch/src/riscv_instr.sv,hw/ip/snitch/src/riscv_instr.sv:315,hw/ip/snitch/src/snitch.sv:726,always,sw/toolchain/riscv-opcodes/opcodes-rv32i,sw/toolchain/riscv-opcodes/opcodes-rv32i:53,No
LB,?????????????????000?????0000011,hw/ip/snitch/src/riscv_instr.sv,hw/ip/snitch/src/riscv_instr.sv:308,hw/ip/snitch/src/snitch.sv:733,always,sw/toolchain/riscv-opcodes/opcodes-rv32i,sw/toolchain/riscv-opcodes/opcodes-rv32i:45,No
LH,?????????????????001?????0000011,hw/ip/snitch/src/riscv_instr.sv,hw/ip/snitch/src/riscv_instr.sv:309,hw/ip/snitch/src/snitch.sv:741,always,sw/toolchain/riscv-opcodes/opcodes-rv32i,sw/toolchain/riscv-opcodes/opcodes-rv32i:46,No
LW,?????????????????010?????0000011,hw/ip/snitch/src/riscv_instr.sv,hw/ip/snitch/src/riscv_instr.sv:310,hw/ip/snitch/src/snitch.sv:750,always,sw/toolchain/riscv-opcodes/opcodes-rv32i,sw/toolchain/riscv-opcodes/opcodes-rv32i:47,No
LBU,?????????????????100?????0000011,hw/ip/snitch/src/riscv_instr.sv,hw/ip/snitch/src/riscv_instr.sv:311,hw/ip/snitch/src/snitch.sv:759,always,sw/toolchain/riscv-opcodes/opcodes-rv32i,sw/toolchain/riscv-opcodes/opcodes-rv32i:48,No
LHU,?????????????????101?????0000011,hw/ip/snitch/src/riscv_instr.sv,hw/ip/snitch/src/riscv_instr.sv:312,hw/ip/snitch/src/snitch.sv:766,always,sw/toolchain/riscv-opcodes/opcodes-rv32i,sw/toolchain/riscv-opcodes/opcodes-rv32i:49,No
CSRRW,?????????????????001?????1110011,hw/ip/snitch/src/riscv_instr.sv,hw/ip/snitch/src/riscv_instr.sv:1059,hw/ip/snitch/src/snitch.sv:775,always,sw/toolchain/riscv-opcodes/opcodes-system,sw/toolchain/riscv-opcodes/opcodes-system:10,No
CSRRWI,?????????????????101?????1110011,hw/ip/snitch/src/riscv_instr.sv,hw/ip/snitch/src/riscv_instr.sv:1062,hw/ip/snitch/src/snitch.sv:805,always,sw/toolchain/riscv-opcodes/opcodes-system,sw/toolchain/riscv-opcodes/opcodes-system:13,No
CSRRS,?????????????????010?????1110011,hw/ip/snitch/src/riscv_instr.sv,hw/ip/snitch/src/riscv_instr.sv:1060,hw/ip/snitch/src/snitch.sv:834,always,sw/toolchain/riscv-opcodes/opcodes-system,sw/toolchain/riscv-opcodes/opcodes-system:11,No
CSRRSI,?????????????????110?????1110011,hw/ip/snitch/src/riscv_instr.sv,hw/ip/snitch/src/riscv_instr.sv:1063,hw/ip/snitch/src/snitch.sv:865,always,sw/toolchain/riscv-opcodes/opcodes-system,sw/toolchain/riscv-opcodes/opcodes-system:14,No
CSRRC,?????????????????011?????1110011,hw/ip/snitch/src/riscv_instr.sv,hw/ip/snitch/src/riscv_instr.sv:1061,hw/ip/snitch/src/snitch.sv:900,always,sw/toolchain/riscv-opcodes/opcodes-system,sw/toolchain/riscv-opcodes/opcodes-system:12,No
CSRRCI,?????????????????111?????1110011,hw/ip/snitch/src/riscv_instr.sv,hw/ip/snitch/src/riscv_instr.sv:1064,hw/ip/snitch/src/snitch.sv:931,always,sw/toolchain/riscv-opcodes/opcodes-system,sw/toolchain/riscv-opcodes/opcodes-system:15,No
ECALL,00000000000000000000000001110011,hw/ip/snitch/src/riscv_instr.sv,hw/ip/snitch/src/riscv_instr.sv:1051,hw/ip/snitch/src/snitch.sv:965,always,sw/toolchain/riscv-opcodes/opcodes-system,sw/toolchain/riscv-opcodes/opcodes-system:2,No
EBREAK,00000000000100000000000001110011,hw/ip/snitch/src/riscv_instr.sv,hw/ip/snitch/src/riscv_instr.sv:1052,hw/ip/snitch/src/snitch.sv:966,always,sw/toolchain/riscv-opcodes/opcodes-system,sw/toolchain/riscv-opcodes/opcodes-system:3,No
SRET,00010000001000000000000001110011,hw/ip/snitch/src/riscv_instr.sv,hw/ip/snitch/src/riscv_instr.sv:1054,hw/ip/snitch/src/snitch.sv:968,always,sw/toolchain/riscv-opcodes/opcodes-system,sw/toolchain/riscv-opcodes/opcodes-system:5,No
MRET,00110000001000000000000001110011,hw/ip/snitch/src/riscv_instr.sv,hw/ip/snitch/src/riscv_instr.sv:1055,hw/ip/snitch/src/snitch.sv:973,always,sw/toolchain/riscv-opcodes/opcodes-system,sw/toolchain/riscv-opcodes/opcodes-system:6,No
DRET,01111011001000000000000001110011,hw/ip/snitch/src/riscv_instr.sv,hw/ip/snitch/src/riscv_instr.sv:1056,hw/ip/snitch/src/snitch.sv:978,always,sw/toolchain/riscv-opcodes/opcodes-system,sw/toolchain/riscv-opcodes/opcodes-system:7,No
FENCE,?????????????????000?????0001111,hw/ip/snitch/src/riscv_instr.sv,hw/ip/snitch/src/riscv_instr.sv:316,hw/ip/snitch/src/snitch.sv:988,always,sw/toolchain/riscv-opcodes/opcodes-rv32i,sw/toolchain/riscv-opcodes/opcodes-rv32i:55,No
FENCE_I,?????????????????001?????0001111,hw/ip/snitch/src/riscv_instr.sv,hw/ip/snitch/src/riscv_instr.sv:317,hw/ip/snitch/src/snitch.sv:991,always,sw/toolchain/riscv-opcodes/opcodes-rv32i,sw/toolchain/riscv-opcodes/opcodes-rv32i:56,No
SFENCE_VMA,0001001??????????000000001110011,hw/ip/snitch/src/riscv_instr.sv,hw/ip/snitch/src/riscv_instr.sv:1057,hw/ip/snitch/src/snitch.sv:994,always,sw/toolchain/riscv-opcodes/opcodes-system,sw/toolchain/riscv-opcodes/opcodes-system:8,No
WFI,00010000010100000000000001110011,hw/ip/snitch/src/riscv_instr.sv,hw/ip/snitch/src/riscv_instr.sv:1058,hw/ip/snitch/src/snitch.sv:998,always,sw/toolchain/riscv-opcodes/opcodes-system,sw/toolchain/riscv-opcodes/opcodes-system:9,No
AMOADD_W,00000????????????010?????0101111,hw/ip/snitch/src/riscv_instr.sv,hw/ip/snitch/src/riscv_instr.sv:143,hw/ip/snitch/src/snitch.sv:1003,always,sw/toolchain/riscv-opcodes/opcodes-rv32a,sw/toolchain/riscv-opcodes/opcodes-rv32a:1,No
AMOXOR_W,00100????????????010?????0101111,hw/ip/snitch/src/riscv_instr.sv,hw/ip/snitch/src/riscv_instr.sv:144,hw/ip/snitch/src/snitch.sv:1014,always,sw/toolchain/riscv-opcodes/opcodes-rv32a,sw/toolchain/riscv-opcodes/opcodes-rv32a:2,No
AMOOR_W,01000????????????010?????0101111,hw/ip/snitch/src/riscv_instr.sv,hw/ip/snitch/src/riscv_instr.sv:145,hw/ip/snitch/src/snitch.sv:1025,always,sw/toolchain/riscv-opcodes/opcodes-rv32a,sw/toolchain/riscv-opcodes/opcodes-rv32a:3,No
AMOAND_W,01100????????????010?????0101111,hw/ip/snitch/src/riscv_instr.sv,hw/ip/snitch/src/riscv_instr.sv:146,hw/ip/snitch/src/snitch.sv:1036,always,sw/toolchain/riscv-opcodes/opcodes-rv32a,sw/toolchain/riscv-opcodes/opcodes-rv32a:4,No
AMOMIN_W,10000????????????010?????0101111,hw/ip/snitch/src/riscv_instr.sv,hw/ip/snitch/src/riscv_instr.sv:147,hw/ip/snitch/src/snitch.sv:1047,always,sw/toolchain/riscv-opcodes/opcodes-rv32a,sw/toolchain/riscv-opcodes/opcodes-rv32a:5,No
AMOMAX_W,10100????????????010?????0101111,hw/ip/snitch/src/riscv_instr.sv,hw/ip/snitch/src/riscv_instr.sv:148,hw/ip/snitch/src/snitch.sv:1058,always,sw/toolchain/riscv-opcodes/opcodes-rv32a,sw/toolchain/riscv-opcodes/opcodes-rv32a:6,No
AMOMINU_W,11000????????????010?????0101111,hw/ip/snitch/src/riscv_instr.sv,hw/ip/snitch/src/riscv_instr.sv:149,hw/ip/snitch/src/snitch.sv:1069,always,sw/toolchain/riscv-opcodes/opcodes-rv32a,sw/toolchain/riscv-opcodes/opcodes-rv32a:7,No
AMOMAXU_W,11100????????????010?????0101111,hw/ip/snitch/src/riscv_instr.sv,hw/ip/snitch/src/riscv_instr.sv:150,hw/ip/snitch/src/snitch.sv:1080,always,sw/toolchain/riscv-opcodes/opcodes-rv32a,sw/toolchain/riscv-opcodes/opcodes-rv32a:8,No
AMOSWAP_W,00001????????????010?????0101111,hw/ip/snitch/src/riscv_instr.sv,hw/ip/snitch/src/riscv_instr.sv:151,hw/ip/snitch/src/snitch.sv:1091,always,sw/toolchain/riscv-opcodes/opcodes-rv32a,sw/toolchain/riscv-opcodes/opcodes-rv32a:9,No
LR_W,00010??00000?????010?????0101111,hw/ip/snitch/src/riscv_instr.sv,hw/ip/snitch/src/riscv_instr.sv:152,hw/ip/snitch/src/snitch.sv:1102,always,sw/toolchain/riscv-opcodes/opcodes-rv32a,sw/toolchain/riscv-opcodes/opcodes-rv32a:10,No
SC_W,00011????????????010?????0101111,hw/ip/snitch/src/riscv_instr.sv,hw/ip/snitch/src/riscv_instr.sv:153,hw/ip/snitch/src/snitch.sv:1113,always,sw/toolchain/riscv-opcodes/opcodes-rv32a,sw/toolchain/riscv-opcodes/opcodes-rv32a:11,No
MUL,0000001??????????000?????0110011,hw/ip/snitch/src/riscv_instr.sv,hw/ip/snitch/src/riscv_instr.sv:318,hw/ip/snitch/src/snitch.sv:1125,always,sw/toolchain/riscv-opcodes/opcodes-rv32m,sw/toolchain/riscv-opcodes/opcodes-rv32m:1,No
MULH,0000001??????????001?????0110011,hw/ip/snitch/src/riscv_instr.sv,hw/ip/snitch/src/riscv_instr.sv:319,hw/ip/snitch/src/snitch.sv:1126,always,sw/toolchain/riscv-opcodes/opcodes-rv32m,sw/toolchain/riscv-opcodes/opcodes-rv32m:2,No
MULHSU,0000001??????????010?????0110011,hw/ip/snitch/src/riscv_instr.sv,hw/ip/snitch/src/riscv_instr.sv:320,hw/ip/snitch/src/snitch.sv:1127,always,sw/toolchain/riscv-opcodes/opcodes-rv32m,sw/toolchain/riscv-opcodes/opcodes-rv32m:3,No
MULHU,0000001??????????011?????0110011,hw/ip/snitch/src/riscv_instr.sv,hw/ip/snitch/src/riscv_instr.sv:321,hw/ip/snitch/src/snitch.sv:1128,always,sw/toolchain/riscv-opcodes/opcodes-rv32m,sw/toolchain/riscv-opcodes/opcodes-rv32m:4,No
DIV,0000001??????????100?????0110011,hw/ip/snitch/src/riscv_instr.sv,hw/ip/snitch/src/riscv_instr.sv:322,hw/ip/snitch/src/snitch.sv:1129,always,sw/toolchain/riscv-opcodes/opcodes-rv32m,sw/toolchain/riscv-opcodes/opcodes-rv32m:5,No
DIVU,0000001??????????101?????0110011,hw/ip/snitch/src/riscv_instr.sv,hw/ip/snitch/src/riscv_instr.sv:323,hw/ip/snitch/src/snitch.sv:1130,always,sw/toolchain/riscv-opcodes/opcodes-rv32m,sw/toolchain/riscv-opcodes/opcodes-rv32m:6,No
REM,0000001??????????110?????0110011,hw/ip/snitch/src/riscv_instr.sv,hw/ip/snitch/src/riscv_instr.sv:324,hw/ip/snitch/src/snitch.sv:1131,always,sw/toolchain/riscv-opcodes/opcodes-rv32m,sw/toolchain/riscv-opcodes/opcodes-rv32m:7,No
REMU,0000001??????????111?????0110011,hw/ip/snitch/src/riscv_instr.sv,hw/ip/snitch/src/riscv_instr.sv:325,hw/ip/snitch/src/snitch.sv:1132,always,sw/toolchain/riscv-opcodes/opcodes-rv32m,sw/toolchain/riscv-opcodes/opcodes-rv32m:8,No
MULW,0000001??????????000?????0111011,hw/ip/snitch/src/riscv_instr.sv,hw/ip/snitch/src/riscv_instr.sv:397,hw/ip/snitch/src/snitch.sv:1133,always,sw/toolchain/riscv-opcodes/opcodes-rv64m,sw/toolchain/riscv-opcodes/opcodes-rv64m:3,No
DIVW,0000001??????????100?????0111011,hw/ip/snitch/src/riscv_instr.sv,hw/ip/snitch/src/riscv_instr.sv:398,hw/ip/snitch/src/snitch.sv:1134,always,sw/toolchain/riscv-opcodes/opcodes-rv64m,sw/toolchain/riscv-opcodes/opcodes-rv64m:4,No
DIVUW,0000001??????????101?????0111011,hw/ip/snitch/src/riscv_instr.sv,hw/ip/snitch/src/riscv_instr.sv:399,hw/ip/snitch/src/snitch.sv:1135,always,sw/toolchain/riscv-opcodes/opcodes-rv64m,sw/toolchain/riscv-opcodes/opcodes-rv64m:5,No
REMW,0000001??????????110?????0111011,hw/ip/snitch/src/riscv_instr.sv,hw/ip/snitch/src/riscv_instr.sv:400,hw/ip/snitch/src/snitch.sv:1136,always,sw/toolchain/riscv-opcodes/opcodes-rv64m,sw/toolchain/riscv-opcodes/opcodes-rv64m:6,No
REMUW,0000001??????????111?????0111011,hw/ip/snitch/src/riscv_instr.sv,hw/ip/snitch/src/riscv_instr.sv:401,hw/ip/snitch/src/snitch.sv:1137,always,sw/toolchain/riscv-opcodes/opcodes-rv64m,sw/toolchain/riscv-opcodes/opcodes-rv64m:7,No
FADD_S,0000000??????????????????1010011,hw/ip/snitch/src/riscv_instr.sv,hw/ip/snitch/src/riscv_instr.sv:241,hw/ip/snitch/src/snitch.sv:1149,always,sw/toolchain/riscv-opcodes/opcodes-rv32f,sw/toolchain/riscv-opcodes/opcodes-rv32f:1,No
FSUB_S,0000100??????????????????1010011,hw/ip/snitch/src/riscv_instr.sv,hw/ip/snitch/src/riscv_instr.sv:242,hw/ip/snitch/src/snitch.sv:1150,always,sw/toolchain/riscv-opcodes/opcodes-rv32f,sw/toolchain/riscv-opcodes/opcodes-rv32f:2,No
FMUL_S,0001000??????????????????1010011,hw/ip/snitch/src/riscv_instr.sv,hw/ip/snitch/src/riscv_instr.sv:243,hw/ip/snitch/src/snitch.sv:1151,always,sw/toolchain/riscv-opcodes/opcodes-rv32f,sw/toolchain/riscv-opcodes/opcodes-rv32f:3,No
FDIV_S,0001100??????????????????1010011,hw/ip/snitch/src/riscv_instr.sv,hw/ip/snitch/src/riscv_instr.sv:244,hw/ip/snitch/src/snitch.sv:1152,always,sw/toolchain/riscv-opcodes/opcodes-rv32f,sw/toolchain/riscv-opcodes/opcodes-rv32f:4,No
FSGNJ_S,0010000??????????000?????1010011,hw/ip/snitch/src/riscv_instr.sv,hw/ip/snitch/src/riscv_instr.sv:245,hw/ip/snitch/src/snitch.sv:1153,always,sw/toolchain/riscv-opcodes/opcodes-rv32f,sw/toolchain/riscv-opcodes/opcodes-rv32f:5,No
FSGNJN_S,0010000??????????001?????1010011,hw/ip/snitch/src/riscv_instr.sv,hw/ip/snitch/src/riscv_instr.sv:246,hw/ip/snitch/src/snitch.sv:1154,always,sw/toolchain/riscv-opcodes/opcodes-rv32f,sw/toolchain/riscv-opcodes/opcodes-rv32f:6,No
FSGNJX_S,0010000??????????010?????1010011,hw/ip/snitch/src/riscv_instr.sv,hw/ip/snitch/src/riscv_instr.sv:247,hw/ip/snitch/src/snitch.sv:1155,always,sw/toolchain/riscv-opcodes/opcodes-rv32f,sw/toolchain/riscv-opcodes/opcodes-rv32f:7,No
FMIN_S,0010100??????????000?????1010011,hw/ip/snitch/src/riscv_instr.sv,hw/ip/snitch/src/riscv_instr.sv:248,hw/ip/snitch/src/snitch.sv:1156,always,sw/toolchain/riscv-opcodes/opcodes-rv32f,sw/toolchain/riscv-opcodes/opcodes-rv32f:8,No
FMAX_S,0010100??????????001?????1010011,hw/ip/snitch/src/riscv_instr.sv,hw/ip/snitch/src/riscv_instr.sv:249,hw/ip/snitch/src/snitch.sv:1157,always,sw/toolchain/riscv-opcodes/opcodes-rv32f,sw/toolchain/riscv-opcodes/opcodes-rv32f:9,No
FSQRT_S,010110000000?????????????1010011,hw/ip/snitch/src/riscv_instr.sv,hw/ip/snitch/src/riscv_instr.sv:250,hw/ip/snitch/src/snitch.sv:1158,always,sw/toolchain/riscv-opcodes/opcodes-rv32f,sw/toolchain/riscv-opcodes/opcodes-rv32f:10,No
FMADD_S,?????00??????????????????1000011,hw/ip/snitch/src/riscv_instr.sv,hw/ip/snitch/src/riscv_instr.sv:263,hw/ip/snitch/src/snitch.sv:1159,always,sw/toolchain/riscv-opcodes/opcodes-rv32f,sw/toolchain/riscv-opcodes/opcodes-rv32f:29,No
FMSUB_S,?????00??????????????????1000111,hw/ip/snitch/src/riscv_instr.sv,hw/ip/snitch/src/riscv_instr.sv:264,hw/ip/snitch/src/snitch.sv:1160,always,sw/toolchain/riscv-opcodes/opcodes-rv32f,sw/toolchain/riscv-opcodes/opcodes-rv32f:30,No
FNMSUB_S,?????00??????????????????1001011,hw/ip/snitch/src/riscv_instr.sv,hw/ip/snitch/src/riscv_instr.sv:265,hw/ip/snitch/src/snitch.sv:1161,always,sw/toolchain/riscv-opcodes/opcodes-rv32f,sw/toolchain/riscv-opcodes/opcodes-rv32f:31,No
FNMADD_S,?????00??????????????????1001111,hw/ip/snitch/src/riscv_instr.sv,hw/ip/snitch/src/riscv_instr.sv:266,hw/ip/snitch/src/snitch.sv:1162,always,sw/toolchain/riscv-opcodes/opcodes-rv32f,sw/toolchain/riscv-opcodes/opcodes-rv32f:32,No
FADD_D,0000001??????????????????1010011,hw/ip/snitch/src/riscv_instr.sv,hw/ip/snitch/src/riscv_instr.sv:215,hw/ip/snitch/src/snitch.sv:1217,always,sw/toolchain/riscv-opcodes/opcodes-rv32d,sw/toolchain/riscv-opcodes/opcodes-rv32d:1,No
FSUB_D,0000101??????????????????1010011,hw/ip/snitch/src/riscv_instr.sv,hw/ip/snitch/src/riscv_instr.sv:216,hw/ip/snitch/src/snitch.sv:1218,always,sw/toolchain/riscv-opcodes/opcodes-rv32d,sw/toolchain/riscv-opcodes/opcodes-rv32d:2,No
FMUL_D,0001001??????????????????1010011,hw/ip/snitch/src/riscv_instr.sv,hw/ip/snitch/src/riscv_instr.sv:217,hw/ip/snitch/src/snitch.sv:1219,always,sw/toolchain/riscv-opcodes/opcodes-rv32d,sw/toolchain/riscv-opcodes/opcodes-rv32d:3,No
FDIV_D,0001101??????????????????1010011,hw/ip/snitch/src/riscv_instr.sv,hw/ip/snitch/src/riscv_instr.sv:218,hw/ip/snitch/src/snitch.sv:1220,always,sw/toolchain/riscv-opcodes/opcodes-rv32d,sw/toolchain/riscv-opcodes/opcodes-rv32d:4,No
FSGNJ_D,0010001??????????000?????1010011,hw/ip/snitch/src/riscv_instr.sv,hw/ip/snitch/src/riscv_instr.sv:219,hw/ip/snitch/src/snitch.sv:1221,always,sw/toolchain/riscv-opcodes/opcodes-rv32d,sw/toolchain/riscv-opcodes/opcodes-rv32d:5,No
FSGNJN_D,0010001??????????001?????1010011,hw/ip/snitch/src/riscv_instr.sv,hw/ip/snitch/src/riscv_instr.sv:220,hw/ip/snitch/src/snitch.sv:1222,always,sw/toolchain/riscv-opcodes/opcodes-rv32d,sw/toolchain/riscv-opcodes/opcodes-rv32d:6,No
FSGNJX_D,0010001??????????010?????1010011,hw/ip/snitch/src/riscv_instr.sv,hw/ip/snitch/src/riscv_instr.sv:221,hw/ip/snitch/src/snitch.sv:1223,always,sw/toolchain/riscv-opcodes/opcodes-rv32d,sw/toolchain/riscv-opcodes/opcodes-rv32d:7,No
FMIN_D,0010101??????????000?????1010011,hw/ip/snitch/src/riscv_instr.sv,hw/ip/snitch/src/riscv_instr.sv:222,hw/ip/snitch/src/snitch.sv:1224,always,sw/toolchain/riscv-opcodes/opcodes-rv32d,sw/toolchain/riscv-opcodes/opcodes-rv32d:8,No
FMAX_D,0010101??????????001?????1010011,hw/ip/snitch/src/riscv_instr.sv,hw/ip/snitch/src/riscv_instr.sv:223,hw/ip/snitch/src/snitch.sv:1225,always,sw/toolchain/riscv-opcodes/opcodes-rv32d,sw/toolchain/riscv-opcodes/opcodes-rv32d:9,No
FSQRT_D,010110100000?????????????1010011,hw/ip/snitch/src/riscv_instr.sv,hw/ip/snitch/src/riscv_instr.sv:226,hw/ip/snitch/src/snitch.sv:1226,always,sw/toolchain/riscv-opcodes/opcodes-rv32d,sw/toolchain/riscv-opcodes/opcodes-rv32d:12,No
FMADD_D,?????01??????????????????1000011,hw/ip/snitch/src/riscv_instr.sv,hw/ip/snitch/src/riscv_instr.sv:237,hw/ip/snitch/src/snitch.sv:1227,always,sw/toolchain/riscv-opcodes/opcodes-rv32d,sw/toolchain/riscv-opcodes/opcodes-rv32d:29,No
FMSUB_D,?????01??????????????????1000111,hw/ip/snitch/src/riscv_instr.sv,hw/ip/snitch/src/riscv_instr.sv:238,hw/ip/snitch/src/snitch.sv:1228,always,sw/toolchain/riscv-opcodes/opcodes-rv32d,sw/toolchain/riscv-opcodes/opcodes-rv32d:30,No
FNMSUB_D,?????01??????????????????1001011,hw/ip/snitch/src/riscv_instr.sv,hw/ip/snitch/src/riscv_instr.sv:239,hw/ip/snitch/src/snitch.sv:1229,always,sw/toolchain/riscv-opcodes/opcodes-rv32d,sw/toolchain/riscv-opcodes/opcodes-rv32d:31,No
FNMADD_D,?????01??????????????????1001111,hw/ip/snitch/src/riscv_instr.sv,hw/ip/snitch/src/riscv_instr.sv:240,hw/ip/snitch/src/snitch.sv:1230,always,sw/toolchain/riscv-opcodes/opcodes-rv32d,sw/toolchain/riscv-opcodes/opcodes-rv32d:32,No
FCVT_S_D,010000000001?????????????1010011,hw/ip/snitch/src/riscv_instr.sv,hw/ip/snitch/src/riscv_instr.sv:224,hw/ip/snitch/src/snitch.sv:1238,always,sw/toolchain/riscv-opcodes/opcodes-rv32d,sw/toolchain/riscv-opcodes/opcodes-rv32d:10,No
FCVT_D_S,010000100000?????????????1010011,hw/ip/snitch/src/riscv_instr.sv,hw/ip/snitch/src/riscv_instr.sv:225,hw/ip/snitch/src/snitch.sv:1239,always,sw/toolchain/riscv-opcodes/opcodes-rv32d,sw/toolchain/riscv-opcodes/opcodes-rv32d:11,No
FADD_H,0000010??????????????????1010011,hw/ip/snitch/src/riscv_instr.sv,hw/ip/snitch/src/riscv_instr.sv:901,hw/ip/snitch/src/snitch.sv:1248,always,sw/toolchain/riscv-opcodes/opcodes-flt-occamy_CUSTOM;sw/toolchain/riscv-opcodes/opcodes-rv32zfh_DRAFT;sw/toolchain/riscv-opcodes/opcodes-smallfloat,sw/toolchain/riscv-opcodes/opcodes-flt-occamy_CUSTOM:42;sw/toolchain/riscv-opcodes/opcodes-rv32zfh_DRAFT:3;sw/toolchain/riscv-opcodes/opcodes-smallfloat:42,No;Yes
FSUB_H,0000110??????????????????1010011,hw/ip/snitch/src/riscv_instr.sv,hw/ip/snitch/src/riscv_instr.sv:902,hw/ip/snitch/src/snitch.sv:1249,always,sw/toolchain/riscv-opcodes/opcodes-flt-occamy_CUSTOM;sw/toolchain/riscv-opcodes/opcodes-rv32zfh_DRAFT;sw/toolchain/riscv-opcodes/opcodes-smallfloat,sw/toolchain/riscv-opcodes/opcodes-flt-occamy_CUSTOM:43;sw/toolchain/riscv-opcodes/opcodes-rv32zfh_DRAFT:4;sw/toolchain/riscv-opcodes/opcodes-smallfloat:43,No;Yes
FMUL_H,0001010??????????????????1010011,hw/ip/snitch/src/riscv_instr.sv,hw/ip/snitch/src/riscv_instr.sv:903,hw/ip/snitch/src/snitch.sv:1250,always,sw/toolchain/riscv-opcodes/opcodes-flt-occamy_CUSTOM;sw/toolchain/riscv-opcodes/opcodes-rv32zfh_DRAFT;sw/toolchain/riscv-opcodes/opcodes-smallfloat,sw/toolchain/riscv-opcodes/opcodes-flt-occamy_CUSTOM:44;sw/toolchain/riscv-opcodes/opcodes-rv32zfh_DRAFT:5;sw/toolchain/riscv-opcodes/opcodes-smallfloat:44,No;Yes
FDIV_H,0001110??????????????????1010011,hw/ip/snitch/src/riscv_instr.sv,hw/ip/snitch/src/riscv_instr.sv:904,hw/ip/snitch/src/snitch.sv:1251,always,sw/toolchain/riscv-opcodes/opcodes-flt-occamy_CUSTOM;sw/toolchain/riscv-opcodes/opcodes-rv32zfh_DRAFT;sw/toolchain/riscv-opcodes/opcodes-smallfloat,sw/toolchain/riscv-opcodes/opcodes-flt-occamy_CUSTOM:45;sw/toolchain/riscv-opcodes/opcodes-rv32zfh_DRAFT:6;sw/toolchain/riscv-opcodes/opcodes-smallfloat:45,No;Yes
FSQRT_H,010111000000?????????????1010011,hw/ip/snitch/src/riscv_instr.sv,hw/ip/snitch/src/riscv_instr.sv:905,hw/ip/snitch/src/snitch.sv:1252,always,sw/toolchain/riscv-opcodes/opcodes-flt-occamy_CUSTOM;sw/toolchain/riscv-opcodes/opcodes-rv32zfh_DRAFT;sw/toolchain/riscv-opcodes/opcodes-smallfloat,sw/toolchain/riscv-opcodes/opcodes-flt-occamy_CUSTOM:46;sw/toolchain/riscv-opcodes/opcodes-rv32zfh_DRAFT:14;sw/toolchain/riscv-opcodes/opcodes-smallfloat:46,No;Yes
FMADD_H,?????10??????????????????1000011,hw/ip/snitch/src/riscv_instr.sv,hw/ip/snitch/src/riscv_instr.sv:897,hw/ip/snitch/src/snitch.sv:1253,always,sw/toolchain/riscv-opcodes/opcodes-flt-occamy_CUSTOM;sw/toolchain/riscv-opcodes/opcodes-rv32zfh_DRAFT;sw/toolchain/riscv-opcodes/opcodes-smallfloat,sw/toolchain/riscv-opcodes/opcodes-flt-occamy_CUSTOM:38;sw/toolchain/riscv-opcodes/opcodes-rv32zfh_DRAFT:33;sw/toolchain/riscv-opcodes/opcodes-smallfloat:38,No;Yes
FMSUB_H,?????10??????????????????1000111,hw/ip/snitch/src/riscv_instr.sv,hw/ip/snitch/src/riscv_instr.sv:898,hw/ip/snitch/src/snitch.sv:1254,always,sw/toolchain/riscv-opcodes/opcodes-flt-occamy_CUSTOM;sw/toolchain/riscv-opcodes/opcodes-rv32zfh_DRAFT;sw/toolchain/riscv-opcodes/opcodes-smallfloat,sw/toolchain/riscv-opcodes/opcodes-flt-occamy_CUSTOM:39;sw/toolchain/riscv-opcodes/opcodes-rv32zfh_DRAFT:34;sw/toolchain/riscv-opcodes/opcodes-smallfloat:39,No;Yes
FNMSUB_H,?????10??????????????????1001011,hw/ip/snitch/src/riscv_instr.sv,hw/ip/snitch/src/riscv_instr.sv:899,hw/ip/snitch/src/snitch.sv:1255,always,sw/toolchain/riscv-opcodes/opcodes-flt-occamy_CUSTOM;sw/toolchain/riscv-opcodes/opcodes-rv32zfh_DRAFT;sw/toolchain/riscv-opcodes/opcodes-smallfloat,sw/toolchain/riscv-opcodes/opcodes-flt-occamy_CUSTOM:40;sw/toolchain/riscv-opcodes/opcodes-rv32zfh_DRAFT:35;sw/toolchain/riscv-opcodes/opcodes-smallfloat:40,No;Yes
FNMADD_H,?????10??????????????????1001111,hw/ip/snitch/src/riscv_instr.sv,hw/ip/snitch/src/riscv_instr.sv:900,hw/ip/snitch/src/snitch.sv:1256,always,sw/toolchain/riscv-opcodes/opcodes-flt-occamy_CUSTOM;sw/toolchain/riscv-opcodes/opcodes-rv32zfh_DRAFT;sw/toolchain/riscv-opcodes/opcodes-smallfloat,sw/toolchain/riscv-opcodes/opcodes-flt-occamy_CUSTOM:41;sw/toolchain/riscv-opcodes/opcodes-rv32zfh_DRAFT:36;sw/toolchain/riscv-opcodes/opcodes-smallfloat:41,No;Yes
FSGNJ_H,0010010??????????000?????1010011,hw/ip/snitch/src/riscv_instr.sv,hw/ip/snitch/src/riscv_instr.sv:906,hw/ip/snitch/src/snitch.sv:1257,always,sw/toolchain/riscv-opcodes/opcodes-flt-occamy_CUSTOM;sw/toolchain/riscv-opcodes/opcodes-rv32zfh_DRAFT;sw/toolchain/riscv-opcodes/opcodes-smallfloat,sw/toolchain/riscv-opcodes/opcodes-flt-occamy_CUSTOM:47;sw/toolchain/riscv-opcodes/opcodes-rv32zfh_DRAFT:7;sw/toolchain/riscv-opcodes/opcodes-smallfloat:47,No;Yes
FSGNJN_H,0010010??????????001?????1010011,hw/ip/snitch/src/riscv_instr.sv,hw/ip/snitch/src/riscv_instr.sv:907,hw/ip/snitch/src/snitch.sv:1258,always,sw/toolchain/riscv-opcodes/opcodes-flt-occamy_CUSTOM;sw/toolchain/riscv-opcodes/opcodes-rv32zfh_DRAFT;sw/toolchain/riscv-opcodes/opcodes-smallfloat,sw/toolchain/riscv-opcodes/opcodes-flt-occamy_CUSTOM:48;sw/toolchain/riscv-opcodes/opcodes-rv32zfh_DRAFT:8;sw/toolchain/riscv-opcodes/opcodes-smallfloat:48,No;Yes
FSGNJX_H,0010010??????????010?????1010011,hw/ip/snitch/src/riscv_instr.sv,hw/ip/snitch/src/riscv_instr.sv:908,hw/ip/snitch/src/snitch.sv:1259,always,sw/toolchain/riscv-opcodes/opcodes-flt-occamy_CUSTOM;sw/toolchain/riscv-opcodes/opcodes-rv32zfh_DRAFT;sw/toolchain/riscv-opcodes/opcodes-smallfloat,sw/toolchain/riscv-opcodes/opcodes-flt-occamy_CUSTOM:49;sw/toolchain/riscv-opcodes/opcodes-rv32zfh_DRAFT:9;sw/toolchain/riscv-opcodes/opcodes-smallfloat:49,No;Yes
FMIN_H,0010110??????????000?????1010011,hw/ip/snitch/src/riscv_instr.sv,hw/ip/snitch/src/riscv_instr.sv:909,hw/ip/snitch/src/snitch.sv:1260,always,sw/toolchain/riscv-opcodes/opcodes-flt-occamy_CUSTOM;sw/toolchain/riscv-opcodes/opcodes-rv32zfh_DRAFT;sw/toolchain/riscv-opcodes/opcodes-smallfloat,sw/toolchain/riscv-opcodes/opcodes-flt-occamy_CUSTOM:50;sw/toolchain/riscv-opcodes/opcodes-rv32zfh_DRAFT:10;sw/toolchain/riscv-opcodes/opcodes-smallfloat:50,No;Yes
FMAX_H,0010110??????????001?????1010011,hw/ip/snitch/src/riscv_instr.sv,hw/ip/snitch/src/riscv_instr.sv:910,hw/ip/snitch/src/snitch.sv:1261,always,sw/toolchain/riscv-opcodes/opcodes-flt-occamy_CUSTOM;sw/toolchain/riscv-opcodes/opcodes-rv32zfh_DRAFT;sw/toolchain/riscv-opcodes/opcodes-smallfloat,sw/toolchain/riscv-opcodes/opcodes-flt-occamy_CUSTOM:51;sw/toolchain/riscv-opcodes/opcodes-rv32zfh_DRAFT:11;sw/toolchain/riscv-opcodes/opcodes-smallfloat:51,No;Yes
FCVT_S_H,010000000010?????000?????1010011,hw/ip/snitch/src/riscv_instr.sv,hw/ip/snitch/src/riscv_instr.sv:925,hw/ip/snitch/src/snitch.sv:1285,always,sw/toolchain/riscv-opcodes/opcodes-flt-occamy_CUSTOM;sw/toolchain/riscv-opcodes/opcodes-rv32zfh_DRAFT;sw/toolchain/riscv-opcodes/opcodes-smallfloat,sw/toolchain/riscv-opcodes/opcodes-flt-occamy_CUSTOM:68;sw/toolchain/riscv-opcodes/opcodes-rv32zfh_DRAFT:13;sw/toolchain/riscv-opcodes/opcodes-smallfloat:68,No;Yes
FCVT_H_S,010001000000?????????????1010011,hw/ip/snitch/src/riscv_instr.sv,hw/ip/snitch/src/riscv_instr.sv:926,hw/ip/snitch/src/snitch.sv:1296,always,sw/toolchain/riscv-opcodes/opcodes-flt-occamy_CUSTOM;sw/toolchain/riscv-opcodes/opcodes-rv32zfh_DRAFT;sw/toolchain/riscv-opcodes/opcodes-smallfloat,sw/toolchain/riscv-opcodes/opcodes-flt-occamy_CUSTOM:69;sw/toolchain/riscv-opcodes/opcodes-rv32zfh_DRAFT:12;sw/toolchain/riscv-opcodes/opcodes-smallfloat:69,No;Yes
FCVT_D_H,010000100010?????000?????1010011,hw/ip/snitch/src/riscv_instr.sv,hw/ip/snitch/src/riscv_instr.sv:927,hw/ip/snitch/src/snitch.sv:1307,always,sw/toolchain/riscv-opcodes/opcodes-flt-occamy_CUSTOM;sw/toolchain/riscv-opcodes/opcodes-rv32d-zfh_DRAFT;sw/toolchain/riscv-opcodes/opcodes-smallfloat,sw/toolchain/riscv-opcodes/opcodes-flt-occamy_CUSTOM:71;sw/toolchain/riscv-opcodes/opcodes-rv32d-zfh_DRAFT:4;sw/toolchain/riscv-opcodes/opcodes-smallfloat:71,No;Yes
FCVT_H_D,010001000001?????????????1010011,hw/ip/snitch/src/riscv_instr.sv,hw/ip/snitch/src/riscv_instr.sv:928,hw/ip/snitch/src/snitch.sv:1318,always,sw/toolchain/riscv-opcodes/opcodes-flt-occamy_CUSTOM;sw/toolchain/riscv-opcodes/opcodes-rv32d-zfh_DRAFT;sw/toolchain/riscv-opcodes/opcodes-smallfloat,sw/toolchain/riscv-opcodes/opcodes-flt-occamy_CUSTOM:72;sw/toolchain/riscv-opcodes/opcodes-rv32d-zfh_DRAFT:3;sw/toolchain/riscv-opcodes/opcodes-smallfloat:72,No;Yes
FADD_B,0000011??????????????????1010011,hw/ip/snitch/src/riscv_instr.sv,hw/ip/snitch/src/riscv_instr.sv:973,hw/ip/snitch/src/snitch.sv:1477,always,NONE,NONE,NONE
FSUB_B,0000111??????????????????1010011,hw/ip/snitch/src/riscv_instr.sv,hw/ip/snitch/src/riscv_instr.sv:974,hw/ip/snitch/src/snitch.sv:1478,always,NONE,NONE,NONE
FMUL_B,0001011??????????????????1010011,hw/ip/snitch/src/riscv_instr.sv,hw/ip/snitch/src/riscv_instr.sv:975,hw/ip/snitch/src/snitch.sv:1479,always,NONE,NONE,NONE
FSGNJ_B,0010011??????????000?????1010011,hw/ip/snitch/src/riscv_instr.sv,hw/ip/snitch/src/riscv_instr.sv:978,hw/ip/snitch/src/snitch.sv:1481,always,NONE,NONE,NONE
FSGNJN_B,0010011??????????001?????1010011,hw/ip/snitch/src/riscv_instr.sv,hw/ip/snitch/src/riscv_instr.sv:979,hw/ip/snitch/src/snitch.sv:1482,always,NONE,NONE,NONE
FSGNJX_B,0010011??????????010?????1010011,hw/ip/snitch/src/riscv_instr.sv,hw/ip/snitch/src/riscv_instr.sv:980,hw/ip/snitch/src/snitch.sv:1483,always,NONE,NONE,NONE
FMIN_B,0010111??????????000?????1010011,hw/ip/snitch/src/riscv_instr.sv,hw/ip/snitch/src/riscv_instr.sv:981,hw/ip/snitch/src/snitch.sv:1484,always,NONE,NONE,NONE
FMAX_B,0010111??????????001?????1010011,hw/ip/snitch/src/riscv_instr.sv,hw/ip/snitch/src/riscv_instr.sv:982,hw/ip/snitch/src/snitch.sv:1485,always,NONE,NONE,NONE
FMADD_B,?????11??????????????????1000011,hw/ip/snitch/src/riscv_instr.sv,hw/ip/snitch/src/riscv_instr.sv:969,hw/ip/snitch/src/snitch.sv:1487,always,NONE,NONE,NONE
FMSUB_B,?????11??????????????????1000111,hw/ip/snitch/src/riscv_instr.sv,hw/ip/snitch/src/riscv_instr.sv:970,hw/ip/snitch/src/snitch.sv:1488,always,NONE,NONE,NONE
FNMSUB_B,?????11??????????????????1001011,hw/ip/snitch/src/riscv_instr.sv,hw/ip/snitch/src/riscv_instr.sv:971,hw/ip/snitch/src/snitch.sv:1489,always,NONE,NONE,NONE
FNMADD_B,?????11??????????????????1001111,hw/ip/snitch/src/riscv_instr.sv,hw/ip/snitch/src/riscv_instr.sv:972,hw/ip/snitch/src/snitch.sv:1490,always,NONE,NONE,NONE
FCVT_S_B,010000000011?????000?????1010011,hw/ip/snitch/src/riscv_instr.sv,hw/ip/snitch/src/riscv_instr.sv:997,hw/ip/snitch/src/snitch.sv:1512,always,NONE,NONE,NONE
FCVT_B_S,010001100000?????????????1010011,hw/ip/snitch/src/riscv_instr.sv,hw/ip/snitch/src/riscv_instr.sv:998,hw/ip/snitch/src/snitch.sv:1523,always,NONE,NONE,NONE
FCVT_D_B,010000100011?????000?????1010011,hw/ip/snitch/src/riscv_instr.sv,hw/ip/snitch/src/riscv_instr.sv:999,hw/ip/snitch/src/snitch.sv:1534,always,NONE,NONE,NONE
FCVT_B_D,010001100001?????????????1010011,hw/ip/snitch/src/riscv_instr.sv,hw/ip/snitch/src/riscv_instr.sv:1000,hw/ip/snitch/src/snitch.sv:1545,always,NONE,NONE,NONE
FCVT_H_B,010001000011?????000?????1010011,hw/ip/snitch/src/riscv_instr.sv,hw/ip/snitch/src/riscv_instr.sv:1001,hw/ip/snitch/src/snitch.sv:1556,always,sw/toolchain/riscv-opcodes/opcodes-flt-occamy_CUSTOM;sw/toolchain/riscv-opcodes/opcodes-smallfloat,sw/toolchain/riscv-opcodes/opcodes-flt-occamy_CUSTOM:168;sw/toolchain/riscv-opcodes/opcodes-smallfloat:168,No;Yes
FCVT_B_H,010001100010?????????????1010011,hw/ip/snitch/src/riscv_instr.sv,hw/ip/snitch/src/riscv_instr.sv:1002,hw/ip/snitch/src/snitch.sv:1574,always,sw/toolchain/riscv-opcodes/opcodes-flt-occamy_CUSTOM;sw/toolchain/riscv-opcodes/opcodes-smallfloat,sw/toolchain/riscv-opcodes/opcodes-flt-occamy_CUSTOM:169;sw/toolchain/riscv-opcodes/opcodes-smallfloat:169,No;Yes
FLE_D,1010001??????????000?????1010011,hw/ip/snitch/src/riscv_instr.sv,hw/ip/snitch/src/riscv_instr.sv:227,hw/ip/snitch/src/snitch.sv:1770,always,sw/toolchain/riscv-opcodes/opcodes-rv32d,sw/toolchain/riscv-opcodes/opcodes-rv32d:14,No
FLT_D,1010001??????????001?????1010011,hw/ip/snitch/src/riscv_instr.sv,hw/ip/snitch/src/riscv_instr.sv:228,hw/ip/snitch/src/snitch.sv:1771,always,sw/toolchain/riscv-opcodes/opcodes-rv32d,sw/toolchain/riscv-opcodes/opcodes-rv32d:15,No
FEQ_D,1010001??????????010?????1010011,hw/ip/snitch/src/riscv_instr.sv,hw/ip/snitch/src/riscv_instr.sv:229,hw/ip/snitch/src/snitch.sv:1772,always,sw/toolchain/riscv-opcodes/opcodes-rv32d,sw/toolchain/riscv-opcodes/opcodes-rv32d:16,No
FCLASS_D,111000100000?????001?????1010011,hw/ip/snitch/src/riscv_instr.sv,hw/ip/snitch/src/riscv_instr.sv:232,hw/ip/snitch/src/snitch.sv:1773,always,sw/toolchain/riscv-opcodes/opcodes-rv32d,sw/toolchain/riscv-opcodes/opcodes-rv32d:20,No
FCVT_W_D,110000100000?????????????1010011,hw/ip/snitch/src/riscv_instr.sv,hw/ip/snitch/src/riscv_instr.sv:230,hw/ip/snitch/src/snitch.sv:1774,always,sw/toolchain/riscv-opcodes/opcodes-rv32d,sw/toolchain/riscv-opcodes/opcodes-rv32d:18,No
FCVT_WU_D,110000100001?????????????1010011,hw/ip/snitch/src/riscv_instr.sv,hw/ip/snitch/src/riscv_instr.sv:231,hw/ip/snitch/src/snitch.sv:1775,always,sw/toolchain/riscv-opcodes/opcodes-rv32d,sw/toolchain/riscv-opcodes/opcodes-rv32d:19,No
FLE_S,1010000??????????000?????1010011,hw/ip/snitch/src/riscv_instr.sv,hw/ip/snitch/src/riscv_instr.sv:251,hw/ip/snitch/src/snitch.sv:1786,always,sw/toolchain/riscv-opcodes/opcodes-rv32f,sw/toolchain/riscv-opcodes/opcodes-rv32f:12,No
FLT_S,1010000??????????001?????1010011,hw/ip/snitch/src/riscv_instr.sv,hw/ip/snitch/src/riscv_instr.sv:252,hw/ip/snitch/src/snitch.sv:1787,always,sw/toolchain/riscv-opcodes/opcodes-rv32f,sw/toolchain/riscv-opcodes/opcodes-rv32f:13,No
FEQ_S,1010000??????????010?????1010011,hw/ip/snitch/src/riscv_instr.sv,hw/ip/snitch/src/riscv_instr.sv:253,hw/ip/snitch/src/snitch.sv:1788,always,sw/toolchain/riscv-opcodes/opcodes-rv32f,sw/toolchain/riscv-opcodes/opcodes-rv32f:14,No
FCLASS_S,111000000000?????001?????1010011,hw/ip/snitch/src/riscv_instr.sv,hw/ip/snitch/src/riscv_instr.sv:257,hw/ip/snitch/src/snitch.sv:1789,always,sw/toolchain/riscv-opcodes/opcodes-rv32f,sw/toolchain/riscv-opcodes/opcodes-rv32f:19,No
FCVT_W_S,110000000000?????????????1010011,hw/ip/snitch/src/riscv_instr.sv,hw/ip/snitch/src/riscv_instr.sv:254,hw/ip/snitch/src/snitch.sv:1790,always,sw/toolchain/riscv-opcodes/opcodes-rv32f,sw/toolchain/riscv-opcodes/opcodes-rv32f:16,No
FCVT_WU_S,110000000001?????????????1010011,hw/ip/snitch/src/riscv_instr.sv,hw/ip/snitch/src/riscv_instr.sv:255,hw/ip/snitch/src/snitch.sv:1791,always,sw/toolchain/riscv-opcodes/opcodes-rv32f,sw/toolchain/riscv-opcodes/opcodes-rv32f:17,No
FMV_X_W,111000000000?????000?????1010011,hw/ip/snitch/src/riscv_instr.sv,hw/ip/snitch/src/riscv_instr.sv:256,hw/ip/snitch/src/snitch.sv:1792,always,sw/toolchain/riscv-opcodes/opcodes-rv32f,sw/toolchain/riscv-opcodes/opcodes-rv32f:18,No
FLE_H,1010010??????????000?????1010011,hw/ip/snitch/src/riscv_instr.sv,hw/ip/snitch/src/riscv_instr.sv:913,hw/ip/snitch/src/snitch.sv:1828,always,sw/toolchain/riscv-opcodes/opcodes-flt-occamy_CUSTOM;sw/toolchain/riscv-opcodes/opcodes-rv32zfh_DRAFT;sw/toolchain/riscv-opcodes/opcodes-smallfloat,sw/toolchain/riscv-opcodes/opcodes-flt-occamy_CUSTOM:54;sw/toolchain/riscv-opcodes/opcodes-rv32zfh_DRAFT:16;sw/toolchain/riscv-opcodes/opcodes-smallfloat:54,No;Yes
FLT_H,1010010??????????001?????1010011,hw/ip/snitch/src/riscv_instr.sv,hw/ip/snitch/src/riscv_instr.sv:912,hw/ip/snitch/src/snitch.sv:1829,always,sw/toolchain/riscv-opcodes/opcodes-flt-occamy_CUSTOM;sw/toolchain/riscv-opcodes/opcodes-rv32zfh_DRAFT;sw/toolchain/riscv-opcodes/opcodes-smallfloat,sw/toolchain/riscv-opcodes/opcodes-flt-occamy_CUSTOM:53;sw/toolchain/riscv-opcodes/opcodes-rv32zfh_DRAFT:17;sw/toolchain/riscv-opcodes/opcodes-smallfloat:53,No;Yes
FEQ_H,1010010??????????010?????1010011,hw/ip/snitch/src/riscv_instr.sv,hw/ip/snitch/src/riscv_instr.sv:911,hw/ip/snitch/src/snitch.sv:1830,always,sw/toolchain/riscv-opcodes/opcodes-flt-occamy_CUSTOM;sw/toolchain/riscv-opcodes/opcodes-rv32zfh_DRAFT;sw/toolchain/riscv-opcodes/opcodes-smallfloat,sw/toolchain/riscv-opcodes/opcodes-flt-occamy_CUSTOM:52;sw/toolchain/riscv-opcodes/opcodes-rv32zfh_DRAFT:18;sw/toolchain/riscv-opcodes/opcodes-smallfloat:52,No;Yes
FCLASS_H,111001000000?????001?????1010011,hw/ip/snitch/src/riscv_instr.sv,hw/ip/snitch/src/riscv_instr.sv:919,hw/ip/snitch/src/snitch.sv:1831,always,sw/toolchain/riscv-opcodes/opcodes-flt-occamy_CUSTOM;sw/toolchain/riscv-opcodes/opcodes-rv32zfh_DRAFT;sw/toolchain/riscv-opcodes/opcodes-smallfloat,sw/toolchain/riscv-opcodes/opcodes-flt-occamy_CUSTOM:60;sw/toolchain/riscv-opcodes/opcodes-rv32zfh_DRAFT:23;sw/toolchain/riscv-opcodes/opcodes-smallfloat:60,No;Yes
FCVT_W_H,110001000000?????????????1010011,hw/ip/snitch/src/riscv_instr.sv,hw/ip/snitch/src/riscv_instr.sv:914,hw/ip/snitch/src/snitch.sv:1832,always,sw/toolchain/riscv-opcodes/opcodes-flt-occamy_CUSTOM;sw/toolchain/riscv-opcodes/opcodes-rv32zfh_DRAFT;sw/toolchain/riscv-opcodes/opcodes-smallfloat,sw/toolchain/riscv-opcodes/opcodes-flt-occamy_CUSTOM:55;sw/toolchain/riscv-opcodes/opcodes-rv32zfh_DRAFT:20;sw/toolchain/riscv-opcodes/opcodes-smallfloat:55,No;Yes
FCVT_WU_H,110001000001?????????????1010011,hw/ip/snitch/src/riscv_instr.sv,hw/ip/snitch/src/riscv_instr.sv:915,hw/ip/snitch/src/snitch.sv:1833,always,sw/toolchain/riscv-opcodes/opcodes-flt-occamy_CUSTOM;sw/toolchain/riscv-opcodes/opcodes-rv32zfh_DRAFT;sw/toolchain/riscv-opcodes/opcodes-smallfloat,sw/toolchain/riscv-opcodes/opcodes-flt-occamy_CUSTOM:56;sw/toolchain/riscv-opcodes/opcodes-rv32zfh_DRAFT:21;sw/toolchain/riscv-opcodes/opcodes-smallfloat:56,No;Yes
FMV_X_H,111001000000?????000?????1010011,hw/ip/snitch/src/riscv_instr.sv,hw/ip/snitch/src/riscv_instr.sv:918,hw/ip/snitch/src/snitch.sv:1834,always,sw/toolchain/riscv-opcodes/opcodes-flt-occamy_CUSTOM;sw/toolchain/riscv-opcodes/opcodes-rv32zfh_DRAFT;sw/toolchain/riscv-opcodes/opcodes-smallfloat,sw/toolchain/riscv-opcodes/opcodes-flt-occamy_CUSTOM:59;sw/toolchain/riscv-opcodes/opcodes-rv32zfh_DRAFT:22;sw/toolchain/riscv-opcodes/opcodes-smallfloat:59,No;Yes
FLE_B,1010011??????????000?????1010011,hw/ip/snitch/src/riscv_instr.sv,hw/ip/snitch/src/riscv_instr.sv:985,hw/ip/snitch/src/snitch.sv:1901,always,NONE,NONE,NONE
FLT_B,1010011??????????001?????1010011,hw/ip/snitch/src/riscv_instr.sv,hw/ip/snitch/src/riscv_instr.sv:984,hw/ip/snitch/src/snitch.sv:1902,always,NONE,NONE,NONE
FEQ_B,1010011??????????010?????1010011,hw/ip/snitch/src/riscv_instr.sv,hw/ip/snitch/src/riscv_instr.sv:983,hw/ip/snitch/src/snitch.sv:1903,always,NONE,NONE,NONE
FCLASS_B,111001100000?????001?????1010011,hw/ip/snitch/src/riscv_instr.sv,hw/ip/snitch/src/riscv_instr.sv:991,hw/ip/snitch/src/snitch.sv:1904,always,NONE,NONE,NONE
FCVT_W_B,110001100000?????????????1010011,hw/ip/snitch/src/riscv_instr.sv,hw/ip/snitch/src/riscv_instr.sv:986,hw/ip/snitch/src/snitch.sv:1905,always,NONE,NONE,NONE
FCVT_WU_B,110001100001?????????????1010011,hw/ip/snitch/src/riscv_instr.sv,hw/ip/snitch/src/riscv_instr.sv:987,hw/ip/snitch/src/snitch.sv:1906,always,NONE,NONE,NONE
FMV_X_B,111001100000?????000?????1010011,hw/ip/snitch/src/riscv_instr.sv,hw/ip/snitch/src/riscv_instr.sv:990,hw/ip/snitch/src/snitch.sv:1907,always,NONE,NONE,NONE
FCVT_D_W,110100100000?????????????1010011,hw/ip/snitch/src/riscv_instr.sv,hw/ip/snitch/src/riscv_instr.sv:233,hw/ip/snitch/src/snitch.sv:1975,always,sw/toolchain/riscv-opcodes/opcodes-rv32d,sw/toolchain/riscv-opcodes/opcodes-rv32d:22,No
FCVT_D_WU,110100100001?????????????1010011,hw/ip/snitch/src/riscv_instr.sv,hw/ip/snitch/src/riscv_instr.sv:234,hw/ip/snitch/src/snitch.sv:1976,always,sw/toolchain/riscv-opcodes/opcodes-rv32d,sw/toolchain/riscv-opcodes/opcodes-rv32d:23,No
FMV_W_X,111100000000?????000?????1010011,hw/ip/snitch/src/riscv_instr.sv,hw/ip/snitch/src/riscv_instr.sv:260,hw/ip/snitch/src/snitch.sv:1986,always,sw/toolchain/riscv-opcodes/opcodes-rv32f,sw/toolchain/riscv-opcodes/opcodes-rv32f:23,No
FCVT_S_W,110100000000?????????????1010011,hw/ip/snitch/src/riscv_instr.sv,hw/ip/snitch/src/riscv_instr.sv:258,hw/ip/snitch/src/snitch.sv:1987,always,sw/toolchain/riscv-opcodes/opcodes-rv32f,sw/toolchain/riscv-opcodes/opcodes-rv32f:21,No
FCVT_S_WU,110100000001?????????????1010011,hw/ip/snitch/src/riscv_instr.sv,hw/ip/snitch/src/riscv_instr.sv:259,hw/ip/snitch/src/snitch.sv:1988,always,sw/toolchain/riscv-opcodes/opcodes-rv32f,sw/toolchain/riscv-opcodes/opcodes-rv32f:22,No
FMV_H_X,111101000000?????000?????1010011,hw/ip/snitch/src/riscv_instr.sv,hw/ip/snitch/src/riscv_instr.sv:920,hw/ip/snitch/src/snitch.sv:1998,always,sw/toolchain/riscv-opcodes/opcodes-flt-occamy_CUSTOM;sw/toolchain/riscv-opcodes/opcodes-rv32zfh_DRAFT;sw/toolchain/riscv-opcodes/opcodes-smallfloat,sw/toolchain/riscv-opcodes/opcodes-flt-occamy_CUSTOM:61;sw/toolchain/riscv-opcodes/opcodes-rv32zfh_DRAFT:27;sw/toolchain/riscv-opcodes/opcodes-smallfloat:61,No;Yes
FCVT_H_W,110101000000?????????????1010011,hw/ip/snitch/src/riscv_instr.sv,hw/ip/snitch/src/riscv_instr.sv:916,hw/ip/snitch/src/snitch.sv:1999,always,sw/toolchain/riscv-opcodes/opcodes-flt-occamy_CUSTOM;sw/toolchain/riscv-opcodes/opcodes-rv32zfh_DRAFT;sw/toolchain/riscv-opcodes/opcodes-smallfloat,sw/toolchain/riscv-opcodes/opcodes-flt-occamy_CUSTOM:57;sw/toolchain/riscv-opcodes/opcodes-rv32zfh_DRAFT:25;sw/toolchain/riscv-opcodes/opcodes-smallfloat:57,No;Yes
FCVT_H_WU,110101000001?????????????1010011,hw/ip/snitch/src/riscv_instr.sv,hw/ip/snitch/src/riscv_instr.sv:917,hw/ip/snitch/src/snitch.sv:2000,always,sw/toolchain/riscv-opcodes/opcodes-flt-occamy_CUSTOM;sw/toolchain/riscv-opcodes/opcodes-rv32zfh_DRAFT;sw/toolchain/riscv-opcodes/opcodes-smallfloat,sw/toolchain/riscv-opcodes/opcodes-flt-occamy_CUSTOM:58;sw/toolchain/riscv-opcodes/opcodes-rv32zfh_DRAFT:26;sw/toolchain/riscv-opcodes/opcodes-smallfloat:58,No;Yes
FMV_B_X,111101100000?????000?????1010011,hw/ip/snitch/src/riscv_instr.sv,hw/ip/snitch/src/riscv_instr.sv:992,hw/ip/snitch/src/snitch.sv:2032,always,NONE,NONE,NONE
FCVT_B_W,110101100000?????????????1010011,hw/ip/snitch/src/riscv_instr.sv,hw/ip/snitch/src/riscv_instr.sv:988,hw/ip/snitch/src/snitch.sv:2033,always,NONE,NONE,NONE
FCVT_B_WU,110101100001?????????????1010011,hw/ip/snitch/src/riscv_instr.sv,hw/ip/snitch/src/riscv_instr.sv:989,hw/ip/snitch/src/snitch.sv:2034,always,NONE,NONE,NONE
FREP_O,????????????????????????10001011,hw/ip/snitch/src/riscv_instr.sv,hw/ip/snitch/src/riscv_instr.sv:35,hw/ip/snitch/src/snitch.sv:2066,always,sw/toolchain/riscv-opcodes/opcodes-frep_CUSTOM,sw/toolchain/riscv-opcodes/opcodes-frep_CUSTOM:17,Yes
FREP_I,????????????????????????00001011,hw/ip/snitch/src/riscv_instr.sv,hw/ip/snitch/src/riscv_instr.sv:36,hw/ip/snitch/src/snitch.sv:2067,always,sw/toolchain/riscv-opcodes/opcodes-frep_CUSTOM,sw/toolchain/riscv-opcodes/opcodes-frep_CUSTOM:18,Yes
FLW,?????????????????010?????0000111,hw/ip/snitch/src/riscv_instr.sv,hw/ip/snitch/src/riscv_instr.sv:261,hw/ip/snitch/src/snitch.sv:2078,always,sw/toolchain/riscv-opcodes/opcodes-rv32f,sw/toolchain/riscv-opcodes/opcodes-rv32f:25,No
FSW,?????????????????010?????0100111,hw/ip/snitch/src/riscv_instr.sv,hw/ip/snitch/src/riscv_instr.sv:262,hw/ip/snitch/src/snitch.sv:2090,always,sw/toolchain/riscv-opcodes/opcodes-rv32f,sw/toolchain/riscv-opcodes/opcodes-rv32f:27,No
FLD,?????????????????011?????0000111,hw/ip/snitch/src/riscv_instr.sv,hw/ip/snitch/src/riscv_instr.sv:235,hw/ip/snitch/src/snitch.sv:2103,always,sw/toolchain/riscv-opcodes/opcodes-rv32d,sw/toolchain/riscv-opcodes/opcodes-rv32d:25,No
FSD,?????????????????011?????0100111,hw/ip/snitch/src/riscv_instr.sv,hw/ip/snitch/src/riscv_instr.sv:236,hw/ip/snitch/src/snitch.sv:2115,always,sw/toolchain/riscv-opcodes/opcodes-rv32d,sw/toolchain/riscv-opcodes/opcodes-rv32d:27,No
FLH,?????????????????001?????0000111,hw/ip/snitch/src/riscv_instr.sv,hw/ip/snitch/src/riscv_instr.sv:895,hw/ip/snitch/src/snitch.sv:2128,always,sw/toolchain/riscv-opcodes/opcodes-flt-occamy_CUSTOM;sw/toolchain/riscv-opcodes/opcodes-rv32zfh_DRAFT;sw/toolchain/riscv-opcodes/opcodes-smallfloat,sw/toolchain/riscv-opcodes/opcodes-flt-occamy_CUSTOM:36;sw/toolchain/riscv-opcodes/opcodes-rv32zfh_DRAFT:29;sw/toolchain/riscv-opcodes/opcodes-smallfloat:36,No;Yes
FSH,?????????????????001?????0100111,hw/ip/snitch/src/riscv_instr.sv,hw/ip/snitch/src/riscv_instr.sv:896,hw/ip/snitch/src/snitch.sv:2140,always,sw/toolchain/riscv-opcodes/opcodes-flt-occamy_CUSTOM;sw/toolchain/riscv-opcodes/opcodes-rv32zfh_DRAFT;sw/toolchain/riscv-opcodes/opcodes-smallfloat,sw/toolchain/riscv-opcodes/opcodes-flt-occamy_CUSTOM:37;sw/toolchain/riscv-opcodes/opcodes-rv32zfh_DRAFT:31;sw/toolchain/riscv-opcodes/opcodes-smallfloat:37,No;Yes
FLB,?????????????????100?????0000111,hw/ip/snitch/src/riscv_instr.sv,hw/ip/snitch/src/riscv_instr.sv:967,hw/ip/snitch/src/snitch.sv:2153,always,sw/toolchain/riscv-opcodes/opcodes-flt-occamy_CUSTOM,sw/toolchain/riscv-opcodes/opcodes-flt-occamy_CUSTOM:130,No
FSB,?????????????????100?????0100111,hw/ip/snitch/src/riscv_instr.sv,hw/ip/snitch/src/riscv_instr.sv:968,hw/ip/snitch/src/snitch.sv:2165,always,sw/toolchain/riscv-opcodes/opcodes-flt-occamy_CUSTOM,sw/toolchain/riscv-opcodes/opcodes-flt-occamy_CUSTOM:131,No
DMSRC,0000000??????????000000000101011,hw/ip/snitch/src/riscv_instr.sv,hw/ip/snitch/src/riscv_instr.sv:27,hw/ip/snitch/src/snitch.sv:2178,always,sw/toolchain/riscv-opcodes/opcodes-dma_CUSTOM,sw/toolchain/riscv-opcodes/opcodes-dma_CUSTOM:18,Yes
DMDST,0000001??????????000000000101011,hw/ip/snitch/src/riscv_instr.sv,hw/ip/snitch/src/riscv_instr.sv:28,hw/ip/snitch/src/snitch.sv:2179,always,sw/toolchain/riscv-opcodes/opcodes-dma_CUSTOM,sw/toolchain/riscv-opcodes/opcodes-dma_CUSTOM:19,Yes
DMSTR,0000110??????????000000000101011,hw/ip/snitch/src/riscv_instr.sv,hw/ip/snitch/src/riscv_instr.sv:33,hw/ip/snitch/src/snitch.sv:2180,always,sw/toolchain/riscv-opcodes/opcodes-dma_CUSTOM,sw/toolchain/riscv-opcodes/opcodes-dma_CUSTOM:24,Yes
DMCPYI,0000010??????????000?????0101011,hw/ip/snitch/src/riscv_instr.sv,hw/ip/snitch/src/riscv_instr.sv:29,hw/ip/snitch/src/snitch.sv:2191,always,sw/toolchain/riscv-opcodes/opcodes-dma_CUSTOM,sw/toolchain/riscv-opcodes/opcodes-dma_CUSTOM:20,Yes
DMCPY,0000011??????????000?????0101011,hw/ip/snitch/src/riscv_instr.sv,hw/ip/snitch/src/riscv_instr.sv:30,hw/ip/snitch/src/snitch.sv:2203,always,sw/toolchain/riscv-opcodes/opcodes-dma_CUSTOM,sw/toolchain/riscv-opcodes/opcodes-dma_CUSTOM:21,Yes
DMSTATI,0000100?????00000000?????0101011,hw/ip/snitch/src/riscv_instr.sv,hw/ip/snitch/src/riscv_instr.sv:31,hw/ip/snitch/src/snitch.sv:2216,always,sw/toolchain/riscv-opcodes/opcodes-dma_CUSTOM,sw/toolchain/riscv-opcodes/opcodes-dma_CUSTOM:22,Yes
DMSTAT,0000101?????00000000?????0101011,hw/ip/snitch/src/riscv_instr.sv,hw/ip/snitch/src/riscv_instr.sv:32,hw/ip/snitch/src/snitch.sv:2227,always,sw/toolchain/riscv-opcodes/opcodes-dma_CUSTOM,sw/toolchain/riscv-opcodes/opcodes-dma_CUSTOM:23,Yes
DMREP,000011100000?????000000000101011,hw/ip/snitch/src/riscv_instr.sv,hw/ip/snitch/src/riscv_instr.sv:34,hw/ip/snitch/src/snitch.sv:2239,always,sw/toolchain/riscv-opcodes/opcodes-dma_CUSTOM,sw/toolchain/riscv-opcodes/opcodes-dma_CUSTOM:25,Yes
VSETIVLI,11???????????????111?????1010111,hw/ip/snitch/src/riscv_instr.sv,hw/ip/snitch/src/riscv_instr.sv:441,hw/ip/snitch/src/snitch.sv:2254,ifdef TARGET_SPATZ,sw/toolchain/riscv-opcodes/opcodes-rvv,sw/toolchain/riscv-opcodes/opcodes-rvv:11,Yes
VSETVLI,0????????????????111?????1010111,hw/ip/snitch/src/riscv_instr.sv,hw/ip/snitch/src/riscv_instr.sv:442,hw/ip/snitch/src/snitch.sv:2265,ifdef TARGET_SPATZ,sw/toolchain/riscv-opcodes/opcodes-rvv,sw/toolchain/riscv-opcodes/opcodes-rvv:12,Yes
VSETVL,1000000??????????111?????1010111,hw/ip/snitch/src/riscv_instr.sv,hw/ip/snitch/src/riscv_instr.sv:443,hw/ip/snitch/src/snitch.sv:2277,ifdef TARGET_SPATZ,sw/toolchain/riscv-opcodes/opcodes-rvv,sw/toolchain/riscv-opcodes/opcodes-rvv:13,Yes
VMV_X_S,0100001?????00000010?????1010111,hw/ip/snitch/src/riscv_instr.sv,hw/ip/snitch/src/riscv_instr.sv:771,hw/ip/snitch/src/snitch.sv:2290,ifdef TARGET_SPATZ,sw/toolchain/riscv-opcodes/opcodes-rvv,sw/toolchain/riscv-opcodes/opcodes-rvv:395,Yes
VADD_VV,000000???????????000?????1010111,hw/ip/snitch/src/riscv_instr.sv,hw/ip/snitch/src/riscv_instr.sv:684,hw/ip/snitch/src/snitch.sv:2301,ifdef TARGET_SPATZ,sw/toolchain/riscv-opcodes/opcodes-rvv,sw/toolchain/riscv-opcodes/opcodes-rvv:298,Yes
VADD_VI,000000???????????011?????1010111,hw/ip/snitch/src/riscv_instr.sv,hw/ip/snitch/src/riscv_instr.sv:725,hw/ip/snitch/src/snitch.sv:2302,ifdef TARGET_SPATZ,sw/toolchain/riscv-opcodes/opcodes-rvv,sw/toolchain/riscv-opcodes/opcodes-rvv:344,Yes
VSUB_VV,000010???????????000?????1010111,hw/ip/snitch/src/riscv_instr.sv,hw/ip/snitch/src/riscv_instr.sv:685,hw/ip/snitch/src/snitch.sv:2303,ifdef TARGET_SPATZ,sw/toolchain/riscv-opcodes/opcodes-rvv,sw/toolchain/riscv-opcodes/opcodes-rvv:299,Yes
VRSUB_VI,000011???????????011?????1010111,hw/ip/snitch/src/riscv_instr.sv,hw/ip/snitch/src/riscv_instr.sv:726,hw/ip/snitch/src/snitch.sv:2304,ifdef TARGET_SPATZ,sw/toolchain/riscv-opcodes/opcodes-rvv,sw/toolchain/riscv-opcodes/opcodes-rvv:345,Yes
VWADD_VV,110001???????????010?????1010111,hw/ip/snitch/src/riscv_instr.sv,hw/ip/snitch/src/riscv_instr.sv:807,hw/ip/snitch/src/snitch.sv:2305,ifdef TARGET_SPATZ,sw/toolchain/riscv-opcodes/opcodes-rvv,sw/toolchain/riscv-opcodes/opcodes-rvv:438,Yes
VWADDU_VV,110000???????????010?????1010111,hw/ip/snitch/src/riscv_instr.sv,hw/ip/snitch/src/riscv_instr.sv:806,hw/ip/snitch/src/snitch.sv:2306,ifdef TARGET_SPATZ,sw/toolchain/riscv-opcodes/opcodes-rvv,sw/toolchain/riscv-opcodes/opcodes-rvv:437,Yes
VWSUB_VV,110011???????????010?????1010111,hw/ip/snitch/src/riscv_instr.sv,hw/ip/snitch/src/riscv_instr.sv:809,hw/ip/snitch/src/snitch.sv:2307,ifdef TARGET_SPATZ,sw/toolchain/riscv-opcodes/opcodes-rvv,sw/toolchain/riscv-opcodes/opcodes-rvv:440,Yes
VWSUBU_VV,110010???????????010?????1010111,hw/ip/snitch/src/riscv_instr.sv,hw/ip/snitch/src/riscv_instr.sv:808,hw/ip/snitch/src/snitch.sv:2308,ifdef TARGET_SPATZ,sw/toolchain/riscv-opcodes/opcodes-rvv,sw/toolchain/riscv-opcodes/opcodes-rvv:439,Yes
VAND_VV,001001???????????000?????1010111,hw/ip/snitch/src/riscv_instr.sv,hw/ip/snitch/src/riscv_instr.sv:690,hw/ip/snitch/src/snitch.sv:2309,ifdef TARGET_SPATZ,sw/toolchain/riscv-opcodes/opcodes-rvv,sw/toolchain/riscv-opcodes/opcodes-rvv:304,Yes
VAND_VI,001001???????????011?????1010111,hw/ip/snitch/src/riscv_instr.sv,hw/ip/snitch/src/riscv_instr.sv:727,hw/ip/snitch/src/snitch.sv:2310,ifdef TARGET_SPATZ,sw/toolchain/riscv-opcodes/opcodes-rvv,sw/toolchain/riscv-opcodes/opcodes-rvv:346,Yes
VOR_VV,001010???????????000?????1010111,hw/ip/snitch/src/riscv_instr.sv,hw/ip/snitch/src/riscv_instr.sv:691,hw/ip/snitch/src/snitch.sv:2311,ifdef TARGET_SPATZ,sw/toolchain/riscv-opcodes/opcodes-rvv,sw/toolchain/riscv-opcodes/opcodes-rvv:305,Yes
VOR_VI,001010???????????011?????1010111,hw/ip/snitch/src/riscv_instr.sv,hw/ip/snitch/src/riscv_instr.sv:728,hw/ip/snitch/src/snitch.sv:2312,ifdef TARGET_SPATZ,sw/toolchain/riscv-opcodes/opcodes-rvv,sw/toolchain/riscv-opcodes/opcodes-rvv:347,Yes
VXOR_VV,001011???????????000?????1010111,hw/ip/snitch/src/riscv_instr.sv,hw/ip/snitch/src/riscv_instr.sv:692,hw/ip/snitch/src/snitch.sv:2313,ifdef TARGET_SPATZ,sw/toolchain/riscv-opcodes/opcodes-rvv,sw/toolchain/riscv-opcodes/opcodes-rvv:306,Yes
VXOR_VI,001011???????????011?????1010111,hw/ip/snitch/src/riscv_instr.sv,hw/ip/snitch/src/riscv_instr.sv:729,hw/ip/snitch/src/snitch.sv:2314,ifdef TARGET_SPATZ,sw/toolchain/riscv-opcodes/opcodes-rvv,sw/toolchain/riscv-opcodes/opcodes-rvv:348,Yes
VADC_VVM,0100000??????????000?????1010111,hw/ip/snitch/src/riscv_instr.sv,hw/ip/snitch/src/riscv_instr.sv:695,hw/ip/snitch/src/snitch.sv:2315,ifdef TARGET_SPATZ,sw/toolchain/riscv-opcodes/opcodes-rvv,sw/toolchain/riscv-opcodes/opcodes-rvv:310,Yes
VADC_VIM,0100000??????????011?????1010111,hw/ip/snitch/src/riscv_instr.sv,hw/ip/snitch/src/riscv_instr.sv:733,hw/ip/snitch/src/snitch.sv:2316,ifdef TARGET_SPATZ,sw/toolchain/riscv-opcodes/opcodes-rvv,sw/toolchain/riscv-opcodes/opcodes-rvv:353,Yes
VMADC_VV,0100011??????????000?????1010111,hw/ip/snitch/src/riscv_instr.sv,hw/ip/snitch/src/riscv_instr.sv:697,hw/ip/snitch/src/snitch.sv:2317,ifdef TARGET_SPATZ,sw/toolchain/riscv-opcodes/opcodes-rvv,sw/toolchain/riscv-opcodes/opcodes-rvv:312,Yes
VMADC_VI,0100011??????????011?????1010111,hw/ip/snitch/src/riscv_instr.sv,hw/ip/snitch/src/riscv_instr.sv:735,hw/ip/snitch/src/snitch.sv:2318,ifdef TARGET_SPATZ,sw/toolchain/riscv-opcodes/opcodes-rvv,sw/toolchain/riscv-opcodes/opcodes-rvv:355,Yes
VMADC_VVM,0100010??????????000?????1010111,hw/ip/snitch/src/riscv_instr.sv,hw/ip/snitch/src/riscv_instr.sv:696,hw/ip/snitch/src/snitch.sv:2319,ifdef TARGET_SPATZ,sw/toolchain/riscv-opcodes/opcodes-rvv,sw/toolchain/riscv-opcodes/opcodes-rvv:311,Yes
VMADC_VIM,0100010??????????011?????1010111,hw/ip/snitch/src/riscv_instr.sv,hw/ip/snitch/src/riscv_instr.sv:734,hw/ip/snitch/src/snitch.sv:2320,ifdef TARGET_SPATZ,sw/toolchain/riscv-opcodes/opcodes-rvv,sw/toolchain/riscv-opcodes/opcodes-rvv:354,Yes
VSBC_VVM,0100100??????????000?????1010111,hw/ip/snitch/src/riscv_instr.sv,hw/ip/snitch/src/riscv_instr.sv:698,hw/ip/snitch/src/snitch.sv:2321,ifdef TARGET_SPATZ,sw/toolchain/riscv-opcodes/opcodes-rvv,sw/toolchain/riscv-opcodes/opcodes-rvv:313,Yes
VMSBC_VV,0100111??????????000?????1010111,hw/ip/snitch/src/riscv_instr.sv,hw/ip/snitch/src/riscv_instr.sv:700,hw/ip/snitch/src/snitch.sv:2322,ifdef TARGET_SPATZ,sw/toolchain/riscv-opcodes/opcodes-rvv,sw/toolchain/riscv-opcodes/opcodes-rvv:315,Yes
VMSBC_VVM,0100110??????????000?????1010111,hw/ip/snitch/src/riscv_instr.sv,hw/ip/snitch/src/riscv_instr.sv:699,hw/ip/snitch/src/snitch.sv:2323,ifdef TARGET_SPATZ,sw/toolchain/riscv-opcodes/opcodes-rvv,sw/toolchain/riscv-opcodes/opcodes-rvv:314,Yes
VSLL_VV,100101???????????000?????1010111,hw/ip/snitch/src/riscv_instr.sv,hw/ip/snitch/src/riscv_instr.sv:713,hw/ip/snitch/src/snitch.sv:2324,ifdef TARGET_SPATZ,sw/toolchain/riscv-opcodes/opcodes-rvv,sw/toolchain/riscv-opcodes/opcodes-rvv:329,Yes
VSLL_VI,100101???????????011?????1010111,hw/ip/snitch/src/riscv_instr.sv,hw/ip/snitch/src/riscv_instr.sv:746,hw/ip/snitch/src/snitch.sv:2325,ifdef TARGET_SPATZ,sw/toolchain/riscv-opcodes/opcodes-rvv,sw/toolchain/riscv-opcodes/opcodes-rvv:367,Yes
VSRL_VV,101000???????????000?????1010111,hw/ip/snitch/src/riscv_instr.sv,hw/ip/snitch/src/riscv_instr.sv:715,hw/ip/snitch/src/snitch.sv:2326,ifdef TARGET_SPATZ,sw/toolchain/riscv-opcodes/opcodes-rvv,sw/toolchain/riscv-opcodes/opcodes-rvv:331,Yes
VSRL_VI,101000???????????011?????1010111,hw/ip/snitch/src/riscv_instr.sv,hw/ip/snitch/src/riscv_instr.sv:751,hw/ip/snitch/src/snitch.sv:2327,ifdef TARGET_SPATZ,sw/toolchain/riscv-opcodes/opcodes-rvv,sw/toolchain/riscv-opcodes/opcodes-rvv:372,Yes
VSRA_VV,101001???????????000?????1010111,hw/ip/snitch/src/riscv_instr.sv,hw/ip/snitch/src/riscv_instr.sv:716,hw/ip/snitch/src/snitch.sv:2328,ifdef TARGET_SPATZ,sw/toolchain/riscv-opcodes/opcodes-rvv,sw/toolchain/riscv-opcodes/opcodes-rvv:332,Yes
VSRA_VI,101001???????????011?????1010111,hw/ip/snitch/src/riscv_instr.sv,hw/ip/snitch/src/riscv_instr.sv:752,hw/ip/snitch/src/snitch.sv:2329,ifdef TARGET_SPATZ,sw/toolchain/riscv-opcodes/opcodes-rvv,sw/toolchain/riscv-opcodes/opcodes-rvv:373,Yes
VREDSUM_VS,000000???????????010?????1010111,hw/ip/snitch/src/riscv_instr.sv,hw/ip/snitch/src/riscv_instr.sv:759,hw/ip/snitch/src/snitch.sv:2330,ifdef TARGET_SPATZ,sw/toolchain/riscv-opcodes/opcodes-rvv,sw/toolchain/riscv-opcodes/opcodes-rvv:382,Yes
VREDAND_VS,000001???????????010?????1010111,hw/ip/snitch/src/riscv_instr.sv,hw/ip/snitch/src/riscv_instr.sv:760,hw/ip/snitch/src/snitch.sv:2331,ifdef TARGET_SPATZ,sw/toolchain/riscv-opcodes/opcodes-rvv,sw/toolchain/riscv-opcodes/opcodes-rvv:383,Yes
VREDOR_VS,000010???????????010?????1010111,hw/ip/snitch/src/riscv_instr.sv,hw/ip/snitch/src/riscv_instr.sv:761,hw/ip/snitch/src/snitch.sv:2332,ifdef TARGET_SPATZ,sw/toolchain/riscv-opcodes/opcodes-rvv,sw/toolchain/riscv-opcodes/opcodes-rvv:384,Yes
VREDXOR_VS,000011???????????010?????1010111,hw/ip/snitch/src/riscv_instr.sv,hw/ip/snitch/src/riscv_instr.sv:762,hw/ip/snitch/src/snitch.sv:2333,ifdef TARGET_SPATZ,sw/toolchain/riscv-opcodes/opcodes-rvv,sw/toolchain/riscv-opcodes/opcodes-rvv:385,Yes
VREDMIN_VS,000101???????????010?????1010111,hw/ip/snitch/src/riscv_instr.sv,hw/ip/snitch/src/riscv_instr.sv:764,hw/ip/snitch/src/snitch.sv:2334,ifdef TARGET_SPATZ,sw/toolchain/riscv-opcodes/opcodes-rvv,sw/toolchain/riscv-opcodes/opcodes-rvv:387,Yes
VREDMINU_VS,000100???????????010?????1010111,hw/ip/snitch/src/riscv_instr.sv,hw/ip/snitch/src/riscv_instr.sv:763,hw/ip/snitch/src/snitch.sv:2335,ifdef TARGET_SPATZ,sw/toolchain/riscv-opcodes/opcodes-rvv,sw/toolchain/riscv-opcodes/opcodes-rvv:386,Yes
VREDMAX_VS,000111???????????010?????1010111,hw/ip/snitch/src/riscv_instr.sv,hw/ip/snitch/src/riscv_instr.sv:766,hw/ip/snitch/src/snitch.sv:2336,ifdef TARGET_SPATZ,sw/toolchain/riscv-opcodes/opcodes-rvv,sw/toolchain/riscv-opcodes/opcodes-rvv:389,Yes
VREDMAXU_VS,000110???????????010?????1010111,hw/ip/snitch/src/riscv_instr.sv,hw/ip/snitch/src/riscv_instr.sv:765,hw/ip/snitch/src/snitch.sv:2337,ifdef TARGET_SPATZ,sw/toolchain/riscv-opcodes/opcodes-rvv,sw/toolchain/riscv-opcodes/opcodes-rvv:388,Yes
VMSEQ_VV,011000???????????000?????1010111,hw/ip/snitch/src/riscv_instr.sv,hw/ip/snitch/src/riscv_instr.sv:703,hw/ip/snitch/src/snitch.sv:2338,ifdef TARGET_SPATZ,sw/toolchain/riscv-opcodes/opcodes-rvv,sw/toolchain/riscv-opcodes/opcodes-rvv:318,Yes
VMSEQ_VI,011000???????????011?????1010111,hw/ip/snitch/src/riscv_instr.sv,hw/ip/snitch/src/riscv_instr.sv:738,hw/ip/snitch/src/snitch.sv:2339,ifdef TARGET_SPATZ,sw/toolchain/riscv-opcodes/opcodes-rvv,sw/toolchain/riscv-opcodes/opcodes-rvv:358,Yes
VMSNE_VV,011001???????????000?????1010111,hw/ip/snitch/src/riscv_instr.sv,hw/ip/snitch/src/riscv_instr.sv:704,hw/ip/snitch/src/snitch.sv:2340,ifdef TARGET_SPATZ,sw/toolchain/riscv-opcodes/opcodes-rvv,sw/toolchain/riscv-opcodes/opcodes-rvv:319,Yes
VMSNE_VI,011001???????????011?????1010111,hw/ip/snitch/src/riscv_instr.sv,hw/ip/snitch/src/riscv_instr.sv:739,hw/ip/snitch/src/snitch.sv:2341,ifdef TARGET_SPATZ,sw/toolchain/riscv-opcodes/opcodes-rvv,sw/toolchain/riscv-opcodes/opcodes-rvv:359,Yes
VMSLTU_VV,011010???????????000?????1010111,hw/ip/snitch/src/riscv_instr.sv,hw/ip/snitch/src/riscv_instr.sv:705,hw/ip/snitch/src/snitch.sv:2342,ifdef TARGET_SPATZ,sw/toolchain/riscv-opcodes/opcodes-rvv,sw/toolchain/riscv-opcodes/opcodes-rvv:320,Yes
VMSLT_VV,011011???????????000?????1010111,hw/ip/snitch/src/riscv_instr.sv,hw/ip/snitch/src/riscv_instr.sv:706,hw/ip/snitch/src/snitch.sv:2343,ifdef TARGET_SPATZ,sw/toolchain/riscv-opcodes/opcodes-rvv,sw/toolchain/riscv-opcodes/opcodes-rvv:321,Yes
VMSLEU_VV,011100???????????000?????1010111,hw/ip/snitch/src/riscv_instr.sv,hw/ip/snitch/src/riscv_instr.sv:707,hw/ip/snitch/src/snitch.sv:2344,ifdef TARGET_SPATZ,sw/toolchain/riscv-opcodes/opcodes-rvv,sw/toolchain/riscv-opcodes/opcodes-rvv:322,Yes
VMSLEU_VI,011100???????????011?????1010111,hw/ip/snitch/src/riscv_instr.sv,hw/ip/snitch/src/riscv_instr.sv:740,hw/ip/snitch/src/snitch.sv:2345,ifdef TARGET_SPATZ,sw/toolchain/riscv-opcodes/opcodes-rvv,sw/toolchain/riscv-opcodes/opcodes-rvv:360,Yes
VMSLE_VV,011101???????????000?????1010111,hw/ip/snitch/src/riscv_instr.sv,hw/ip/snitch/src/riscv_instr.sv:708,hw/ip/snitch/src/snitch.sv:2346,ifdef TARGET_SPATZ,sw/toolchain/riscv-opcodes/opcodes-rvv,sw/toolchain/riscv-opcodes/opcodes-rvv:323,Yes
VMSLE_VI,011101???????????011?????1010111,hw/ip/snitch/src/riscv_instr.sv,hw/ip/snitch/src/riscv_instr.sv:741,hw/ip/snitch/src/snitch.sv:2347,ifdef TARGET_SPATZ,sw/toolchain/riscv-opcodes/opcodes-rvv,sw/toolchain/riscv-opcodes/opcodes-rvv:361,Yes
VMSGTU_VI,011110???????????011?????1010111,hw/ip/snitch/src/riscv_instr.sv,hw/ip/snitch/src/riscv_instr.sv:742,hw/ip/snitch/src/snitch.sv:2348,ifdef TARGET_SPATZ,sw/toolchain/riscv-opcodes/opcodes-rvv,sw/toolchain/riscv-opcodes/opcodes-rvv:362,Yes
VMSGT_VI,011111???????????011?????1010111,hw/ip/snitch/src/riscv_instr.sv,hw/ip/snitch/src/riscv_instr.sv:743,hw/ip/snitch/src/snitch.sv:2349,ifdef TARGET_SPATZ,sw/toolchain/riscv-opcodes/opcodes-rvv,sw/toolchain/riscv-opcodes/opcodes-rvv:363,Yes
VMIN_VV,000101???????????000?????1010111,hw/ip/snitch/src/riscv_instr.sv,hw/ip/snitch/src/riscv_instr.sv:687,hw/ip/snitch/src/snitch.sv:2350,ifdef TARGET_SPATZ,sw/toolchain/riscv-opcodes/opcodes-rvv,sw/toolchain/riscv-opcodes/opcodes-rvv:301,Yes
VMINU_VV,000100???????????000?????1010111,hw/ip/snitch/src/riscv_instr.sv,hw/ip/snitch/src/riscv_instr.sv:686,hw/ip/snitch/src/snitch.sv:2351,ifdef TARGET_SPATZ,sw/toolchain/riscv-opcodes/opcodes-rvv,sw/toolchain/riscv-opcodes/opcodes-rvv:300,Yes
VMAX_VV,000111???????????000?????1010111,hw/ip/snitch/src/riscv_instr.sv,hw/ip/snitch/src/riscv_instr.sv:689,hw/ip/snitch/src/snitch.sv:2352,ifdef TARGET_SPATZ,sw/toolchain/riscv-opcodes/opcodes-rvv,sw/toolchain/riscv-opcodes/opcodes-rvv:303,Yes
VMAXU_VV,000110???????????000?????1010111,hw/ip/snitch/src/riscv_instr.sv,hw/ip/snitch/src/riscv_instr.sv:688,hw/ip/snitch/src/snitch.sv:2353,ifdef TARGET_SPATZ,sw/toolchain/riscv-opcodes/opcodes-rvv,sw/toolchain/riscv-opcodes/opcodes-rvv:302,Yes
VMUL_VV,100101???????????010?????1010111,hw/ip/snitch/src/riscv_instr.sv,hw/ip/snitch/src/riscv_instr.sv:799,hw/ip/snitch/src/snitch.sv:2354,ifdef TARGET_SPATZ,sw/toolchain/riscv-opcodes/opcodes-rvv,sw/toolchain/riscv-opcodes/opcodes-rvv:429,Yes
VMULH_VV,100111???????????010?????1010111,hw/ip/snitch/src/riscv_instr.sv,hw/ip/snitch/src/riscv_instr.sv:801,hw/ip/snitch/src/snitch.sv:2355,ifdef TARGET_SPATZ,sw/toolchain/riscv-opcodes/opcodes-rvv,sw/toolchain/riscv-opcodes/opcodes-rvv:431,Yes
VMULHU_VV,100100???????????010?????1010111,hw/ip/snitch/src/riscv_instr.sv,hw/ip/snitch/src/riscv_instr.sv:798,hw/ip/snitch/src/snitch.sv:2356,ifdef TARGET_SPATZ,sw/toolchain/riscv-opcodes/opcodes-rvv,sw/toolchain/riscv-opcodes/opcodes-rvv:428,Yes
VMULHSU_VV,100110???????????010?????1010111,hw/ip/snitch/src/riscv_instr.sv,hw/ip/snitch/src/riscv_instr.sv:800,hw/ip/snitch/src/snitch.sv:2357,ifdef TARGET_SPATZ,sw/toolchain/riscv-opcodes/opcodes-rvv,sw/toolchain/riscv-opcodes/opcodes-rvv:430,Yes
VMACC_VV,101101???????????010?????1010111,hw/ip/snitch/src/riscv_instr.sv,hw/ip/snitch/src/riscv_instr.sv:804,hw/ip/snitch/src/snitch.sv:2358,ifdef TARGET_SPATZ,sw/toolchain/riscv-opcodes/opcodes-rvv,sw/toolchain/riscv-opcodes/opcodes-rvv:434,Yes
VNMSAC_VV,101111???????????010?????1010111,hw/ip/snitch/src/riscv_instr.sv,hw/ip/snitch/src/riscv_instr.sv:805,hw/ip/snitch/src/snitch.sv:2359,ifdef TARGET_SPATZ,sw/toolchain/riscv-opcodes/opcodes-rvv,sw/toolchain/riscv-opcodes/opcodes-rvv:435,Yes
VMADD_VV,101001???????????010?????1010111,hw/ip/snitch/src/riscv_instr.sv,hw/ip/snitch/src/riscv_instr.sv:802,hw/ip/snitch/src/snitch.sv:2360,ifdef TARGET_SPATZ,sw/toolchain/riscv-opcodes/opcodes-rvv,sw/toolchain/riscv-opcodes/opcodes-rvv:432,Yes
VNMSUB_VV,101011???????????010?????1010111,hw/ip/snitch/src/riscv_instr.sv,hw/ip/snitch/src/riscv_instr.sv:803,hw/ip/snitch/src/snitch.sv:2361,ifdef TARGET_SPATZ,sw/toolchain/riscv-opcodes/opcodes-rvv,sw/toolchain/riscv-opcodes/opcodes-rvv:433,Yes
VDIV_VV,100001???????????010?????1010111,hw/ip/snitch/src/riscv_instr.sv,hw/ip/snitch/src/riscv_instr.sv:795,hw/ip/snitch/src/snitch.sv:2362,ifdef TARGET_SPATZ,sw/toolchain/riscv-opcodes/opcodes-rvv,sw/toolchain/riscv-opcodes/opcodes-rvv:425,Yes
VDIVU_VV,100000???????????010?????1010111,hw/ip/snitch/src/riscv_instr.sv,hw/ip/snitch/src/riscv_instr.sv:794,hw/ip/snitch/src/snitch.sv:2363,ifdef TARGET_SPATZ,sw/toolchain/riscv-opcodes/opcodes-rvv,sw/toolchain/riscv-opcodes/opcodes-rvv:424,Yes
VREM_VV,100011???????????010?????1010111,hw/ip/snitch/src/riscv_instr.sv,hw/ip/snitch/src/riscv_instr.sv:797,hw/ip/snitch/src/snitch.sv:2364,ifdef TARGET_SPATZ,sw/toolchain/riscv-opcodes/opcodes-rvv,sw/toolchain/riscv-opcodes/opcodes-rvv:427,Yes
VREMU_VV,100010???????????010?????1010111,hw/ip/snitch/src/riscv_instr.sv,hw/ip/snitch/src/riscv_instr.sv:796,hw/ip/snitch/src/snitch.sv:2365,ifdef TARGET_SPATZ,sw/toolchain/riscv-opcodes/opcodes-rvv,sw/toolchain/riscv-opcodes/opcodes-rvv:426,Yes
VWMUL_VV,111011???????????010?????1010111,hw/ip/snitch/src/riscv_instr.sv,hw/ip/snitch/src/riscv_instr.sv:816,hw/ip/snitch/src/snitch.sv:2366,ifdef TARGET_SPATZ,sw/toolchain/riscv-opcodes/opcodes-rvv,sw/toolchain/riscv-opcodes/opcodes-rvv:447,Yes
VWMULU_VV,111000???????????010?????1010111,hw/ip/snitch/src/riscv_instr.sv,hw/ip/snitch/src/riscv_instr.sv:814,hw/ip/snitch/src/snitch.sv:2367,ifdef TARGET_SPATZ,sw/toolchain/riscv-opcodes/opcodes-rvv,sw/toolchain/riscv-opcodes/opcodes-rvv:445,Yes
VWMULSU_VV,111010???????????010?????1010111,hw/ip/snitch/src/riscv_instr.sv,hw/ip/snitch/src/riscv_instr.sv:815,hw/ip/snitch/src/snitch.sv:2368,ifdef TARGET_SPATZ,sw/toolchain/riscv-opcodes/opcodes-rvv,sw/toolchain/riscv-opcodes/opcodes-rvv:446,Yes
VWMACC_VV,111101???????????010?????1010111,hw/ip/snitch/src/riscv_instr.sv,hw/ip/snitch/src/riscv_instr.sv:818,hw/ip/snitch/src/snitch.sv:2369,ifdef TARGET_SPATZ,sw/toolchain/riscv-opcodes/opcodes-rvv,sw/toolchain/riscv-opcodes/opcodes-rvv:449,Yes
VWMACCU_VV,111100???????????010?????1010111,hw/ip/snitch/src/riscv_instr.sv,hw/ip/snitch/src/riscv_instr.sv:817,hw/ip/snitch/src/snitch.sv:2370,ifdef TARGET_SPATZ,sw/toolchain/riscv-opcodes/opcodes-rvv,sw/toolchain/riscv-opcodes/opcodes-rvv:448,Yes
VWMACCSU_VV,111111???????????010?????1010111,hw/ip/snitch/src/riscv_instr.sv,hw/ip/snitch/src/riscv_instr.sv:819,hw/ip/snitch/src/snitch.sv:2371,ifdef TARGET_SPATZ,sw/toolchain/riscv-opcodes/opcodes-rvv,sw/toolchain/riscv-opcodes/opcodes-rvv:450,Yes
VMV_V_V,010111100000?????000?????1010111,hw/ip/snitch/src/riscv_instr.sv,hw/ip/snitch/src/riscv_instr.sv:702,hw/ip/snitch/src/snitch.sv:2372,ifdef TARGET_SPATZ,sw/toolchain/riscv-opcodes/opcodes-rvv,sw/toolchain/riscv-opcodes/opcodes-rvv:317,Yes
VMV_V_I,010111100000?????011?????1010111,hw/ip/snitch/src/riscv_instr.sv,hw/ip/snitch/src/riscv_instr.sv:737,hw/ip/snitch/src/snitch.sv:2373,ifdef TARGET_SPATZ,sw/toolchain/riscv-opcodes/opcodes-rvv,sw/toolchain/riscv-opcodes/opcodes-rvv:357,Yes
VFMV_F_S,0100001?????00000001?????1010111,hw/ip/snitch/src/riscv_instr.sv,hw/ip/snitch/src/riscv_instr.sv:589,hw/ip/snitch/src/snitch.sv:2374,ifdef TARGET_SPATZ,sw/toolchain/riscv-opcodes/opcodes-rvv,sw/toolchain/riscv-opcodes/opcodes-rvv:190,Yes
VSLIDEUP_VI,001110???????????011?????1010111,hw/ip/snitch/src/riscv_instr.sv,hw/ip/snitch/src/riscv_instr.sv:731,hw/ip/snitch/src/snitch.sv:2375,ifdef TARGET_SPATZ,sw/toolchain/riscv-opcodes/opcodes-rvv,sw/toolchain/riscv-opcodes/opcodes-rvv:350,Yes
VSLIDEDOWN_VI,001111???????????011?????1010111,hw/ip/snitch/src/riscv_instr.sv,hw/ip/snitch/src/riscv_instr.sv:732,hw/ip/snitch/src/snitch.sv:2376,ifdef TARGET_SPATZ,sw/toolchain/riscv-opcodes/opcodes-rvv,sw/toolchain/riscv-opcodes/opcodes-rvv:351,Yes
VFADD_VV,000000???????????001?????1010111,hw/ip/snitch/src/riscv_instr.sv,hw/ip/snitch/src/riscv_instr.sv:578,hw/ip/snitch/src/snitch.sv:2386,ifdef TARGET_SPATZ,sw/toolchain/riscv-opcodes/opcodes-rvv,sw/toolchain/riscv-opcodes/opcodes-rvv:179,Yes
VFSUB_VV,000010???????????001?????1010111,hw/ip/snitch/src/riscv_instr.sv,hw/ip/snitch/src/riscv_instr.sv:580,hw/ip/snitch/src/snitch.sv:2387,ifdef TARGET_SPATZ,sw/toolchain/riscv-opcodes/opcodes-rvv,sw/toolchain/riscv-opcodes/opcodes-rvv:181,Yes
VFMIN_VV,000100???????????001?????1010111,hw/ip/snitch/src/riscv_instr.sv,hw/ip/snitch/src/riscv_instr.sv:582,hw/ip/snitch/src/snitch.sv:2388,ifdef TARGET_SPATZ,sw/toolchain/riscv-opcodes/opcodes-rvv,sw/toolchain/riscv-opcodes/opcodes-rvv:183,Yes
VFMAX_VV,000110???????????001?????1010111,hw/ip/snitch/src/riscv_instr.sv,hw/ip/snitch/src/riscv_instr.sv:584,hw/ip/snitch/src/snitch.sv:2389,ifdef TARGET_SPATZ,sw/toolchain/riscv-opcodes/opcodes-rvv,sw/toolchain/riscv-opcodes/opcodes-rvv:185,Yes
VFSGNJ_VV,001000???????????001?????1010111,hw/ip/snitch/src/riscv_instr.sv,hw/ip/snitch/src/riscv_instr.sv:586,hw/ip/snitch/src/snitch.sv:2390,ifdef TARGET_SPATZ,sw/toolchain/riscv-opcodes/opcodes-rvv,sw/toolchain/riscv-opcodes/opcodes-rvv:187,Yes
VFSGNJN_VV,001001???????????001?????1010111,hw/ip/snitch/src/riscv_instr.sv,hw/ip/snitch/src/riscv_instr.sv:587,hw/ip/snitch/src/snitch.sv:2391,ifdef TARGET_SPATZ,sw/toolchain/riscv-opcodes/opcodes-rvv,sw/toolchain/riscv-opcodes/opcodes-rvv:188,Yes
VFSGNJX_VV,001010???????????001?????1010111,hw/ip/snitch/src/riscv_instr.sv,hw/ip/snitch/src/riscv_instr.sv:588,hw/ip/snitch/src/snitch.sv:2392,ifdef TARGET_SPATZ,sw/toolchain/riscv-opcodes/opcodes-rvv,sw/toolchain/riscv-opcodes/opcodes-rvv:189,Yes
VFMUL_VV,100100???????????001?????1010111,hw/ip/snitch/src/riscv_instr.sv,hw/ip/snitch/src/riscv_instr.sv:595,hw/ip/snitch/src/snitch.sv:2393,ifdef TARGET_SPATZ,sw/toolchain/riscv-opcodes/opcodes-rvv,sw/toolchain/riscv-opcodes/opcodes-rvv:198,Yes
VFMADD_VV,101000???????????001?????1010111,hw/ip/snitch/src/riscv_instr.sv,hw/ip/snitch/src/riscv_instr.sv:596,hw/ip/snitch/src/snitch.sv:2394,ifdef TARGET_SPATZ,sw/toolchain/riscv-opcodes/opcodes-rvv,sw/toolchain/riscv-opcodes/opcodes-rvv:199,Yes
VFNMADD_VV,101001???????????001?????1010111,hw/ip/snitch/src/riscv_instr.sv,hw/ip/snitch/src/riscv_instr.sv:597,hw/ip/snitch/src/snitch.sv:2395,ifdef TARGET_SPATZ,sw/toolchain/riscv-opcodes/opcodes-rvv,sw/toolchain/riscv-opcodes/opcodes-rvv:200,Yes
VFMSUB_VV,101010???????????001?????1010111,hw/ip/snitch/src/riscv_instr.sv,hw/ip/snitch/src/riscv_instr.sv:598,hw/ip/snitch/src/snitch.sv:2396,ifdef TARGET_SPATZ,sw/toolchain/riscv-opcodes/opcodes-rvv,sw/toolchain/riscv-opcodes/opcodes-rvv:201,Yes
VFNMSUB_VV,101011???????????001?????1010111,hw/ip/snitch/src/riscv_instr.sv,hw/ip/snitch/src/riscv_instr.sv:599,hw/ip/snitch/src/snitch.sv:2397,ifdef TARGET_SPATZ,sw/toolchain/riscv-opcodes/opcodes-rvv,sw/toolchain/riscv-opcodes/opcodes-rvv:202,Yes
VFMACC_VV,101100???????????001?????1010111,hw/ip/snitch/src/riscv_instr.sv,hw/ip/snitch/src/riscv_instr.sv:600,hw/ip/snitch/src/snitch.sv:2398,ifdef TARGET_SPATZ,sw/toolchain/riscv-opcodes/opcodes-rvv,sw/toolchain/riscv-opcodes/opcodes-rvv:203,Yes
VFNMACC_VV,101101???????????001?????1010111,hw/ip/snitch/src/riscv_instr.sv,hw/ip/snitch/src/riscv_instr.sv:601,hw/ip/snitch/src/snitch.sv:2399,ifdef TARGET_SPATZ,sw/toolchain/riscv-opcodes/opcodes-rvv,sw/toolchain/riscv-opcodes/opcodes-rvv:204,Yes
VFMSAC_VV,101110???????????001?????1010111,hw/ip/snitch/src/riscv_instr.sv,hw/ip/snitch/src/riscv_instr.sv:602,hw/ip/snitch/src/snitch.sv:2400,ifdef TARGET_SPATZ,sw/toolchain/riscv-opcodes/opcodes-rvv,sw/toolchain/riscv-opcodes/opcodes-rvv:205,Yes
VFNMSAC_VV,101111???????????001?????1010111,hw/ip/snitch/src/riscv_instr.sv,hw/ip/snitch/src/riscv_instr.sv:603,hw/ip/snitch/src/snitch.sv:2401,ifdef TARGET_SPATZ,sw/toolchain/riscv-opcodes/opcodes-rvv,sw/toolchain/riscv-opcodes/opcodes-rvv:206,Yes
VFCVT_F_X_V,010010??????00011001?????1010111,hw/ip/snitch/src/riscv_instr.sv,hw/ip/snitch/src/riscv_instr.sv:607,hw/ip/snitch/src/snitch.sv:2402,ifdef TARGET_SPATZ,sw/toolchain/riscv-opcodes/opcodes-rvv,sw/toolchain/riscv-opcodes/opcodes-rvv:211,Yes
VFCVT_F_XU_V,010010??????00010001?????1010111,hw/ip/snitch/src/riscv_instr.sv,hw/ip/snitch/src/riscv_instr.sv:606,hw/ip/snitch/src/snitch.sv:2403,ifdef TARGET_SPATZ,sw/toolchain/riscv-opcodes/opcodes-rvv,sw/toolchain/riscv-opcodes/opcodes-rvv:210,Yes
VFCVT_X_F_V,010010??????00001001?????1010111,hw/ip/snitch/src/riscv_instr.sv,hw/ip/snitch/src/riscv_instr.sv:605,hw/ip/snitch/src/snitch.sv:2404,ifdef TARGET_SPATZ,sw/toolchain/riscv-opcodes/opcodes-rvv,sw/toolchain/riscv-opcodes/opcodes-rvv:209,Yes
VFCVT_XU_F_V,010010??????00000001?????1010111,hw/ip/snitch/src/riscv_instr.sv,hw/ip/snitch/src/riscv_instr.sv:604,hw/ip/snitch/src/snitch.sv:2405,ifdef TARGET_SPATZ,sw/toolchain/riscv-opcodes/opcodes-rvv,sw/toolchain/riscv-opcodes/opcodes-rvv:208,Yes
VFCVT_RTZ_X_F_V,010010??????00111001?????1010111,hw/ip/snitch/src/riscv_instr.sv,hw/ip/snitch/src/riscv_instr.sv:609,hw/ip/snitch/src/snitch.sv:2406,ifdef TARGET_SPATZ,sw/toolchain/riscv-opcodes/opcodes-rvv,sw/toolchain/riscv-opcodes/opcodes-rvv:213,Yes
VFCVT_RTZ_XU_F_V,010010??????00110001?????1010111,hw/ip/snitch/src/riscv_instr.sv,hw/ip/snitch/src/riscv_instr.sv:608,hw/ip/snitch/src/snitch.sv:2407,ifdef TARGET_SPATZ,sw/toolchain/riscv-opcodes/opcodes-rvv,sw/toolchain/riscv-opcodes/opcodes-rvv:212,Yes
VFNCVT_XU_F_W,010010??????10000001?????1010111,hw/ip/snitch/src/riscv_instr.sv,hw/ip/snitch/src/riscv_instr.sv:617,hw/ip/snitch/src/snitch.sv:2408,ifdef TARGET_SPATZ,sw/toolchain/riscv-opcodes/opcodes-rvv,sw/toolchain/riscv-opcodes/opcodes-rvv:223,Yes
VFNCVT_X_F_W,010010??????10001001?????1010111,hw/ip/snitch/src/riscv_instr.sv,hw/ip/snitch/src/riscv_instr.sv:618,hw/ip/snitch/src/snitch.sv:2409,ifdef TARGET_SPATZ,sw/toolchain/riscv-opcodes/opcodes-rvv,sw/toolchain/riscv-opcodes/opcodes-rvv:224,Yes
VFNCVT_RTZ_XU_F_W,010010??????10110001?????1010111,hw/ip/snitch/src/riscv_instr.sv,hw/ip/snitch/src/riscv_instr.sv:623,hw/ip/snitch/src/snitch.sv:2410,ifdef TARGET_SPATZ,sw/toolchain/riscv-opcodes/opcodes-rvv,sw/toolchain/riscv-opcodes/opcodes-rvv:229,Yes
VFNCVT_RTZ_X_F_W,010010??????10111001?????1010111,hw/ip/snitch/src/riscv_instr.sv,hw/ip/snitch/src/riscv_instr.sv:624,hw/ip/snitch/src/snitch.sv:2411,ifdef TARGET_SPATZ,sw/toolchain/riscv-opcodes/opcodes-rvv,sw/toolchain/riscv-opcodes/opcodes-rvv:230,Yes
VFNCVT_F_XU_W,010010??????10010001?????1010111,hw/ip/snitch/src/riscv_instr.sv,hw/ip/snitch/src/riscv_instr.sv:619,hw/ip/snitch/src/snitch.sv:2412,ifdef TARGET_SPATZ,sw/toolchain/riscv-opcodes/opcodes-rvv,sw/toolchain/riscv-opcodes/opcodes-rvv:225,Yes
VFNCVT_F_X_W,010010??????10011001?????1010111,hw/ip/snitch/src/riscv_instr.sv,hw/ip/snitch/src/riscv_instr.sv:620,hw/ip/snitch/src/snitch.sv:2413,ifdef TARGET_SPATZ,sw/toolchain/riscv-opcodes/opcodes-rvv,sw/toolchain/riscv-opcodes/opcodes-rvv:226,Yes
VFNCVT_F_F_W,010010??????10100001?????1010111,hw/ip/snitch/src/riscv_instr.sv,hw/ip/snitch/src/riscv_instr.sv:621,hw/ip/snitch/src/snitch.sv:2414,ifdef TARGET_SPATZ,sw/toolchain/riscv-opcodes/opcodes-rvv,sw/toolchain/riscv-opcodes/opcodes-rvv:227,Yes
VFREDOSUM_VS,000011???????????001?????1010111,hw/ip/snitch/src/riscv_instr.sv,hw/ip/snitch/src/riscv_instr.sv:581,hw/ip/snitch/src/snitch.sv:2415,ifdef TARGET_SPATZ,sw/toolchain/riscv-opcodes/opcodes-rvv,sw/toolchain/riscv-opcodes/opcodes-rvv:182,Yes
VFREDUSUM_VS,000001???????????001?????1010111,hw/ip/snitch/src/riscv_instr.sv,hw/ip/snitch/src/riscv_instr.sv:579,hw/ip/snitch/src/snitch.sv:2416,ifdef TARGET_SPATZ,sw/toolchain/riscv-opcodes/opcodes-rvv,sw/toolchain/riscv-opcodes/opcodes-rvv:180,Yes
VFREDMAX_VS,000111???????????001?????1010111,hw/ip/snitch/src/riscv_instr.sv,hw/ip/snitch/src/riscv_instr.sv:585,hw/ip/snitch/src/snitch.sv:2417,ifdef TARGET_SPATZ,sw/toolchain/riscv-opcodes/opcodes-rvv,sw/toolchain/riscv-opcodes/opcodes-rvv:186,Yes
VFREDMIN_VS,000101???????????001?????1010111,hw/ip/snitch/src/riscv_instr.sv,hw/ip/snitch/src/riscv_instr.sv:583,hw/ip/snitch/src/snitch.sv:2418,ifdef TARGET_SPATZ,sw/toolchain/riscv-opcodes/opcodes-rvv,sw/toolchain/riscv-opcodes/opcodes-rvv:184,Yes
VFWADD_VV,110000???????????001?????1010111,hw/ip/snitch/src/riscv_instr.sv,hw/ip/snitch/src/riscv_instr.sv:629,hw/ip/snitch/src/snitch.sv:2419,ifdef TARGET_SPATZ,sw/toolchain/riscv-opcodes/opcodes-rvv,sw/toolchain/riscv-opcodes/opcodes-rvv:237,Yes
VFWADD_WV,110100???????????001?????1010111,hw/ip/snitch/src/riscv_instr.sv,hw/ip/snitch/src/riscv_instr.sv:633,hw/ip/snitch/src/snitch.sv:2420,ifdef TARGET_SPATZ,sw/toolchain/riscv-opcodes/opcodes-rvv,sw/toolchain/riscv-opcodes/opcodes-rvv:241,Yes
VFWSUB_VV,110010???????????001?????1010111,hw/ip/snitch/src/riscv_instr.sv,hw/ip/snitch/src/riscv_instr.sv:631,hw/ip/snitch/src/snitch.sv:2421,ifdef TARGET_SPATZ,sw/toolchain/riscv-opcodes/opcodes-rvv,sw/toolchain/riscv-opcodes/opcodes-rvv:239,Yes
VFWSUB_WV,110110???????????001?????1010111,hw/ip/snitch/src/riscv_instr.sv,hw/ip/snitch/src/riscv_instr.sv:634,hw/ip/snitch/src/snitch.sv:2422,ifdef TARGET_SPATZ,sw/toolchain/riscv-opcodes/opcodes-rvv,sw/toolchain/riscv-opcodes/opcodes-rvv:242,Yes
VFWMUL_VV,111000???????????001?????1010111,hw/ip/snitch/src/riscv_instr.sv,hw/ip/snitch/src/riscv_instr.sv:635,hw/ip/snitch/src/snitch.sv:2423,ifdef TARGET_SPATZ,sw/toolchain/riscv-opcodes/opcodes-rvv,sw/toolchain/riscv-opcodes/opcodes-rvv:243,Yes
VFWDOTP_VV,111011???????????001?????1010111,hw/ip/snitch/src/riscv_instr.sv,hw/ip/snitch/src/riscv_instr.sv:636,hw/ip/snitch/src/snitch.sv:2424,ifdef TARGET_SPATZ,sw/toolchain/riscv-opcodes/opcodes-rvv,sw/toolchain/riscv-opcodes/opcodes-rvv:244,Yes
VFWMACC_VV,111100???????????001?????1010111,hw/ip/snitch/src/riscv_instr.sv,hw/ip/snitch/src/riscv_instr.sv:637,hw/ip/snitch/src/snitch.sv:2425,ifdef TARGET_SPATZ,sw/toolchain/riscv-opcodes/opcodes-rvv,sw/toolchain/riscv-opcodes/opcodes-rvv:245,Yes
VFWNMACC_VV,111101???????????001?????1010111,hw/ip/snitch/src/riscv_instr.sv,hw/ip/snitch/src/riscv_instr.sv:638,hw/ip/snitch/src/snitch.sv:2426,ifdef TARGET_SPATZ,sw/toolchain/riscv-opcodes/opcodes-rvv,sw/toolchain/riscv-opcodes/opcodes-rvv:246,Yes
VFWMSAC_VV,111110???????????001?????1010111,hw/ip/snitch/src/riscv_instr.sv,hw/ip/snitch/src/riscv_instr.sv:639,hw/ip/snitch/src/snitch.sv:2427,ifdef TARGET_SPATZ,sw/toolchain/riscv-opcodes/opcodes-rvv,sw/toolchain/riscv-opcodes/opcodes-rvv:247,Yes
VFWNMSAC_VV,111111???????????001?????1010111,hw/ip/snitch/src/riscv_instr.sv,hw/ip/snitch/src/riscv_instr.sv:640,hw/ip/snitch/src/snitch.sv:2428,ifdef TARGET_SPATZ,sw/toolchain/riscv-opcodes/opcodes-rvv,sw/toolchain/riscv-opcodes/opcodes-rvv:248,Yes
VADD_VX,000000???????????100?????1010111,hw/ip/snitch/src/riscv_instr.sv,hw/ip/snitch/src/riscv_instr.sv:641,hw/ip/snitch/src/snitch.sv:2439,ifdef TARGET_SPATZ,sw/toolchain/riscv-opcodes/opcodes-rvv,sw/toolchain/riscv-opcodes/opcodes-rvv:251,Yes
VSUB_VX,000010???????????100?????1010111,hw/ip/snitch/src/riscv_instr.sv,hw/ip/snitch/src/riscv_instr.sv:642,hw/ip/snitch/src/snitch.sv:2440,ifdef TARGET_SPATZ,sw/toolchain/riscv-opcodes/opcodes-rvv,sw/toolchain/riscv-opcodes/opcodes-rvv:252,Yes
VRSUB_VX,000011???????????100?????1010111,hw/ip/snitch/src/riscv_instr.sv,hw/ip/snitch/src/riscv_instr.sv:643,hw/ip/snitch/src/snitch.sv:2441,ifdef TARGET_SPATZ,sw/toolchain/riscv-opcodes/opcodes-rvv,sw/toolchain/riscv-opcodes/opcodes-rvv:253,Yes
VWADD_VX,110001???????????110?????1010111,hw/ip/snitch/src/riscv_instr.sv,hw/ip/snitch/src/riscv_instr.sv:840,hw/ip/snitch/src/snitch.sv:2442,ifdef TARGET_SPATZ,sw/toolchain/riscv-opcodes/opcodes-rvv,sw/toolchain/riscv-opcodes/opcodes-rvv:476,Yes
VWADDU_VX,110000???????????110?????1010111,hw/ip/snitch/src/riscv_instr.sv,hw/ip/snitch/src/riscv_instr.sv:839,hw/ip/snitch/src/snitch.sv:2443,ifdef TARGET_SPATZ,sw/toolchain/riscv-opcodes/opcodes-rvv,sw/toolchain/riscv-opcodes/opcodes-rvv:475,Yes
VWSUB_VX,110011???????????110?????1010111,hw/ip/snitch/src/riscv_instr.sv,hw/ip/snitch/src/riscv_instr.sv:842,hw/ip/snitch/src/snitch.sv:2444,ifdef TARGET_SPATZ,sw/toolchain/riscv-opcodes/opcodes-rvv,sw/toolchain/riscv-opcodes/opcodes-rvv:478,Yes
VWSUBU_VX,110010???????????110?????1010111,hw/ip/snitch/src/riscv_instr.sv,hw/ip/snitch/src/riscv_instr.sv:841,hw/ip/snitch/src/snitch.sv:2445,ifdef TARGET_SPATZ,sw/toolchain/riscv-opcodes/opcodes-rvv,sw/toolchain/riscv-opcodes/opcodes-rvv:477,Yes
VAND_VX,001001???????????100?????1010111,hw/ip/snitch/src/riscv_instr.sv,hw/ip/snitch/src/riscv_instr.sv:648,hw/ip/snitch/src/snitch.sv:2446,ifdef TARGET_SPATZ,sw/toolchain/riscv-opcodes/opcodes-rvv,sw/toolchain/riscv-opcodes/opcodes-rvv:258,Yes
VOR_VX,001010???????????100?????1010111,hw/ip/snitch/src/riscv_instr.sv,hw/ip/snitch/src/riscv_instr.sv:649,hw/ip/snitch/src/snitch.sv:2447,ifdef TARGET_SPATZ,sw/toolchain/riscv-opcodes/opcodes-rvv,sw/toolchain/riscv-opcodes/opcodes-rvv:259,Yes
VXOR_VX,001011???????????100?????1010111,hw/ip/snitch/src/riscv_instr.sv,hw/ip/snitch/src/riscv_instr.sv:650,hw/ip/snitch/src/snitch.sv:2448,ifdef TARGET_SPATZ,sw/toolchain/riscv-opcodes/opcodes-rvv,sw/toolchain/riscv-opcodes/opcodes-rvv:260,Yes
VADC_VXM,0100000??????????100?????1010111,hw/ip/snitch/src/riscv_instr.sv,hw/ip/snitch/src/riscv_instr.sv:654,hw/ip/snitch/src/snitch.sv:2449,ifdef TARGET_SPATZ,sw/toolchain/riscv-opcodes/opcodes-rvv,sw/toolchain/riscv-opcodes/opcodes-rvv:265,Yes
VMADC_VX,0100011??????????100?????1010111,hw/ip/snitch/src/riscv_instr.sv,hw/ip/snitch/src/riscv_instr.sv:656,hw/ip/snitch/src/snitch.sv:2450,ifdef TARGET_SPATZ,sw/toolchain/riscv-opcodes/opcodes-rvv,sw/toolchain/riscv-opcodes/opcodes-rvv:267,Yes
VMADC_VXM,0100010??????????100?????1010111,hw/ip/snitch/src/riscv_instr.sv,hw/ip/snitch/src/riscv_instr.sv:655,hw/ip/snitch/src/snitch.sv:2451,ifdef TARGET_SPATZ,sw/toolchain/riscv-opcodes/opcodes-rvv,sw/toolchain/riscv-opcodes/opcodes-rvv:266,Yes
VSBC_VXM,0100100??????????100?????1010111,hw/ip/snitch/src/riscv_instr.sv,hw/ip/snitch/src/riscv_instr.sv:657,hw/ip/snitch/src/snitch.sv:2452,ifdef TARGET_SPATZ,sw/toolchain/riscv-opcodes/opcodes-rvv,sw/toolchain/riscv-opcodes/opcodes-rvv:268,Yes
VMSBC_VX,0100111??????????100?????1010111,hw/ip/snitch/src/riscv_instr.sv,hw/ip/snitch/src/riscv_instr.sv:659,hw/ip/snitch/src/snitch.sv:2453,ifdef TARGET_SPATZ,sw/toolchain/riscv-opcodes/opcodes-rvv,sw/toolchain/riscv-opcodes/opcodes-rvv:270,Yes
VMSBC_VXM,0100110??????????100?????1010111,hw/ip/snitch/src/riscv_instr.sv,hw/ip/snitch/src/riscv_instr.sv:658,hw/ip/snitch/src/snitch.sv:2454,ifdef TARGET_SPATZ,sw/toolchain/riscv-opcodes/opcodes-rvv,sw/toolchain/riscv-opcodes/opcodes-rvv:269,Yes
VSLL_VX,100101???????????100?????1010111,hw/ip/snitch/src/riscv_instr.sv,hw/ip/snitch/src/riscv_instr.sv:674,hw/ip/snitch/src/snitch.sv:2455,ifdef TARGET_SPATZ,sw/toolchain/riscv-opcodes/opcodes-rvv,sw/toolchain/riscv-opcodes/opcodes-rvv:286,Yes
VSRL_VX,101000???????????100?????1010111,hw/ip/snitch/src/riscv_instr.sv,hw/ip/snitch/src/riscv_instr.sv:676,hw/ip/snitch/src/snitch.sv:2456,ifdef TARGET_SPATZ,sw/toolchain/riscv-opcodes/opcodes-rvv,sw/toolchain/riscv-opcodes/opcodes-rvv:288,Yes
VSRA_VX,101001???????????100?????1010111,hw/ip/snitch/src/riscv_instr.sv,hw/ip/snitch/src/riscv_instr.sv:677,hw/ip/snitch/src/snitch.sv:2457,ifdef TARGET_SPATZ,sw/toolchain/riscv-opcodes/opcodes-rvv,sw/toolchain/riscv-opcodes/opcodes-rvv:289,Yes
VMSEQ_VX,011000???????????100?????1010111,hw/ip/snitch/src/riscv_instr.sv,hw/ip/snitch/src/riscv_instr.sv:662,hw/ip/snitch/src/snitch.sv:2458,ifdef TARGET_SPATZ,sw/toolchain/riscv-opcodes/opcodes-rvv,sw/toolchain/riscv-opcodes/opcodes-rvv:273,Yes
VMSNE_VX,011001???????????100?????1010111,hw/ip/snitch/src/riscv_instr.sv,hw/ip/snitch/src/riscv_instr.sv:663,hw/ip/snitch/src/snitch.sv:2459,ifdef TARGET_SPATZ,sw/toolchain/riscv-opcodes/opcodes-rvv,sw/toolchain/riscv-opcodes/opcodes-rvv:274,Yes
VMSLTU_VX,011010???????????100?????1010111,hw/ip/snitch/src/riscv_instr.sv,hw/ip/snitch/src/riscv_instr.sv:664,hw/ip/snitch/src/snitch.sv:2460,ifdef TARGET_SPATZ,sw/toolchain/riscv-opcodes/opcodes-rvv,sw/toolchain/riscv-opcodes/opcodes-rvv:275,Yes
VMSLT_VX,011011???????????100?????1010111,hw/ip/snitch/src/riscv_instr.sv,hw/ip/snitch/src/riscv_instr.sv:665,hw/ip/snitch/src/snitch.sv:2461,ifdef TARGET_SPATZ,sw/toolchain/riscv-opcodes/opcodes-rvv,sw/toolchain/riscv-opcodes/opcodes-rvv:276,Yes
VMSLEU_VX,011100???????????100?????1010111,hw/ip/snitch/src/riscv_instr.sv,hw/ip/snitch/src/riscv_instr.sv:666,hw/ip/snitch/src/snitch.sv:2462,ifdef TARGET_SPATZ,sw/toolchain/riscv-opcodes/opcodes-rvv,sw/toolchain/riscv-opcodes/opcodes-rvv:277,Yes
VMSLE_VX,011101???????????100?????1010111,hw/ip/snitch/src/riscv_instr.sv,hw/ip/snitch/src/riscv_instr.sv:667,hw/ip/snitch/src/snitch.sv:2463,ifdef TARGET_SPATZ,sw/toolchain/riscv-opcodes/opcodes-rvv,sw/toolchain/riscv-opcodes/opcodes-rvv:278,Yes
VMSGTU_VX,011110???????????100?????1010111,hw/ip/snitch/src/riscv_instr.sv,hw/ip/snitch/src/riscv_instr.sv:668,hw/ip/snitch/src/snitch.sv:2464,ifdef TARGET_SPATZ,sw/toolchain/riscv-opcodes/opcodes-rvv,sw/toolchain/riscv-opcodes/opcodes-rvv:279,Yes
VMSGT_VX,011111???????????100?????1010111,hw/ip/snitch/src/riscv_instr.sv,hw/ip/snitch/src/riscv_instr.sv:669,hw/ip/snitch/src/snitch.sv:2465,ifdef TARGET_SPATZ,sw/toolchain/riscv-opcodes/opcodes-rvv,sw/toolchain/riscv-opcodes/opcodes-rvv:280,Yes
VMIN_VX,000101???????????100?????1010111,hw/ip/snitch/src/riscv_instr.sv,hw/ip/snitch/src/riscv_instr.sv:645,hw/ip/snitch/src/snitch.sv:2466,ifdef TARGET_SPATZ,sw/toolchain/riscv-opcodes/opcodes-rvv,sw/toolchain/riscv-opcodes/opcodes-rvv:255,Yes
VMINU_VX,000100???????????100?????1010111,hw/ip/snitch/src/riscv_instr.sv,hw/ip/snitch/src/riscv_instr.sv:644,hw/ip/snitch/src/snitch.sv:2467,ifdef TARGET_SPATZ,sw/toolchain/riscv-opcodes/opcodes-rvv,sw/toolchain/riscv-opcodes/opcodes-rvv:254,Yes
VMAX_VX,000111???????????100?????1010111,hw/ip/snitch/src/riscv_instr.sv,hw/ip/snitch/src/riscv_instr.sv:647,hw/ip/snitch/src/snitch.sv:2468,ifdef TARGET_SPATZ,sw/toolchain/riscv-opcodes/opcodes-rvv,sw/toolchain/riscv-opcodes/opcodes-rvv:257,Yes
VMAXU_VX,000110???????????100?????1010111,hw/ip/snitch/src/riscv_instr.sv,hw/ip/snitch/src/riscv_instr.sv:646,hw/ip/snitch/src/snitch.sv:2469,ifdef TARGET_SPATZ,sw/toolchain/riscv-opcodes/opcodes-rvv,sw/toolchain/riscv-opcodes/opcodes-rvv:256,Yes
VMUL_VX,100101???????????110?????1010111,hw/ip/snitch/src/riscv_instr.sv,hw/ip/snitch/src/riscv_instr.sv:832,hw/ip/snitch/src/snitch.sv:2470,ifdef TARGET_SPATZ,sw/toolchain/riscv-opcodes/opcodes-rvv,sw/toolchain/riscv-opcodes/opcodes-rvv:467,Yes
VMULH_VX,100111???????????110?????1010111,hw/ip/snitch/src/riscv_instr.sv,hw/ip/snitch/src/riscv_instr.sv:834,hw/ip/snitch/src/snitch.sv:2471,ifdef TARGET_SPATZ,sw/toolchain/riscv-opcodes/opcodes-rvv,sw/toolchain/riscv-opcodes/opcodes-rvv:469,Yes
VMULHU_VX,100100???????????110?????1010111,hw/ip/snitch/src/riscv_instr.sv,hw/ip/snitch/src/riscv_instr.sv:831,hw/ip/snitch/src/snitch.sv:2472,ifdef TARGET_SPATZ,sw/toolchain/riscv-opcodes/opcodes-rvv,sw/toolchain/riscv-opcodes/opcodes-rvv:466,Yes
VMULHSU_VX,100110???????????110?????1010111,hw/ip/snitch/src/riscv_instr.sv,hw/ip/snitch/src/riscv_instr.sv:833,hw/ip/snitch/src/snitch.sv:2473,ifdef TARGET_SPATZ,sw/toolchain/riscv-opcodes/opcodes-rvv,sw/toolchain/riscv-opcodes/opcodes-rvv:468,Yes
VMACC_VX,101101???????????110?????1010111,hw/ip/snitch/src/riscv_instr.sv,hw/ip/snitch/src/riscv_instr.sv:837,hw/ip/snitch/src/snitch.sv:2474,ifdef TARGET_SPATZ,sw/toolchain/riscv-opcodes/opcodes-rvv,sw/toolchain/riscv-opcodes/opcodes-rvv:472,Yes
VNMSAC_VX,101111???????????110?????1010111,hw/ip/snitch/src/riscv_instr.sv,hw/ip/snitch/src/riscv_instr.sv:838,hw/ip/snitch/src/snitch.sv:2475,ifdef TARGET_SPATZ,sw/toolchain/riscv-opcodes/opcodes-rvv,sw/toolchain/riscv-opcodes/opcodes-rvv:473,Yes
VMADD_VX,101001???????????110?????1010111,hw/ip/snitch/src/riscv_instr.sv,hw/ip/snitch/src/riscv_instr.sv:835,hw/ip/snitch/src/snitch.sv:2476,ifdef TARGET_SPATZ,sw/toolchain/riscv-opcodes/opcodes-rvv,sw/toolchain/riscv-opcodes/opcodes-rvv:470,Yes
VNMSUB_VX,101011???????????110?????1010111,hw/ip/snitch/src/riscv_instr.sv,hw/ip/snitch/src/riscv_instr.sv:836,hw/ip/snitch/src/snitch.sv:2477,ifdef TARGET_SPATZ,sw/toolchain/riscv-opcodes/opcodes-rvv,sw/toolchain/riscv-opcodes/opcodes-rvv:471,Yes
VDIV_VX,100001???????????110?????1010111,hw/ip/snitch/src/riscv_instr.sv,hw/ip/snitch/src/riscv_instr.sv:828,hw/ip/snitch/src/snitch.sv:2478,ifdef TARGET_SPATZ,sw/toolchain/riscv-opcodes/opcodes-rvv,sw/toolchain/riscv-opcodes/opcodes-rvv:463,Yes
VDIVU_VX,100000???????????110?????1010111,hw/ip/snitch/src/riscv_instr.sv,hw/ip/snitch/src/riscv_instr.sv:827,hw/ip/snitch/src/snitch.sv:2479,ifdef TARGET_SPATZ,sw/toolchain/riscv-opcodes/opcodes-rvv,sw/toolchain/riscv-opcodes/opcodes-rvv:462,Yes
VREM_VX,100011???????????110?????1010111,hw/ip/snitch/src/riscv_instr.sv,hw/ip/snitch/src/riscv_instr.sv:830,hw/ip/snitch/src/snitch.sv:2480,ifdef TARGET_SPATZ,sw/toolchain/riscv-opcodes/opcodes-rvv,sw/toolchain/riscv-opcodes/opcodes-rvv:465,Yes
VREMU_VX,100010???????????110?????1010111,hw/ip/snitch/src/riscv_instr.sv,hw/ip/snitch/src/riscv_instr.sv:829,hw/ip/snitch/src/snitch.sv:2481,ifdef TARGET_SPATZ,sw/toolchain/riscv-opcodes/opcodes-rvv,sw/toolchain/riscv-opcodes/opcodes-rvv:464,Yes
VWMUL_VX,111011???????????110?????1010111,hw/ip/snitch/src/riscv_instr.sv,hw/ip/snitch/src/riscv_instr.sv:849,hw/ip/snitch/src/snitch.sv:2482,ifdef TARGET_SPATZ,sw/toolchain/riscv-opcodes/opcodes-rvv,sw/toolchain/riscv-opcodes/opcodes-rvv:485,Yes
VWMULU_VX,111000???????????110?????1010111,hw/ip/snitch/src/riscv_instr.sv,hw/ip/snitch/src/riscv_instr.sv:847,hw/ip/snitch/src/snitch.sv:2483,ifdef TARGET_SPATZ,sw/toolchain/riscv-opcodes/opcodes-rvv,sw/toolchain/riscv-opcodes/opcodes-rvv:483,Yes
VWMULSU_VX,111010???????????110?????1010111,hw/ip/snitch/src/riscv_instr.sv,hw/ip/snitch/src/riscv_instr.sv:848,hw/ip/snitch/src/snitch.sv:2484,ifdef TARGET_SPATZ,sw/toolchain/riscv-opcodes/opcodes-rvv,sw/toolchain/riscv-opcodes/opcodes-rvv:484,Yes
VWMACC_VX,111101???????????110?????1010111,hw/ip/snitch/src/riscv_instr.sv,hw/ip/snitch/src/riscv_instr.sv:851,hw/ip/snitch/src/snitch.sv:2485,ifdef TARGET_SPATZ,sw/toolchain/riscv-opcodes/opcodes-rvv,sw/toolchain/riscv-opcodes/opcodes-rvv:487,Yes
VWMACCU_VX,111100???????????110?????1010111,hw/ip/snitch/src/riscv_instr.sv,hw/ip/snitch/src/riscv_instr.sv:850,hw/ip/snitch/src/snitch.sv:2486,ifdef TARGET_SPATZ,sw/toolchain/riscv-opcodes/opcodes-rvv,sw/toolchain/riscv-opcodes/opcodes-rvv:486,Yes
VWMACCSU_VX,111111???????????110?????1010111,hw/ip/snitch/src/riscv_instr.sv,hw/ip/snitch/src/riscv_instr.sv:853,hw/ip/snitch/src/snitch.sv:2487,ifdef TARGET_SPATZ,sw/toolchain/riscv-opcodes/opcodes-rvv,sw/toolchain/riscv-opcodes/opcodes-rvv:489,Yes
VWMACCUS_VX,111110???????????110?????1010111,hw/ip/snitch/src/riscv_instr.sv,hw/ip/snitch/src/riscv_instr.sv:852,hw/ip/snitch/src/snitch.sv:2488,ifdef TARGET_SPATZ,sw/toolchain/riscv-opcodes/opcodes-rvv,sw/toolchain/riscv-opcodes/opcodes-rvv:488,Yes
VMV_V_X,010111100000?????100?????1010111,hw/ip/snitch/src/riscv_instr.sv,hw/ip/snitch/src/riscv_instr.sv:661,hw/ip/snitch/src/snitch.sv:2489,ifdef TARGET_SPATZ,sw/toolchain/riscv-opcodes/opcodes-rvv,sw/toolchain/riscv-opcodes/opcodes-rvv:272,Yes
VMV_S_X,010000100000?????110?????1010111,hw/ip/snitch/src/riscv_instr.sv,hw/ip/snitch/src/riscv_instr.sv:824,hw/ip/snitch/src/snitch.sv:2490,ifdef TARGET_SPATZ,sw/toolchain/riscv-opcodes/opcodes-rvv,sw/toolchain/riscv-opcodes/opcodes-rvv:458,Yes
VSLIDEUP_VX,001110???????????100?????1010111,hw/ip/snitch/src/riscv_instr.sv,hw/ip/snitch/src/riscv_instr.sv:652,hw/ip/snitch/src/snitch.sv:2491,ifdef TARGET_SPATZ,sw/toolchain/riscv-opcodes/opcodes-rvv,sw/toolchain/riscv-opcodes/opcodes-rvv:262,Yes
VSLIDEDOWN_VX,001111???????????100?????1010111,hw/ip/snitch/src/riscv_instr.sv,hw/ip/snitch/src/riscv_instr.sv:653,hw/ip/snitch/src/snitch.sv:2492,ifdef TARGET_SPATZ,sw/toolchain/riscv-opcodes/opcodes-rvv,sw/toolchain/riscv-opcodes/opcodes-rvv:263,Yes
VSLIDE1UP_VX,001110???????????110?????1010111,hw/ip/snitch/src/riscv_instr.sv,hw/ip/snitch/src/riscv_instr.sv:825,hw/ip/snitch/src/snitch.sv:2493,ifdef TARGET_SPATZ,sw/toolchain/riscv-opcodes/opcodes-rvv,sw/toolchain/riscv-opcodes/opcodes-rvv:459,Yes
VSLIDE1DOWN_VX,001111???????????110?????1010111,hw/ip/snitch/src/riscv_instr.sv,hw/ip/snitch/src/riscv_instr.sv:826,hw/ip/snitch/src/snitch.sv:2494,ifdef TARGET_SPATZ,sw/toolchain/riscv-opcodes/opcodes-rvv,sw/toolchain/riscv-opcodes/opcodes-rvv:460,Yes
VFADD_VF,000000???????????101?????1010111,hw/ip/snitch/src/riscv_instr.sv,hw/ip/snitch/src/riscv_instr.sv:538,hw/ip/snitch/src/snitch.sv:2505,ifdef TARGET_SPATZ,sw/toolchain/riscv-opcodes/opcodes-rvv,sw/toolchain/riscv-opcodes/opcodes-rvv:134,Yes
VFSUB_VF,000010???????????101?????1010111,hw/ip/snitch/src/riscv_instr.sv,hw/ip/snitch/src/riscv_instr.sv:539,hw/ip/snitch/src/snitch.sv:2506,ifdef TARGET_SPATZ,sw/toolchain/riscv-opcodes/opcodes-rvv,sw/toolchain/riscv-opcodes/opcodes-rvv:135,Yes
VFMIN_VF,000100???????????101?????1010111,hw/ip/snitch/src/riscv_instr.sv,hw/ip/snitch/src/riscv_instr.sv:540,hw/ip/snitch/src/snitch.sv:2507,ifdef TARGET_SPATZ,sw/toolchain/riscv-opcodes/opcodes-rvv,sw/toolchain/riscv-opcodes/opcodes-rvv:136,Yes
VFMAX_VF,000110???????????101?????1010111,hw/ip/snitch/src/riscv_instr.sv,hw/ip/snitch/src/riscv_instr.sv:541,hw/ip/snitch/src/snitch.sv:2508,ifdef TARGET_SPATZ,sw/toolchain/riscv-opcodes/opcodes-rvv,sw/toolchain/riscv-opcodes/opcodes-rvv:137,Yes
VFSGNJ_VF,001000???????????101?????1010111,hw/ip/snitch/src/riscv_instr.sv,hw/ip/snitch/src/riscv_instr.sv:542,hw/ip/snitch/src/snitch.sv:2509,ifdef TARGET_SPATZ,sw/toolchain/riscv-opcodes/opcodes-rvv,sw/toolchain/riscv-opcodes/opcodes-rvv:138,Yes
VFSGNJN_VF,001001???????????101?????1010111,hw/ip/snitch/src/riscv_instr.sv,hw/ip/snitch/src/riscv_instr.sv:543,hw/ip/snitch/src/snitch.sv:2510,ifdef TARGET_SPATZ,sw/toolchain/riscv-opcodes/opcodes-rvv,sw/toolchain/riscv-opcodes/opcodes-rvv:139,Yes
VFSGNJX_VF,001010???????????101?????1010111,hw/ip/snitch/src/riscv_instr.sv,hw/ip/snitch/src/riscv_instr.sv:544,hw/ip/snitch/src/snitch.sv:2511,ifdef TARGET_SPATZ,sw/toolchain/riscv-opcodes/opcodes-rvv,sw/toolchain/riscv-opcodes/opcodes-rvv:140,Yes
VFSLIDE1UP_VF,001110???????????101?????1010111,hw/ip/snitch/src/riscv_instr.sv,hw/ip/snitch/src/riscv_instr.sv:545,hw/ip/snitch/src/snitch.sv:2512,ifdef TARGET_SPATZ,sw/toolchain/riscv-opcodes/opcodes-rvv,sw/toolchain/riscv-opcodes/opcodes-rvv:141,Yes
VFSLIDE1DOWN_VF,001111???????????101?????1010111,hw/ip/snitch/src/riscv_instr.sv,hw/ip/snitch/src/riscv_instr.sv:546,hw/ip/snitch/src/snitch.sv:2513,ifdef TARGET_SPATZ,sw/toolchain/riscv-opcodes/opcodes-rvv,sw/toolchain/riscv-opcodes/opcodes-rvv:142,Yes
VFMV_V_F,010111100000?????101?????1010111,hw/ip/snitch/src/riscv_instr.sv,hw/ip/snitch/src/riscv_instr.sv:549,hw/ip/snitch/src/snitch.sv:2514,ifdef TARGET_SPATZ,sw/toolchain/riscv-opcodes/opcodes-rvv,sw/toolchain/riscv-opcodes/opcodes-rvv:146,Yes
VFMV_S_F,010000100000?????101?????1010111,hw/ip/snitch/src/riscv_instr.sv,hw/ip/snitch/src/riscv_instr.sv:547,hw/ip/snitch/src/snitch.sv:2515,ifdef TARGET_SPATZ,sw/toolchain/riscv-opcodes/opcodes-rvv,sw/toolchain/riscv-opcodes/opcodes-rvv:143,Yes
VFMUL_VF,100100???????????101?????1010111,hw/ip/snitch/src/riscv_instr.sv,hw/ip/snitch/src/riscv_instr.sv:558,hw/ip/snitch/src/snitch.sv:2516,ifdef TARGET_SPATZ,sw/toolchain/riscv-opcodes/opcodes-rvv,sw/toolchain/riscv-opcodes/opcodes-rvv:156,Yes
VFRSUB_VF,100111???????????101?????1010111,hw/ip/snitch/src/riscv_instr.sv,hw/ip/snitch/src/riscv_instr.sv:559,hw/ip/snitch/src/snitch.sv:2517,ifdef TARGET_SPATZ,sw/toolchain/riscv-opcodes/opcodes-rvv,sw/toolchain/riscv-opcodes/opcodes-rvv:157,Yes
VFMADD_VF,101000???????????101?????1010111,hw/ip/snitch/src/riscv_instr.sv,hw/ip/snitch/src/riscv_instr.sv:560,hw/ip/snitch/src/snitch.sv:2518,ifdef TARGET_SPATZ,sw/toolchain/riscv-opcodes/opcodes-rvv,sw/toolchain/riscv-opcodes/opcodes-rvv:158,Yes
VFNMADD_VF,101001???????????101?????1010111,hw/ip/snitch/src/riscv_instr.sv,hw/ip/snitch/src/riscv_instr.sv:561,hw/ip/snitch/src/snitch.sv:2519,ifdef TARGET_SPATZ,sw/toolchain/riscv-opcodes/opcodes-rvv,sw/toolchain/riscv-opcodes/opcodes-rvv:159,Yes
VFMSUB_VF,101010???????????101?????1010111,hw/ip/snitch/src/riscv_instr.sv,hw/ip/snitch/src/riscv_instr.sv:562,hw/ip/snitch/src/snitch.sv:2520,ifdef TARGET_SPATZ,sw/toolchain/riscv-opcodes/opcodes-rvv,sw/toolchain/riscv-opcodes/opcodes-rvv:160,Yes
VFNMSUB_VF,101011???????????101?????1010111,hw/ip/snitch/src/riscv_instr.sv,hw/ip/snitch/src/riscv_instr.sv:563,hw/ip/snitch/src/snitch.sv:2521,ifdef TARGET_SPATZ,sw/toolchain/riscv-opcodes/opcodes-rvv,sw/toolchain/riscv-opcodes/opcodes-rvv:161,Yes
VFMACC_VF,101100???????????101?????1010111,hw/ip/snitch/src/riscv_instr.sv,hw/ip/snitch/src/riscv_instr.sv:564,hw/ip/snitch/src/snitch.sv:2522,ifdef TARGET_SPATZ,sw/toolchain/riscv-opcodes/opcodes-rvv,sw/toolchain/riscv-opcodes/opcodes-rvv:162,Yes
VFNMACC_VF,101101???????????101?????1010111,hw/ip/snitch/src/riscv_instr.sv,hw/ip/snitch/src/riscv_instr.sv:565,hw/ip/snitch/src/snitch.sv:2523,ifdef TARGET_SPATZ,sw/toolchain/riscv-opcodes/opcodes-rvv,sw/toolchain/riscv-opcodes/opcodes-rvv:163,Yes
VFMSAC_VF,101110???????????101?????1010111,hw/ip/snitch/src/riscv_instr.sv,hw/ip/snitch/src/riscv_instr.sv:566,hw/ip/snitch/src/snitch.sv:2524,ifdef TARGET_SPATZ,sw/toolchain/riscv-opcodes/opcodes-rvv,sw/toolchain/riscv-opcodes/opcodes-rvv:164,Yes
VFNMSAC_VF,101111???????????101?????1010111,hw/ip/snitch/src/riscv_instr.sv,hw/ip/snitch/src/riscv_instr.sv:567,hw/ip/snitch/src/snitch.sv:2525,ifdef TARGET_SPATZ,sw/toolchain/riscv-opcodes/opcodes-rvv,sw/toolchain/riscv-opcodes/opcodes-rvv:165,Yes
VFWADD_VF,110000???????????101?????1010111,hw/ip/snitch/src/riscv_instr.sv,hw/ip/snitch/src/riscv_instr.sv:568,hw/ip/snitch/src/snitch.sv:2526,ifdef TARGET_SPATZ,sw/toolchain/riscv-opcodes/opcodes-rvv,sw/toolchain/riscv-opcodes/opcodes-rvv:167,Yes
VFWADD_WF,110100???????????101?????1010111,hw/ip/snitch/src/riscv_instr.sv,hw/ip/snitch/src/riscv_instr.sv:570,hw/ip/snitch/src/snitch.sv:2527,ifdef TARGET_SPATZ,sw/toolchain/riscv-opcodes/opcodes-rvv,sw/toolchain/riscv-opcodes/opcodes-rvv:169,Yes
VFWSUB_VF,110010???????????101?????1010111,hw/ip/snitch/src/riscv_instr.sv,hw/ip/snitch/src/riscv_instr.sv:569,hw/ip/snitch/src/snitch.sv:2528,ifdef TARGET_SPATZ,sw/toolchain/riscv-opcodes/opcodes-rvv,sw/toolchain/riscv-opcodes/opcodes-rvv:168,Yes
VFWSUB_WF,110110???????????101?????1010111,hw/ip/snitch/src/riscv_instr.sv,hw/ip/snitch/src/riscv_instr.sv:571,hw/ip/snitch/src/snitch.sv:2529,ifdef TARGET_SPATZ,sw/toolchain/riscv-opcodes/opcodes-rvv,sw/toolchain/riscv-opcodes/opcodes-rvv:170,Yes
VFWMUL_VF,111000???????????101?????1010111,hw/ip/snitch/src/riscv_instr.sv,hw/ip/snitch/src/riscv_instr.sv:572,hw/ip/snitch/src/snitch.sv:2530,ifdef TARGET_SPATZ,sw/toolchain/riscv-opcodes/opcodes-rvv,sw/toolchain/riscv-opcodes/opcodes-rvv:171,Yes
VFWDOTP_VF,111011???????????101?????1010111,hw/ip/snitch/src/riscv_instr.sv,hw/ip/snitch/src/riscv_instr.sv:573,hw/ip/snitch/src/snitch.sv:2531,ifdef TARGET_SPATZ,sw/toolchain/riscv-opcodes/opcodes-rvv,sw/toolchain/riscv-opcodes/opcodes-rvv:172,Yes
VFWMACC_VF,111100???????????101?????1010111,hw/ip/snitch/src/riscv_instr.sv,hw/ip/snitch/src/riscv_instr.sv:574,hw/ip/snitch/src/snitch.sv:2532,ifdef TARGET_SPATZ,sw/toolchain/riscv-opcodes/opcodes-rvv,sw/toolchain/riscv-opcodes/opcodes-rvv:173,Yes
VFWNMACC_VF,111101???????????101?????1010111,hw/ip/snitch/src/riscv_instr.sv,hw/ip/snitch/src/riscv_instr.sv:575,hw/ip/snitch/src/snitch.sv:2533,ifdef TARGET_SPATZ,sw/toolchain/riscv-opcodes/opcodes-rvv,sw/toolchain/riscv-opcodes/opcodes-rvv:174,Yes
VFWMSAC_VF,111110???????????101?????1010111,hw/ip/snitch/src/riscv_instr.sv,hw/ip/snitch/src/riscv_instr.sv:576,hw/ip/snitch/src/snitch.sv:2534,ifdef TARGET_SPATZ,sw/toolchain/riscv-opcodes/opcodes-rvv,sw/toolchain/riscv-opcodes/opcodes-rvv:175,Yes
VFWNMSAC_VF,111111???????????101?????1010111,hw/ip/snitch/src/riscv_instr.sv,hw/ip/snitch/src/riscv_instr.sv:577,hw/ip/snitch/src/snitch.sv:2535,ifdef TARGET_SPATZ,sw/toolchain/riscv-opcodes/opcodes-rvv,sw/toolchain/riscv-opcodes/opcodes-rvv:176,Yes
VLE8_V,???000?00000?????000?????0000111,hw/ip/snitch/src/riscv_instr.sv,hw/ip/snitch/src/riscv_instr.sv:446,hw/ip/snitch/src/snitch.sv:2545,ifdef TARGET_SPATZ,sw/toolchain/riscv-opcodes/opcodes-rvv,sw/toolchain/riscv-opcodes/opcodes-rvv:23,Yes
VLE16_V,???000?00000?????101?????0000111,hw/ip/snitch/src/riscv_instr.sv,hw/ip/snitch/src/riscv_instr.sv:447,hw/ip/snitch/src/snitch.sv:2546,ifdef TARGET_SPATZ,sw/toolchain/riscv-opcodes/opcodes-rvv,sw/toolchain/riscv-opcodes/opcodes-rvv:24,Yes
VLE32_V,???000?00000?????110?????0000111,hw/ip/snitch/src/riscv_instr.sv,hw/ip/snitch/src/riscv_instr.sv:448,hw/ip/snitch/src/snitch.sv:2547,ifdef TARGET_SPATZ,sw/toolchain/riscv-opcodes/opcodes-rvv,sw/toolchain/riscv-opcodes/opcodes-rvv:25,Yes
VLE64_V,???000?00000?????111?????0000111,hw/ip/snitch/src/riscv_instr.sv,hw/ip/snitch/src/riscv_instr.sv:449,hw/ip/snitch/src/snitch.sv:2548,ifdef TARGET_SPATZ,sw/toolchain/riscv-opcodes/opcodes-rvv,sw/toolchain/riscv-opcodes/opcodes-rvv:26,Yes
VLOXEI8_V,???011???????????000?????0000111,hw/ip/snitch/src/riscv_instr.sv,hw/ip/snitch/src/riscv_instr.sv:494,hw/ip/snitch/src/snitch.sv:2549,ifdef TARGET_SPATZ,sw/toolchain/riscv-opcodes/opcodes-rvv,sw/toolchain/riscv-opcodes/opcodes-rvv:80,Yes
VLOXEI16_V,???011???????????101?????0000111,hw/ip/snitch/src/riscv_instr.sv,hw/ip/snitch/src/riscv_instr.sv:495,hw/ip/snitch/src/snitch.sv:2550,ifdef TARGET_SPATZ,sw/toolchain/riscv-opcodes/opcodes-rvv,sw/toolchain/riscv-opcodes/opcodes-rvv:81,Yes
VLOXEI32_V,???011???????????110?????0000111,hw/ip/snitch/src/riscv_instr.sv,hw/ip/snitch/src/riscv_instr.sv:496,hw/ip/snitch/src/snitch.sv:2551,ifdef TARGET_SPATZ,sw/toolchain/riscv-opcodes/opcodes-rvv,sw/toolchain/riscv-opcodes/opcodes-rvv:82,Yes
VLOXEI64_V,???011???????????111?????0000111,hw/ip/snitch/src/riscv_instr.sv,hw/ip/snitch/src/riscv_instr.sv:497,hw/ip/snitch/src/snitch.sv:2552,ifdef TARGET_SPATZ,sw/toolchain/riscv-opcodes/opcodes-rvv,sw/toolchain/riscv-opcodes/opcodes-rvv:83,Yes
VLUXEI8_V,???001???????????000?????0000111,hw/ip/snitch/src/riscv_instr.sv,hw/ip/snitch/src/riscv_instr.sv:462,hw/ip/snitch/src/snitch.sv:2553,ifdef TARGET_SPATZ,sw/toolchain/riscv-opcodes/opcodes-rvv,sw/toolchain/riscv-opcodes/opcodes-rvv:42,Yes
VLUXEI16_V,???001???????????101?????0000111,hw/ip/snitch/src/riscv_instr.sv,hw/ip/snitch/src/riscv_instr.sv:463,hw/ip/snitch/src/snitch.sv:2554,ifdef TARGET_SPATZ,sw/toolchain/riscv-opcodes/opcodes-rvv,sw/toolchain/riscv-opcodes/opcodes-rvv:43,Yes
VLUXEI32_V,???001???????????110?????0000111,hw/ip/snitch/src/riscv_instr.sv,hw/ip/snitch/src/riscv_instr.sv:464,hw/ip/snitch/src/snitch.sv:2555,ifdef TARGET_SPATZ,sw/toolchain/riscv-opcodes/opcodes-rvv,sw/toolchain/riscv-opcodes/opcodes-rvv:44,Yes
VLUXEI64_V,???001???????????111?????0000111,hw/ip/snitch/src/riscv_instr.sv,hw/ip/snitch/src/riscv_instr.sv:465,hw/ip/snitch/src/snitch.sv:2556,ifdef TARGET_SPATZ,sw/toolchain/riscv-opcodes/opcodes-rvv,sw/toolchain/riscv-opcodes/opcodes-rvv:45,Yes
VSE8_V,???000?00000?????000?????0100111,hw/ip/snitch/src/riscv_instr.sv,hw/ip/snitch/src/riscv_instr.sv:454,hw/ip/snitch/src/snitch.sv:2568,ifdef TARGET_SPATZ,sw/toolchain/riscv-opcodes/opcodes-rvv,sw/toolchain/riscv-opcodes/opcodes-rvv:31,Yes
VSE16_V,???000?00000?????101?????0100111,hw/ip/snitch/src/riscv_instr.sv,hw/ip/snitch/src/riscv_instr.sv:455,hw/ip/snitch/src/snitch.sv:2569,ifdef TARGET_SPATZ,sw/toolchain/riscv-opcodes/opcodes-rvv,sw/toolchain/riscv-opcodes/opcodes-rvv:32,Yes
VSE32_V,???000?00000?????110?????0100111,hw/ip/snitch/src/riscv_instr.sv,hw/ip/snitch/src/riscv_instr.sv:456,hw/ip/snitch/src/snitch.sv:2570,ifdef TARGET_SPATZ,sw/toolchain/riscv-opcodes/opcodes-rvv,sw/toolchain/riscv-opcodes/opcodes-rvv:33,Yes
VSE64_V,???000?00000?????111?????0100111,hw/ip/snitch/src/riscv_instr.sv,hw/ip/snitch/src/riscv_instr.sv:457,hw/ip/snitch/src/snitch.sv:2571,ifdef TARGET_SPATZ,sw/toolchain/riscv-opcodes/opcodes-rvv,sw/toolchain/riscv-opcodes/opcodes-rvv:34,Yes
VSOXEI8_V,???011???????????000?????0100111,hw/ip/snitch/src/riscv_instr.sv,hw/ip/snitch/src/riscv_instr.sv:502,hw/ip/snitch/src/snitch.sv:2572,ifdef TARGET_SPATZ,sw/toolchain/riscv-opcodes/opcodes-rvv,sw/toolchain/riscv-opcodes/opcodes-rvv:88,Yes
VSOXEI16_V,???011???????????101?????0100111,hw/ip/snitch/src/riscv_instr.sv,hw/ip/snitch/src/riscv_instr.sv:503,hw/ip/snitch/src/snitch.sv:2573,ifdef TARGET_SPATZ,sw/toolchain/riscv-opcodes/opcodes-rvv,sw/toolchain/riscv-opcodes/opcodes-rvv:89,Yes
VSOXEI32_V,???011???????????110?????0100111,hw/ip/snitch/src/riscv_instr.sv,hw/ip/snitch/src/riscv_instr.sv:504,hw/ip/snitch/src/snitch.sv:2574,ifdef TARGET_SPATZ,sw/toolchain/riscv-opcodes/opcodes-rvv,sw/toolchain/riscv-opcodes/opcodes-rvv:90,Yes
VSOXEI64_V,???011???????????111?????0100111,hw/ip/snitch/src/riscv_instr.sv,hw/ip/snitch/src/riscv_instr.sv:505,hw/ip/snitch/src/snitch.sv:2575,ifdef TARGET_SPATZ,sw/toolchain/riscv-opcodes/opcodes-rvv,sw/toolchain/riscv-opcodes/opcodes-rvv:91,Yes
VSUXEI8_V,???001???????????000?????0100111,hw/ip/snitch/src/riscv_instr.sv,hw/ip/snitch/src/riscv_instr.sv:470,hw/ip/snitch/src/snitch.sv:2576,ifdef TARGET_SPATZ,sw/toolchain/riscv-opcodes/opcodes-rvv,sw/toolchain/riscv-opcodes/opcodes-rvv:50,Yes
VSUXEI16_V,???001???????????101?????0100111,hw/ip/snitch/src/riscv_instr.sv,hw/ip/snitch/src/riscv_instr.sv:471,hw/ip/snitch/src/snitch.sv:2577,ifdef TARGET_SPATZ,sw/toolchain/riscv-opcodes/opcodes-rvv,sw/toolchain/riscv-opcodes/opcodes-rvv:51,Yes
VSUXEI32_V,???001???????????110?????0100111,hw/ip/snitch/src/riscv_instr.sv,hw/ip/snitch/src/riscv_instr.sv:472,hw/ip/snitch/src/snitch.sv:2578,ifdef TARGET_SPATZ,sw/toolchain/riscv-opcodes/opcodes-rvv,sw/toolchain/riscv-opcodes/opcodes-rvv:52,Yes
VSUXEI64_V,???001???????????111?????0100111,hw/ip/snitch/src/riscv_instr.sv,hw/ip/snitch/src/riscv_instr.sv:473,hw/ip/snitch/src/snitch.sv:2579,ifdef TARGET_SPATZ,sw/toolchain/riscv-opcodes/opcodes-rvv,sw/toolchain/riscv-opcodes/opcodes-rvv:53,Yes
VLSE8_V,???010???????????000?????0000111,hw/ip/snitch/src/riscv_instr.sv,hw/ip/snitch/src/riscv_instr.sv:478,hw/ip/snitch/src/snitch.sv:2592,ifdef TARGET_SPATZ,sw/toolchain/riscv-opcodes/opcodes-rvv,sw/toolchain/riscv-opcodes/opcodes-rvv:61,Yes
VLSE16_V,???010???????????101?????0000111,hw/ip/snitch/src/riscv_instr.sv,hw/ip/snitch/src/riscv_instr.sv:479,hw/ip/snitch/src/snitch.sv:2593,ifdef TARGET_SPATZ,sw/toolchain/riscv-opcodes/opcodes-rvv,sw/toolchain/riscv-opcodes/opcodes-rvv:62,Yes
VLSE32_V,???010???????????110?????0000111,hw/ip/snitch/src/riscv_instr.sv,hw/ip/snitch/src/riscv_instr.sv:480,hw/ip/snitch/src/snitch.sv:2594,ifdef TARGET_SPATZ,sw/toolchain/riscv-opcodes/opcodes-rvv,sw/toolchain/riscv-opcodes/opcodes-rvv:63,Yes
VLSE64_V,???010???????????111?????0000111,hw/ip/snitch/src/riscv_instr.sv,hw/ip/snitch/src/riscv_instr.sv:481,hw/ip/snitch/src/snitch.sv:2595,ifdef TARGET_SPATZ,sw/toolchain/riscv-opcodes/opcodes-rvv,sw/toolchain/riscv-opcodes/opcodes-rvv:64,Yes
VSSE8_V,???010???????????000?????0100111,hw/ip/snitch/src/riscv_instr.sv,hw/ip/snitch/src/riscv_instr.sv:486,hw/ip/snitch/src/snitch.sv:2608,ifdef TARGET_SPATZ,sw/toolchain/riscv-opcodes/opcodes-rvv,sw/toolchain/riscv-opcodes/opcodes-rvv:69,Yes
VSSE16_V,???010???????????101?????0100111,hw/ip/snitch/src/riscv_instr.sv,hw/ip/snitch/src/riscv_instr.sv:487,hw/ip/snitch/src/snitch.sv:2609,ifdef TARGET_SPATZ,sw/toolchain/riscv-opcodes/opcodes-rvv,sw/toolchain/riscv-opcodes/opcodes-rvv:70,Yes
VSSE32_V,???010???????????110?????0100111,hw/ip/snitch/src/riscv_instr.sv,hw/ip/snitch/src/riscv_instr.sv:488,hw/ip/snitch/src/snitch.sv:2610,ifdef TARGET_SPATZ,sw/toolchain/riscv-opcodes/opcodes-rvv,sw/toolchain/riscv-opcodes/opcodes-rvv:71,Yes
VSSE64_V,???010???????????111?????0100111,hw/ip/snitch/src/riscv_instr.sv,hw/ip/snitch/src/riscv_instr.sv:489,hw/ip/snitch/src/snitch.sv:2611,ifdef TARGET_SPATZ,sw/toolchain/riscv-opcodes/opcodes-rvv,sw/toolchain/riscv-opcodes/opcodes-rvv:72,Yes
