candidate_id,opcode,opcode_name,funct3,funct7,rs1,rs2,variable_rd,words_checked,active_decoder_family_overlap_count,selected_generator_family_overlap_count,all_source_generator_family_overlap_count,active_decoder_all_32_rd_safe,selected_generator_all_32_rd_safe,all_source_all_32_rd_safe,status,pattern
A,0x5b,custom-2,0,3,x0,x0,x0..x31,32,0,0,0,Yes,Yes,Yes,SAFE,00000110000000000000?????1011011
B,0x5b,custom-2,0,4,x0,x0,x0..x31,32,0,0,0,Yes,Yes,Yes,SAFE,00001000000000000000?????1011011
C,0x5b,custom-2,0,6,x0,x0,x0..x31,32,0,0,0,Yes,Yes,Yes,SAFE,00001100000000000000?????1011011
,0x5b,custom-2,0,0,x0,x0,x0..x31,32,0,1,1,Yes,No,No,UNSAFE,00000000000000000000?????1011011
,0x5b,custom-2,0,1,x0,x0,x0..x31,32,0,1,1,Yes,No,No,UNSAFE,00000010000000000000?????1011011
,0x5b,custom-2,0,2,x0,x0,x0..x31,32,0,1,1,Yes,No,No,UNSAFE,00000100000000000000?????1011011
,0x5b,custom-2,0,5,x0,x0,x0..x31,32,0,1,1,Yes,No,No,UNSAFE,00001010000000000000?????1011011
,0x5b,custom-2,0,7,x0,x0,x0..x31,32,0,0,0,Yes,Yes,Yes,SAFE,00001110000000000000?????1011011
,0x5b,custom-2,0,8,x0,x0,x0..x31,32,0,0,0,Yes,Yes,Yes,SAFE,00010000000000000000?????1011011
,0x5b,custom-2,0,9,x0,x0,x0..x31,32,0,1,1,Yes,No,No,UNSAFE,00010010000000000000?????1011011
,0x5b,custom-2,0,10,x0,x0,x0..x31,32,0,0,0,Yes,Yes,Yes,SAFE,00010100000000000000?????1011011
,0x5b,custom-2,0,11,x0,x0,x0..x31,32,0,0,0,Yes,Yes,Yes,SAFE,00010110000000000000?????1011011
,0x5b,custom-2,0,12,x0,x0,x0..x31,32,0,0,0,Yes,Yes,Yes,SAFE,00011000000000000000?????1011011
,0x5b,custom-2,0,13,x0,x0,x0..x31,32,0,1,1,Yes,No,No,UNSAFE,00011010000000000000?????1011011
,0x5b,custom-2,0,14,x0,x0,x0..x31,32,0,0,0,Yes,Yes,Yes,SAFE,00011100000000000000?????1011011
,0x5b,custom-2,0,15,x0,x0,x0..x31,32,0,0,0,Yes,Yes,Yes,SAFE,00011110000000000000?????1011011
,0x5b,custom-2,0,16,x0,x0,x0..x31,32,0,0,0,Yes,Yes,Yes,SAFE,00100000000000000000?????1011011
,0x5b,custom-2,0,17,x0,x0,x0..x31,32,0,1,1,Yes,No,No,UNSAFE,00100010000000000000?????1011011
,0x5b,custom-2,0,18,x0,x0,x0..x31,32,0,0,0,Yes,Yes,Yes,SAFE,00100100000000000000?????1011011
,0x5b,custom-2,0,19,x0,x0,x0..x31,32,0,0,0,Yes,Yes,Yes,SAFE,00100110000000000000?????1011011
,0x5b,custom-2,0,20,x0,x0,x0..x31,32,0,0,0,Yes,Yes,Yes,SAFE,00101000000000000000?????1011011
,0x5b,custom-2,0,21,x0,x0,x0..x31,32,0,1,1,Yes,No,No,UNSAFE,00101010000000000000?????1011011
,0x5b,custom-2,0,22,x0,x0,x0..x31,32,0,0,0,Yes,Yes,Yes,SAFE,00101100000000000000?????1011011
,0x5b,custom-2,0,23,x0,x0,x0..x31,32,0,0,0,Yes,Yes,Yes,SAFE,00101110000000000000?????1011011
,0x5b,custom-2,0,24,x0,x0,x0..x31,32,0,0,0,Yes,Yes,Yes,SAFE,00110000000000000000?????1011011
,0x5b,custom-2,0,25,x0,x0,x0..x31,32,0,1,1,Yes,No,No,UNSAFE,00110010000000000000?????1011011
,0x5b,custom-2,0,26,x0,x0,x0..x31,32,0,0,0,Yes,Yes,Yes,SAFE,00110100000000000000?????1011011
,0x5b,custom-2,0,27,x0,x0,x0..x31,32,0,0,0,Yes,Yes,Yes,SAFE,00110110000000000000?????1011011
,0x5b,custom-2,0,28,x0,x0,x0..x31,32,0,0,0,Yes,Yes,Yes,SAFE,00111000000000000000?????1011011
,0x5b,custom-2,0,29,x0,x0,x0..x31,32,0,1,1,Yes,No,No,UNSAFE,00111010000000000000?????1011011
,0x5b,custom-2,0,30,x0,x0,x0..x31,32,0,0,0,Yes,Yes,Yes,SAFE,00111100000000000000?????1011011
,0x5b,custom-2,0,31,x0,x0,x0..x31,32,0,0,0,Yes,Yes,Yes,SAFE,00111110000000000000?????1011011
,0x5b,custom-2,0,32,x0,x0,x0..x31,32,0,1,1,Yes,No,No,UNSAFE,01000000000000000000?????1011011
,0x5b,custom-2,0,33,x0,x0,x0..x31,32,0,1,1,Yes,No,No,UNSAFE,01000010000000000000?????1011011
,0x5b,custom-2,0,34,x0,x0,x0..x31,32,0,0,0,Yes,Yes,Yes,SAFE,01000100000000000000?????1011011
,0x5b,custom-2,0,35,x0,x0,x0..x31,32,0,0,0,Yes,Yes,Yes,SAFE,01000110000000000000?????1011011
,0x5b,custom-2,0,36,x0,x0,x0..x31,32,0,0,0,Yes,Yes,Yes,SAFE,01001000000000000000?????1011011
,0x5b,custom-2,0,37,x0,x0,x0..x31,32,0,1,1,Yes,No,No,UNSAFE,01001010000000000000?????1011011
,0x5b,custom-2,0,38,x0,x0,x0..x31,32,0,0,0,Yes,Yes,Yes,SAFE,01001100000000000000?????1011011
,0x5b,custom-2,0,39,x0,x0,x0..x31,32,0,0,0,Yes,Yes,Yes,SAFE,01001110000000000000?????1011011
,0x5b,custom-2,0,40,x0,x0,x0..x31,32,0,0,0,Yes,Yes,Yes,SAFE,01010000000000000000?????1011011
,0x5b,custom-2,0,41,x0,x0,x0..x31,32,0,1,1,Yes,No,No,UNSAFE,01010010000000000000?????1011011
,0x5b,custom-2,0,42,x0,x0,x0..x31,32,0,0,0,Yes,Yes,Yes,SAFE,01010100000000000000?????1011011
,0x5b,custom-2,0,43,x0,x0,x0..x31,32,0,0,0,Yes,Yes,Yes,SAFE,01010110000000000000?????1011011
,0x5b,custom-2,0,44,x0,x0,x0..x31,32,0,0,0,Yes,Yes,Yes,SAFE,01011000000000000000?????1011011
,0x5b,custom-2,0,45,x0,x0,x0..x31,32,0,1,1,Yes,No,No,UNSAFE,01011010000000000000?????1011011
,0x5b,custom-2,0,46,x0,x0,x0..x31,32,0,0,0,Yes,Yes,Yes,SAFE,01011100000000000000?????1011011
,0x5b,custom-2,0,47,x0,x0,x0..x31,32,0,0,0,Yes,Yes,Yes,SAFE,01011110000000000000?????1011011
,0x5b,custom-2,0,48,x0,x0,x0..x31,32,0,0,0,Yes,Yes,Yes,SAFE,01100000000000000000?????1011011
,0x5b,custom-2,0,49,x0,x0,x0..x31,32,0,1,1,Yes,No,No,UNSAFE,01100010000000000000?????1011011
,0x5b,custom-2,0,50,x0,x0,x0..x31,32,0,0,0,Yes,Yes,Yes,SAFE,01100100000000000000?????1011011
,0x5b,custom-2,0,51,x0,x0,x0..x31,32,0,0,0,Yes,Yes,Yes,SAFE,01100110000000000000?????1011011
,0x5b,custom-2,0,52,x0,x0,x0..x31,32,0,0,0,Yes,Yes,Yes,SAFE,01101000000000000000?????1011011
,0x5b,custom-2,0,53,x0,x0,x0..x31,32,0,1,1,Yes,No,No,UNSAFE,01101010000000000000?????1011011
,0x5b,custom-2,0,54,x0,x0,x0..x31,32,0,0,0,Yes,Yes,Yes,SAFE,01101100000000000000?????1011011
,0x5b,custom-2,0,55,x0,x0,x0..x31,32,0,0,0,Yes,Yes,Yes,SAFE,01101110000000000000?????1011011
,0x5b,custom-2,0,56,x0,x0,x0..x31,32,0,0,0,Yes,Yes,Yes,SAFE,01110000000000000000?????1011011
,0x5b,custom-2,0,57,x0,x0,x0..x31,32,0,1,1,Yes,No,No,UNSAFE,01110010000000000000?????1011011
,0x5b,custom-2,0,58,x0,x0,x0..x31,32,0,0,0,Yes,Yes,Yes,SAFE,01110100000000000000?????1011011
,0x5b,custom-2,0,59,x0,x0,x0..x31,32,0,0,0,Yes,Yes,Yes,SAFE,01110110000000000000?????1011011
,0x5b,custom-2,0,60,x0,x0,x0..x31,32,0,0,0,Yes,Yes,Yes,SAFE,01111000000000000000?????1011011
,0x5b,custom-2,0,61,x0,x0,x0..x31,32,0,1,1,Yes,No,No,UNSAFE,01111010000000000000?????1011011
,0x5b,custom-2,0,62,x0,x0,x0..x31,32,0,0,0,Yes,Yes,Yes,SAFE,01111100000000000000?????1011011
,0x5b,custom-2,0,63,x0,x0,x0..x31,32,0,0,0,Yes,Yes,Yes,SAFE,01111110000000000000?????1011011
,0x5b,custom-2,0,64,x0,x0,x0..x31,32,0,0,0,Yes,Yes,Yes,SAFE,10000000000000000000?????1011011
,0x5b,custom-2,0,65,x0,x0,x0..x31,32,0,1,1,Yes,No,No,UNSAFE,10000010000000000000?????1011011
,0x5b,custom-2,0,66,x0,x0,x0..x31,32,0,0,0,Yes,Yes,Yes,SAFE,10000100000000000000?????1011011
,0x5b,custom-2,0,67,x0,x0,x0..x31,32,0,0,0,Yes,Yes,Yes,SAFE,10000110000000000000?????1011011
,0x5b,custom-2,0,68,x0,x0,x0..x31,32,0,0,0,Yes,Yes,Yes,SAFE,10001000000000000000?????1011011
,0x5b,custom-2,0,69,x0,x0,x0..x31,32,0,1,1,Yes,No,No,UNSAFE,10001010000000000000?????1011011
,0x5b,custom-2,0,70,x0,x0,x0..x31,32,0,0,0,Yes,Yes,Yes,SAFE,10001100000000000000?????1011011
,0x5b,custom-2,0,71,x0,x0,x0..x31,32,0,0,0,Yes,Yes,Yes,SAFE,10001110000000000000?????1011011
,0x5b,custom-2,0,72,x0,x0,x0..x31,32,0,0,0,Yes,Yes,Yes,SAFE,10010000000000000000?????1011011
,0x5b,custom-2,0,73,x0,x0,x0..x31,32,0,1,1,Yes,No,No,UNSAFE,10010010000000000000?????1011011
,0x5b,custom-2,0,74,x0,x0,x0..x31,32,0,0,0,Yes,Yes,Yes,SAFE,10010100000000000000?????1011011
,0x5b,custom-2,0,75,x0,x0,x0..x31,32,0,0,0,Yes,Yes,Yes,SAFE,10010110000000000000?????1011011
,0x5b,custom-2,0,76,x0,x0,x0..x31,32,0,0,0,Yes,Yes,Yes,SAFE,10011000000000000000?????1011011
,0x5b,custom-2,0,77,x0,x0,x0..x31,32,0,1,1,Yes,No,No,UNSAFE,10011010000000000000?????1011011
,0x5b,custom-2,0,78,x0,x0,x0..x31,32,0,0,0,Yes,Yes,Yes,SAFE,10011100000000000000?????1011011
,0x5b,custom-2,0,79,x0,x0,x0..x31,32,0,0,0,Yes,Yes,Yes,SAFE,10011110000000000000?????1011011
,0x5b,custom-2,0,80,x0,x0,x0..x31,32,0,0,0,Yes,Yes,Yes,SAFE,10100000000000000000?????1011011
,0x5b,custom-2,0,81,x0,x0,x0..x31,32,0,1,1,Yes,No,No,UNSAFE,10100010000000000000?????1011011
,0x5b,custom-2,0,82,x0,x0,x0..x31,32,0,0,0,Yes,Yes,Yes,SAFE,10100100000000000000?????1011011
,0x5b,custom-2,0,83,x0,x0,x0..x31,32,0,0,0,Yes,Yes,Yes,SAFE,10100110000000000000?????1011011
,0x5b,custom-2,0,84,x0,x0,x0..x31,32,0,0,0,Yes,Yes,Yes,SAFE,10101000000000000000?????1011011
,0x5b,custom-2,0,85,x0,x0,x0..x31,32,0,1,1,Yes,No,No,UNSAFE,10101010000000000000?????1011011
,0x5b,custom-2,0,86,x0,x0,x0..x31,32,0,0,0,Yes,Yes,Yes,SAFE,10101100000000000000?????1011011
,0x5b,custom-2,0,87,x0,x0,x0..x31,32,0,0,0,Yes,Yes,Yes,SAFE,10101110000000000000?????1011011
,0x5b,custom-2,0,88,x0,x0,x0..x31,32,0,0,0,Yes,Yes,Yes,SAFE,10110000000000000000?????1011011
,0x5b,custom-2,0,89,x0,x0,x0..x31,32,0,1,1,Yes,No,No,UNSAFE,10110010000000000000?????1011011
,0x5b,custom-2,0,90,x0,x0,x0..x31,32,0,0,0,Yes,Yes,Yes,SAFE,10110100000000000000?????1011011
,0x5b,custom-2,0,91,x0,x0,x0..x31,32,0,0,0,Yes,Yes,Yes,SAFE,10110110000000000000?????1011011
,0x5b,custom-2,0,92,x0,x0,x0..x31,32,0,0,0,Yes,Yes,Yes,SAFE,10111000000000000000?????1011011
,0x5b,custom-2,0,93,x0,x0,x0..x31,32,0,1,1,Yes,No,No,UNSAFE,10111010000000000000?????1011011
,0x5b,custom-2,0,94,x0,x0,x0..x31,32,0,0,0,Yes,Yes,Yes,SAFE,10111100000000000000?????1011011
,0x5b,custom-2,0,95,x0,x0,x0..x31,32,0,0,0,Yes,Yes,Yes,SAFE,10111110000000000000?????1011011
,0x5b,custom-2,0,96,x0,x0,x0..x31,32,0,0,0,Yes,Yes,Yes,SAFE,11000000000000000000?????1011011
,0x5b,custom-2,0,97,x0,x0,x0..x31,32,0,1,1,Yes,No,No,UNSAFE,11000010000000000000?????1011011
,0x5b,custom-2,0,98,x0,x0,x0..x31,32,0,0,0,Yes,Yes,Yes,SAFE,11000100000000000000?????1011011
,0x5b,custom-2,0,99,x0,x0,x0..x31,32,0,0,0,Yes,Yes,Yes,SAFE,11000110000000000000?????1011011
,0x5b,custom-2,0,100,x0,x0,x0..x31,32,0,0,0,Yes,Yes,Yes,SAFE,11001000000000000000?????1011011
,0x5b,custom-2,0,101,x0,x0,x0..x31,32,0,1,1,Yes,No,No,UNSAFE,11001010000000000000?????1011011
,0x5b,custom-2,0,102,x0,x0,x0..x31,32,0,0,0,Yes,Yes,Yes,SAFE,11001100000000000000?????1011011
,0x5b,custom-2,0,103,x0,x0,x0..x31,32,0,0,0,Yes,Yes,Yes,SAFE,11001110000000000000?????1011011
,0x5b,custom-2,0,104,x0,x0,x0..x31,32,0,0,0,Yes,Yes,Yes,SAFE,11010000000000000000?????1011011
,0x5b,custom-2,0,105,x0,x0,x0..x31,32,0,1,1,Yes,No,No,UNSAFE,11010010000000000000?????1011011
,0x5b,custom-2,0,106,x0,x0,x0..x31,32,0,0,0,Yes,Yes,Yes,SAFE,11010100000000000000?????1011011
,0x5b,custom-2,0,107,x0,x0,x0..x31,32,0,0,0,Yes,Yes,Yes,SAFE,11010110000000000000?????1011011
,0x5b,custom-2,0,108,x0,x0,x0..x31,32,0,0,0,Yes,Yes,Yes,SAFE,11011000000000000000?????1011011
,0x5b,custom-2,0,109,x0,x0,x0..x31,32,0,1,1,Yes,No,No,UNSAFE,11011010000000000000?????1011011
,0x5b,custom-2,0,110,x0,x0,x0..x31,32,0,0,0,Yes,Yes,Yes,SAFE,11011100000000000000?????1011011
,0x5b,custom-2,0,111,x0,x0,x0..x31,32,0,0,0,Yes,Yes,Yes,SAFE,11011110000000000000?????1011011
,0x5b,custom-2,0,112,x0,x0,x0..x31,32,0,1,1,Yes,No,No,UNSAFE,11100000000000000000?????1011011
,0x5b,custom-2,0,113,x0,x0,x0..x31,32,0,1,1,Yes,No,No,UNSAFE,11100010000000000000?????1011011
,0x5b,custom-2,0,114,x0,x0,x0..x31,32,0,0,0,Yes,Yes,Yes,SAFE,11100100000000000000?????1011011
,0x5b,custom-2,0,115,x0,x0,x0..x31,32,0,0,0,Yes,Yes,Yes,SAFE,11100110000000000000?????1011011
,0x5b,custom-2,0,116,x0,x0,x0..x31,32,0,0,0,Yes,Yes,Yes,SAFE,11101000000000000000?????1011011
,0x5b,custom-2,0,117,x0,x0,x0..x31,32,0,1,1,Yes,No,No,UNSAFE,11101010000000000000?????1011011
,0x5b,custom-2,0,118,x0,x0,x0..x31,32,0,0,0,Yes,Yes,Yes,SAFE,11101100000000000000?????1011011
,0x5b,custom-2,0,119,x0,x0,x0..x31,32,0,0,0,Yes,Yes,Yes,SAFE,11101110000000000000?????1011011
,0x5b,custom-2,0,120,x0,x0,x0..x31,32,0,1,1,Yes,No,No,UNSAFE,11110000000000000000?????1011011
,0x5b,custom-2,0,121,x0,x0,x0..x31,32,0,1,1,Yes,No,No,UNSAFE,11110010000000000000?????1011011
,0x5b,custom-2,0,122,x0,x0,x0..x31,32,0,0,0,Yes,Yes,Yes,SAFE,11110100000000000000?????1011011
,0x5b,custom-2,0,123,x0,x0,x0..x31,32,0,0,0,Yes,Yes,Yes,SAFE,11110110000000000000?????1011011
,0x5b,custom-2,0,124,x0,x0,x0..x31,32,0,0,0,Yes,Yes,Yes,SAFE,11111000000000000000?????1011011
,0x5b,custom-2,0,125,x0,x0,x0..x31,32,0,1,1,Yes,No,No,UNSAFE,11111010000000000000?????1011011
,0x5b,custom-2,0,126,x0,x0,x0..x31,32,0,0,0,Yes,Yes,Yes,SAFE,11111100000000000000?????1011011
,0x5b,custom-2,0,127,x0,x0,x0..x31,32,0,0,0,Yes,Yes,Yes,SAFE,11111110000000000000?????1011011
,0x5b,custom-2,1,0,x0,x0,x0..x31,32,0,1,1,Yes,No,No,UNSAFE,00000000000000000001?????1011011
,0x5b,custom-2,1,1,x0,x0,x0..x31,32,0,1,1,Yes,No,No,UNSAFE,00000010000000000001?????1011011
,0x5b,custom-2,1,2,x0,x0,x0..x31,32,0,1,1,Yes,No,No,UNSAFE,00000100000000000001?????1011011
,0x5b,custom-2,1,3,x0,x0,x0..x31,32,0,0,0,Yes,Yes,Yes,SAFE,00000110000000000001?????1011011
,0x5b,custom-2,1,4,x0,x0,x0..x31,32,0,1,1,Yes,No,No,UNSAFE,00001000000000000001?????1011011
,0x5b,custom-2,1,5,x0,x0,x0..x31,32,0,2,2,Yes,No,No,UNSAFE,00001010000000000001?????1011011
,0x5b,custom-2,1,6,x0,x0,x0..x31,32,0,0,0,Yes,Yes,Yes,SAFE,00001100000000000001?????1011011
,0x5b,custom-2,1,7,x0,x0,x0..x31,32,0,0,0,Yes,Yes,Yes,SAFE,00001110000000000001?????1011011
,0x5b,custom-2,1,8,x0,x0,x0..x31,32,0,0,0,Yes,Yes,Yes,SAFE,00010000000000000001?????1011011
,0x5b,custom-2,1,9,x0,x0,x0..x31,32,0,1,1,Yes,No,No,UNSAFE,00010010000000000001?????1011011
,0x5b,custom-2,1,10,x0,x0,x0..x31,32,0,0,0,Yes,Yes,Yes,SAFE,00010100000000000001?????1011011
,0x5b,custom-2,1,11,x0,x0,x0..x31,32,0,0,0,Yes,Yes,Yes,SAFE,00010110000000000001?????1011011
,0x5b,custom-2,1,12,x0,x0,x0..x31,32,0,0,0,Yes,Yes,Yes,SAFE,00011000000000000001?????1011011
,0x5b,custom-2,1,13,x0,x0,x0..x31,32,0,1,1,Yes,No,No,UNSAFE,00011010000000000001?????1011011
,0x5b,custom-2,1,14,x0,x0,x0..x31,32,0,0,0,Yes,Yes,Yes,SAFE,00011100000000000001?????1011011
,0x5b,custom-2,1,15,x0,x0,x0..x31,32,0,0,0,Yes,Yes,Yes,SAFE,00011110000000000001?????1011011
,0x5b,custom-2,1,16,x0,x0,x0..x31,32,0,1,1,Yes,No,No,UNSAFE,00100000000000000001?????1011011
,0x5b,custom-2,1,17,x0,x0,x0..x31,32,0,1,1,Yes,No,No,UNSAFE,00100010000000000001?????1011011
,0x5b,custom-2,1,18,x0,x0,x0..x31,32,0,0,0,Yes,Yes,Yes,SAFE,00100100000000000001?????1011011
,0x5b,custom-2,1,19,x0,x0,x0..x31,32,0,0,0,Yes,Yes,Yes,SAFE,00100110000000000001?????1011011
,0x5b,custom-2,1,20,x0,x0,x0..x31,32,0,1,1,Yes,No,No,UNSAFE,00101000000000000001?????1011011
,0x5b,custom-2,1,21,x0,x0,x0..x31,32,0,1,1,Yes,No,No,UNSAFE,00101010000000000001?????1011011
,0x5b,custom-2,1,22,x0,x0,x0..x31,32,0,0,0,Yes,Yes,Yes,SAFE,00101100000000000001?????1011011
,0x5b,custom-2,1,23,x0,x0,x0..x31,32,0,0,0,Yes,Yes,Yes,SAFE,00101110000000000001?????1011011
,0x5b,custom-2,1,24,x0,x0,x0..x31,32,0,0,0,Yes,Yes,Yes,SAFE,00110000000000000001?????1011011
,0x5b,custom-2,1,25,x0,x0,x0..x31,32,0,1,1,Yes,No,No,UNSAFE,00110010000000000001?????1011011
,0x5b,custom-2,1,26,x0,x0,x0..x31,32,0,0,0,Yes,Yes,Yes,SAFE,00110100000000000001?????1011011
,0x5b,custom-2,1,27,x0,x0,x0..x31,32,0,0,0,Yes,Yes,Yes,SAFE,00110110000000000001?????1011011
,0x5b,custom-2,1,28,x0,x0,x0..x31,32,0,0,0,Yes,Yes,Yes,SAFE,00111000000000000001?????1011011
,0x5b,custom-2,1,29,x0,x0,x0..x31,32,0,1,1,Yes,No,No,UNSAFE,00111010000000000001?????1011011
,0x5b,custom-2,1,30,x0,x0,x0..x31,32,0,0,0,Yes,Yes,Yes,SAFE,00111100000000000001?????1011011
,0x5b,custom-2,1,31,x0,x0,x0..x31,32,0,0,0,Yes,Yes,Yes,SAFE,00111110000000000001?????1011011
,0x5b,custom-2,1,32,x0,x0,x0..x31,32,0,0,0,Yes,Yes,Yes,SAFE,01000000000000000001?????1011011
,0x5b,custom-2,1,33,x0,x0,x0..x31,32,0,1,1,Yes,No,No,UNSAFE,01000010000000000001?????1011011
,0x5b,custom-2,1,34,x0,x0,x0..x31,32,0,0,0,Yes,Yes,Yes,SAFE,01000100000000000001?????1011011
,0x5b,custom-2,1,35,x0,x0,x0..x31,32,0,0,0,Yes,Yes,Yes,SAFE,01000110000000000001?????1011011
,0x5b,custom-2,1,36,x0,x0,x0..x31,32,0,1,1,Yes,No,No,UNSAFE,01001000000000000001?????1011011
,0x5b,custom-2,1,37,x0,x0,x0..x31,32,0,1,1,Yes,No,No,UNSAFE,01001010000000000001?????1011011
,0x5b,custom-2,1,38,x0,x0,x0..x31,32,0,0,0,Yes,Yes,Yes,SAFE,01001100000000000001?????1011011
,0x5b,custom-2,1,39,x0,x0,x0..x31,32,0,0,0,Yes,Yes,Yes,SAFE,01001110000000000001?????1011011
,0x5b,custom-2,1,40,x0,x0,x0..x31,32,0,0,0,Yes,Yes,Yes,SAFE,01010000000000000001?????1011011
,0x5b,custom-2,1,41,x0,x0,x0..x31,32,0,1,1,Yes,No,No,UNSAFE,01010010000000000001?????1011011
,0x5b,custom-2,1,42,x0,x0,x0..x31,32,0,0,0,Yes,Yes,Yes,SAFE,01010100000000000001?????1011011
,0x5b,custom-2,1,43,x0,x0,x0..x31,32,0,0,0,Yes,Yes,Yes,SAFE,01010110000000000001?????1011011
,0x5b,custom-2,1,44,x0,x0,x0..x31,32,0,0,0,Yes,Yes,Yes,SAFE,01011000000000000001?????1011011
,0x5b,custom-2,1,45,x0,x0,x0..x31,32,0,1,1,Yes,No,No,UNSAFE,01011010000000000001?????1011011
,0x5b,custom-2,1,46,x0,x0,x0..x31,32,0,0,0,Yes,Yes,Yes,SAFE,01011100000000000001?????1011011
,0x5b,custom-2,1,47,x0,x0,x0..x31,32,0,0,0,Yes,Yes,Yes,SAFE,01011110000000000001?????1011011
,0x5b,custom-2,1,48,x0,x0,x0..x31,32,0,1,1,Yes,No,No,UNSAFE,01100000000000000001?????1011011
,0x5b,custom-2,1,49,x0,x0,x0..x31,32,0,1,1,Yes,No,No,UNSAFE,01100010000000000001?????1011011
,0x5b,custom-2,1,50,x0,x0,x0..x31,32,0,0,0,Yes,Yes,Yes,SAFE,01100100000000000001?????1011011
,0x5b,custom-2,1,51,x0,x0,x0..x31,32,0,0,0,Yes,Yes,Yes,SAFE,01100110000000000001?????1011011
,0x5b,custom-2,1,52,x0,x0,x0..x31,32,0,1,1,Yes,No,No,UNSAFE,01101000000000000001?????1011011
,0x5b,custom-2,1,53,x0,x0,x0..x31,32,0,1,1,Yes,No,No,UNSAFE,01101010000000000001?????1011011
,0x5b,custom-2,1,54,x0,x0,x0..x31,32,0,0,0,Yes,Yes,Yes,SAFE,01101100000000000001?????1011011
,0x5b,custom-2,1,55,x0,x0,x0..x31,32,0,0,0,Yes,Yes,Yes,SAFE,01101110000000000001?????1011011
,0x5b,custom-2,1,56,x0,x0,x0..x31,32,0,0,0,Yes,Yes,Yes,SAFE,01110000000000000001?????1011011
,0x5b,custom-2,1,57,x0,x0,x0..x31,32,0,1,1,Yes,No,No,UNSAFE,01110010000000000001?????1011011
,0x5b,custom-2,1,58,x0,x0,x0..x31,32,0,0,0,Yes,Yes,Yes,SAFE,01110100000000000001?????1011011
,0x5b,custom-2,1,59,x0,x0,x0..x31,32,0,0,0,Yes,Yes,Yes,SAFE,01110110000000000001?????1011011
,0x5b,custom-2,1,60,x0,x0,x0..x31,32,0,0,0,Yes,Yes,Yes,SAFE,01111000000000000001?????1011011
,0x5b,custom-2,1,61,x0,x0,x0..x31,32,0,1,1,Yes,No,No,UNSAFE,01111010000000000001?????1011011
,0x5b,custom-2,1,62,x0,x0,x0..x31,32,0,0,0,Yes,Yes,Yes,SAFE,01111100000000000001?????1011011
,0x5b,custom-2,1,63,x0,x0,x0..x31,32,0,0,0,Yes,Yes,Yes,SAFE,01111110000000000001?????1011011
,0x5b,custom-2,1,64,x0,x0,x0..x31,32,0,0,0,Yes,Yes,Yes,SAFE,10000000000000000001?????1011011
,0x5b,custom-2,1,65,x0,x0,x0..x31,32,0,1,1,Yes,No,No,UNSAFE,10000010000000000001?????1011011
,0x5b,custom-2,1,66,x0,x0,x0..x31,32,0,0,0,Yes,Yes,Yes,SAFE,10000100000000000001?????1011011
,0x5b,custom-2,1,67,x0,x0,x0..x31,32,0,0,0,Yes,Yes,Yes,SAFE,10000110000000000001?????1011011
,0x5b,custom-2,1,68,x0,x0,x0..x31,32,0,0,0,Yes,Yes,Yes,SAFE,10001000000000000001?????1011011
,0x5b,custom-2,1,69,x0,x0,x0..x31,32,0,1,1,Yes,No,No,UNSAFE,10001010000000000001?????1011011
,0x5b,custom-2,1,70,x0,x0,x0..x31,32,0,0,0,Yes,Yes,Yes,SAFE,10001100000000000001?????1011011
,0x5b,custom-2,1,71,x0,x0,x0..x31,32,0,0,0,Yes,Yes,Yes,SAFE,10001110000000000001?????1011011
,0x5b,custom-2,1,72,x0,x0,x0..x31,32,0,0,0,Yes,Yes,Yes,SAFE,10010000000000000001?????1011011
,0x5b,custom-2,1,73,x0,x0,x0..x31,32,0,1,1,Yes,No,No,UNSAFE,10010010000000000001?????1011011
,0x5b,custom-2,1,74,x0,x0,x0..x31,32,0,0,0,Yes,Yes,Yes,SAFE,10010100000000000001?????1011011
,0x5b,custom-2,1,75,x0,x0,x0..x31,32,0,0,0,Yes,Yes,Yes,SAFE,10010110000000000001?????1011011
,0x5b,custom-2,1,76,x0,x0,x0..x31,32,0,0,0,Yes,Yes,Yes,SAFE,10011000000000000001?????1011011
,0x5b,custom-2,1,77,x0,x0,x0..x31,32,0,1,1,Yes,No,No,UNSAFE,10011010000000000001?????1011011
,0x5b,custom-2,1,78,x0,x0,x0..x31,32,0,0,0,Yes,Yes,Yes,SAFE,10011100000000000001?????1011011
,0x5b,custom-2,1,79,x0,x0,x0..x31,32,0,0,0,Yes,Yes,Yes,SAFE,10011110000000000001?????1011011
,0x5b,custom-2,1,80,x0,x0,x0..x31,32,0,0,0,Yes,Yes,Yes,SAFE,10100000000000000001?????1011011
,0x5b,custom-2,1,81,x0,x0,x0..x31,32,0,1,1,Yes,No,No,UNSAFE,10100010000000000001?????1011011
,0x5b,custom-2,1,82,x0,x0,x0..x31,32,0,0,0,Yes,Yes,Yes,SAFE,10100100000000000001?????1011011
,0x5b,custom-2,1,83,x0,x0,x0..x31,32,0,0,0,Yes,Yes,Yes,SAFE,10100110000000000001?????1011011
,0x5b,custom-2,1,84,x0,x0,x0..x31,32,0,0,0,Yes,Yes,Yes,SAFE,10101000000000000001?????1011011
,0x5b,custom-2,1,85,x0,x0,x0..x31,32,0,1,1,Yes,No,No,UNSAFE,10101010000000000001?????1011011
,0x5b,custom-2,1,86,x0,x0,x0..x31,32,0,0,0,Yes,Yes,Yes,SAFE,10101100000000000001?????1011011
,0x5b,custom-2,1,87,x0,x0,x0..x31,32,0,0,0,Yes,Yes,Yes,SAFE,10101110000000000001?????1011011
,0x5b,custom-2,1,88,x0,x0,x0..x31,32,0,0,0,Yes,Yes,Yes,SAFE,10110000000000000001?????1011011
,0x5b,custom-2,1,89,x0,x0,x0..x31,32,0,1,1,Yes,No,No,UNSAFE,10110010000000000001?????1011011
,0x5b,custom-2,1,90,x0,x0,x0..x31,32,0,0,0,Yes,Yes,Yes,SAFE,10110100000000000001?????1011011
,0x5b,custom-2,1,91,x0,x0,x0..x31,32,0,0,0,Yes,Yes,Yes,SAFE,10110110000000000001?????1011011
,0x5b,custom-2,1,92,x0,x0,x0..x31,32,0,0,0,Yes,Yes,Yes,SAFE,10111000000000000001?????1011011
,0x5b,custom-2,1,93,x0,x0,x0..x31,32,0,1,1,Yes,No,No,UNSAFE,10111010000000000001?????1011011
,0x5b,custom-2,1,94,x0,x0,x0..x31,32,0,0,0,Yes,Yes,Yes,SAFE,10111100000000000001?????1011011
,0x5b,custom-2,1,95,x0,x0,x0..x31,32,0,0,0,Yes,Yes,Yes,SAFE,10111110000000000001?????1011011
,0x5b,custom-2,1,96,x0,x0,x0..x31,32,0,0,0,Yes,Yes,Yes,SAFE,11000000000000000001?????1011011
,0x5b,custom-2,1,97,x0,x0,x0..x31,32,0,1,1,Yes,No,No,UNSAFE,11000010000000000001?????1011011
,0x5b,custom-2,1,98,x0,x0,x0..x31,32,0,0,0,Yes,Yes,Yes,SAFE,11000100000000000001?????1011011
,0x5b,custom-2,1,99,x0,x0,x0..x31,32,0,0,0,Yes,Yes,Yes,SAFE,11000110000000000001?????1011011
,0x5b,custom-2,1,100,x0,x0,x0..x31,32,0,0,0,Yes,Yes,Yes,SAFE,11001000000000000001?????1011011
,0x5b,custom-2,1,101,x0,x0,x0..x31,32,0,1,1,Yes,No,No,UNSAFE,11001010000000000001?????1011011
,0x5b,custom-2,1,102,x0,x0,x0..x31,32,0,0,0,Yes,Yes,Yes,SAFE,11001100000000000001?????1011011
,0x5b,custom-2,1,103,x0,x0,x0..x31,32,0,0,0,Yes,Yes,Yes,SAFE,11001110000000000001?????1011011
,0x5b,custom-2,1,104,x0,x0,x0..x31,32,0,0,0,Yes,Yes,Yes,SAFE,11010000000000000001?????1011011
,0x5b,custom-2,1,105,x0,x0,x0..x31,32,0,1,1,Yes,No,No,UNSAFE,11010010000000000001?????1011011
,0x5b,custom-2,1,106,x0,x0,x0..x31,32,0,0,0,Yes,Yes,Yes,SAFE,11010100000000000001?????1011011
,0x5b,custom-2,1,107,x0,x0,x0..x31,32,0,0,0,Yes,Yes,Yes,SAFE,11010110000000000001?????1011011
,0x5b,custom-2,1,108,x0,x0,x0..x31,32,0,0,0,Yes,Yes,Yes,SAFE,11011000000000000001?????1011011
,0x5b,custom-2,1,109,x0,x0,x0..x31,32,0,1,1,Yes,No,No,UNSAFE,11011010000000000001?????1011011
,0x5b,custom-2,1,110,x0,x0,x0..x31,32,0,0,0,Yes,Yes,Yes,SAFE,11011100000000000001?????1011011
,0x5b,custom-2,1,111,x0,x0,x0..x31,32,0,0,0,Yes,Yes,Yes,SAFE,11011110000000000001?????1011011
,0x5b,custom-2,1,112,x0,x0,x0..x31,32,0,0,0,Yes,Yes,Yes,SAFE,11100000000000000001?????1011011
,0x5b,custom-2,1,113,x0,x0,x0..x31,32,0,1,1,Yes,No,No,UNSAFE,11100010000000000001?????1011011
,0x5b,custom-2,1,114,x0,x0,x0..x31,32,0,0,0,Yes,Yes,Yes,SAFE,11100100000000000001?????1011011
,0x5b,custom-2,1,115,x0,x0,x0..x31,32,0,0,0,Yes,Yes,Yes,SAFE,11100110000000000001?????1011011
,0x5b,custom-2,1,116,x0,x0,x0..x31,32,0,0,0,Yes,Yes,Yes,SAFE,11101000000000000001?????1011011
,0x5b,custom-2,1,117,x0,x0,x0..x31,32,0,1,1,Yes,No,No,UNSAFE,11101010000000000001?????1011011
,0x5b,custom-2,1,118,x0,x0,x0..x31,32,0,0,0,Yes,Yes,Yes,SAFE,11101100000000000001?????1011011
,0x5b,custom-2,1,119,x0,x0,x0..x31,32,0,0,0,Yes,Yes,Yes,SAFE,11101110000000000001?????1011011
,0x5b,custom-2,1,120,x0,x0,x0..x31,32,0,0,0,Yes,Yes,Yes,SAFE,11110000000000000001?????1011011
,0x5b,custom-2,1,121,x0,x0,x0..x31,32,0,1,1,Yes,No,No,UNSAFE,11110010000000000001?????1011011
,0x5b,custom-2,1,122,x0,x0,x0..x31,32,0,0,0,Yes,Yes,Yes,SAFE,11110100000000000001?????1011011
,0x5b,custom-2,1,123,x0,x0,x0..x31,32,0,0,0,Yes,Yes,Yes,SAFE,11110110000000000001?????1011011
,0x5b,custom-2,1,124,x0,x0,x0..x31,32,0,0,0,Yes,Yes,Yes,SAFE,11111000000000000001?????1011011
,0x5b,custom-2,1,125,x0,x0,x0..x31,32,0,1,1,Yes,No,No,UNSAFE,11111010000000000001?????1011011
,0x5b,custom-2,1,126,x0,x0,x0..x31,32,0,0,0,Yes,Yes,Yes,SAFE,11111100000000000001?????1011011
,0x5b,custom-2,1,127,x0,x0,x0..x31,32,0,0,0,Yes,Yes,Yes,SAFE,11111110000000000001?????1011011
,0x5b,custom-2,2,0,x0,x0,x0..x31,32,0,1,2,Yes,No,No,UNSAFE,00000000000000000010?????1011011
,0x5b,custom-2,2,1,x0,x0,x0..x31,32,0,1,2,Yes,No,No,UNSAFE,00000010000000000010?????1011011
,0x5b,custom-2,2,2,x0,x0,x0..x31,32,0,1,2,Yes,No,No,UNSAFE,00000100000000000010?????1011011
,0x5b,custom-2,2,3,x0,x0,x0..x31,32,0,0,1,Yes,Yes,No,UNSAFE,00000110000000000010?????1011011
,0x5b,custom-2,2,4,x0,x0,x0..x31,32,0,0,1,Yes,Yes,No,UNSAFE,00001000000000000010?????1011011
,0x5b,custom-2,2,5,x0,x0,x0..x31,32,0,2,3,Yes,No,No,UNSAFE,00001010000000000010?????1011011
,0x5b,custom-2,2,6,x0,x0,x0..x31,32,0,0,1,Yes,Yes,No,UNSAFE,00001100000000000010?????1011011
,0x5b,custom-2,2,7,x0,x0,x0..x31,32,0,0,1,Yes,Yes,No,UNSAFE,00001110000000000010?????1011011
,0x5b,custom-2,2,8,x0,x0,x0..x31,32,0,0,1,Yes,Yes,No,UNSAFE,00010000000000000010?????1011011
,0x5b,custom-2,2,9,x0,x0,x0..x31,32,0,1,2,Yes,No,No,UNSAFE,00010010000000000010?????1011011
,0x5b,custom-2,2,10,x0,x0,x0..x31,32,0,0,1,Yes,Yes,No,UNSAFE,00010100000000000010?????1011011
,0x5b,custom-2,2,11,x0,x0,x0..x31,32,0,0,1,Yes,Yes,No,UNSAFE,00010110000000000010?????1011011
,0x5b,custom-2,2,12,x0,x0,x0..x31,32,0,0,1,Yes,Yes,No,UNSAFE,00011000000000000010?????1011011
,0x5b,custom-2,2,13,x0,x0,x0..x31,32,0,1,2,Yes,No,No,UNSAFE,00011010000000000010?????1011011
,0x5b,custom-2,2,14,x0,x0,x0..x31,32,0,0,1,Yes,Yes,No,UNSAFE,00011100000000000010?????1011011
,0x5b,custom-2,2,15,x0,x0,x0..x31,32,0,0,1,Yes,Yes,No,UNSAFE,00011110000000000010?????1011011
,0x5b,custom-2,2,16,x0,x0,x0..x31,32,0,1,2,Yes,No,No,UNSAFE,00100000000000000010?????1011011
,0x5b,custom-2,2,17,x0,x0,x0..x31,32,0,1,2,Yes,No,No,UNSAFE,00100010000000000010?????1011011
,0x5b,custom-2,2,18,x0,x0,x0..x31,32,0,0,1,Yes,Yes,No,UNSAFE,00100100000000000010?????1011011
,0x5b,custom-2,2,19,x0,x0,x0..x31,32,0,0,1,Yes,Yes,No,UNSAFE,00100110000000000010?????1011011
,0x5b,custom-2,2,20,x0,x0,x0..x31,32,0,0,1,Yes,Yes,No,UNSAFE,00101000000000000010?????1011011
,0x5b,custom-2,2,21,x0,x0,x0..x31,32,0,1,2,Yes,No,No,UNSAFE,00101010000000000010?????1011011
,0x5b,custom-2,2,22,x0,x0,x0..x31,32,0,0,1,Yes,Yes,No,UNSAFE,00101100000000000010?????1011011
,0x5b,custom-2,2,23,x0,x0,x0..x31,32,0,0,1,Yes,Yes,No,UNSAFE,00101110000000000010?????1011011
,0x5b,custom-2,2,24,x0,x0,x0..x31,32,0,0,1,Yes,Yes,No,UNSAFE,00110000000000000010?????1011011
,0x5b,custom-2,2,25,x0,x0,x0..x31,32,0,1,2,Yes,No,No,UNSAFE,00110010000000000010?????1011011
,0x5b,custom-2,2,26,x0,x0,x0..x31,32,0,0,1,Yes,Yes,No,UNSAFE,00110100000000000010?????1011011
,0x5b,custom-2,2,27,x0,x0,x0..x31,32,0,0,1,Yes,Yes,No,UNSAFE,00110110000000000010?????1011011
,0x5b,custom-2,2,28,x0,x0,x0..x31,32,0,0,1,Yes,Yes,No,UNSAFE,00111000000000000010?????1011011
,0x5b,custom-2,2,29,x0,x0,x0..x31,32,0,1,2,Yes,No,No,UNSAFE,00111010000000000010?????1011011
,0x5b,custom-2,2,30,x0,x0,x0..x31,32,0,0,1,Yes,Yes,No,UNSAFE,00111100000000000010?????1011011
,0x5b,custom-2,2,31,x0,x0,x0..x31,32,0,0,1,Yes,Yes,No,UNSAFE,00111110000000000010?????1011011
,0x5b,custom-2,2,32,x0,x0,x0..x31,32,0,0,0,Yes,Yes,Yes,SAFE,01000000000000000010?????1011011
,0x5b,custom-2,2,33,x0,x0,x0..x31,32,0,1,1,Yes,No,No,UNSAFE,01000010000000000010?????1011011
,0x5b,custom-2,2,34,x0,x0,x0..x31,32,0,0,0,Yes,Yes,Yes,SAFE,01000100000000000010?????1011011
,0x5b,custom-2,2,35,x0,x0,x0..x31,32,0,0,0,Yes,Yes,Yes,SAFE,01000110000000000010?????1011011
,0x5b,custom-2,2,36,x0,x0,x0..x31,32,0,0,0,Yes,Yes,Yes,SAFE,01001000000000000010?????1011011
,0x5b,custom-2,2,37,x0,x0,x0..x31,32,0,1,1,Yes,No,No,UNSAFE,01001010000000000010?????1011011
,0x5b,custom-2,2,38,x0,x0,x0..x31,32,0,0,0,Yes,Yes,Yes,SAFE,01001100000000000010?????1011011
,0x5b,custom-2,2,39,x0,x0,x0..x31,32,0,0,0,Yes,Yes,Yes,SAFE,01001110000000000010?????1011011
,0x5b,custom-2,2,40,x0,x0,x0..x31,32,0,0,0,Yes,Yes,Yes,SAFE,01010000000000000010?????1011011
,0x5b,custom-2,2,41,x0,x0,x0..x31,32,0,1,1,Yes,No,No,UNSAFE,01010010000000000010?????1011011
,0x5b,custom-2,2,42,x0,x0,x0..x31,32,0,0,0,Yes,Yes,Yes,SAFE,01010100000000000010?????1011011
,0x5b,custom-2,2,43,x0,x0,x0..x31,32,0,0,0,Yes,Yes,Yes,SAFE,01010110000000000010?????1011011
,0x5b,custom-2,2,44,x0,x0,x0..x31,32,0,0,0,Yes,Yes,Yes,SAFE,01011000000000000010?????1011011
,0x5b,custom-2,2,45,x0,x0,x0..x31,32,0,1,1,Yes,No,No,UNSAFE,01011010000000000010?????1011011
,0x5b,custom-2,2,46,x0,x0,x0..x31,32,0,0,0,Yes,Yes,Yes,SAFE,01011100000000000010?????1011011
,0x5b,custom-2,2,47,x0,x0,x0..x31,32,0,0,0,Yes,Yes,Yes,SAFE,01011110000000000010?????1011011
,0x5b,custom-2,2,48,x0,x0,x0..x31,32,0,1,1,Yes,No,No,UNSAFE,01100000000000000010?????1011011
,0x5b,custom-2,2,49,x0,x0,x0..x31,32,0,1,1,Yes,No,No,UNSAFE,01100010000000000010?????1011011
,0x5b,custom-2,2,50,x0,x0,x0..x31,32,0,0,0,Yes,Yes,Yes,SAFE,01100100000000000010?????1011011
,0x5b,custom-2,2,51,x0,x0,x0..x31,32,0,0,0,Yes,Yes,Yes,SAFE,01100110000000000010?????1011011
,0x5b,custom-2,2,52,x0,x0,x0..x31,32,0,0,0,Yes,Yes,Yes,SAFE,01101000000000000010?????1011011
,0x5b,custom-2,2,53,x0,x0,x0..x31,32,0,1,1,Yes,No,No,UNSAFE,01101010000000000010?????1011011
,0x5b,custom-2,2,54,x0,x0,x0..x31,32,0,0,0,Yes,Yes,Yes,SAFE,01101100000000000010?????1011011
,0x5b,custom-2,2,55,x0,x0,x0..x31,32,0,0,0,Yes,Yes,Yes,SAFE,01101110000000000010?????1011011
,0x5b,custom-2,2,56,x0,x0,x0..x31,32,0,0,0,Yes,Yes,Yes,SAFE,01110000000000000010?????1011011
,0x5b,custom-2,2,57,x0,x0,x0..x31,32,0,1,1,Yes,No,No,UNSAFE,01110010000000000010?????1011011
,0x5b,custom-2,2,58,x0,x0,x0..x31,32,0,0,0,Yes,Yes,Yes,SAFE,01110100000000000010?????1011011
,0x5b,custom-2,2,59,x0,x0,x0..x31,32,0,0,0,Yes,Yes,Yes,SAFE,01110110000000000010?????1011011
,0x5b,custom-2,2,60,x0,x0,x0..x31,32,0,0,0,Yes,Yes,Yes,SAFE,01111000000000000010?????1011011
,0x5b,custom-2,2,61,x0,x0,x0..x31,32,0,1,1,Yes,No,No,UNSAFE,01111010000000000010?????1011011
,0x5b,custom-2,2,62,x0,x0,x0..x31,32,0,0,0,Yes,Yes,Yes,SAFE,01111100000000000010?????1011011
,0x5b,custom-2,2,63,x0,x0,x0..x31,32,0,0,0,Yes,Yes,Yes,SAFE,01111110000000000010?????1011011
,0x5b,custom-2,2,64,x0,x0,x0..x31,32,0,0,1,Yes,Yes,No,UNSAFE,10000000000000000010?????1011011
,0x5b,custom-2,2,65,x0,x0,x0..x31,32,0,1,2,Yes,No,No,UNSAFE,10000010000000000010?????1011011
,0x5b,custom-2,2,66,x0,x0,x0..x31,32,0,0,1,Yes,Yes,No,UNSAFE,10000100000000000010?????1011011
,0x5b,custom-2,2,67,x0,x0,x0..x31,32,0,0,1,Yes,Yes,No,UNSAFE,10000110000000000010?????1011011
,0x5b,custom-2,2,68,x0,x0,x0..x31,32,0,0,1,Yes,Yes,No,UNSAFE,10001000000000000010?????1011011
,0x5b,custom-2,2,69,x0,x0,x0..x31,32,0,1,2,Yes,No,No,UNSAFE,10001010000000000010?????1011011
,0x5b,custom-2,2,70,x0,x0,x0..x31,32,0,0,1,Yes,Yes,No,UNSAFE,10001100000000000010?????1011011
,0x5b,custom-2,2,71,x0,x0,x0..x31,32,0,0,1,Yes,Yes,No,UNSAFE,10001110000000000010?????1011011
,0x5b,custom-2,2,72,x0,x0,x0..x31,32,0,0,1,Yes,Yes,No,UNSAFE,10010000000000000010?????1011011
,0x5b,custom-2,2,73,x0,x0,x0..x31,32,0,1,2,Yes,No,No,UNSAFE,10010010000000000010?????1011011
,0x5b,custom-2,2,74,x0,x0,x0..x31,32,0,0,1,Yes,Yes,No,UNSAFE,10010100000000000010?????1011011
,0x5b,custom-2,2,75,x0,x0,x0..x31,32,0,0,1,Yes,Yes,No,UNSAFE,10010110000000000010?????1011011
,0x5b,custom-2,2,76,x0,x0,x0..x31,32,0,0,1,Yes,Yes,No,UNSAFE,10011000000000000010?????1011011
,0x5b,custom-2,2,77,x0,x0,x0..x31,32,0,1,2,Yes,No,No,UNSAFE,10011010000000000010?????1011011
,0x5b,custom-2,2,78,x0,x0,x0..x31,32,0,0,1,Yes,Yes,No,UNSAFE,10011100000000000010?????1011011
,0x5b,custom-2,2,79,x0,x0,x0..x31,32,0,0,1,Yes,Yes,No,UNSAFE,10011110000000000010?????1011011
,0x5b,custom-2,2,80,x0,x0,x0..x31,32,0,0,1,Yes,Yes,No,UNSAFE,10100000000000000010?????1011011
,0x5b,custom-2,2,81,x0,x0,x0..x31,32,0,1,2,Yes,No,No,UNSAFE,10100010000000000010?????1011011
,0x5b,custom-2,2,82,x0,x0,x0..x31,32,0,0,1,Yes,Yes,No,UNSAFE,10100100000000000010?????1011011
,0x5b,custom-2,2,83,x0,x0,x0..x31,32,0,0,1,Yes,Yes,No,UNSAFE,10100110000000000010?????1011011
,0x5b,custom-2,2,84,x0,x0,x0..x31,32,0,0,1,Yes,Yes,No,UNSAFE,10101000000000000010?????1011011
,0x5b,custom-2,2,85,x0,x0,x0..x31,32,0,1,2,Yes,No,No,UNSAFE,10101010000000000010?????1011011
,0x5b,custom-2,2,86,x0,x0,x0..x31,32,0,0,1,Yes,Yes,No,UNSAFE,10101100000000000010?????1011011
,0x5b,custom-2,2,87,x0,x0,x0..x31,32,0,0,1,Yes,Yes,No,UNSAFE,10101110000000000010?????1011011
,0x5b,custom-2,2,88,x0,x0,x0..x31,32,0,0,1,Yes,Yes,No,UNSAFE,10110000000000000010?????1011011
,0x5b,custom-2,2,89,x0,x0,x0..x31,32,0,1,2,Yes,No,No,UNSAFE,10110010000000000010?????1011011
,0x5b,custom-2,2,90,x0,x0,x0..x31,32,0,0,1,Yes,Yes,No,UNSAFE,10110100000000000010?????1011011
,0x5b,custom-2,2,91,x0,x0,x0..x31,32,0,0,1,Yes,Yes,No,UNSAFE,10110110000000000010?????1011011
,0x5b,custom-2,2,92,x0,x0,x0..x31,32,0,0,1,Yes,Yes,No,UNSAFE,10111000000000000010?????1011011
,0x5b,custom-2,2,93,x0,x0,x0..x31,32,0,1,2,Yes,No,No,UNSAFE,10111010000000000010?????1011011
,0x5b,custom-2,2,94,x0,x0,x0..x31,32,0,0,1,Yes,Yes,No,UNSAFE,10111100000000000010?????1011011
,0x5b,custom-2,2,95,x0,x0,x0..x31,32,0,0,1,Yes,Yes,No,UNSAFE,10111110000000000010?????1011011
,0x5b,custom-2,2,96,x0,x0,x0..x31,32,0,0,0,Yes,Yes,Yes,SAFE,11000000000000000010?????1011011
,0x5b,custom-2,2,97,x0,x0,x0..x31,32,0,1,1,Yes,No,No,UNSAFE,11000010000000000010?????1011011
,0x5b,custom-2,2,98,x0,x0,x0..x31,32,0,0,0,Yes,Yes,Yes,SAFE,11000100000000000010?????1011011
,0x5b,custom-2,2,99,x0,x0,x0..x31,32,0,0,0,Yes,Yes,Yes,SAFE,11000110000000000010?????1011011
,0x5b,custom-2,2,100,x0,x0,x0..x31,32,0,0,0,Yes,Yes,Yes,SAFE,11001000000000000010?????1011011
,0x5b,custom-2,2,101,x0,x0,x0..x31,32,0,1,1,Yes,No,No,UNSAFE,11001010000000000010?????1011011
,0x5b,custom-2,2,102,x0,x0,x0..x31,32,0,0,0,Yes,Yes,Yes,SAFE,11001100000000000010?????1011011
,0x5b,custom-2,2,103,x0,x0,x0..x31,32,0,0,0,Yes,Yes,Yes,SAFE,11001110000000000010?????1011011
,0x5b,custom-2,2,104,x0,x0,x0..x31,32,0,0,0,Yes,Yes,Yes,SAFE,11010000000000000010?????1011011
,0x5b,custom-2,2,105,x0,x0,x0..x31,32,0,1,1,Yes,No,No,UNSAFE,11010010000000000010?????1011011
,0x5b,custom-2,2,106,x0,x0,x0..x31,32,0,0,0,Yes,Yes,Yes,SAFE,11010100000000000010?????1011011
,0x5b,custom-2,2,107,x0,x0,x0..x31,32,0,0,0,Yes,Yes,Yes,SAFE,11010110000000000010?????1011011
,0x5b,custom-2,2,108,x0,x0,x0..x31,32,0,0,0,Yes,Yes,Yes,SAFE,11011000000000000010?????1011011
,0x5b,custom-2,2,109,x0,x0,x0..x31,32,0,1,1,Yes,No,No,UNSAFE,11011010000000000010?????1011011
,0x5b,custom-2,2,110,x0,x0,x0..x31,32,0,0,0,Yes,Yes,Yes,SAFE,11011100000000000010?????1011011
,0x5b,custom-2,2,111,x0,x0,x0..x31,32,0,0,0,Yes,Yes,Yes,SAFE,11011110000000000010?????1011011
,0x5b,custom-2,2,112,x0,x0,x0..x31,32,0,0,0,Yes,Yes,Yes,SAFE,11100000000000000010?????1011011
,0x5b,custom-2,2,113,x0,x0,x0..x31,32,0,1,1,Yes,No,No,UNSAFE,11100010000000000010?????1011011
,0x5b,custom-2,2,114,x0,x0,x0..x31,32,0,0,0,Yes,Yes,Yes,SAFE,11100100000000000010?????1011011
,0x5b,custom-2,2,115,x0,x0,x0..x31,32,0,0,0,Yes,Yes,Yes,SAFE,11100110000000000010?????1011011
,0x5b,custom-2,2,116,x0,x0,x0..x31,32,0,0,0,Yes,Yes,Yes,SAFE,11101000000000000010?????1011011
,0x5b,custom-2,2,117,x0,x0,x0..x31,32,0,1,1,Yes,No,No,UNSAFE,11101010000000000010?????1011011
,0x5b,custom-2,2,118,x0,x0,x0..x31,32,0,0,0,Yes,Yes,Yes,SAFE,11101100000000000010?????1011011
,0x5b,custom-2,2,119,x0,x0,x0..x31,32,0,0,0,Yes,Yes,Yes,SAFE,11101110000000000010?????1011011
,0x5b,custom-2,2,120,x0,x0,x0..x31,32,0,0,0,Yes,Yes,Yes,SAFE,11110000000000000010?????1011011
,0x5b,custom-2,2,121,x0,x0,x0..x31,32,0,1,1,Yes,No,No,UNSAFE,11110010000000000010?????1011011
,0x5b,custom-2,2,122,x0,x0,x0..x31,32,0,0,0,Yes,Yes,Yes,SAFE,11110100000000000010?????1011011
,0x5b,custom-2,2,123,x0,x0,x0..x31,32,0,0,0,Yes,Yes,Yes,SAFE,11110110000000000010?????1011011
,0x5b,custom-2,2,124,x0,x0,x0..x31,32,0,0,0,Yes,Yes,Yes,SAFE,11111000000000000010?????1011011
,0x5b,custom-2,2,125,x0,x0,x0..x31,32,0,1,1,Yes,No,No,UNSAFE,11111010000000000010?????1011011
,0x5b,custom-2,2,126,x0,x0,x0..x31,32,0,0,0,Yes,Yes,Yes,SAFE,11111100000000000010?????1011011
,0x5b,custom-2,2,127,x0,x0,x0..x31,32,0,0,0,Yes,Yes,Yes,SAFE,11111110000000000010?????1011011
,0x5b,custom-2,3,0,x0,x0,x0..x31,32,0,1,1,Yes,No,No,UNSAFE,00000000000000000011?????1011011
,0x5b,custom-2,3,1,x0,x0,x0..x31,32,0,1,1,Yes,No,No,UNSAFE,00000010000000000011?????1011011
,0x5b,custom-2,3,2,x0,x0,x0..x31,32,0,1,1,Yes,No,No,UNSAFE,00000100000000000011?????1011011
,0x5b,custom-2,3,3,x0,x0,x0..x31,32,0,0,0,Yes,Yes,Yes,SAFE,00000110000000000011?????1011011
,0x5b,custom-2,3,4,x0,x0,x0..x31,32,0,0,0,Yes,Yes,Yes,SAFE,00001000000000000011?????1011011
,0x5b,custom-2,3,5,x0,x0,x0..x31,32,0,2,2,Yes,No,No,UNSAFE,00001010000000000011?????1011011
,0x5b,custom-2,3,6,x0,x0,x0..x31,32,0,0,0,Yes,Yes,Yes,SAFE,00001100000000000011?????1011011
,0x5b,custom-2,3,7,x0,x0,x0..x31,32,0,0,0,Yes,Yes,Yes,SAFE,00001110000000000011?????1011011
,0x5b,custom-2,3,8,x0,x0,x0..x31,32,0,0,0,Yes,Yes,Yes,SAFE,00010000000000000011?????1011011
,0x5b,custom-2,3,9,x0,x0,x0..x31,32,0,1,1,Yes,No,No,UNSAFE,00010010000000000011?????1011011
,0x5b,custom-2,3,10,x0,x0,x0..x31,32,0,0,0,Yes,Yes,Yes,SAFE,00010100000000000011?????1011011
,0x5b,custom-2,3,11,x0,x0,x0..x31,32,0,0,0,Yes,Yes,Yes,SAFE,00010110000000000011?????1011011
,0x5b,custom-2,3,12,x0,x0,x0..x31,32,0,0,0,Yes,Yes,Yes,SAFE,00011000000000000011?????1011011
,0x5b,custom-2,3,13,x0,x0,x0..x31,32,0,1,1,Yes,No,No,UNSAFE,00011010000000000011?????1011011
,0x5b,custom-2,3,14,x0,x0,x0..x31,32,0,0,0,Yes,Yes,Yes,SAFE,00011100000000000011?????1011011
,0x5b,custom-2,3,15,x0,x0,x0..x31,32,0,0,0,Yes,Yes,Yes,SAFE,00011110000000000011?????1011011
,0x5b,custom-2,3,16,x0,x0,x0..x31,32,0,0,0,Yes,Yes,Yes,SAFE,00100000000000000011?????1011011
,0x5b,custom-2,3,17,x0,x0,x0..x31,32,0,1,1,Yes,No,No,UNSAFE,00100010000000000011?????1011011
,0x5b,custom-2,3,18,x0,x0,x0..x31,32,0,0,0,Yes,Yes,Yes,SAFE,00100100000000000011?????1011011
,0x5b,custom-2,3,19,x0,x0,x0..x31,32,0,0,0,Yes,Yes,Yes,SAFE,00100110000000000011?????1011011
,0x5b,custom-2,3,20,x0,x0,x0..x31,32,0,0,0,Yes,Yes,Yes,SAFE,00101000000000000011?????1011011
,0x5b,custom-2,3,21,x0,x0,x0..x31,32,0,1,1,Yes,No,No,UNSAFE,00101010000000000011?????1011011
,0x5b,custom-2,3,22,x0,x0,x0..x31,32,0,0,0,Yes,Yes,Yes,SAFE,00101100000000000011?????1011011
,0x5b,custom-2,3,23,x0,x0,x0..x31,32,0,0,0,Yes,Yes,Yes,SAFE,00101110000000000011?????1011011
,0x5b,custom-2,3,24,x0,x0,x0..x31,32,0,0,0,Yes,Yes,Yes,SAFE,00110000000000000011?????1011011
,0x5b,custom-2,3,25,x0,x0,x0..x31,32,0,1,1,Yes,No,No,UNSAFE,00110010000000000011?????1011011
,0x5b,custom-2,3,26,x0,x0,x0..x31,32,0,0,0,Yes,Yes,Yes,SAFE,00110100000000000011?????1011011
,0x5b,custom-2,3,27,x0,x0,x0..x31,32,0,0,0,Yes,Yes,Yes,SAFE,00110110000000000011?????1011011
,0x5b,custom-2,3,28,x0,x0,x0..x31,32,0,0,0,Yes,Yes,Yes,SAFE,00111000000000000011?????1011011
,0x5b,custom-2,3,29,x0,x0,x0..x31,32,0,1,1,Yes,No,No,UNSAFE,00111010000000000011?????1011011
,0x5b,custom-2,3,30,x0,x0,x0..x31,32,0,0,0,Yes,Yes,Yes,SAFE,00111100000000000011?????1011011
,0x5b,custom-2,3,31,x0,x0,x0..x31,32,0,0,0,Yes,Yes,Yes,SAFE,00111110000000000011?????1011011
,0x5b,custom-2,3,32,x0,x0,x0..x31,32,0,0,0,Yes,Yes,Yes,SAFE,01000000000000000011?????1011011
,0x5b,custom-2,3,33,x0,x0,x0..x31,32,0,1,1,Yes,No,No,UNSAFE,01000010000000000011?????1011011
,0x5b,custom-2,3,34,x0,x0,x0..x31,32,0,0,0,Yes,Yes,Yes,SAFE,01000100000000000011?????1011011
,0x5b,custom-2,3,35,x0,x0,x0..x31,32,0,0,0,Yes,Yes,Yes,SAFE,01000110000000000011?????1011011
,0x5b,custom-2,3,36,x0,x0,x0..x31,32,0,0,0,Yes,Yes,Yes,SAFE,01001000000000000011?????1011011
,0x5b,custom-2,3,37,x0,x0,x0..x31,32,0,1,1,Yes,No,No,UNSAFE,01001010000000000011?????1011011
,0x5b,custom-2,3,38,x0,x0,x0..x31,32,0,0,0,Yes,Yes,Yes,SAFE,01001100000000000011?????1011011
,0x5b,custom-2,3,39,x0,x0,x0..x31,32,0,0,0,Yes,Yes,Yes,SAFE,01001110000000000011?????1011011
,0x5b,custom-2,3,40,x0,x0,x0..x31,32,0,0,0,Yes,Yes,Yes,SAFE,01010000000000000011?????1011011
,0x5b,custom-2,3,41,x0,x0,x0..x31,32,0,1,1,Yes,No,No,UNSAFE,01010010000000000011?????1011011
,0x5b,custom-2,3,42,x0,x0,x0..x31,32,0,0,0,Yes,Yes,Yes,SAFE,01010100000000000011?????1011011
,0x5b,custom-2,3,43,x0,x0,x0..x31,32,0,0,0,Yes,Yes,Yes,SAFE,01010110000000000011?????1011011
,0x5b,custom-2,3,44,x0,x0,x0..x31,32,0,0,0,Yes,Yes,Yes,SAFE,01011000000000000011?????1011011
,0x5b,custom-2,3,45,x0,x0,x0..x31,32,0,1,1,Yes,No,No,UNSAFE,01011010000000000011?????1011011
,0x5b,custom-2,3,46,x0,x0,x0..x31,32,0,0,0,Yes,Yes,Yes,SAFE,01011100000000000011?????1011011
,0x5b,custom-2,3,47,x0,x0,x0..x31,32,0,0,0,Yes,Yes,Yes,SAFE,01011110000000000011?????1011011
,0x5b,custom-2,3,48,x0,x0,x0..x31,32,0,0,0,Yes,Yes,Yes,SAFE,01100000000000000011?????1011011
,0x5b,custom-2,3,49,x0,x0,x0..x31,32,0,1,1,Yes,No,No,UNSAFE,01100010000000000011?????1011011
,0x5b,custom-2,3,50,x0,x0,x0..x31,32,0,0,0,Yes,Yes,Yes,SAFE,01100100000000000011?????1011011
,0x5b,custom-2,3,51,x0,x0,x0..x31,32,0,0,0,Yes,Yes,Yes,SAFE,01100110000000000011?????1011011
,0x5b,custom-2,3,52,x0,x0,x0..x31,32,0,0,0,Yes,Yes,Yes,SAFE,01101000000000000011?????1011011
,0x5b,custom-2,3,53,x0,x0,x0..x31,32,0,1,1,Yes,No,No,UNSAFE,01101010000000000011?????1011011
,0x5b,custom-2,3,54,x0,x0,x0..x31,32,0,0,0,Yes,Yes,Yes,SAFE,01101100000000000011?????1011011
,0x5b,custom-2,3,55,x0,x0,x0..x31,32,0,0,0,Yes,Yes,Yes,SAFE,01101110000000000011?????1011011
,0x5b,custom-2,3,56,x0,x0,x0..x31,32,0,0,0,Yes,Yes,Yes,SAFE,01110000000000000011?????1011011
,0x5b,custom-2,3,57,x0,x0,x0..x31,32,0,1,1,Yes,No,No,UNSAFE,01110010000000000011?????1011011
,0x5b,custom-2,3,58,x0,x0,x0..x31,32,0,0,0,Yes,Yes,Yes,SAFE,01110100000000000011?????1011011
,0x5b,custom-2,3,59,x0,x0,x0..x31,32,0,0,0,Yes,Yes,Yes,SAFE,01110110000000000011?????1011011
,0x5b,custom-2,3,60,x0,x0,x0..x31,32,0,0,0,Yes,Yes,Yes,SAFE,01111000000000000011?????1011011
,0x5b,custom-2,3,61,x0,x0,x0..x31,32,0,1,1,Yes,No,No,UNSAFE,01111010000000000011?????1011011
,0x5b,custom-2,3,62,x0,x0,x0..x31,32,0,0,0,Yes,Yes,Yes,SAFE,01111100000000000011?????1011011
,0x5b,custom-2,3,63,x0,x0,x0..x31,32,0,0,0,Yes,Yes,Yes,SAFE,01111110000000000011?????1011011
,0x5b,custom-2,3,64,x0,x0,x0..x31,32,0,0,0,Yes,Yes,Yes,SAFE,10000000000000000011?????1011011
,0x5b,custom-2,3,65,x0,x0,x0..x31,32,0,1,1,Yes,No,No,UNSAFE,10000010000000000011?????1011011
,0x5b,custom-2,3,66,x0,x0,x0..x31,32,0,0,0,Yes,Yes,Yes,SAFE,10000100000000000011?????1011011
,0x5b,custom-2,3,67,x0,x0,x0..x31,32,0,0,0,Yes,Yes,Yes,SAFE,10000110000000000011?????1011011
,0x5b,custom-2,3,68,x0,x0,x0..x31,32,0,0,0,Yes,Yes,Yes,SAFE,10001000000000000011?????1011011
,0x5b,custom-2,3,69,x0,x0,x0..x31,32,0,1,1,Yes,No,No,UNSAFE,10001010000000000011?????1011011
,0x5b,custom-2,3,70,x0,x0,x0..x31,32,0,0,0,Yes,Yes,Yes,SAFE,10001100000000000011?????1011011
,0x5b,custom-2,3,71,x0,x0,x0..x31,32,0,0,0,Yes,Yes,Yes,SAFE,10001110000000000011?????1011011
,0x5b,custom-2,3,72,x0,x0,x0..x31,32,0,0,0,Yes,Yes,Yes,SAFE,10010000000000000011?????1011011
,0x5b,custom-2,3,73,x0,x0,x0..x31,32,0,1,1,Yes,No,No,UNSAFE,10010010000000000011?????1011011
,0x5b,custom-2,3,74,x0,x0,x0..x31,32,0,0,0,Yes,Yes,Yes,SAFE,10010100000000000011?????1011011
,0x5b,custom-2,3,75,x0,x0,x0..x31,32,0,0,0,Yes,Yes,Yes,SAFE,10010110000000000011?????1011011
,0x5b,custom-2,3,76,x0,x0,x0..x31,32,0,0,0,Yes,Yes,Yes,SAFE,10011000000000000011?????1011011
,0x5b,custom-2,3,77,x0,x0,x0..x31,32,0,1,1,Yes,No,No,UNSAFE,10011010000000000011?????1011011
,0x5b,custom-2,3,78,x0,x0,x0..x31,32,0,0,0,Yes,Yes,Yes,SAFE,10011100000000000011?????1011011
,0x5b,custom-2,3,79,x0,x0,x0..x31,32,0,0,0,Yes,Yes,Yes,SAFE,10011110000000000011?????1011011
,0x5b,custom-2,3,80,x0,x0,x0..x31,32,0,0,0,Yes,Yes,Yes,SAFE,10100000000000000011?????1011011
,0x5b,custom-2,3,81,x0,x0,x0..x31,32,0,1,1,Yes,No,No,UNSAFE,10100010000000000011?????1011011
,0x5b,custom-2,3,82,x0,x0,x0..x31,32,0,0,0,Yes,Yes,Yes,SAFE,10100100000000000011?????1011011
,0x5b,custom-2,3,83,x0,x0,x0..x31,32,0,0,0,Yes,Yes,Yes,SAFE,10100110000000000011?????1011011
,0x5b,custom-2,3,84,x0,x0,x0..x31,32,0,0,0,Yes,Yes,Yes,SAFE,10101000000000000011?????1011011
,0x5b,custom-2,3,85,x0,x0,x0..x31,32,0,1,1,Yes,No,No,UNSAFE,10101010000000000011?????1011011
,0x5b,custom-2,3,86,x0,x0,x0..x31,32,0,0,0,Yes,Yes,Yes,SAFE,10101100000000000011?????1011011
,0x5b,custom-2,3,87,x0,x0,x0..x31,32,0,0,0,Yes,Yes,Yes,SAFE,10101110000000000011?????1011011
,0x5b,custom-2,3,88,x0,x0,x0..x31,32,0,0,0,Yes,Yes,Yes,SAFE,10110000000000000011?????1011011
,0x5b,custom-2,3,89,x0,x0,x0..x31,32,0,1,1,Yes,No,No,UNSAFE,10110010000000000011?????1011011
,0x5b,custom-2,3,90,x0,x0,x0..x31,32,0,0,0,Yes,Yes,Yes,SAFE,10110100000000000011?????1011011
,0x5b,custom-2,3,91,x0,x0,x0..x31,32,0,0,0,Yes,Yes,Yes,SAFE,10110110000000000011?????1011011
,0x5b,custom-2,3,92,x0,x0,x0..x31,32,0,0,0,Yes,Yes,Yes,SAFE,10111000000000000011?????1011011
,0x5b,custom-2,3,93,x0,x0,x0..x31,32,0,1,1,Yes,No,No,UNSAFE,10111010000000000011?????1011011
,0x5b,custom-2,3,94,x0,x0,x0..x31,32,0,0,0,Yes,Yes,Yes,SAFE,10111100000000000011?????1011011
,0x5b,custom-2,3,95,x0,x0,x0..x31,32,0,0,0,Yes,Yes,Yes,SAFE,10111110000000000011?????1011011
,0x5b,custom-2,3,96,x0,x0,x0..x31,32,0,0,0,Yes,Yes,Yes,SAFE,11000000000000000011?????1011011
,0x5b,custom-2,3,97,x0,x0,x0..x31,32,0,1,1,Yes,No,No,UNSAFE,11000010000000000011?????1011011
,0x5b,custom-2,3,98,x0,x0,x0..x31,32,0,0,0,Yes,Yes,Yes,SAFE,11000100000000000011?????1011011
,0x5b,custom-2,3,99,x0,x0,x0..x31,32,0,0,0,Yes,Yes,Yes,SAFE,11000110000000000011?????1011011
,0x5b,custom-2,3,100,x0,x0,x0..x31,32,0,0,0,Yes,Yes,Yes,SAFE,11001000000000000011?????1011011
,0x5b,custom-2,3,101,x0,x0,x0..x31,32,0,1,1,Yes,No,No,UNSAFE,11001010000000000011?????1011011
,0x5b,custom-2,3,102,x0,x0,x0..x31,32,0,0,0,Yes,Yes,Yes,SAFE,11001100000000000011?????1011011
,0x5b,custom-2,3,103,x0,x0,x0..x31,32,0,0,0,Yes,Yes,Yes,SAFE,11001110000000000011?????1011011
,0x5b,custom-2,3,104,x0,x0,x0..x31,32,0,0,0,Yes,Yes,Yes,SAFE,11010000000000000011?????1011011
,0x5b,custom-2,3,105,x0,x0,x0..x31,32,0,1,1,Yes,No,No,UNSAFE,11010010000000000011?????1011011
,0x5b,custom-2,3,106,x0,x0,x0..x31,32,0,0,0,Yes,Yes,Yes,SAFE,11010100000000000011?????1011011
,0x5b,custom-2,3,107,x0,x0,x0..x31,32,0,0,0,Yes,Yes,Yes,SAFE,11010110000000000011?????1011011
,0x5b,custom-2,3,108,x0,x0,x0..x31,32,0,0,0,Yes,Yes,Yes,SAFE,11011000000000000011?????1011011
,0x5b,custom-2,3,109,x0,x0,x0..x31,32,0,1,1,Yes,No,No,UNSAFE,11011010000000000011?????1011011
,0x5b,custom-2,3,110,x0,x0,x0..x31,32,0,0,0,Yes,Yes,Yes,SAFE,11011100000000000011?????1011011
,0x5b,custom-2,3,111,x0,x0,x0..x31,32,0,0,0,Yes,Yes,Yes,SAFE,11011110000000000011?????1011011
,0x5b,custom-2,3,112,x0,x0,x0..x31,32,0,0,0,Yes,Yes,Yes,SAFE,11100000000000000011?????1011011
,0x5b,custom-2,3,113,x0,x0,x0..x31,32,0,1,1,Yes,No,No,UNSAFE,11100010000000000011?????1011011
,0x5b,custom-2,3,114,x0,x0,x0..x31,32,0,0,0,Yes,Yes,Yes,SAFE,11100100000000000011?????1011011
,0x5b,custom-2,3,115,x0,x0,x0..x31,32,0,0,0,Yes,Yes,Yes,SAFE,11100110000000000011?????1011011
,0x5b,custom-2,3,116,x0,x0,x0..x31,32,0,0,0,Yes,Yes,Yes,SAFE,11101000000000000011?????1011011
,0x5b,custom-2,3,117,x0,x0,x0..x31,32,0,1,1,Yes,No,No,UNSAFE,11101010000000000011?????1011011
,0x5b,custom-2,3,118,x0,x0,x0..x31,32,0,0,0,Yes,Yes,Yes,SAFE,11101100000000000011?????1011011
,0x5b,custom-2,3,119,x0,x0,x0..x31,32,0,0,0,Yes,Yes,Yes,SAFE,11101110000000000011?????1011011
,0x5b,custom-2,3,120,x0,x0,x0..x31,32,0,0,0,Yes,Yes,Yes,SAFE,11110000000000000011?????1011011
,0x5b,custom-2,3,121,x0,x0,x0..x31,32,0,1,1,Yes,No,No,UNSAFE,11110010000000000011?????1011011
,0x5b,custom-2,3,122,x0,x0,x0..x31,32,0,0,0,Yes,Yes,Yes,SAFE,11110100000000000011?????1011011
,0x5b,custom-2,3,123,x0,x0,x0..x31,32,0,0,0,Yes,Yes,Yes,SAFE,11110110000000000011?????1011011
,0x5b,custom-2,3,124,x0,x0,x0..x31,32,0,0,0,Yes,Yes,Yes,SAFE,11111000000000000011?????1011011
,0x5b,custom-2,3,125,x0,x0,x0..x31,32,0,1,1,Yes,No,No,UNSAFE,11111010000000000011?????1011011
,0x5b,custom-2,3,126,x0,x0,x0..x31,32,0,0,0,Yes,Yes,Yes,SAFE,11111100000000000011?????1011011
,0x5b,custom-2,3,127,x0,x0,x0..x31,32,0,0,0,Yes,Yes,Yes,SAFE,11111110000000000011?????1011011
,0x5b,custom-2,4,0,x0,x0,x0..x31,32,0,1,1,Yes,No,No,UNSAFE,00000000000000000100?????1011011
,0x5b,custom-2,4,1,x0,x0,x0..x31,32,0,0,0,Yes,Yes,Yes,SAFE,00000010000000000100?????1011011
,0x5b,custom-2,4,2,x0,x0,x0..x31,32,0,0,0,Yes,Yes,Yes,SAFE,00000100000000000100?????1011011
,0x5b,custom-2,4,3,x0,x0,x0..x31,32,0,0,0,Yes,Yes,Yes,SAFE,00000110000000000100?????1011011
,0x5b,custom-2,4,4,x0,x0,x0..x31,32,0,1,1,Yes,No,No,UNSAFE,00001000000000000100?????1011011
,0x5b,custom-2,4,5,x0,x0,x0..x31,32,0,1,1,Yes,No,No,UNSAFE,00001010000000000100?????1011011
,0x5b,custom-2,4,6,x0,x0,x0..x31,32,0,0,0,Yes,Yes,Yes,SAFE,00001100000000000100?????1011011
,0x5b,custom-2,4,7,x0,x0,x0..x31,32,0,0,0,Yes,Yes,Yes,SAFE,00001110000000000100?????1011011
,0x5b,custom-2,4,8,x0,x0,x0..x31,32,0,0,0,Yes,Yes,Yes,SAFE,00010000000000000100?????1011011
,0x5b,custom-2,4,9,x0,x0,x0..x31,32,0,0,0,Yes,Yes,Yes,SAFE,00010010000000000100?????1011011
,0x5b,custom-2,4,10,x0,x0,x0..x31,32,0,0,0,Yes,Yes,Yes,SAFE,00010100000000000100?????1011011
,0x5b,custom-2,4,11,x0,x0,x0..x31,32,0,0,0,Yes,Yes,Yes,SAFE,00010110000000000100?????1011011
,0x5b,custom-2,4,12,x0,x0,x0..x31,32,0,0,0,Yes,Yes,Yes,SAFE,00011000000000000100?????1011011
,0x5b,custom-2,4,13,x0,x0,x0..x31,32,0,0,0,Yes,Yes,Yes,SAFE,00011010000000000100?????1011011
,0x5b,custom-2,4,14,x0,x0,x0..x31,32,0,0,0,Yes,Yes,Yes,SAFE,00011100000000000100?????1011011
,0x5b,custom-2,4,15,x0,x0,x0..x31,32,0,0,0,Yes,Yes,Yes,SAFE,00011110000000000100?????1011011
,0x5b,custom-2,4,16,x0,x0,x0..x31,32,0,1,1,Yes,No,No,UNSAFE,00100000000000000100?????1011011
,0x5b,custom-2,4,17,x0,x0,x0..x31,32,0,0,0,Yes,Yes,Yes,SAFE,00100010000000000100?????1011011
,0x5b,custom-2,4,18,x0,x0,x0..x31,32,0,0,0,Yes,Yes,Yes,SAFE,00100100000000000100?????1011011
,0x5b,custom-2,4,19,x0,x0,x0..x31,32,0,0,0,Yes,Yes,Yes,SAFE,00100110000000000100?????1011011
,0x5b,custom-2,4,20,x0,x0,x0..x31,32,0,0,0,Yes,Yes,Yes,SAFE,00101000000000000100?????1011011
,0x5b,custom-2,4,21,x0,x0,x0..x31,32,0,0,0,Yes,Yes,Yes,SAFE,00101010000000000100?????1011011
,0x5b,custom-2,4,22,x0,x0,x0..x31,32,0,0,0,Yes,Yes,Yes,SAFE,00101100000000000100?????1011011
,0x5b,custom-2,4,23,x0,x0,x0..x31,32,0,0,0,Yes,Yes,Yes,SAFE,00101110000000000100?????1011011
,0x5b,custom-2,4,24,x0,x0,x0..x31,32,0,0,0,Yes,Yes,Yes,SAFE,00110000000000000100?????1011011
,0x5b,custom-2,4,25,x0,x0,x0..x31,32,0,0,0,Yes,Yes,Yes,SAFE,00110010000000000100?????1011011
,0x5b,custom-2,4,26,x0,x0,x0..x31,32,0,0,0,Yes,Yes,Yes,SAFE,00110100000000000100?????1011011
,0x5b,custom-2,4,27,x0,x0,x0..x31,32,0,0,0,Yes,Yes,Yes,SAFE,00110110000000000100?????1011011
,0x5b,custom-2,4,28,x0,x0,x0..x31,32,0,0,0,Yes,Yes,Yes,SAFE,00111000000000000100?????1011011
,0x5b,custom-2,4,29,x0,x0,x0..x31,32,0,0,0,Yes,Yes,Yes,SAFE,00111010000000000100?????1011011
,0x5b,custom-2,4,30,x0,x0,x0..x31,32,0,0,0,Yes,Yes,Yes,SAFE,00111100000000000100?????1011011
,0x5b,custom-2,4,31,x0,x0,x0..x31,32,0,0,0,Yes,Yes,Yes,SAFE,00111110000000000100?????1011011
,0x5b,custom-2,4,32,x0,x0,x0..x31,32,0,1,1,Yes,No,No,UNSAFE,01000000000000000100?????1011011
,0x5b,custom-2,4,33,x0,x0,x0..x31,32,0,0,0,Yes,Yes,Yes,SAFE,01000010000000000100?????1011011
,0x5b,custom-2,4,34,x0,x0,x0..x31,32,0,0,0,Yes,Yes,Yes,SAFE,01000100000000000100?????1011011
,0x5b,custom-2,4,35,x0,x0,x0..x31,32,0,0,0,Yes,Yes,Yes,SAFE,01000110000000000100?????1011011
,0x5b,custom-2,4,36,x0,x0,x0..x31,32,0,1,1,Yes,No,No,UNSAFE,01001000000000000100?????1011011
,0x5b,custom-2,4,37,x0,x0,x0..x31,32,0,0,0,Yes,Yes,Yes,SAFE,01001010000000000100?????1011011
,0x5b,custom-2,4,38,x0,x0,x0..x31,32,0,0,0,Yes,Yes,Yes,SAFE,01001100000000000100?????1011011
,0x5b,custom-2,4,39,x0,x0,x0..x31,32,0,0,0,Yes,Yes,Yes,SAFE,01001110000000000100?????1011011
,0x5b,custom-2,4,40,x0,x0,x0..x31,32,0,0,0,Yes,Yes,Yes,SAFE,01010000000000000100?????1011011
,0x5b,custom-2,4,41,x0,x0,x0..x31,32,0,0,0,Yes,Yes,Yes,SAFE,01010010000000000100?????1011011
,0x5b,custom-2,4,42,x0,x0,x0..x31,32,0,0,0,Yes,Yes,Yes,SAFE,01010100000000000100?????1011011
,0x5b,custom-2,4,43,x0,x0,x0..x31,32,0,0,0,Yes,Yes,Yes,SAFE,01010110000000000100?????1011011
,0x5b,custom-2,4,44,x0,x0,x0..x31,32,0,0,0,Yes,Yes,Yes,SAFE,01011000000000000100?????1011011
,0x5b,custom-2,4,45,x0,x0,x0..x31,32,0,0,0,Yes,Yes,Yes,SAFE,01011010000000000100?????1011011
,0x5b,custom-2,4,46,x0,x0,x0..x31,32,0,0,0,Yes,Yes,Yes,SAFE,01011100000000000100?????1011011
,0x5b,custom-2,4,47,x0,x0,x0..x31,32,0,0,0,Yes,Yes,Yes,SAFE,01011110000000000100?????1011011
,0x5b,custom-2,4,48,x0,x0,x0..x31,32,0,0,0,Yes,Yes,Yes,SAFE,01100000000000000100?????1011011
,0x5b,custom-2,4,49,x0,x0,x0..x31,32,0,0,0,Yes,Yes,Yes,SAFE,01100010000000000100?????1011011
,0x5b,custom-2,4,50,x0,x0,x0..x31,32,0,0,0,Yes,Yes,Yes,SAFE,01100100000000000100?????1011011
,0x5b,custom-2,4,51,x0,x0,x0..x31,32,0,0,0,Yes,Yes,Yes,SAFE,01100110000000000100?????1011011
,0x5b,custom-2,4,52,x0,x0,x0..x31,32,0,0,0,Yes,Yes,Yes,SAFE,01101000000000000100?????1011011
,0x5b,custom-2,4,53,x0,x0,x0..x31,32,0,0,0,Yes,Yes,Yes,SAFE,01101010000000000100?????1011011
,0x5b,custom-2,4,54,x0,x0,x0..x31,32,0,0,0,Yes,Yes,Yes,SAFE,01101100000000000100?????1011011
,0x5b,custom-2,4,55,x0,x0,x0..x31,32,0,0,0,Yes,Yes,Yes,SAFE,01101110000000000100?????1011011
,0x5b,custom-2,4,56,x0,x0,x0..x31,32,0,0,0,Yes,Yes,Yes,SAFE,01110000000000000100?????1011011
,0x5b,custom-2,4,57,x0,x0,x0..x31,32,0,0,0,Yes,Yes,Yes,SAFE,01110010000000000100?????1011011
,0x5b,custom-2,4,58,x0,x0,x0..x31,32,0,0,0,Yes,Yes,Yes,SAFE,01110100000000000100?????1011011
,0x5b,custom-2,4,59,x0,x0,x0..x31,32,0,0,0,Yes,Yes,Yes,SAFE,01110110000000000100?????1011011
,0x5b,custom-2,4,60,x0,x0,x0..x31,32,0,0,0,Yes,Yes,Yes,SAFE,01111000000000000100?????1011011
,0x5b,custom-2,4,61,x0,x0,x0..x31,32,0,0,0,Yes,Yes,Yes,SAFE,01111010000000000100?????1011011
,0x5b,custom-2,4,62,x0,x0,x0..x31,32,0,0,0,Yes,Yes,Yes,SAFE,01111100000000000100?????1011011
,0x5b,custom-2,4,63,x0,x0,x0..x31,32,0,0,0,Yes,Yes,Yes,SAFE,01111110000000000100?????1011011
,0x5b,custom-2,4,64,x0,x0,x0..x31,32,0,0,0,Yes,Yes,Yes,SAFE,10000000000000000100?????1011011
,0x5b,custom-2,4,65,x0,x0,x0..x31,32,0,0,0,Yes,Yes,Yes,SAFE,10000010000000000100?????1011011
,0x5b,custom-2,4,66,x0,x0,x0..x31,32,0,0,0,Yes,Yes,Yes,SAFE,10000100000000000100?????1011011
,0x5b,custom-2,4,67,x0,x0,x0..x31,32,0,0,0,Yes,Yes,Yes,SAFE,10000110000000000100?????1011011
,0x5b,custom-2,4,68,x0,x0,x0..x31,32,0,0,0,Yes,Yes,Yes,SAFE,10001000000000000100?????1011011
,0x5b,custom-2,4,69,x0,x0,x0..x31,32,0,0,0,Yes,Yes,Yes,SAFE,10001010000000000100?????1011011
,0x5b,custom-2,4,70,x0,x0,x0..x31,32,0,0,0,Yes,Yes,Yes,SAFE,10001100000000000100?????1011011
,0x5b,custom-2,4,71,x0,x0,x0..x31,32,0,0,0,Yes,Yes,Yes,SAFE,10001110000000000100?????1011011
,0x5b,custom-2,4,72,x0,x0,x0..x31,32,0,0,0,Yes,Yes,Yes,SAFE,10010000000000000100?????1011011
,0x5b,custom-2,4,73,x0,x0,x0..x31,32,0,0,0,Yes,Yes,Yes,SAFE,10010010000000000100?????1011011
,0x5b,custom-2,4,74,x0,x0,x0..x31,32,0,0,0,Yes,Yes,Yes,SAFE,10010100000000000100?????1011011
,0x5b,custom-2,4,75,x0,x0,x0..x31,32,0,0,0,Yes,Yes,Yes,SAFE,10010110000000000100?????1011011
,0x5b,custom-2,4,76,x0,x0,x0..x31,32,0,0,0,Yes,Yes,Yes,SAFE,10011000000000000100?????1011011
,0x5b,custom-2,4,77,x0,x0,x0..x31,32,0,0,0,Yes,Yes,Yes,SAFE,10011010000000000100?????1011011
,0x5b,custom-2,4,78,x0,x0,x0..x31,32,0,0,0,Yes,Yes,Yes,SAFE,10011100000000000100?????1011011
,0x5b,custom-2,4,79,x0,x0,x0..x31,32,0,0,0,Yes,Yes,Yes,SAFE,10011110000000000100?????1011011
,0x5b,custom-2,4,80,x0,x0,x0..x31,32,0,0,0,Yes,Yes,Yes,SAFE,10100000000000000100?????1011011
,0x5b,custom-2,4,81,x0,x0,x0..x31,32,0,0,0,Yes,Yes,Yes,SAFE,10100010000000000100?????1011011
,0x5b,custom-2,4,82,x0,x0,x0..x31,32,0,0,0,Yes,Yes,Yes,SAFE,10100100000000000100?????1011011
,0x5b,custom-2,4,83,x0,x0,x0..x31,32,0,0,0,Yes,Yes,Yes,SAFE,10100110000000000100?????1011011
,0x5b,custom-2,4,84,x0,x0,x0..x31,32,0,0,0,Yes,Yes,Yes,SAFE,10101000000000000100?????1011011
,0x5b,custom-2,4,85,x0,x0,x0..x31,32,0,0,0,Yes,Yes,Yes,SAFE,10101010000000000100?????1011011
,0x5b,custom-2,4,86,x0,x0,x0..x31,32,0,0,0,Yes,Yes,Yes,SAFE,10101100000000000100?????1011011
,0x5b,custom-2,4,87,x0,x0,x0..x31,32,0,0,0,Yes,Yes,Yes,SAFE,10101110000000000100?????1011011
,0x5b,custom-2,4,88,x0,x0,x0..x31,32,0,0,0,Yes,Yes,Yes,SAFE,10110000000000000100?????1011011
,0x5b,custom-2,4,89,x0,x0,x0..x31,32,0,0,0,Yes,Yes,Yes,SAFE,10110010000000000100?????1011011
,0x5b,custom-2,4,90,x0,x0,x0..x31,32,0,0,0,Yes,Yes,Yes,SAFE,10110100000000000100?????1011011
,0x5b,custom-2,4,91,x0,x0,x0..x31,32,0,0,0,Yes,Yes,Yes,SAFE,10110110000000000100?????1011011
,0x5b,custom-2,4,92,x0,x0,x0..x31,32,0,0,0,Yes,Yes,Yes,SAFE,10111000000000000100?????1011011
,0x5b,custom-2,4,93,x0,x0,x0..x31,32,0,0,0,Yes,Yes,Yes,SAFE,10111010000000000100?????1011011
,0x5b,custom-2,4,94,x0,x0,x0..x31,32,0,0,0,Yes,Yes,Yes,SAFE,10111100000000000100?????1011011
,0x5b,custom-2,4,95,x0,x0,x0..x31,32,0,0,0,Yes,Yes,Yes,SAFE,10111110000000000100?????1011011
,0x5b,custom-2,4,96,x0,x0,x0..x31,32,0,0,0,Yes,Yes,Yes,SAFE,11000000000000000100?????1011011
,0x5b,custom-2,4,97,x0,x0,x0..x31,32,0,0,0,Yes,Yes,Yes,SAFE,11000010000000000100?????1011011
,0x5b,custom-2,4,98,x0,x0,x0..x31,32,0,0,0,Yes,Yes,Yes,SAFE,11000100000000000100?????1011011
,0x5b,custom-2,4,99,x0,x0,x0..x31,32,0,0,0,Yes,Yes,Yes,SAFE,11000110000000000100?????1011011
,0x5b,custom-2,4,100,x0,x0,x0..x31,32,0,0,0,Yes,Yes,Yes,SAFE,11001000000000000100?????1011011
,0x5b,custom-2,4,101,x0,x0,x0..x31,32,0,0,0,Yes,Yes,Yes,SAFE,11001010000000000100?????1011011
,0x5b,custom-2,4,102,x0,x0,x0..x31,32,0,0,0,Yes,Yes,Yes,SAFE,11001100000000000100?????1011011
,0x5b,custom-2,4,103,x0,x0,x0..x31,32,0,0,0,Yes,Yes,Yes,SAFE,11001110000000000100?????1011011
,0x5b,custom-2,4,104,x0,x0,x0..x31,32,0,0,0,Yes,Yes,Yes,SAFE,11010000000000000100?????1011011
,0x5b,custom-2,4,105,x0,x0,x0..x31,32,0,0,0,Yes,Yes,Yes,SAFE,11010010000000000100?????1011011
,0x5b,custom-2,4,106,x0,x0,x0..x31,32,0,0,0,Yes,Yes,Yes,SAFE,11010100000000000100?????1011011
,0x5b,custom-2,4,107,x0,x0,x0..x31,32,0,0,0,Yes,Yes,Yes,SAFE,11010110000000000100?????1011011
,0x5b,custom-2,4,108,x0,x0,x0..x31,32,0,0,0,Yes,Yes,Yes,SAFE,11011000000000000100?????1011011
,0x5b,custom-2,4,109,x0,x0,x0..x31,32,0,0,0,Yes,Yes,Yes,SAFE,11011010000000000100?????1011011
,0x5b,custom-2,4,110,x0,x0,x0..x31,32,0,0,0,Yes,Yes,Yes,SAFE,11011100000000000100?????1011011
,0x5b,custom-2,4,111,x0,x0,x0..x31,32,0,0,0,Yes,Yes,Yes,SAFE,11011110000000000100?????1011011
,0x5b,custom-2,4,112,x0,x0,x0..x31,32,0,0,0,Yes,Yes,Yes,SAFE,11100000000000000100?????1011011
,0x5b,custom-2,4,113,x0,x0,x0..x31,32,0,0,0,Yes,Yes,Yes,SAFE,11100010000000000100?????1011011
,0x5b,custom-2,4,114,x0,x0,x0..x31,32,0,0,0,Yes,Yes,Yes,SAFE,11100100000000000100?????1011011
,0x5b,custom-2,4,115,x0,x0,x0..x31,32,0,0,0,Yes,Yes,Yes,SAFE,11100110000000000100?????1011011
,0x5b,custom-2,4,116,x0,x0,x0..x31,32,0,0,0,Yes,Yes,Yes,SAFE,11101000000000000100?????1011011
,0x5b,custom-2,4,117,x0,x0,x0..x31,32,0,0,0,Yes,Yes,Yes,SAFE,11101010000000000100?????1011011
,0x5b,custom-2,4,118,x0,x0,x0..x31,32,0,0,0,Yes,Yes,Yes,SAFE,11101100000000000100?????1011011
,0x5b,custom-2,4,119,x0,x0,x0..x31,32,0,0,0,Yes,Yes,Yes,SAFE,11101110000000000100?????1011011
,0x5b,custom-2,4,120,x0,x0,x0..x31,32,0,0,0,Yes,Yes,Yes,SAFE,11110000000000000100?????1011011
,0x5b,custom-2,4,121,x0,x0,x0..x31,32,0,0,0,Yes,Yes,Yes,SAFE,11110010000000000100?????1011011
,0x5b,custom-2,4,122,x0,x0,x0..x31,32,0,0,0,Yes,Yes,Yes,SAFE,11110100000000000100?????1011011
,0x5b,custom-2,4,123,x0,x0,x0..x31,32,0,0,0,Yes,Yes,Yes,SAFE,11110110000000000100?????1011011
,0x5b,custom-2,4,124,x0,x0,x0..x31,32,0,0,0,Yes,Yes,Yes,SAFE,11111000000000000100?????1011011
,0x5b,custom-2,4,125,x0,x0,x0..x31,32,0,0,0,Yes,Yes,Yes,SAFE,11111010000000000100?????1011011
,0x5b,custom-2,4,126,x0,x0,x0..x31,32,0,0,0,Yes,Yes,Yes,SAFE,11111100000000000100?????1011011
,0x5b,custom-2,4,127,x0,x0,x0..x31,32,0,0,0,Yes,Yes,Yes,SAFE,11111110000000000100?????1011011
,0x5b,custom-2,5,0,x0,x0,x0..x31,32,0,1,1,Yes,No,No,UNSAFE,00000000000000000101?????1011011
,0x5b,custom-2,5,1,x0,x0,x0..x31,32,0,0,0,Yes,Yes,Yes,SAFE,00000010000000000101?????1011011
,0x5b,custom-2,5,2,x0,x0,x0..x31,32,0,0,0,Yes,Yes,Yes,SAFE,00000100000000000101?????1011011
,0x5b,custom-2,5,3,x0,x0,x0..x31,32,0,0,0,Yes,Yes,Yes,SAFE,00000110000000000101?????1011011
,0x5b,custom-2,5,4,x0,x0,x0..x31,32,0,1,1,Yes,No,No,UNSAFE,00001000000000000101?????1011011
,0x5b,custom-2,5,5,x0,x0,x0..x31,32,0,1,1,Yes,No,No,UNSAFE,00001010000000000101?????1011011
,0x5b,custom-2,5,6,x0,x0,x0..x31,32,0,0,0,Yes,Yes,Yes,SAFE,00001100000000000101?????1011011
,0x5b,custom-2,5,7,x0,x0,x0..x31,32,0,0,0,Yes,Yes,Yes,SAFE,00001110000000000101?????1011011
,0x5b,custom-2,5,8,x0,x0,x0..x31,32,0,0,0,Yes,Yes,Yes,SAFE,00010000000000000101?????1011011
,0x5b,custom-2,5,9,x0,x0,x0..x31,32,0,0,0,Yes,Yes,Yes,SAFE,00010010000000000101?????1011011
,0x5b,custom-2,5,10,x0,x0,x0..x31,32,0,0,0,Yes,Yes,Yes,SAFE,00010100000000000101?????1011011
,0x5b,custom-2,5,11,x0,x0,x0..x31,32,0,0,0,Yes,Yes,Yes,SAFE,00010110000000000101?????1011011
,0x5b,custom-2,5,12,x0,x0,x0..x31,32,0,0,0,Yes,Yes,Yes,SAFE,00011000000000000101?????1011011
,0x5b,custom-2,5,13,x0,x0,x0..x31,32,0,0,0,Yes,Yes,Yes,SAFE,00011010000000000101?????1011011
,0x5b,custom-2,5,14,x0,x0,x0..x31,32,0,0,0,Yes,Yes,Yes,SAFE,00011100000000000101?????1011011
,0x5b,custom-2,5,15,x0,x0,x0..x31,32,0,0,0,Yes,Yes,Yes,SAFE,00011110000000000101?????1011011
,0x5b,custom-2,5,16,x0,x0,x0..x31,32,0,1,1,Yes,No,No,UNSAFE,00100000000000000101?????1011011
,0x5b,custom-2,5,17,x0,x0,x0..x31,32,0,0,0,Yes,Yes,Yes,SAFE,00100010000000000101?????1011011
,0x5b,custom-2,5,18,x0,x0,x0..x31,32,0,0,0,Yes,Yes,Yes,SAFE,00100100000000000101?????1011011
,0x5b,custom-2,5,19,x0,x0,x0..x31,32,0,0,0,Yes,Yes,Yes,SAFE,00100110000000000101?????1011011
,0x5b,custom-2,5,20,x0,x0,x0..x31,32,0,1,1,Yes,No,No,UNSAFE,00101000000000000101?????1011011
,0x5b,custom-2,5,21,x0,x0,x0..x31,32,0,0,0,Yes,Yes,Yes,SAFE,00101010000000000101?????1011011
,0x5b,custom-2,5,22,x0,x0,x0..x31,32,0,0,0,Yes,Yes,Yes,SAFE,00101100000000000101?????1011011
,0x5b,custom-2,5,23,x0,x0,x0..x31,32,0,0,0,Yes,Yes,Yes,SAFE,00101110000000000101?????1011011
,0x5b,custom-2,5,24,x0,x0,x0..x31,32,0,0,0,Yes,Yes,Yes,SAFE,00110000000000000101?????1011011
,0x5b,custom-2,5,25,x0,x0,x0..x31,32,0,0,0,Yes,Yes,Yes,SAFE,00110010000000000101?????1011011
,0x5b,custom-2,5,26,x0,x0,x0..x31,32,0,0,0,Yes,Yes,Yes,SAFE,00110100000000000101?????1011011
,0x5b,custom-2,5,27,x0,x0,x0..x31,32,0,0,0,Yes,Yes,Yes,SAFE,00110110000000000101?????1011011
,0x5b,custom-2,5,28,x0,x0,x0..x31,32,0,0,0,Yes,Yes,Yes,SAFE,00111000000000000101?????1011011
,0x5b,custom-2,5,29,x0,x0,x0..x31,32,0,0,0,Yes,Yes,Yes,SAFE,00111010000000000101?????1011011
,0x5b,custom-2,5,30,x0,x0,x0..x31,32,0,0,0,Yes,Yes,Yes,SAFE,00111100000000000101?????1011011
,0x5b,custom-2,5,31,x0,x0,x0..x31,32,0,0,0,Yes,Yes,Yes,SAFE,00111110000000000101?????1011011
,0x5b,custom-2,5,32,x0,x0,x0..x31,32,0,1,1,Yes,No,No,UNSAFE,01000000000000000101?????1011011
,0x5b,custom-2,5,33,x0,x0,x0..x31,32,0,0,0,Yes,Yes,Yes,SAFE,01000010000000000101?????1011011
,0x5b,custom-2,5,34,x0,x0,x0..x31,32,0,0,0,Yes,Yes,Yes,SAFE,01000100000000000101?????1011011
,0x5b,custom-2,5,35,x0,x0,x0..x31,32,0,0,0,Yes,Yes,Yes,SAFE,01000110000000000101?????1011011
,0x5b,custom-2,5,36,x0,x0,x0..x31,32,0,1,1,Yes,No,No,UNSAFE,01001000000000000101?????1011011
,0x5b,custom-2,5,37,x0,x0,x0..x31,32,0,0,0,Yes,Yes,Yes,SAFE,01001010000000000101?????1011011
,0x5b,custom-2,5,38,x0,x0,x0..x31,32,0,0,0,Yes,Yes,Yes,SAFE,01001100000000000101?????1011011
,0x5b,custom-2,5,39,x0,x0,x0..x31,32,0,0,0,Yes,Yes,Yes,SAFE,01001110000000000101?????1011011
,0x5b,custom-2,5,40,x0,x0,x0..x31,32,0,0,0,Yes,Yes,Yes,SAFE,01010000000000000101?????1011011
,0x5b,custom-2,5,41,x0,x0,x0..x31,32,0,0,0,Yes,Yes,Yes,SAFE,01010010000000000101?????1011011
,0x5b,custom-2,5,42,x0,x0,x0..x31,32,0,0,0,Yes,Yes,Yes,SAFE,01010100000000000101?????1011011
,0x5b,custom-2,5,43,x0,x0,x0..x31,32,0,0,0,Yes,Yes,Yes,SAFE,01010110000000000101?????1011011
,0x5b,custom-2,5,44,x0,x0,x0..x31,32,0,0,0,Yes,Yes,Yes,SAFE,01011000000000000101?????1011011
,0x5b,custom-2,5,45,x0,x0,x0..x31,32,0,0,0,Yes,Yes,Yes,SAFE,01011010000000000101?????1011011
,0x5b,custom-2,5,46,x0,x0,x0..x31,32,0,0,0,Yes,Yes,Yes,SAFE,01011100000000000101?????1011011
,0x5b,custom-2,5,47,x0,x0,x0..x31,32,0,0,0,Yes,Yes,Yes,SAFE,01011110000000000101?????1011011
,0x5b,custom-2,5,48,x0,x0,x0..x31,32,0,1,1,Yes,No,No,UNSAFE,01100000000000000101?????1011011
,0x5b,custom-2,5,49,x0,x0,x0..x31,32,0,0,0,Yes,Yes,Yes,SAFE,01100010000000000101?????1011011
,0x5b,custom-2,5,50,x0,x0,x0..x31,32,0,0,0,Yes,Yes,Yes,SAFE,01100100000000000101?????1011011
,0x5b,custom-2,5,51,x0,x0,x0..x31,32,0,0,0,Yes,Yes,Yes,SAFE,01100110000000000101?????1011011
,0x5b,custom-2,5,52,x0,x0,x0..x31,32,0,1,1,Yes,No,No,UNSAFE,01101000000000000101?????1011011
,0x5b,custom-2,5,53,x0,x0,x0..x31,32,0,0,0,Yes,Yes,Yes,SAFE,01101010000000000101?????1011011
,0x5b,custom-2,5,54,x0,x0,x0..x31,32,0,0,0,Yes,Yes,Yes,SAFE,01101100000000000101?????1011011
,0x5b,custom-2,5,55,x0,x0,x0..x31,32,0,0,0,Yes,Yes,Yes,SAFE,01101110000000000101?????1011011
,0x5b,custom-2,5,56,x0,x0,x0..x31,32,0,0,0,Yes,Yes,Yes,SAFE,01110000000000000101?????1011011
,0x5b,custom-2,5,57,x0,x0,x0..x31,32,0,0,0,Yes,Yes,Yes,SAFE,01110010000000000101?????1011011
,0x5b,custom-2,5,58,x0,x0,x0..x31,32,0,0,0,Yes,Yes,Yes,SAFE,01110100000000000101?????1011011
,0x5b,custom-2,5,59,x0,x0,x0..x31,32,0,0,0,Yes,Yes,Yes,SAFE,01110110000000000101?????1011011
,0x5b,custom-2,5,60,x0,x0,x0..x31,32,0,0,0,Yes,Yes,Yes,SAFE,01111000000000000101?????1011011
,0x5b,custom-2,5,61,x0,x0,x0..x31,32,0,0,0,Yes,Yes,Yes,SAFE,01111010000000000101?????1011011
,0x5b,custom-2,5,62,x0,x0,x0..x31,32,0,0,0,Yes,Yes,Yes,SAFE,01111100000000000101?????1011011
,0x5b,custom-2,5,63,x0,x0,x0..x31,32,0,0,0,Yes,Yes,Yes,SAFE,01111110000000000101?????1011011
,0x5b,custom-2,5,64,x0,x0,x0..x31,32,0,0,0,Yes,Yes,Yes,SAFE,10000000000000000101?????1011011
,0x5b,custom-2,5,65,x0,x0,x0..x31,32,0,0,0,Yes,Yes,Yes,SAFE,10000010000000000101?????1011011
,0x5b,custom-2,5,66,x0,x0,x0..x31,32,0,0,0,Yes,Yes,Yes,SAFE,10000100000000000101?????1011011
,0x5b,custom-2,5,67,x0,x0,x0..x31,32,0,0,0,Yes,Yes,Yes,SAFE,10000110000000000101?????1011011
,0x5b,custom-2,5,68,x0,x0,x0..x31,32,0,0,0,Yes,Yes,Yes,SAFE,10001000000000000101?????1011011
,0x5b,custom-2,5,69,x0,x0,x0..x31,32,0,0,0,Yes,Yes,Yes,SAFE,10001010000000000101?????1011011
,0x5b,custom-2,5,70,x0,x0,x0..x31,32,0,0,0,Yes,Yes,Yes,SAFE,10001100000000000101?????1011011
,0x5b,custom-2,5,71,x0,x0,x0..x31,32,0,0,0,Yes,Yes,Yes,SAFE,10001110000000000101?????1011011
,0x5b,custom-2,5,72,x0,x0,x0..x31,32,0,0,0,Yes,Yes,Yes,SAFE,10010000000000000101?????1011011
,0x5b,custom-2,5,73,x0,x0,x0..x31,32,0,0,0,Yes,Yes,Yes,SAFE,10010010000000000101?????1011011
,0x5b,custom-2,5,74,x0,x0,x0..x31,32,0,0,0,Yes,Yes,Yes,SAFE,10010100000000000101?????1011011
,0x5b,custom-2,5,75,x0,x0,x0..x31,32,0,0,0,Yes,Yes,Yes,SAFE,10010110000000000101?????1011011
,0x5b,custom-2,5,76,x0,x0,x0..x31,32,0,0,0,Yes,Yes,Yes,SAFE,10011000000000000101?????1011011
,0x5b,custom-2,5,77,x0,x0,x0..x31,32,0,0,0,Yes,Yes,Yes,SAFE,10011010000000000101?????1011011
,0x5b,custom-2,5,78,x0,x0,x0..x31,32,0,0,0,Yes,Yes,Yes,SAFE,10011100000000000101?????1011011
,0x5b,custom-2,5,79,x0,x0,x0..x31,32,0,0,0,Yes,Yes,Yes,SAFE,10011110000000000101?????1011011
,0x5b,custom-2,5,80,x0,x0,x0..x31,32,0,0,0,Yes,Yes,Yes,SAFE,10100000000000000101?????1011011
,0x5b,custom-2,5,81,x0,x0,x0..x31,32,0,0,0,Yes,Yes,Yes,SAFE,10100010000000000101?????1011011
,0x5b,custom-2,5,82,x0,x0,x0..x31,32,0,0,0,Yes,Yes,Yes,SAFE,10100100000000000101?????1011011
,0x5b,custom-2,5,83,x0,x0,x0..x31,32,0,0,0,Yes,Yes,Yes,SAFE,10100110000000000101?????1011011
,0x5b,custom-2,5,84,x0,x0,x0..x31,32,0,0,0,Yes,Yes,Yes,SAFE,10101000000000000101?????1011011
,0x5b,custom-2,5,85,x0,x0,x0..x31,32,0,0,0,Yes,Yes,Yes,SAFE,10101010000000000101?????1011011
,0x5b,custom-2,5,86,x0,x0,x0..x31,32,0,0,0,Yes,Yes,Yes,SAFE,10101100000000000101?????1011011
,0x5b,custom-2,5,87,x0,x0,x0..x31,32,0,0,0,Yes,Yes,Yes,SAFE,10101110000000000101?????1011011
,0x5b,custom-2,5,88,x0,x0,x0..x31,32,0,0,0,Yes,Yes,Yes,SAFE,10110000000000000101?????1011011
,0x5b,custom-2,5,89,x0,x0,x0..x31,32,0,0,0,Yes,Yes,Yes,SAFE,10110010000000000101?????1011011
,0x5b,custom-2,5,90,x0,x0,x0..x31,32,0,0,0,Yes,Yes,Yes,SAFE,10110100000000000101?????1011011
,0x5b,custom-2,5,91,x0,x0,x0..x31,32,0,0,0,Yes,Yes,Yes,SAFE,10110110000000000101?????1011011
,0x5b,custom-2,5,92,x0,x0,x0..x31,32,0,0,0,Yes,Yes,Yes,SAFE,10111000000000000101?????1011011
,0x5b,custom-2,5,93,x0,x0,x0..x31,32,0,0,0,Yes,Yes,Yes,SAFE,10111010000000000101?????1011011
,0x5b,custom-2,5,94,x0,x0,x0..x31,32,0,0,0,Yes,Yes,Yes,SAFE,10111100000000000101?????1011011
,0x5b,custom-2,5,95,x0,x0,x0..x31,32,0,0,0,Yes,Yes,Yes,SAFE,10111110000000000101?????1011011
,0x5b,custom-2,5,96,x0,x0,x0..x31,32,0,0,0,Yes,Yes,Yes,SAFE,11000000000000000101?????1011011
,0x5b,custom-2,5,97,x0,x0,x0..x31,32,0,0,0,Yes,Yes,Yes,SAFE,11000010000000000101?????1011011
,0x5b,custom-2,5,98,x0,x0,x0..x31,32,0,0,0,Yes,Yes,Yes,SAFE,11000100000000000101?????1011011
,0x5b,custom-2,5,99,x0,x0,x0..x31,32,0,0,0,Yes,Yes,Yes,SAFE,11000110000000000101?????1011011
,0x5b,custom-2,5,100,x0,x0,x0..x31,32,0,0,0,Yes,Yes,Yes,SAFE,11001000000000000101?????1011011
,0x5b,custom-2,5,101,x0,x0,x0..x31,32,0,0,0,Yes,Yes,Yes,SAFE,11001010000000000101?????1011011
,0x5b,custom-2,5,102,x0,x0,x0..x31,32,0,0,0,Yes,Yes,Yes,SAFE,11001100000000000101?????1011011
,0x5b,custom-2,5,103,x0,x0,x0..x31,32,0,0,0,Yes,Yes,Yes,SAFE,11001110000000000101?????1011011
,0x5b,custom-2,5,104,x0,x0,x0..x31,32,0,0,0,Yes,Yes,Yes,SAFE,11010000000000000101?????1011011
,0x5b,custom-2,5,105,x0,x0,x0..x31,32,0,0,0,Yes,Yes,Yes,SAFE,11010010000000000101?????1011011
,0x5b,custom-2,5,106,x0,x0,x0..x31,32,0,0,0,Yes,Yes,Yes,SAFE,11010100000000000101?????1011011
,0x5b,custom-2,5,107,x0,x0,x0..x31,32,0,0,0,Yes,Yes,Yes,SAFE,11010110000000000101?????1011011
,0x5b,custom-2,5,108,x0,x0,x0..x31,32,0,0,0,Yes,Yes,Yes,SAFE,11011000000000000101?????1011011
,0x5b,custom-2,5,109,x0,x0,x0..x31,32,0,0,0,Yes,Yes,Yes,SAFE,11011010000000000101?????1011011
,0x5b,custom-2,5,110,x0,x0,x0..x31,32,0,0,0,Yes,Yes,Yes,SAFE,11011100000000000101?????1011011
,0x5b,custom-2,5,111,x0,x0,x0..x31,32,0,0,0,Yes,Yes,Yes,SAFE,11011110000000000101?????1011011
,0x5b,custom-2,5,112,x0,x0,x0..x31,32,0,0,0,Yes,Yes,Yes,SAFE,11100000000000000101?????1011011
,0x5b,custom-2,5,113,x0,x0,x0..x31,32,0,0,0,Yes,Yes,Yes,SAFE,11100010000000000101?????1011011
,0x5b,custom-2,5,114,x0,x0,x0..x31,32,0,0,0,Yes,Yes,Yes,SAFE,11100100000000000101?????1011011
,0x5b,custom-2,5,115,x0,x0,x0..x31,32,0,0,0,Yes,Yes,Yes,SAFE,11100110000000000101?????1011011
,0x5b,custom-2,5,116,x0,x0,x0..x31,32,0,0,0,Yes,Yes,Yes,SAFE,11101000000000000101?????1011011
,0x5b,custom-2,5,117,x0,x0,x0..x31,32,0,0,0,Yes,Yes,Yes,SAFE,11101010000000000101?????1011011
,0x5b,custom-2,5,118,x0,x0,x0..x31,32,0,0,0,Yes,Yes,Yes,SAFE,11101100000000000101?????1011011
,0x5b,custom-2,5,119,x0,x0,x0..x31,32,0,0,0,Yes,Yes,Yes,SAFE,11101110000000000101?????1011011
,0x5b,custom-2,5,120,x0,x0,x0..x31,32,0,0,0,Yes,Yes,Yes,SAFE,11110000000000000101?????1011011
,0x5b,custom-2,5,121,x0,x0,x0..x31,32,0,0,0,Yes,Yes,Yes,SAFE,11110010000000000101?????1011011
,0x5b,custom-2,5,122,x0,x0,x0..x31,32,0,0,0,Yes,Yes,Yes,SAFE,11110100000000000101?????1011011
,0x5b,custom-2,5,123,x0,x0,x0..x31,32,0,0,0,Yes,Yes,Yes,SAFE,11110110000000000101?????1011011
,0x5b,custom-2,5,124,x0,x0,x0..x31,32,0,0,0,Yes,Yes,Yes,SAFE,11111000000000000101?????1011011
,0x5b,custom-2,5,125,x0,x0,x0..x31,32,0,0,0,Yes,Yes,Yes,SAFE,11111010000000000101?????1011011
,0x5b,custom-2,5,126,x0,x0,x0..x31,32,0,0,0,Yes,Yes,Yes,SAFE,11111100000000000101?????1011011
,0x5b,custom-2,5,127,x0,x0,x0..x31,32,0,0,0,Yes,Yes,Yes,SAFE,11111110000000000101?????1011011
,0x5b,custom-2,6,0,x0,x0,x0..x31,32,0,1,1,Yes,No,No,UNSAFE,00000000000000000110?????1011011
,0x5b,custom-2,6,1,x0,x0,x0..x31,32,0,0,0,Yes,Yes,Yes,SAFE,00000010000000000110?????1011011
,0x5b,custom-2,6,2,x0,x0,x0..x31,32,0,0,0,Yes,Yes,Yes,SAFE,00000100000000000110?????1011011
,0x5b,custom-2,6,3,x0,x0,x0..x31,32,0,0,0,Yes,Yes,Yes,SAFE,00000110000000000110?????1011011
,0x5b,custom-2,6,4,x0,x0,x0..x31,32,0,1,1,Yes,No,No,UNSAFE,00001000000000000110?????1011011
,0x5b,custom-2,6,5,x0,x0,x0..x31,32,0,1,1,Yes,No,No,UNSAFE,00001010000000000110?????1011011
,0x5b,custom-2,6,6,x0,x0,x0..x31,32,0,0,0,Yes,Yes,Yes,SAFE,00001100000000000110?????1011011
,0x5b,custom-2,6,7,x0,x0,x0..x31,32,0,0,0,Yes,Yes,Yes,SAFE,00001110000000000110?????1011011
,0x5b,custom-2,6,8,x0,x0,x0..x31,32,0,0,0,Yes,Yes,Yes,SAFE,00010000000000000110?????1011011
,0x5b,custom-2,6,9,x0,x0,x0..x31,32,0,0,0,Yes,Yes,Yes,SAFE,00010010000000000110?????1011011
,0x5b,custom-2,6,10,x0,x0,x0..x31,32,0,0,0,Yes,Yes,Yes,SAFE,00010100000000000110?????1011011
,0x5b,custom-2,6,11,x0,x0,x0..x31,32,0,0,0,Yes,Yes,Yes,SAFE,00010110000000000110?????1011011
,0x5b,custom-2,6,12,x0,x0,x0..x31,32,0,0,0,Yes,Yes,Yes,SAFE,00011000000000000110?????1011011
,0x5b,custom-2,6,13,x0,x0,x0..x31,32,0,0,0,Yes,Yes,Yes,SAFE,00011010000000000110?????1011011
,0x5b,custom-2,6,14,x0,x0,x0..x31,32,0,0,0,Yes,Yes,Yes,SAFE,00011100000000000110?????1011011
,0x5b,custom-2,6,15,x0,x0,x0..x31,32,0,0,0,Yes,Yes,Yes,SAFE,00011110000000000110?????1011011
,0x5b,custom-2,6,16,x0,x0,x0..x31,32,0,1,1,Yes,No,No,UNSAFE,00100000000000000110?????1011011
,0x5b,custom-2,6,17,x0,x0,x0..x31,32,0,0,0,Yes,Yes,Yes,SAFE,00100010000000000110?????1011011
,0x5b,custom-2,6,18,x0,x0,x0..x31,32,0,0,0,Yes,Yes,Yes,SAFE,00100100000000000110?????1011011
,0x5b,custom-2,6,19,x0,x0,x0..x31,32,0,0,0,Yes,Yes,Yes,SAFE,00100110000000000110?????1011011
,0x5b,custom-2,6,20,x0,x0,x0..x31,32,0,0,0,Yes,Yes,Yes,SAFE,00101000000000000110?????1011011
,0x5b,custom-2,6,21,x0,x0,x0..x31,32,0,0,0,Yes,Yes,Yes,SAFE,00101010000000000110?????1011011
,0x5b,custom-2,6,22,x0,x0,x0..x31,32,0,0,0,Yes,Yes,Yes,SAFE,00101100000000000110?????1011011
,0x5b,custom-2,6,23,x0,x0,x0..x31,32,0,0,0,Yes,Yes,Yes,SAFE,00101110000000000110?????1011011
,0x5b,custom-2,6,24,x0,x0,x0..x31,32,0,0,0,Yes,Yes,Yes,SAFE,00110000000000000110?????1011011
,0x5b,custom-2,6,25,x0,x0,x0..x31,32,0,0,0,Yes,Yes,Yes,SAFE,00110010000000000110?????1011011
,0x5b,custom-2,6,26,x0,x0,x0..x31,32,0,0,0,Yes,Yes,Yes,SAFE,00110100000000000110?????1011011
,0x5b,custom-2,6,27,x0,x0,x0..x31,32,0,0,0,Yes,Yes,Yes,SAFE,00110110000000000110?????1011011
,0x5b,custom-2,6,28,x0,x0,x0..x31,32,0,0,0,Yes,Yes,Yes,SAFE,00111000000000000110?????1011011
,0x5b,custom-2,6,29,x0,x0,x0..x31,32,0,0,0,Yes,Yes,Yes,SAFE,00111010000000000110?????1011011
,0x5b,custom-2,6,30,x0,x0,x0..x31,32,0,0,0,Yes,Yes,Yes,SAFE,00111100000000000110?????1011011
,0x5b,custom-2,6,31,x0,x0,x0..x31,32,0,0,0,Yes,Yes,Yes,SAFE,00111110000000000110?????1011011
,0x5b,custom-2,6,32,x0,x0,x0..x31,32,0,1,1,Yes,No,No,UNSAFE,01000000000000000110?????1011011
,0x5b,custom-2,6,33,x0,x0,x0..x31,32,0,0,0,Yes,Yes,Yes,SAFE,01000010000000000110?????1011011
,0x5b,custom-2,6,34,x0,x0,x0..x31,32,0,0,0,Yes,Yes,Yes,SAFE,01000100000000000110?????1011011
,0x5b,custom-2,6,35,x0,x0,x0..x31,32,0,0,0,Yes,Yes,Yes,SAFE,01000110000000000110?????1011011
,0x5b,custom-2,6,36,x0,x0,x0..x31,32,0,1,1,Yes,No,No,UNSAFE,01001000000000000110?????1011011
,0x5b,custom-2,6,37,x0,x0,x0..x31,32,0,0,0,Yes,Yes,Yes,SAFE,01001010000000000110?????1011011
,0x5b,custom-2,6,38,x0,x0,x0..x31,32,0,0,0,Yes,Yes,Yes,SAFE,01001100000000000110?????1011011
,0x5b,custom-2,6,39,x0,x0,x0..x31,32,0,0,0,Yes,Yes,Yes,SAFE,01001110000000000110?????1011011
,0x5b,custom-2,6,40,x0,x0,x0..x31,32,0,0,0,Yes,Yes,Yes,SAFE,01010000000000000110?????1011011
,0x5b,custom-2,6,41,x0,x0,x0..x31,32,0,0,0,Yes,Yes,Yes,SAFE,01010010000000000110?????1011011
,0x5b,custom-2,6,42,x0,x0,x0..x31,32,0,0,0,Yes,Yes,Yes,SAFE,01010100000000000110?????1011011
,0x5b,custom-2,6,43,x0,x0,x0..x31,32,0,0,0,Yes,Yes,Yes,SAFE,01010110000000000110?????1011011
,0x5b,custom-2,6,44,x0,x0,x0..x31,32,0,0,0,Yes,Yes,Yes,SAFE,01011000000000000110?????1011011
,0x5b,custom-2,6,45,x0,x0,x0..x31,32,0,0,0,Yes,Yes,Yes,SAFE,01011010000000000110?????1011011
,0x5b,custom-2,6,46,x0,x0,x0..x31,32,0,0,0,Yes,Yes,Yes,SAFE,01011100000000000110?????1011011
,0x5b,custom-2,6,47,x0,x0,x0..x31,32,0,0,0,Yes,Yes,Yes,SAFE,01011110000000000110?????1011011
,0x5b,custom-2,6,48,x0,x0,x0..x31,32,0,0,0,Yes,Yes,Yes,SAFE,01100000000000000110?????1011011
,0x5b,custom-2,6,49,x0,x0,x0..x31,32,0,0,0,Yes,Yes,Yes,SAFE,01100010000000000110?????1011011
,0x5b,custom-2,6,50,x0,x0,x0..x31,32,0,0,0,Yes,Yes,Yes,SAFE,01100100000000000110?????1011011
,0x5b,custom-2,6,51,x0,x0,x0..x31,32,0,0,0,Yes,Yes,Yes,SAFE,01100110000000000110?????1011011
,0x5b,custom-2,6,52,x0,x0,x0..x31,32,0,0,0,Yes,Yes,Yes,SAFE,01101000000000000110?????1011011
,0x5b,custom-2,6,53,x0,x0,x0..x31,32,0,0,0,Yes,Yes,Yes,SAFE,01101010000000000110?????1011011
,0x5b,custom-2,6,54,x0,x0,x0..x31,32,0,0,0,Yes,Yes,Yes,SAFE,01101100000000000110?????1011011
,0x5b,custom-2,6,55,x0,x0,x0..x31,32,0,0,0,Yes,Yes,Yes,SAFE,01101110000000000110?????1011011
,0x5b,custom-2,6,56,x0,x0,x0..x31,32,0,0,0,Yes,Yes,Yes,SAFE,01110000000000000110?????1011011
,0x5b,custom-2,6,57,x0,x0,x0..x31,32,0,0,0,Yes,Yes,Yes,SAFE,01110010000000000110?????1011011
,0x5b,custom-2,6,58,x0,x0,x0..x31,32,0,0,0,Yes,Yes,Yes,SAFE,01110100000000000110?????1011011
,0x5b,custom-2,6,59,x0,x0,x0..x31,32,0,0,0,Yes,Yes,Yes,SAFE,01110110000000000110?????1011011
,0x5b,custom-2,6,60,x0,x0,x0..x31,32,0,0,0,Yes,Yes,Yes,SAFE,01111000000000000110?????1011011
,0x5b,custom-2,6,61,x0,x0,x0..x31,32,0,0,0,Yes,Yes,Yes,SAFE,01111010000000000110?????1011011
,0x5b,custom-2,6,62,x0,x0,x0..x31,32,0,0,0,Yes,Yes,Yes,SAFE,01111100000000000110?????1011011
,0x5b,custom-2,6,63,x0,x0,x0..x31,32,0,0,0,Yes,Yes,Yes,SAFE,01111110000000000110?????1011011
,0x5b,custom-2,6,64,x0,x0,x0..x31,32,0,0,0,Yes,Yes,Yes,SAFE,10000000000000000110?????1011011
,0x5b,custom-2,6,65,x0,x0,x0..x31,32,0,0,0,Yes,Yes,Yes,SAFE,10000010000000000110?????1011011
,0x5b,custom-2,6,66,x0,x0,x0..x31,32,0,0,0,Yes,Yes,Yes,SAFE,10000100000000000110?????1011011
,0x5b,custom-2,6,67,x0,x0,x0..x31,32,0,0,0,Yes,Yes,Yes,SAFE,10000110000000000110?????1011011
,0x5b,custom-2,6,68,x0,x0,x0..x31,32,0,0,0,Yes,Yes,Yes,SAFE,10001000000000000110?????1011011
,0x5b,custom-2,6,69,x0,x0,x0..x31,32,0,0,0,Yes,Yes,Yes,SAFE,10001010000000000110?????1011011
,0x5b,custom-2,6,70,x0,x0,x0..x31,32,0,0,0,Yes,Yes,Yes,SAFE,10001100000000000110?????1011011
,0x5b,custom-2,6,71,x0,x0,x0..x31,32,0,0,0,Yes,Yes,Yes,SAFE,10001110000000000110?????1011011
,0x5b,custom-2,6,72,x0,x0,x0..x31,32,0,0,0,Yes,Yes,Yes,SAFE,10010000000000000110?????1011011
,0x5b,custom-2,6,73,x0,x0,x0..x31,32,0,0,0,Yes,Yes,Yes,SAFE,10010010000000000110?????1011011
,0x5b,custom-2,6,74,x0,x0,x0..x31,32,0,0,0,Yes,Yes,Yes,SAFE,10010100000000000110?????1011011
,0x5b,custom-2,6,75,x0,x0,x0..x31,32,0,0,0,Yes,Yes,Yes,SAFE,10010110000000000110?????1011011
,0x5b,custom-2,6,76,x0,x0,x0..x31,32,0,0,0,Yes,Yes,Yes,SAFE,10011000000000000110?????1011011
,0x5b,custom-2,6,77,x0,x0,x0..x31,32,0,0,0,Yes,Yes,Yes,SAFE,10011010000000000110?????1011011
,0x5b,custom-2,6,78,x0,x0,x0..x31,32,0,0,0,Yes,Yes,Yes,SAFE,10011100000000000110?????1011011
,0x5b,custom-2,6,79,x0,x0,x0..x31,32,0,0,0,Yes,Yes,Yes,SAFE,10011110000000000110?????1011011
,0x5b,custom-2,6,80,x0,x0,x0..x31,32,0,0,0,Yes,Yes,Yes,SAFE,10100000000000000110?????1011011
,0x5b,custom-2,6,81,x0,x0,x0..x31,32,0,0,0,Yes,Yes,Yes,SAFE,10100010000000000110?????1011011
,0x5b,custom-2,6,82,x0,x0,x0..x31,32,0,0,0,Yes,Yes,Yes,SAFE,10100100000000000110?????1011011
,0x5b,custom-2,6,83,x0,x0,x0..x31,32,0,0,0,Yes,Yes,Yes,SAFE,10100110000000000110?????1011011
,0x5b,custom-2,6,84,x0,x0,x0..x31,32,0,0,0,Yes,Yes,Yes,SAFE,10101000000000000110?????1011011
,0x5b,custom-2,6,85,x0,x0,x0..x31,32,0,0,0,Yes,Yes,Yes,SAFE,10101010000000000110?????1011011
,0x5b,custom-2,6,86,x0,x0,x0..x31,32,0,0,0,Yes,Yes,Yes,SAFE,10101100000000000110?????1011011
,0x5b,custom-2,6,87,x0,x0,x0..x31,32,0,0,0,Yes,Yes,Yes,SAFE,10101110000000000110?????1011011
,0x5b,custom-2,6,88,x0,x0,x0..x31,32,0,0,0,Yes,Yes,Yes,SAFE,10110000000000000110?????1011011
,0x5b,custom-2,6,89,x0,x0,x0..x31,32,0,0,0,Yes,Yes,Yes,SAFE,10110010000000000110?????1011011
,0x5b,custom-2,6,90,x0,x0,x0..x31,32,0,0,0,Yes,Yes,Yes,SAFE,10110100000000000110?????1011011
,0x5b,custom-2,6,91,x0,x0,x0..x31,32,0,0,0,Yes,Yes,Yes,SAFE,10110110000000000110?????1011011
,0x5b,custom-2,6,92,x0,x0,x0..x31,32,0,0,0,Yes,Yes,Yes,SAFE,10111000000000000110?????1011011
,0x5b,custom-2,6,93,x0,x0,x0..x31,32,0,0,0,Yes,Yes,Yes,SAFE,10111010000000000110?????1011011
,0x5b,custom-2,6,94,x0,x0,x0..x31,32,0,0,0,Yes,Yes,Yes,SAFE,10111100000000000110?????1011011
,0x5b,custom-2,6,95,x0,x0,x0..x31,32,0,0,0,Yes,Yes,Yes,SAFE,10111110000000000110?????1011011
,0x5b,custom-2,6,96,x0,x0,x0..x31,32,0,0,0,Yes,Yes,Yes,SAFE,11000000000000000110?????1011011
,0x5b,custom-2,6,97,x0,x0,x0..x31,32,0,0,0,Yes,Yes,Yes,SAFE,11000010000000000110?????1011011
,0x5b,custom-2,6,98,x0,x0,x0..x31,32,0,0,0,Yes,Yes,Yes,SAFE,11000100000000000110?????1011011
,0x5b,custom-2,6,99,x0,x0,x0..x31,32,0,0,0,Yes,Yes,Yes,SAFE,11000110000000000110?????1011011
,0x5b,custom-2,6,100,x0,x0,x0..x31,32,0,0,0,Yes,Yes,Yes,SAFE,11001000000000000110?????1011011
,0x5b,custom-2,6,101,x0,x0,x0..x31,32,0,0,0,Yes,Yes,Yes,SAFE,11001010000000000110?????1011011
,0x5b,custom-2,6,102,x0,x0,x0..x31,32,0,0,0,Yes,Yes,Yes,SAFE,11001100000000000110?????1011011
,0x5b,custom-2,6,103,x0,x0,x0..x31,32,0,0,0,Yes,Yes,Yes,SAFE,11001110000000000110?????1011011
,0x5b,custom-2,6,104,x0,x0,x0..x31,32,0,0,0,Yes,Yes,Yes,SAFE,11010000000000000110?????1011011
,0x5b,custom-2,6,105,x0,x0,x0..x31,32,0,0,0,Yes,Yes,Yes,SAFE,11010010000000000110?????1011011
,0x5b,custom-2,6,106,x0,x0,x0..x31,32,0,0,0,Yes,Yes,Yes,SAFE,11010100000000000110?????1011011
,0x5b,custom-2,6,107,x0,x0,x0..x31,32,0,0,0,Yes,Yes,Yes,SAFE,11010110000000000110?????1011011
,0x5b,custom-2,6,108,x0,x0,x0..x31,32,0,0,0,Yes,Yes,Yes,SAFE,11011000000000000110?????1011011
,0x5b,custom-2,6,109,x0,x0,x0..x31,32,0,0,0,Yes,Yes,Yes,SAFE,11011010000000000110?????1011011
,0x5b,custom-2,6,110,x0,x0,x0..x31,32,0,0,0,Yes,Yes,Yes,SAFE,11011100000000000110?????1011011
,0x5b,custom-2,6,111,x0,x0,x0..x31,32,0,0,0,Yes,Yes,Yes,SAFE,11011110000000000110?????1011011
,0x5b,custom-2,6,112,x0,x0,x0..x31,32,0,0,0,Yes,Yes,Yes,SAFE,11100000000000000110?????1011011
,0x5b,custom-2,6,113,x0,x0,x0..x31,32,0,0,0,Yes,Yes,Yes,SAFE,11100010000000000110?????1011011
,0x5b,custom-2,6,114,x0,x0,x0..x31,32,0,0,0,Yes,Yes,Yes,SAFE,11100100000000000110?????1011011
,0x5b,custom-2,6,115,x0,x0,x0..x31,32,0,0,0,Yes,Yes,Yes,SAFE,11100110000000000110?????1011011
,0x5b,custom-2,6,116,x0,x0,x0..x31,32,0,0,0,Yes,Yes,Yes,SAFE,11101000000000000110?????1011011
,0x5b,custom-2,6,117,x0,x0,x0..x31,32,0,0,0,Yes,Yes,Yes,SAFE,11101010000000000110?????1011011
,0x5b,custom-2,6,118,x0,x0,x0..x31,32,0,0,0,Yes,Yes,Yes,SAFE,11101100000000000110?????1011011
,0x5b,custom-2,6,119,x0,x0,x0..x31,32,0,0,0,Yes,Yes,Yes,SAFE,11101110000000000110?????1011011
,0x5b,custom-2,6,120,x0,x0,x0..x31,32,0,0,0,Yes,Yes,Yes,SAFE,11110000000000000110?????1011011
,0x5b,custom-2,6,121,x0,x0,x0..x31,32,0,0,0,Yes,Yes,Yes,SAFE,11110010000000000110?????1011011
,0x5b,custom-2,6,122,x0,x0,x0..x31,32,0,0,0,Yes,Yes,Yes,SAFE,11110100000000000110?????1011011
,0x5b,custom-2,6,123,x0,x0,x0..x31,32,0,0,0,Yes,Yes,Yes,SAFE,11110110000000000110?????1011011
,0x5b,custom-2,6,124,x0,x0,x0..x31,32,0,0,0,Yes,Yes,Yes,SAFE,11111000000000000110?????1011011
,0x5b,custom-2,6,125,x0,x0,x0..x31,32,0,0,0,Yes,Yes,Yes,SAFE,11111010000000000110?????1011011
,0x5b,custom-2,6,126,x0,x0,x0..x31,32,0,0,0,Yes,Yes,Yes,SAFE,11111100000000000110?????1011011
,0x5b,custom-2,6,127,x0,x0,x0..x31,32,0,0,0,Yes,Yes,Yes,SAFE,11111110000000000110?????1011011
,0x5b,custom-2,7,0,x0,x0,x0..x31,32,0,1,1,Yes,No,No,UNSAFE,00000000000000000111?????1011011
,0x5b,custom-2,7,1,x0,x0,x0..x31,32,0,0,0,Yes,Yes,Yes,SAFE,00000010000000000111?????1011011
,0x5b,custom-2,7,2,x0,x0,x0..x31,32,0,0,0,Yes,Yes,Yes,SAFE,00000100000000000111?????1011011
,0x5b,custom-2,7,3,x0,x0,x0..x31,32,0,0,0,Yes,Yes,Yes,SAFE,00000110000000000111?????1011011
,0x5b,custom-2,7,4,x0,x0,x0..x31,32,0,1,1,Yes,No,No,UNSAFE,00001000000000000111?????1011011
,0x5b,custom-2,7,5,x0,x0,x0..x31,32,0,1,1,Yes,No,No,UNSAFE,00001010000000000111?????1011011
,0x5b,custom-2,7,6,x0,x0,x0..x31,32,0,0,0,Yes,Yes,Yes,SAFE,00001100000000000111?????1011011
,0x5b,custom-2,7,7,x0,x0,x0..x31,32,0,0,0,Yes,Yes,Yes,SAFE,00001110000000000111?????1011011
,0x5b,custom-2,7,8,x0,x0,x0..x31,32,0,0,0,Yes,Yes,Yes,SAFE,00010000000000000111?????1011011
,0x5b,custom-2,7,9,x0,x0,x0..x31,32,0,0,0,Yes,Yes,Yes,SAFE,00010010000000000111?????1011011
,0x5b,custom-2,7,10,x0,x0,x0..x31,32,0,0,0,Yes,Yes,Yes,SAFE,00010100000000000111?????1011011
,0x5b,custom-2,7,11,x0,x0,x0..x31,32,0,0,0,Yes,Yes,Yes,SAFE,00010110000000000111?????1011011
,0x5b,custom-2,7,12,x0,x0,x0..x31,32,0,0,0,Yes,Yes,Yes,SAFE,00011000000000000111?????1011011
,0x5b,custom-2,7,13,x0,x0,x0..x31,32,0,0,0,Yes,Yes,Yes,SAFE,00011010000000000111?????1011011
,0x5b,custom-2,7,14,x0,x0,x0..x31,32,0,0,0,Yes,Yes,Yes,SAFE,00011100000000000111?????1011011
,0x5b,custom-2,7,15,x0,x0,x0..x31,32,0,0,0,Yes,Yes,Yes,SAFE,00011110000000000111?????1011011
,0x5b,custom-2,7,16,x0,x0,x0..x31,32,0,0,0,Yes,Yes,Yes,SAFE,00100000000000000111?????1011011
,0x5b,custom-2,7,17,x0,x0,x0..x31,32,0,0,0,Yes,Yes,Yes,SAFE,00100010000000000111?????1011011
,0x5b,custom-2,7,18,x0,x0,x0..x31,32,0,0,0,Yes,Yes,Yes,SAFE,00100100000000000111?????1011011
,0x5b,custom-2,7,19,x0,x0,x0..x31,32,0,0,0,Yes,Yes,Yes,SAFE,00100110000000000111?????1011011
,0x5b,custom-2,7,20,x0,x0,x0..x31,32,0,0,0,Yes,Yes,Yes,SAFE,00101000000000000111?????1011011
,0x5b,custom-2,7,21,x0,x0,x0..x31,32,0,0,0,Yes,Yes,Yes,SAFE,00101010000000000111?????1011011
,0x5b,custom-2,7,22,x0,x0,x0..x31,32,0,0,0,Yes,Yes,Yes,SAFE,00101100000000000111?????1011011
,0x5b,custom-2,7,23,x0,x0,x0..x31,32,0,0,0,Yes,Yes,Yes,SAFE,00101110000000000111?????1011011
,0x5b,custom-2,7,24,x0,x0,x0..x31,32,0,0,0,Yes,Yes,Yes,SAFE,00110000000000000111?????1011011
,0x5b,custom-2,7,25,x0,x0,x0..x31,32,0,0,0,Yes,Yes,Yes,SAFE,00110010000000000111?????1011011
,0x5b,custom-2,7,26,x0,x0,x0..x31,32,0,0,0,Yes,Yes,Yes,SAFE,00110100000000000111?????1011011
,0x5b,custom-2,7,27,x0,x0,x0..x31,32,0,0,0,Yes,Yes,Yes,SAFE,00110110000000000111?????1011011
,0x5b,custom-2,7,28,x0,x0,x0..x31,32,0,0,0,Yes,Yes,Yes,SAFE,00111000000000000111?????1011011
,0x5b,custom-2,7,29,x0,x0,x0..x31,32,0,0,0,Yes,Yes,Yes,SAFE,00111010000000000111?????1011011
,0x5b,custom-2,7,30,x0,x0,x0..x31,32,0,0,0,Yes,Yes,Yes,SAFE,00111100000000000111?????1011011
,0x5b,custom-2,7,31,x0,x0,x0..x31,32,0,0,0,Yes,Yes,Yes,SAFE,00111110000000000111?????1011011
,0x5b,custom-2,7,32,x0,x0,x0..x31,32,0,1,1,Yes,No,No,UNSAFE,01000000000000000111?????1011011
,0x5b,custom-2,7,33,x0,x0,x0..x31,32,0,0,0,Yes,Yes,Yes,SAFE,01000010000000000111?????1011011
,0x5b,custom-2,7,34,x0,x0,x0..x31,32,0,0,0,Yes,Yes,Yes,SAFE,01000100000000000111?????1011011
,0x5b,custom-2,7,35,x0,x0,x0..x31,32,0,0,0,Yes,Yes,Yes,SAFE,01000110000000000111?????1011011
,0x5b,custom-2,7,36,x0,x0,x0..x31,32,0,1,1,Yes,No,No,UNSAFE,01001000000000000111?????1011011
,0x5b,custom-2,7,37,x0,x0,x0..x31,32,0,0,0,Yes,Yes,Yes,SAFE,01001010000000000111?????1011011
,0x5b,custom-2,7,38,x0,x0,x0..x31,32,0,0,0,Yes,Yes,Yes,SAFE,01001100000000000111?????1011011
,0x5b,custom-2,7,39,x0,x0,x0..x31,32,0,0,0,Yes,Yes,Yes,SAFE,01001110000000000111?????1011011
,0x5b,custom-2,7,40,x0,x0,x0..x31,32,0,0,0,Yes,Yes,Yes,SAFE,01010000000000000111?????1011011
,0x5b,custom-2,7,41,x0,x0,x0..x31,32,0,0,0,Yes,Yes,Yes,SAFE,01010010000000000111?????1011011
,0x5b,custom-2,7,42,x0,x0,x0..x31,32,0,0,0,Yes,Yes,Yes,SAFE,01010100000000000111?????1011011
,0x5b,custom-2,7,43,x0,x0,x0..x31,32,0,0,0,Yes,Yes,Yes,SAFE,01010110000000000111?????1011011
,0x5b,custom-2,7,44,x0,x0,x0..x31,32,0,0,0,Yes,Yes,Yes,SAFE,01011000000000000111?????1011011
,0x5b,custom-2,7,45,x0,x0,x0..x31,32,0,0,0,Yes,Yes,Yes,SAFE,01011010000000000111?????1011011
,0x5b,custom-2,7,46,x0,x0,x0..x31,32,0,0,0,Yes,Yes,Yes,SAFE,01011100000000000111?????1011011
,0x5b,custom-2,7,47,x0,x0,x0..x31,32,0,0,0,Yes,Yes,Yes,SAFE,01011110000000000111?????1011011
,0x5b,custom-2,7,48,x0,x0,x0..x31,32,0,0,0,Yes,Yes,Yes,SAFE,01100000000000000111?????1011011
,0x5b,custom-2,7,49,x0,x0,x0..x31,32,0,0,0,Yes,Yes,Yes,SAFE,01100010000000000111?????1011011
,0x5b,custom-2,7,50,x0,x0,x0..x31,32,0,0,0,Yes,Yes,Yes,SAFE,01100100000000000111?????1011011
,0x5b,custom-2,7,51,x0,x0,x0..x31,32,0,0,0,Yes,Yes,Yes,SAFE,01100110000000000111?????1011011
,0x5b,custom-2,7,52,x0,x0,x0..x31,32,0,0,0,Yes,Yes,Yes,SAFE,01101000000000000111?????1011011
,0x5b,custom-2,7,53,x0,x0,x0..x31,32,0,0,0,Yes,Yes,Yes,SAFE,01101010000000000111?????1011011
,0x5b,custom-2,7,54,x0,x0,x0..x31,32,0,0,0,Yes,Yes,Yes,SAFE,01101100000000000111?????1011011
,0x5b,custom-2,7,55,x0,x0,x0..x31,32,0,0,0,Yes,Yes,Yes,SAFE,01101110000000000111?????1011011
,0x5b,custom-2,7,56,x0,x0,x0..x31,32,0,0,0,Yes,Yes,Yes,SAFE,01110000000000000111?????1011011
,0x5b,custom-2,7,57,x0,x0,x0..x31,32,0,0,0,Yes,Yes,Yes,SAFE,01110010000000000111?????1011011
,0x5b,custom-2,7,58,x0,x0,x0..x31,32,0,0,0,Yes,Yes,Yes,SAFE,01110100000000000111?????1011011
,0x5b,custom-2,7,59,x0,x0,x0..x31,32,0,0,0,Yes,Yes,Yes,SAFE,01110110000000000111?????1011011
,0x5b,custom-2,7,60,x0,x0,x0..x31,32,0,0,0,Yes,Yes,Yes,SAFE,01111000000000000111?????1011011
,0x5b,custom-2,7,61,x0,x0,x0..x31,32,0,0,0,Yes,Yes,Yes,SAFE,01111010000000000111?????1011011
,0x5b,custom-2,7,62,x0,x0,x0..x31,32,0,0,0,Yes,Yes,Yes,SAFE,01111100000000000111?????1011011
,0x5b,custom-2,7,63,x0,x0,x0..x31,32,0,0,0,Yes,Yes,Yes,SAFE,01111110000000000111?????1011011
,0x5b,custom-2,7,64,x0,x0,x0..x31,32,0,0,0,Yes,Yes,Yes,SAFE,10000000000000000111?????1011011
,0x5b,custom-2,7,65,x0,x0,x0..x31,32,0,0,0,Yes,Yes,Yes,SAFE,10000010000000000111?????1011011
,0x5b,custom-2,7,66,x0,x0,x0..x31,32,0,0,0,Yes,Yes,Yes,SAFE,10000100000000000111?????1011011
,0x5b,custom-2,7,67,x0,x0,x0..x31,32,0,0,0,Yes,Yes,Yes,SAFE,10000110000000000111?????1011011
,0x5b,custom-2,7,68,x0,x0,x0..x31,32,0,0,0,Yes,Yes,Yes,SAFE,10001000000000000111?????1011011
,0x5b,custom-2,7,69,x0,x0,x0..x31,32,0,0,0,Yes,Yes,Yes,SAFE,10001010000000000111?????1011011
,0x5b,custom-2,7,70,x0,x0,x0..x31,32,0,0,0,Yes,Yes,Yes,SAFE,10001100000000000111?????1011011
,0x5b,custom-2,7,71,x0,x0,x0..x31,32,0,0,0,Yes,Yes,Yes,SAFE,10001110000000000111?????1011011
,0x5b,custom-2,7,72,x0,x0,x0..x31,32,0,0,0,Yes,Yes,Yes,SAFE,10010000000000000111?????1011011
,0x5b,custom-2,7,73,x0,x0,x0..x31,32,0,0,0,Yes,Yes,Yes,SAFE,10010010000000000111?????1011011
,0x5b,custom-2,7,74,x0,x0,x0..x31,32,0,0,0,Yes,Yes,Yes,SAFE,10010100000000000111?????1011011
,0x5b,custom-2,7,75,x0,x0,x0..x31,32,0,0,0,Yes,Yes,Yes,SAFE,10010110000000000111?????1011011
,0x5b,custom-2,7,76,x0,x0,x0..x31,32,0,0,0,Yes,Yes,Yes,SAFE,10011000000000000111?????1011011
,0x5b,custom-2,7,77,x0,x0,x0..x31,32,0,0,0,Yes,Yes,Yes,SAFE,10011010000000000111?????1011011
,0x5b,custom-2,7,78,x0,x0,x0..x31,32,0,0,0,Yes,Yes,Yes,SAFE,10011100000000000111?????1011011
,0x5b,custom-2,7,79,x0,x0,x0..x31,32,0,0,0,Yes,Yes,Yes,SAFE,10011110000000000111?????1011011
,0x5b,custom-2,7,80,x0,x0,x0..x31,32,0,0,0,Yes,Yes,Yes,SAFE,10100000000000000111?????1011011
,0x5b,custom-2,7,81,x0,x0,x0..x31,32,0,0,0,Yes,Yes,Yes,SAFE,10100010000000000111?????1011011
,0x5b,custom-2,7,82,x0,x0,x0..x31,32,0,0,0,Yes,Yes,Yes,SAFE,10100100000000000111?????1011011
,0x5b,custom-2,7,83,x0,x0,x0..x31,32,0,0,0,Yes,Yes,Yes,SAFE,10100110000000000111?????1011011
,0x5b,custom-2,7,84,x0,x0,x0..x31,32,0,0,0,Yes,Yes,Yes,SAFE,10101000000000000111?????1011011
,0x5b,custom-2,7,85,x0,x0,x0..x31,32,0,0,0,Yes,Yes,Yes,SAFE,10101010000000000111?????1011011
,0x5b,custom-2,7,86,x0,x0,x0..x31,32,0,0,0,Yes,Yes,Yes,SAFE,10101100000000000111?????1011011
,0x5b,custom-2,7,87,x0,x0,x0..x31,32,0,0,0,Yes,Yes,Yes,SAFE,10101110000000000111?????1011011
,0x5b,custom-2,7,88,x0,x0,x0..x31,32,0,0,0,Yes,Yes,Yes,SAFE,10110000000000000111?????1011011
,0x5b,custom-2,7,89,x0,x0,x0..x31,32,0,0,0,Yes,Yes,Yes,SAFE,10110010000000000111?????1011011
,0x5b,custom-2,7,90,x0,x0,x0..x31,32,0,0,0,Yes,Yes,Yes,SAFE,10110100000000000111?????1011011
,0x5b,custom-2,7,91,x0,x0,x0..x31,32,0,0,0,Yes,Yes,Yes,SAFE,10110110000000000111?????1011011
,0x5b,custom-2,7,92,x0,x0,x0..x31,32,0,0,0,Yes,Yes,Yes,SAFE,10111000000000000111?????1011011
,0x5b,custom-2,7,93,x0,x0,x0..x31,32,0,0,0,Yes,Yes,Yes,SAFE,10111010000000000111?????1011011
,0x5b,custom-2,7,94,x0,x0,x0..x31,32,0,0,0,Yes,Yes,Yes,SAFE,10111100000000000111?????1011011
,0x5b,custom-2,7,95,x0,x0,x0..x31,32,0,0,0,Yes,Yes,Yes,SAFE,10111110000000000111?????1011011
,0x5b,custom-2,7,96,x0,x0,x0..x31,32,0,0,0,Yes,Yes,Yes,SAFE,11000000000000000111?????1011011
,0x5b,custom-2,7,97,x0,x0,x0..x31,32,0,0,0,Yes,Yes,Yes,SAFE,11000010000000000111?????1011011
,0x5b,custom-2,7,98,x0,x0,x0..x31,32,0,0,0,Yes,Yes,Yes,SAFE,11000100000000000111?????1011011
,0x5b,custom-2,7,99,x0,x0,x0..x31,32,0,0,0,Yes,Yes,Yes,SAFE,11000110000000000111?????1011011
,0x5b,custom-2,7,100,x0,x0,x0..x31,32,0,0,0,Yes,Yes,Yes,SAFE,11001000000000000111?????1011011
,0x5b,custom-2,7,101,x0,x0,x0..x31,32,0,0,0,Yes,Yes,Yes,SAFE,11001010000000000111?????1011011
,0x5b,custom-2,7,102,x0,x0,x0..x31,32,0,0,0,Yes,Yes,Yes,SAFE,11001100000000000111?????1011011
,0x5b,custom-2,7,103,x0,x0,x0..x31,32,0,0,0,Yes,Yes,Yes,SAFE,11001110000000000111?????1011011
,0x5b,custom-2,7,104,x0,x0,x0..x31,32,0,0,0,Yes,Yes,Yes,SAFE,11010000000000000111?????1011011
,0x5b,custom-2,7,105,x0,x0,x0..x31,32,0,0,0,Yes,Yes,Yes,SAFE,11010010000000000111?????1011011
,0x5b,custom-2,7,106,x0,x0,x0..x31,32,0,0,0,Yes,Yes,Yes,SAFE,11010100000000000111?????1011011
,0x5b,custom-2,7,107,x0,x0,x0..x31,32,0,0,0,Yes,Yes,Yes,SAFE,11010110000000000111?????1011011
,0x5b,custom-2,7,108,x0,x0,x0..x31,32,0,0,0,Yes,Yes,Yes,SAFE,11011000000000000111?????1011011
,0x5b,custom-2,7,109,x0,x0,x0..x31,32,0,0,0,Yes,Yes,Yes,SAFE,11011010000000000111?????1011011
,0x5b,custom-2,7,110,x0,x0,x0..x31,32,0,0,0,Yes,Yes,Yes,SAFE,11011100000000000111?????1011011
,0x5b,custom-2,7,111,x0,x0,x0..x31,32,0,0,0,Yes,Yes,Yes,SAFE,11011110000000000111?????1011011
,0x5b,custom-2,7,112,x0,x0,x0..x31,32,0,0,0,Yes,Yes,Yes,SAFE,11100000000000000111?????1011011
,0x5b,custom-2,7,113,x0,x0,x0..x31,32,0,0,0,Yes,Yes,Yes,SAFE,11100010000000000111?????1011011
,0x5b,custom-2,7,114,x0,x0,x0..x31,32,0,0,0,Yes,Yes,Yes,SAFE,11100100000000000111?????1011011
,0x5b,custom-2,7,115,x0,x0,x0..x31,32,0,0,0,Yes,Yes,Yes,SAFE,11100110000000000111?????1011011
,0x5b,custom-2,7,116,x0,x0,x0..x31,32,0,0,0,Yes,Yes,Yes,SAFE,11101000000000000111?????1011011
,0x5b,custom-2,7,117,x0,x0,x0..x31,32,0,0,0,Yes,Yes,Yes,SAFE,11101010000000000111?????1011011
,0x5b,custom-2,7,118,x0,x0,x0..x31,32,0,0,0,Yes,Yes,Yes,SAFE,11101100000000000111?????1011011
,0x5b,custom-2,7,119,x0,x0,x0..x31,32,0,0,0,Yes,Yes,Yes,SAFE,11101110000000000111?????1011011
,0x5b,custom-2,7,120,x0,x0,x0..x31,32,0,0,0,Yes,Yes,Yes,SAFE,11110000000000000111?????1011011
,0x5b,custom-2,7,121,x0,x0,x0..x31,32,0,0,0,Yes,Yes,Yes,SAFE,11110010000000000111?????1011011
,0x5b,custom-2,7,122,x0,x0,x0..x31,32,0,0,0,Yes,Yes,Yes,SAFE,11110100000000000111?????1011011
,0x5b,custom-2,7,123,x0,x0,x0..x31,32,0,0,0,Yes,Yes,Yes,SAFE,11110110000000000111?????1011011
,0x5b,custom-2,7,124,x0,x0,x0..x31,32,0,0,0,Yes,Yes,Yes,SAFE,11111000000000000111?????1011011
,0x5b,custom-2,7,125,x0,x0,x0..x31,32,0,0,0,Yes,Yes,Yes,SAFE,11111010000000000111?????1011011
,0x5b,custom-2,7,126,x0,x0,x0..x31,32,0,0,0,Yes,Yes,Yes,SAFE,11111100000000000111?????1011011
,0x5b,custom-2,7,127,x0,x0,x0..x31,32,0,0,0,Yes,Yes,Yes,SAFE,11111110000000000111?????1011011
,0x7b,custom-3,0,0,x0,x0,x0..x31,32,0,1,2,Yes,No,No,UNSAFE,00000000000000000000?????1111011
,0x7b,custom-3,0,1,x0,x0,x0..x31,32,0,1,2,Yes,No,No,UNSAFE,00000010000000000000?????1111011
,0x7b,custom-3,0,2,x0,x0,x0..x31,32,0,1,2,Yes,No,No,UNSAFE,00000100000000000000?????1111011
,0x7b,custom-3,0,3,x0,x0,x0..x31,32,0,1,2,Yes,No,No,UNSAFE,00000110000000000000?????1111011
,0x7b,custom-3,0,4,x0,x0,x0..x31,32,0,1,2,Yes,No,No,UNSAFE,00001000000000000000?????1111011
,0x7b,custom-3,0,5,x0,x0,x0..x31,32,0,1,2,Yes,No,No,UNSAFE,00001010000000000000?????1111011
,0x7b,custom-3,0,6,x0,x0,x0..x31,32,0,1,2,Yes,No,No,UNSAFE,00001100000000000000?????1111011
,0x7b,custom-3,0,7,x0,x0,x0..x31,32,0,1,2,Yes,No,No,UNSAFE,00001110000000000000?????1111011
,0x7b,custom-3,0,8,x0,x0,x0..x31,32,0,1,2,Yes,No,No,UNSAFE,00010000000000000000?????1111011
,0x7b,custom-3,0,9,x0,x0,x0..x31,32,0,1,2,Yes,No,No,UNSAFE,00010010000000000000?????1111011
,0x7b,custom-3,0,10,x0,x0,x0..x31,32,0,1,2,Yes,No,No,UNSAFE,00010100000000000000?????1111011
,0x7b,custom-3,0,11,x0,x0,x0..x31,32,0,1,2,Yes,No,No,UNSAFE,00010110000000000000?????1111011
,0x7b,custom-3,0,12,x0,x0,x0..x31,32,0,1,2,Yes,No,No,UNSAFE,00011000000000000000?????1111011
,0x7b,custom-3,0,13,x0,x0,x0..x31,32,0,1,2,Yes,No,No,UNSAFE,00011010000000000000?????1111011
,0x7b,custom-3,0,14,x0,x0,x0..x31,32,0,1,2,Yes,No,No,UNSAFE,00011100000000000000?????1111011
,0x7b,custom-3,0,15,x0,x0,x0..x31,32,0,1,2,Yes,No,No,UNSAFE,00011110000000000000?????1111011
,0x7b,custom-3,0,16,x0,x0,x0..x31,32,0,1,2,Yes,No,No,UNSAFE,00100000000000000000?????1111011
,0x7b,custom-3,0,17,x0,x0,x0..x31,32,0,1,2,Yes,No,No,UNSAFE,00100010000000000000?????1111011
,0x7b,custom-3,0,18,x0,x0,x0..x31,32,0,1,2,Yes,No,No,UNSAFE,00100100000000000000?????1111011
,0x7b,custom-3,0,19,x0,x0,x0..x31,32,0,1,2,Yes,No,No,UNSAFE,00100110000000000000?????1111011
,0x7b,custom-3,0,20,x0,x0,x0..x31,32,0,1,2,Yes,No,No,UNSAFE,00101000000000000000?????1111011
,0x7b,custom-3,0,21,x0,x0,x0..x31,32,0,1,2,Yes,No,No,UNSAFE,00101010000000000000?????1111011
,0x7b,custom-3,0,22,x0,x0,x0..x31,32,0,1,2,Yes,No,No,UNSAFE,00101100000000000000?????1111011
,0x7b,custom-3,0,23,x0,x0,x0..x31,32,0,1,2,Yes,No,No,UNSAFE,00101110000000000000?????1111011
,0x7b,custom-3,0,24,x0,x0,x0..x31,32,0,1,2,Yes,No,No,UNSAFE,00110000000000000000?????1111011
,0x7b,custom-3,0,25,x0,x0,x0..x31,32,0,1,2,Yes,No,No,UNSAFE,00110010000000000000?????1111011
,0x7b,custom-3,0,26,x0,x0,x0..x31,32,0,1,2,Yes,No,No,UNSAFE,00110100000000000000?????1111011
,0x7b,custom-3,0,27,x0,x0,x0..x31,32,0,1,2,Yes,No,No,UNSAFE,00110110000000000000?????1111011
,0x7b,custom-3,0,28,x0,x0,x0..x31,32,0,1,2,Yes,No,No,UNSAFE,00111000000000000000?????1111011
,0x7b,custom-3,0,29,x0,x0,x0..x31,32,0,1,2,Yes,No,No,UNSAFE,00111010000000000000?????1111011
,0x7b,custom-3,0,30,x0,x0,x0..x31,32,0,1,2,Yes,No,No,UNSAFE,00111100000000000000?????1111011
,0x7b,custom-3,0,31,x0,x0,x0..x31,32,0,1,2,Yes,No,No,UNSAFE,00111110000000000000?????1111011
,0x7b,custom-3,0,32,x0,x0,x0..x31,32,0,1,2,Yes,No,No,UNSAFE,01000000000000000000?????1111011
,0x7b,custom-3,0,33,x0,x0,x0..x31,32,0,1,2,Yes,No,No,UNSAFE,01000010000000000000?????1111011
,0x7b,custom-3,0,34,x0,x0,x0..x31,32,0,1,2,Yes,No,No,UNSAFE,01000100000000000000?????1111011
,0x7b,custom-3,0,35,x0,x0,x0..x31,32,0,1,2,Yes,No,No,UNSAFE,01000110000000000000?????1111011
,0x7b,custom-3,0,36,x0,x0,x0..x31,32,0,1,2,Yes,No,No,UNSAFE,01001000000000000000?????1111011
,0x7b,custom-3,0,37,x0,x0,x0..x31,32,0,1,2,Yes,No,No,UNSAFE,01001010000000000000?????1111011
,0x7b,custom-3,0,38,x0,x0,x0..x31,32,0,1,2,Yes,No,No,UNSAFE,01001100000000000000?????1111011
,0x7b,custom-3,0,39,x0,x0,x0..x31,32,0,1,2,Yes,No,No,UNSAFE,01001110000000000000?????1111011
,0x7b,custom-3,0,40,x0,x0,x0..x31,32,0,1,2,Yes,No,No,UNSAFE,01010000000000000000?????1111011
,0x7b,custom-3,0,41,x0,x0,x0..x31,32,0,1,2,Yes,No,No,UNSAFE,01010010000000000000?????1111011
,0x7b,custom-3,0,42,x0,x0,x0..x31,32,0,1,2,Yes,No,No,UNSAFE,01010100000000000000?????1111011
,0x7b,custom-3,0,43,x0,x0,x0..x31,32,0,1,2,Yes,No,No,UNSAFE,01010110000000000000?????1111011
,0x7b,custom-3,0,44,x0,x0,x0..x31,32,0,1,2,Yes,No,No,UNSAFE,01011000000000000000?????1111011
,0x7b,custom-3,0,45,x0,x0,x0..x31,32,0,1,2,Yes,No,No,UNSAFE,01011010000000000000?????1111011
,0x7b,custom-3,0,46,x0,x0,x0..x31,32,0,1,2,Yes,No,No,UNSAFE,01011100000000000000?????1111011
,0x7b,custom-3,0,47,x0,x0,x0..x31,32,0,1,2,Yes,No,No,UNSAFE,01011110000000000000?????1111011
,0x7b,custom-3,0,48,x0,x0,x0..x31,32,0,1,2,Yes,No,No,UNSAFE,01100000000000000000?????1111011
,0x7b,custom-3,0,49,x0,x0,x0..x31,32,0,1,2,Yes,No,No,UNSAFE,01100010000000000000?????1111011
,0x7b,custom-3,0,50,x0,x0,x0..x31,32,0,1,2,Yes,No,No,UNSAFE,01100100000000000000?????1111011
,0x7b,custom-3,0,51,x0,x0,x0..x31,32,0,1,2,Yes,No,No,UNSAFE,01100110000000000000?????1111011
,0x7b,custom-3,0,52,x0,x0,x0..x31,32,0,1,2,Yes,No,No,UNSAFE,01101000000000000000?????1111011
,0x7b,custom-3,0,53,x0,x0,x0..x31,32,0,1,2,Yes,No,No,UNSAFE,01101010000000000000?????1111011
,0x7b,custom-3,0,54,x0,x0,x0..x31,32,0,1,2,Yes,No,No,UNSAFE,01101100000000000000?????1111011
,0x7b,custom-3,0,55,x0,x0,x0..x31,32,0,1,2,Yes,No,No,UNSAFE,01101110000000000000?????1111011
,0x7b,custom-3,0,56,x0,x0,x0..x31,32,0,1,2,Yes,No,No,UNSAFE,01110000000000000000?????1111011
,0x7b,custom-3,0,57,x0,x0,x0..x31,32,0,1,2,Yes,No,No,UNSAFE,01110010000000000000?????1111011
,0x7b,custom-3,0,58,x0,x0,x0..x31,32,0,1,2,Yes,No,No,UNSAFE,01110100000000000000?????1111011
,0x7b,custom-3,0,59,x0,x0,x0..x31,32,0,1,2,Yes,No,No,UNSAFE,01110110000000000000?????1111011
,0x7b,custom-3,0,60,x0,x0,x0..x31,32,0,1,2,Yes,No,No,UNSAFE,01111000000000000000?????1111011
,0x7b,custom-3,0,61,x0,x0,x0..x31,32,0,1,2,Yes,No,No,UNSAFE,01111010000000000000?????1111011
,0x7b,custom-3,0,62,x0,x0,x0..x31,32,0,1,2,Yes,No,No,UNSAFE,01111100000000000000?????1111011
,0x7b,custom-3,0,63,x0,x0,x0..x31,32,0,1,2,Yes,No,No,UNSAFE,01111110000000000000?????1111011
,0x7b,custom-3,0,64,x0,x0,x0..x31,32,0,1,2,Yes,No,No,UNSAFE,10000000000000000000?????1111011
,0x7b,custom-3,0,65,x0,x0,x0..x31,32,0,1,2,Yes,No,No,UNSAFE,10000010000000000000?????1111011
,0x7b,custom-3,0,66,x0,x0,x0..x31,32,0,1,2,Yes,No,No,UNSAFE,10000100000000000000?????1111011
,0x7b,custom-3,0,67,x0,x0,x0..x31,32,0,1,2,Yes,No,No,UNSAFE,10000110000000000000?????1111011
,0x7b,custom-3,0,68,x0,x0,x0..x31,32,0,1,2,Yes,No,No,UNSAFE,10001000000000000000?????1111011
,0x7b,custom-3,0,69,x0,x0,x0..x31,32,0,1,2,Yes,No,No,UNSAFE,10001010000000000000?????1111011
,0x7b,custom-3,0,70,x0,x0,x0..x31,32,0,1,2,Yes,No,No,UNSAFE,10001100000000000000?????1111011
,0x7b,custom-3,0,71,x0,x0,x0..x31,32,0,1,2,Yes,No,No,UNSAFE,10001110000000000000?????1111011
,0x7b,custom-3,0,72,x0,x0,x0..x31,32,0,1,2,Yes,No,No,UNSAFE,10010000000000000000?????1111011
,0x7b,custom-3,0,73,x0,x0,x0..x31,32,0,1,2,Yes,No,No,UNSAFE,10010010000000000000?????1111011
,0x7b,custom-3,0,74,x0,x0,x0..x31,32,0,1,2,Yes,No,No,UNSAFE,10010100000000000000?????1111011
,0x7b,custom-3,0,75,x0,x0,x0..x31,32,0,1,2,Yes,No,No,UNSAFE,10010110000000000000?????1111011
,0x7b,custom-3,0,76,x0,x0,x0..x31,32,0,1,2,Yes,No,No,UNSAFE,10011000000000000000?????1111011
,0x7b,custom-3,0,77,x0,x0,x0..x31,32,0,1,2,Yes,No,No,UNSAFE,10011010000000000000?????1111011
,0x7b,custom-3,0,78,x0,x0,x0..x31,32,0,1,2,Yes,No,No,UNSAFE,10011100000000000000?????1111011
,0x7b,custom-3,0,79,x0,x0,x0..x31,32,0,1,2,Yes,No,No,UNSAFE,10011110000000000000?????1111011
,0x7b,custom-3,0,80,x0,x0,x0..x31,32,0,1,2,Yes,No,No,UNSAFE,10100000000000000000?????1111011
,0x7b,custom-3,0,81,x0,x0,x0..x31,32,0,1,2,Yes,No,No,UNSAFE,10100010000000000000?????1111011
,0x7b,custom-3,0,82,x0,x0,x0..x31,32,0,1,2,Yes,No,No,UNSAFE,10100100000000000000?????1111011
,0x7b,custom-3,0,83,x0,x0,x0..x31,32,0,1,2,Yes,No,No,UNSAFE,10100110000000000000?????1111011
,0x7b,custom-3,0,84,x0,x0,x0..x31,32,0,1,2,Yes,No,No,UNSAFE,10101000000000000000?????1111011
,0x7b,custom-3,0,85,x0,x0,x0..x31,32,0,1,2,Yes,No,No,UNSAFE,10101010000000000000?????1111011
,0x7b,custom-3,0,86,x0,x0,x0..x31,32,0,1,2,Yes,No,No,UNSAFE,10101100000000000000?????1111011
,0x7b,custom-3,0,87,x0,x0,x0..x31,32,0,1,2,Yes,No,No,UNSAFE,10101110000000000000?????1111011
,0x7b,custom-3,0,88,x0,x0,x0..x31,32,0,1,2,Yes,No,No,UNSAFE,10110000000000000000?????1111011
,0x7b,custom-3,0,89,x0,x0,x0..x31,32,0,1,2,Yes,No,No,UNSAFE,10110010000000000000?????1111011
,0x7b,custom-3,0,90,x0,x0,x0..x31,32,0,1,2,Yes,No,No,UNSAFE,10110100000000000000?????1111011
,0x7b,custom-3,0,91,x0,x0,x0..x31,32,0,1,2,Yes,No,No,UNSAFE,10110110000000000000?????1111011
,0x7b,custom-3,0,92,x0,x0,x0..x31,32,0,1,2,Yes,No,No,UNSAFE,10111000000000000000?????1111011
,0x7b,custom-3,0,93,x0,x0,x0..x31,32,0,1,2,Yes,No,No,UNSAFE,10111010000000000000?????1111011
,0x7b,custom-3,0,94,x0,x0,x0..x31,32,0,1,2,Yes,No,No,UNSAFE,10111100000000000000?????1111011
,0x7b,custom-3,0,95,x0,x0,x0..x31,32,0,1,2,Yes,No,No,UNSAFE,10111110000000000000?????1111011
,0x7b,custom-3,0,96,x0,x0,x0..x31,32,0,1,2,Yes,No,No,UNSAFE,11000000000000000000?????1111011
,0x7b,custom-3,0,97,x0,x0,x0..x31,32,0,1,2,Yes,No,No,UNSAFE,11000010000000000000?????1111011
,0x7b,custom-3,0,98,x0,x0,x0..x31,32,0,1,2,Yes,No,No,UNSAFE,11000100000000000000?????1111011
,0x7b,custom-3,0,99,x0,x0,x0..x31,32,0,1,2,Yes,No,No,UNSAFE,11000110000000000000?????1111011
,0x7b,custom-3,0,100,x0,x0,x0..x31,32,0,1,2,Yes,No,No,UNSAFE,11001000000000000000?????1111011
,0x7b,custom-3,0,101,x0,x0,x0..x31,32,0,1,2,Yes,No,No,UNSAFE,11001010000000000000?????1111011
,0x7b,custom-3,0,102,x0,x0,x0..x31,32,0,1,2,Yes,No,No,UNSAFE,11001100000000000000?????1111011
,0x7b,custom-3,0,103,x0,x0,x0..x31,32,0,1,2,Yes,No,No,UNSAFE,11001110000000000000?????1111011
,0x7b,custom-3,0,104,x0,x0,x0..x31,32,0,1,2,Yes,No,No,UNSAFE,11010000000000000000?????1111011
,0x7b,custom-3,0,105,x0,x0,x0..x31,32,0,1,2,Yes,No,No,UNSAFE,11010010000000000000?????1111011
,0x7b,custom-3,0,106,x0,x0,x0..x31,32,0,1,2,Yes,No,No,UNSAFE,11010100000000000000?????1111011
,0x7b,custom-3,0,107,x0,x0,x0..x31,32,0,1,2,Yes,No,No,UNSAFE,11010110000000000000?????1111011
,0x7b,custom-3,0,108,x0,x0,x0..x31,32,0,1,2,Yes,No,No,UNSAFE,11011000000000000000?????1111011
,0x7b,custom-3,0,109,x0,x0,x0..x31,32,0,1,2,Yes,No,No,UNSAFE,11011010000000000000?????1111011
,0x7b,custom-3,0,110,x0,x0,x0..x31,32,0,1,2,Yes,No,No,UNSAFE,11011100000000000000?????1111011
,0x7b,custom-3,0,111,x0,x0,x0..x31,32,0,1,2,Yes,No,No,UNSAFE,11011110000000000000?????1111011
,0x7b,custom-3,0,112,x0,x0,x0..x31,32,0,1,2,Yes,No,No,UNSAFE,11100000000000000000?????1111011
,0x7b,custom-3,0,113,x0,x0,x0..x31,32,0,1,2,Yes,No,No,UNSAFE,11100010000000000000?????1111011
,0x7b,custom-3,0,114,x0,x0,x0..x31,32,0,1,2,Yes,No,No,UNSAFE,11100100000000000000?????1111011
,0x7b,custom-3,0,115,x0,x0,x0..x31,32,0,1,2,Yes,No,No,UNSAFE,11100110000000000000?????1111011
,0x7b,custom-3,0,116,x0,x0,x0..x31,32,0,1,2,Yes,No,No,UNSAFE,11101000000000000000?????1111011
,0x7b,custom-3,0,117,x0,x0,x0..x31,32,0,1,2,Yes,No,No,UNSAFE,11101010000000000000?????1111011
,0x7b,custom-3,0,118,x0,x0,x0..x31,32,0,1,2,Yes,No,No,UNSAFE,11101100000000000000?????1111011
,0x7b,custom-3,0,119,x0,x0,x0..x31,32,0,1,2,Yes,No,No,UNSAFE,11101110000000000000?????1111011
,0x7b,custom-3,0,120,x0,x0,x0..x31,32,0,1,2,Yes,No,No,UNSAFE,11110000000000000000?????1111011
,0x7b,custom-3,0,121,x0,x0,x0..x31,32,0,1,2,Yes,No,No,UNSAFE,11110010000000000000?????1111011
,0x7b,custom-3,0,122,x0,x0,x0..x31,32,0,1,2,Yes,No,No,UNSAFE,11110100000000000000?????1111011
,0x7b,custom-3,0,123,x0,x0,x0..x31,32,0,1,2,Yes,No,No,UNSAFE,11110110000000000000?????1111011
,0x7b,custom-3,0,124,x0,x0,x0..x31,32,0,1,2,Yes,No,No,UNSAFE,11111000000000000000?????1111011
,0x7b,custom-3,0,125,x0,x0,x0..x31,32,0,1,2,Yes,No,No,UNSAFE,11111010000000000000?????1111011
,0x7b,custom-3,0,126,x0,x0,x0..x31,32,0,1,2,Yes,No,No,UNSAFE,11111100000000000000?????1111011
,0x7b,custom-3,0,127,x0,x0,x0..x31,32,0,1,2,Yes,No,No,UNSAFE,11111110000000000000?????1111011
,0x7b,custom-3,1,0,x0,x0,x0..x31,32,0,1,2,Yes,No,No,UNSAFE,00000000000000000001?????1111011
,0x7b,custom-3,1,1,x0,x0,x0..x31,32,0,1,2,Yes,No,No,UNSAFE,00000010000000000001?????1111011
,0x7b,custom-3,1,2,x0,x0,x0..x31,32,0,0,1,Yes,Yes,No,UNSAFE,00000100000000000001?????1111011
,0x7b,custom-3,1,3,x0,x0,x0..x31,32,0,0,1,Yes,Yes,No,UNSAFE,00000110000000000001?????1111011
,0x7b,custom-3,1,4,x0,x0,x0..x31,32,0,1,2,Yes,No,No,UNSAFE,00001000000000000001?????1111011
,0x7b,custom-3,1,5,x0,x0,x0..x31,32,0,0,1,Yes,Yes,No,UNSAFE,00001010000000000001?????1111011
,0x7b,custom-3,1,6,x0,x0,x0..x31,32,0,0,1,Yes,Yes,No,UNSAFE,00001100000000000001?????1111011
,0x7b,custom-3,1,7,x0,x0,x0..x31,32,0,0,1,Yes,Yes,No,UNSAFE,00001110000000000001?????1111011
,0x7b,custom-3,1,8,x0,x0,x0..x31,32,0,0,1,Yes,Yes,No,UNSAFE,00010000000000000001?????1111011
,0x7b,custom-3,1,9,x0,x0,x0..x31,32,0,0,1,Yes,Yes,No,UNSAFE,00010010000000000001?????1111011
,0x7b,custom-3,1,10,x0,x0,x0..x31,32,0,0,1,Yes,Yes,No,UNSAFE,00010100000000000001?????1111011
,0x7b,custom-3,1,11,x0,x0,x0..x31,32,0,0,1,Yes,Yes,No,UNSAFE,00010110000000000001?????1111011
,0x7b,custom-3,1,12,x0,x0,x0..x31,32,0,0,1,Yes,Yes,No,UNSAFE,00011000000000000001?????1111011
,0x7b,custom-3,1,13,x0,x0,x0..x31,32,0,0,1,Yes,Yes,No,UNSAFE,00011010000000000001?????1111011
,0x7b,custom-3,1,14,x0,x0,x0..x31,32,0,0,1,Yes,Yes,No,UNSAFE,00011100000000000001?????1111011
,0x7b,custom-3,1,15,x0,x0,x0..x31,32,0,0,1,Yes,Yes,No,UNSAFE,00011110000000000001?????1111011
,0x7b,custom-3,1,16,x0,x0,x0..x31,32,0,1,2,Yes,No,No,UNSAFE,00100000000000000001?????1111011
,0x7b,custom-3,1,17,x0,x0,x0..x31,32,0,1,2,Yes,No,No,UNSAFE,00100010000000000001?????1111011
,0x7b,custom-3,1,18,x0,x0,x0..x31,32,0,0,1,Yes,Yes,No,UNSAFE,00100100000000000001?????1111011
,0x7b,custom-3,1,19,x0,x0,x0..x31,32,0,0,1,Yes,Yes,No,UNSAFE,00100110000000000001?????1111011
,0x7b,custom-3,1,20,x0,x0,x0..x31,32,0,1,2,Yes,No,No,UNSAFE,00101000000000000001?????1111011
,0x7b,custom-3,1,21,x0,x0,x0..x31,32,0,1,2,Yes,No,No,UNSAFE,00101010000000000001?????1111011
,0x7b,custom-3,1,22,x0,x0,x0..x31,32,0,0,1,Yes,Yes,No,UNSAFE,00101100000000000001?????1111011
,0x7b,custom-3,1,23,x0,x0,x0..x31,32,0,0,1,Yes,Yes,No,UNSAFE,00101110000000000001?????1111011
,0x7b,custom-3,1,24,x0,x0,x0..x31,32,0,0,1,Yes,Yes,No,UNSAFE,00110000000000000001?????1111011
,0x7b,custom-3,1,25,x0,x0,x0..x31,32,0,0,1,Yes,Yes,No,UNSAFE,00110010000000000001?????1111011
,0x7b,custom-3,1,26,x0,x0,x0..x31,32,0,0,1,Yes,Yes,No,UNSAFE,00110100000000000001?????1111011
,0x7b,custom-3,1,27,x0,x0,x0..x31,32,0,0,1,Yes,Yes,No,UNSAFE,00110110000000000001?????1111011
,0x7b,custom-3,1,28,x0,x0,x0..x31,32,0,0,1,Yes,Yes,No,UNSAFE,00111000000000000001?????1111011
,0x7b,custom-3,1,29,x0,x0,x0..x31,32,0,0,1,Yes,Yes,No,UNSAFE,00111010000000000001?????1111011
,0x7b,custom-3,1,30,x0,x0,x0..x31,32,0,0,1,Yes,Yes,No,UNSAFE,00111100000000000001?????1111011
,0x7b,custom-3,1,31,x0,x0,x0..x31,32,0,0,1,Yes,Yes,No,UNSAFE,00111110000000000001?????1111011
,0x7b,custom-3,1,32,x0,x0,x0..x31,32,0,0,1,Yes,Yes,No,UNSAFE,01000000000000000001?????1111011
,0x7b,custom-3,1,33,x0,x0,x0..x31,32,0,0,1,Yes,Yes,No,UNSAFE,01000010000000000001?????1111011
,0x7b,custom-3,1,34,x0,x0,x0..x31,32,0,0,1,Yes,Yes,No,UNSAFE,01000100000000000001?????1111011
,0x7b,custom-3,1,35,x0,x0,x0..x31,32,0,0,1,Yes,Yes,No,UNSAFE,01000110000000000001?????1111011
,0x7b,custom-3,1,36,x0,x0,x0..x31,32,0,1,2,Yes,No,No,UNSAFE,01001000000000000001?????1111011
,0x7b,custom-3,1,37,x0,x0,x0..x31,32,0,1,2,Yes,No,No,UNSAFE,01001010000000000001?????1111011
,0x7b,custom-3,1,38,x0,x0,x0..x31,32,0,0,1,Yes,Yes,No,UNSAFE,01001100000000000001?????1111011
,0x7b,custom-3,1,39,x0,x0,x0..x31,32,0,0,1,Yes,Yes,No,UNSAFE,01001110000000000001?????1111011
,0x7b,custom-3,1,40,x0,x0,x0..x31,32,0,0,1,Yes,Yes,No,UNSAFE,01010000000000000001?????1111011
,0x7b,custom-3,1,41,x0,x0,x0..x31,32,0,0,1,Yes,Yes,No,UNSAFE,01010010000000000001?????1111011
,0x7b,custom-3,1,42,x0,x0,x0..x31,32,0,0,1,Yes,Yes,No,UNSAFE,01010100000000000001?????1111011
,0x7b,custom-3,1,43,x0,x0,x0..x31,32,0,0,1,Yes,Yes,No,UNSAFE,01010110000000000001?????1111011
,0x7b,custom-3,1,44,x0,x0,x0..x31,32,0,0,1,Yes,Yes,No,UNSAFE,01011000000000000001?????1111011
,0x7b,custom-3,1,45,x0,x0,x0..x31,32,0,0,1,Yes,Yes,No,UNSAFE,01011010000000000001?????1111011
,0x7b,custom-3,1,46,x0,x0,x0..x31,32,0,0,1,Yes,Yes,No,UNSAFE,01011100000000000001?????1111011
,0x7b,custom-3,1,47,x0,x0,x0..x31,32,0,0,1,Yes,Yes,No,UNSAFE,01011110000000000001?????1111011
,0x7b,custom-3,1,48,x0,x0,x0..x31,32,0,0,1,Yes,Yes,No,UNSAFE,01100000000000000001?????1111011
,0x7b,custom-3,1,49,x0,x0,x0..x31,32,0,0,1,Yes,Yes,No,UNSAFE,01100010000000000001?????1111011
,0x7b,custom-3,1,50,x0,x0,x0..x31,32,0,0,1,Yes,Yes,No,UNSAFE,01100100000000000001?????1111011
,0x7b,custom-3,1,51,x0,x0,x0..x31,32,0,0,1,Yes,Yes,No,UNSAFE,01100110000000000001?????1111011
,0x7b,custom-3,1,52,x0,x0,x0..x31,32,0,1,2,Yes,No,No,UNSAFE,01101000000000000001?????1111011
,0x7b,custom-3,1,53,x0,x0,x0..x31,32,0,1,2,Yes,No,No,UNSAFE,01101010000000000001?????1111011
,0x7b,custom-3,1,54,x0,x0,x0..x31,32,0,0,1,Yes,Yes,No,UNSAFE,01101100000000000001?????1111011
,0x7b,custom-3,1,55,x0,x0,x0..x31,32,0,0,1,Yes,Yes,No,UNSAFE,01101110000000000001?????1111011
,0x7b,custom-3,1,56,x0,x0,x0..x31,32,0,0,1,Yes,Yes,No,UNSAFE,01110000000000000001?????1111011
,0x7b,custom-3,1,57,x0,x0,x0..x31,32,0,0,1,Yes,Yes,No,UNSAFE,01110010000000000001?????1111011
,0x7b,custom-3,1,58,x0,x0,x0..x31,32,0,0,1,Yes,Yes,No,UNSAFE,01110100000000000001?????1111011
,0x7b,custom-3,1,59,x0,x0,x0..x31,32,0,0,1,Yes,Yes,No,UNSAFE,01110110000000000001?????1111011
,0x7b,custom-3,1,60,x0,x0,x0..x31,32,0,0,1,Yes,Yes,No,UNSAFE,01111000000000000001?????1111011
,0x7b,custom-3,1,61,x0,x0,x0..x31,32,0,0,1,Yes,Yes,No,UNSAFE,01111010000000000001?????1111011
,0x7b,custom-3,1,62,x0,x0,x0..x31,32,0,0,1,Yes,Yes,No,UNSAFE,01111100000000000001?????1111011
,0x7b,custom-3,1,63,x0,x0,x0..x31,32,0,0,1,Yes,Yes,No,UNSAFE,01111110000000000001?????1111011
,0x7b,custom-3,1,64,x0,x0,x0..x31,32,0,0,1,Yes,Yes,No,UNSAFE,10000000000000000001?????1111011
,0x7b,custom-3,1,65,x0,x0,x0..x31,32,0,0,1,Yes,Yes,No,UNSAFE,10000010000000000001?????1111011
,0x7b,custom-3,1,66,x0,x0,x0..x31,32,0,0,1,Yes,Yes,No,UNSAFE,10000100000000000001?????1111011
,0x7b,custom-3,1,67,x0,x0,x0..x31,32,0,0,1,Yes,Yes,No,UNSAFE,10000110000000000001?????1111011
,0x7b,custom-3,1,68,x0,x0,x0..x31,32,0,0,1,Yes,Yes,No,UNSAFE,10001000000000000001?????1111011
,0x7b,custom-3,1,69,x0,x0,x0..x31,32,0,0,1,Yes,Yes,No,UNSAFE,10001010000000000001?????1111011
,0x7b,custom-3,1,70,x0,x0,x0..x31,32,0,0,1,Yes,Yes,No,UNSAFE,10001100000000000001?????1111011
,0x7b,custom-3,1,71,x0,x0,x0..x31,32,0,0,1,Yes,Yes,No,UNSAFE,10001110000000000001?????1111011
,0x7b,custom-3,1,72,x0,x0,x0..x31,32,0,0,1,Yes,Yes,No,UNSAFE,10010000000000000001?????1111011
,0x7b,custom-3,1,73,x0,x0,x0..x31,32,0,0,1,Yes,Yes,No,UNSAFE,10010010000000000001?????1111011
,0x7b,custom-3,1,74,x0,x0,x0..x31,32,0,0,1,Yes,Yes,No,UNSAFE,10010100000000000001?????1111011
,0x7b,custom-3,1,75,x0,x0,x0..x31,32,0,0,1,Yes,Yes,No,UNSAFE,10010110000000000001?????1111011
,0x7b,custom-3,1,76,x0,x0,x0..x31,32,0,0,1,Yes,Yes,No,UNSAFE,10011000000000000001?????1111011
,0x7b,custom-3,1,77,x0,x0,x0..x31,32,0,0,1,Yes,Yes,No,UNSAFE,10011010000000000001?????1111011
,0x7b,custom-3,1,78,x0,x0,x0..x31,32,0,0,1,Yes,Yes,No,UNSAFE,10011100000000000001?????1111011
,0x7b,custom-3,1,79,x0,x0,x0..x31,32,0,0,1,Yes,Yes,No,UNSAFE,10011110000000000001?????1111011
,0x7b,custom-3,1,80,x0,x0,x0..x31,32,0,0,1,Yes,Yes,No,UNSAFE,10100000000000000001?????1111011
,0x7b,custom-3,1,81,x0,x0,x0..x31,32,0,0,1,Yes,Yes,No,UNSAFE,10100010000000000001?????1111011
,0x7b,custom-3,1,82,x0,x0,x0..x31,32,0,0,1,Yes,Yes,No,UNSAFE,10100100000000000001?????1111011
,0x7b,custom-3,1,83,x0,x0,x0..x31,32,0,0,1,Yes,Yes,No,UNSAFE,10100110000000000001?????1111011
,0x7b,custom-3,1,84,x0,x0,x0..x31,32,0,0,1,Yes,Yes,No,UNSAFE,10101000000000000001?????1111011
,0x7b,custom-3,1,85,x0,x0,x0..x31,32,0,0,1,Yes,Yes,No,UNSAFE,10101010000000000001?????1111011
,0x7b,custom-3,1,86,x0,x0,x0..x31,32,0,0,1,Yes,Yes,No,UNSAFE,10101100000000000001?????1111011
,0x7b,custom-3,1,87,x0,x0,x0..x31,32,0,0,1,Yes,Yes,No,UNSAFE,10101110000000000001?????1111011
,0x7b,custom-3,1,88,x0,x0,x0..x31,32,0,0,1,Yes,Yes,No,UNSAFE,10110000000000000001?????1111011
,0x7b,custom-3,1,89,x0,x0,x0..x31,32,0,0,1,Yes,Yes,No,UNSAFE,10110010000000000001?????1111011
,0x7b,custom-3,1,90,x0,x0,x0..x31,32,0,0,1,Yes,Yes,No,UNSAFE,10110100000000000001?????1111011
,0x7b,custom-3,1,91,x0,x0,x0..x31,32,0,0,1,Yes,Yes,No,UNSAFE,10110110000000000001?????1111011
,0x7b,custom-3,1,92,x0,x0,x0..x31,32,0,0,1,Yes,Yes,No,UNSAFE,10111000000000000001?????1111011
,0x7b,custom-3,1,93,x0,x0,x0..x31,32,0,0,1,Yes,Yes,No,UNSAFE,10111010000000000001?????1111011
,0x7b,custom-3,1,94,x0,x0,x0..x31,32,0,0,1,Yes,Yes,No,UNSAFE,10111100000000000001?????1111011
,0x7b,custom-3,1,95,x0,x0,x0..x31,32,0,0,1,Yes,Yes,No,UNSAFE,10111110000000000001?????1111011
,0x7b,custom-3,1,96,x0,x0,x0..x31,32,0,0,1,Yes,Yes,No,UNSAFE,11000000000000000001?????1111011
,0x7b,custom-3,1,97,x0,x0,x0..x31,32,0,0,1,Yes,Yes,No,UNSAFE,11000010000000000001?????1111011
,0x7b,custom-3,1,98,x0,x0,x0..x31,32,0,0,1,Yes,Yes,No,UNSAFE,11000100000000000001?????1111011
,0x7b,custom-3,1,99,x0,x0,x0..x31,32,0,0,1,Yes,Yes,No,UNSAFE,11000110000000000001?????1111011
,0x7b,custom-3,1,100,x0,x0,x0..x31,32,0,0,1,Yes,Yes,No,UNSAFE,11001000000000000001?????1111011
,0x7b,custom-3,1,101,x0,x0,x0..x31,32,0,0,1,Yes,Yes,No,UNSAFE,11001010000000000001?????1111011
,0x7b,custom-3,1,102,x0,x0,x0..x31,32,0,0,1,Yes,Yes,No,UNSAFE,11001100000000000001?????1111011
,0x7b,custom-3,1,103,x0,x0,x0..x31,32,0,0,1,Yes,Yes,No,UNSAFE,11001110000000000001?????1111011
,0x7b,custom-3,1,104,x0,x0,x0..x31,32,0,0,1,Yes,Yes,No,UNSAFE,11010000000000000001?????1111011
,0x7b,custom-3,1,105,x0,x0,x0..x31,32,0,0,1,Yes,Yes,No,UNSAFE,11010010000000000001?????1111011
,0x7b,custom-3,1,106,x0,x0,x0..x31,32,0,0,1,Yes,Yes,No,UNSAFE,11010100000000000001?????1111011
,0x7b,custom-3,1,107,x0,x0,x0..x31,32,0,0,1,Yes,Yes,No,UNSAFE,11010110000000000001?????1111011
,0x7b,custom-3,1,108,x0,x0,x0..x31,32,0,0,1,Yes,Yes,No,UNSAFE,11011000000000000001?????1111011
,0x7b,custom-3,1,109,x0,x0,x0..x31,32,0,0,1,Yes,Yes,No,UNSAFE,11011010000000000001?????1111011
,0x7b,custom-3,1,110,x0,x0,x0..x31,32,0,0,1,Yes,Yes,No,UNSAFE,11011100000000000001?????1111011
,0x7b,custom-3,1,111,x0,x0,x0..x31,32,0,0,1,Yes,Yes,No,UNSAFE,11011110000000000001?????1111011
,0x7b,custom-3,1,112,x0,x0,x0..x31,32,0,0,1,Yes,Yes,No,UNSAFE,11100000000000000001?????1111011
,0x7b,custom-3,1,113,x0,x0,x0..x31,32,0,0,1,Yes,Yes,No,UNSAFE,11100010000000000001?????1111011
,0x7b,custom-3,1,114,x0,x0,x0..x31,32,0,0,1,Yes,Yes,No,UNSAFE,11100100000000000001?????1111011
,0x7b,custom-3,1,115,x0,x0,x0..x31,32,0,0,1,Yes,Yes,No,UNSAFE,11100110000000000001?????1111011
,0x7b,custom-3,1,116,x0,x0,x0..x31,32,0,0,1,Yes,Yes,No,UNSAFE,11101000000000000001?????1111011
,0x7b,custom-3,1,117,x0,x0,x0..x31,32,0,0,1,Yes,Yes,No,UNSAFE,11101010000000000001?????1111011
,0x7b,custom-3,1,118,x0,x0,x0..x31,32,0,0,1,Yes,Yes,No,UNSAFE,11101100000000000001?????1111011
,0x7b,custom-3,1,119,x0,x0,x0..x31,32,0,0,1,Yes,Yes,No,UNSAFE,11101110000000000001?????1111011
,0x7b,custom-3,1,120,x0,x0,x0..x31,32,0,0,1,Yes,Yes,No,UNSAFE,11110000000000000001?????1111011
,0x7b,custom-3,1,121,x0,x0,x0..x31,32,0,0,1,Yes,Yes,No,UNSAFE,11110010000000000001?????1111011
,0x7b,custom-3,1,122,x0,x0,x0..x31,32,0,0,1,Yes,Yes,No,UNSAFE,11110100000000000001?????1111011
,0x7b,custom-3,1,123,x0,x0,x0..x31,32,0,0,1,Yes,Yes,No,UNSAFE,11110110000000000001?????1111011
,0x7b,custom-3,1,124,x0,x0,x0..x31,32,0,0,1,Yes,Yes,No,UNSAFE,11111000000000000001?????1111011
,0x7b,custom-3,1,125,x0,x0,x0..x31,32,0,0,1,Yes,Yes,No,UNSAFE,11111010000000000001?????1111011
,0x7b,custom-3,1,126,x0,x0,x0..x31,32,0,0,1,Yes,Yes,No,UNSAFE,11111100000000000001?????1111011
,0x7b,custom-3,1,127,x0,x0,x0..x31,32,0,0,1,Yes,Yes,No,UNSAFE,11111110000000000001?????1111011
,0x7b,custom-3,2,0,x0,x0,x0..x31,32,0,1,2,Yes,No,No,UNSAFE,00000000000000000010?????1111011
,0x7b,custom-3,2,1,x0,x0,x0..x31,32,0,1,1,Yes,No,No,UNSAFE,00000010000000000010?????1111011
,0x7b,custom-3,2,2,x0,x0,x0..x31,32,0,1,1,Yes,No,No,UNSAFE,00000100000000000010?????1111011
,0x7b,custom-3,2,3,x0,x0,x0..x31,32,0,1,1,Yes,No,No,UNSAFE,00000110000000000010?????1111011
,0x7b,custom-3,2,4,x0,x0,x0..x31,32,0,1,1,Yes,No,No,UNSAFE,00001000000000000010?????1111011
,0x7b,custom-3,2,5,x0,x0,x0..x31,32,0,1,1,Yes,No,No,UNSAFE,00001010000000000010?????1111011
,0x7b,custom-3,2,6,x0,x0,x0..x31,32,0,1,1,Yes,No,No,UNSAFE,00001100000000000010?????1111011
,0x7b,custom-3,2,7,x0,x0,x0..x31,32,0,1,1,Yes,No,No,UNSAFE,00001110000000000010?????1111011
,0x7b,custom-3,2,8,x0,x0,x0..x31,32,0,1,1,Yes,No,No,UNSAFE,00010000000000000010?????1111011
,0x7b,custom-3,2,9,x0,x0,x0..x31,32,0,1,1,Yes,No,No,UNSAFE,00010010000000000010?????1111011
,0x7b,custom-3,2,10,x0,x0,x0..x31,32,0,1,1,Yes,No,No,UNSAFE,00010100000000000010?????1111011
,0x7b,custom-3,2,11,x0,x0,x0..x31,32,0,1,1,Yes,No,No,UNSAFE,00010110000000000010?????1111011
,0x7b,custom-3,2,12,x0,x0,x0..x31,32,0,1,1,Yes,No,No,UNSAFE,00011000000000000010?????1111011
,0x7b,custom-3,2,13,x0,x0,x0..x31,32,0,1,1,Yes,No,No,UNSAFE,00011010000000000010?????1111011
,0x7b,custom-3,2,14,x0,x0,x0..x31,32,0,1,1,Yes,No,No,UNSAFE,00011100000000000010?????1111011
,0x7b,custom-3,2,15,x0,x0,x0..x31,32,0,1,1,Yes,No,No,UNSAFE,00011110000000000010?????1111011
,0x7b,custom-3,2,16,x0,x0,x0..x31,32,0,1,1,Yes,No,No,UNSAFE,00100000000000000010?????1111011
,0x7b,custom-3,2,17,x0,x0,x0..x31,32,0,1,1,Yes,No,No,UNSAFE,00100010000000000010?????1111011
,0x7b,custom-3,2,18,x0,x0,x0..x31,32,0,1,1,Yes,No,No,UNSAFE,00100100000000000010?????1111011
,0x7b,custom-3,2,19,x0,x0,x0..x31,32,0,1,1,Yes,No,No,UNSAFE,00100110000000000010?????1111011
,0x7b,custom-3,2,20,x0,x0,x0..x31,32,0,1,1,Yes,No,No,UNSAFE,00101000000000000010?????1111011
,0x7b,custom-3,2,21,x0,x0,x0..x31,32,0,1,1,Yes,No,No,UNSAFE,00101010000000000010?????1111011
,0x7b,custom-3,2,22,x0,x0,x0..x31,32,0,1,1,Yes,No,No,UNSAFE,00101100000000000010?????1111011
,0x7b,custom-3,2,23,x0,x0,x0..x31,32,0,1,1,Yes,No,No,UNSAFE,00101110000000000010?????1111011
,0x7b,custom-3,2,24,x0,x0,x0..x31,32,0,1,1,Yes,No,No,UNSAFE,00110000000000000010?????1111011
,0x7b,custom-3,2,25,x0,x0,x0..x31,32,0,1,1,Yes,No,No,UNSAFE,00110010000000000010?????1111011
,0x7b,custom-3,2,26,x0,x0,x0..x31,32,0,1,1,Yes,No,No,UNSAFE,00110100000000000010?????1111011
,0x7b,custom-3,2,27,x0,x0,x0..x31,32,0,1,1,Yes,No,No,UNSAFE,00110110000000000010?????1111011
,0x7b,custom-3,2,28,x0,x0,x0..x31,32,0,1,1,Yes,No,No,UNSAFE,00111000000000000010?????1111011
,0x7b,custom-3,2,29,x0,x0,x0..x31,32,0,1,1,Yes,No,No,UNSAFE,00111010000000000010?????1111011
,0x7b,custom-3,2,30,x0,x0,x0..x31,32,0,1,1,Yes,No,No,UNSAFE,00111100000000000010?????1111011
,0x7b,custom-3,2,31,x0,x0,x0..x31,32,0,1,1,Yes,No,No,UNSAFE,00111110000000000010?????1111011
,0x7b,custom-3,2,32,x0,x0,x0..x31,32,0,1,1,Yes,No,No,UNSAFE,01000000000000000010?????1111011
,0x7b,custom-3,2,33,x0,x0,x0..x31,32,0,1,1,Yes,No,No,UNSAFE,01000010000000000010?????1111011
,0x7b,custom-3,2,34,x0,x0,x0..x31,32,0,1,1,Yes,No,No,UNSAFE,01000100000000000010?????1111011
,0x7b,custom-3,2,35,x0,x0,x0..x31,32,0,1,1,Yes,No,No,UNSAFE,01000110000000000010?????1111011
,0x7b,custom-3,2,36,x0,x0,x0..x31,32,0,1,1,Yes,No,No,UNSAFE,01001000000000000010?????1111011
,0x7b,custom-3,2,37,x0,x0,x0..x31,32,0,1,1,Yes,No,No,UNSAFE,01001010000000000010?????1111011
,0x7b,custom-3,2,38,x0,x0,x0..x31,32,0,1,1,Yes,No,No,UNSAFE,01001100000000000010?????1111011
,0x7b,custom-3,2,39,x0,x0,x0..x31,32,0,1,1,Yes,No,No,UNSAFE,01001110000000000010?????1111011
,0x7b,custom-3,2,40,x0,x0,x0..x31,32,0,1,1,Yes,No,No,UNSAFE,01010000000000000010?????1111011
,0x7b,custom-3,2,41,x0,x0,x0..x31,32,0,1,1,Yes,No,No,UNSAFE,01010010000000000010?????1111011
,0x7b,custom-3,2,42,x0,x0,x0..x31,32,0,1,1,Yes,No,No,UNSAFE,01010100000000000010?????1111011
,0x7b,custom-3,2,43,x0,x0,x0..x31,32,0,1,1,Yes,No,No,UNSAFE,01010110000000000010?????1111011
,0x7b,custom-3,2,44,x0,x0,x0..x31,32,0,1,1,Yes,No,No,UNSAFE,01011000000000000010?????1111011
,0x7b,custom-3,2,45,x0,x0,x0..x31,32,0,1,1,Yes,No,No,UNSAFE,01011010000000000010?????1111011
,0x7b,custom-3,2,46,x0,x0,x0..x31,32,0,1,1,Yes,No,No,UNSAFE,01011100000000000010?????1111011
,0x7b,custom-3,2,47,x0,x0,x0..x31,32,0,1,1,Yes,No,No,UNSAFE,01011110000000000010?????1111011
,0x7b,custom-3,2,48,x0,x0,x0..x31,32,0,1,1,Yes,No,No,UNSAFE,01100000000000000010?????1111011
,0x7b,custom-3,2,49,x0,x0,x0..x31,32,0,1,1,Yes,No,No,UNSAFE,01100010000000000010?????1111011
,0x7b,custom-3,2,50,x0,x0,x0..x31,32,0,1,1,Yes,No,No,UNSAFE,01100100000000000010?????1111011
,0x7b,custom-3,2,51,x0,x0,x0..x31,32,0,1,1,Yes,No,No,UNSAFE,01100110000000000010?????1111011
,0x7b,custom-3,2,52,x0,x0,x0..x31,32,0,1,1,Yes,No,No,UNSAFE,01101000000000000010?????1111011
,0x7b,custom-3,2,53,x0,x0,x0..x31,32,0,1,1,Yes,No,No,UNSAFE,01101010000000000010?????1111011
,0x7b,custom-3,2,54,x0,x0,x0..x31,32,0,1,1,Yes,No,No,UNSAFE,01101100000000000010?????1111011
,0x7b,custom-3,2,55,x0,x0,x0..x31,32,0,1,1,Yes,No,No,UNSAFE,01101110000000000010?????1111011
,0x7b,custom-3,2,56,x0,x0,x0..x31,32,0,1,1,Yes,No,No,UNSAFE,01110000000000000010?????1111011
,0x7b,custom-3,2,57,x0,x0,x0..x31,32,0,1,1,Yes,No,No,UNSAFE,01110010000000000010?????1111011
,0x7b,custom-3,2,58,x0,x0,x0..x31,32,0,1,1,Yes,No,No,UNSAFE,01110100000000000010?????1111011
,0x7b,custom-3,2,59,x0,x0,x0..x31,32,0,1,1,Yes,No,No,UNSAFE,01110110000000000010?????1111011
,0x7b,custom-3,2,60,x0,x0,x0..x31,32,0,1,1,Yes,No,No,UNSAFE,01111000000000000010?????1111011
,0x7b,custom-3,2,61,x0,x0,x0..x31,32,0,1,1,Yes,No,No,UNSAFE,01111010000000000010?????1111011
,0x7b,custom-3,2,62,x0,x0,x0..x31,32,0,1,1,Yes,No,No,UNSAFE,01111100000000000010?????1111011
,0x7b,custom-3,2,63,x0,x0,x0..x31,32,0,1,1,Yes,No,No,UNSAFE,01111110000000000010?????1111011
,0x7b,custom-3,2,64,x0,x0,x0..x31,32,0,1,1,Yes,No,No,UNSAFE,10000000000000000010?????1111011
,0x7b,custom-3,2,65,x0,x0,x0..x31,32,0,1,1,Yes,No,No,UNSAFE,10000010000000000010?????1111011
,0x7b,custom-3,2,66,x0,x0,x0..x31,32,0,1,1,Yes,No,No,UNSAFE,10000100000000000010?????1111011
,0x7b,custom-3,2,67,x0,x0,x0..x31,32,0,1,1,Yes,No,No,UNSAFE,10000110000000000010?????1111011
,0x7b,custom-3,2,68,x0,x0,x0..x31,32,0,1,1,Yes,No,No,UNSAFE,10001000000000000010?????1111011
,0x7b,custom-3,2,69,x0,x0,x0..x31,32,0,1,1,Yes,No,No,UNSAFE,10001010000000000010?????1111011
,0x7b,custom-3,2,70,x0,x0,x0..x31,32,0,1,1,Yes,No,No,UNSAFE,10001100000000000010?????1111011
,0x7b,custom-3,2,71,x0,x0,x0..x31,32,0,1,1,Yes,No,No,UNSAFE,10001110000000000010?????1111011
,0x7b,custom-3,2,72,x0,x0,x0..x31,32,0,1,1,Yes,No,No,UNSAFE,10010000000000000010?????1111011
,0x7b,custom-3,2,73,x0,x0,x0..x31,32,0,1,1,Yes,No,No,UNSAFE,10010010000000000010?????1111011
,0x7b,custom-3,2,74,x0,x0,x0..x31,32,0,1,1,Yes,No,No,UNSAFE,10010100000000000010?????1111011
,0x7b,custom-3,2,75,x0,x0,x0..x31,32,0,1,1,Yes,No,No,UNSAFE,10010110000000000010?????1111011
,0x7b,custom-3,2,76,x0,x0,x0..x31,32,0,1,1,Yes,No,No,UNSAFE,10011000000000000010?????1111011
,0x7b,custom-3,2,77,x0,x0,x0..x31,32,0,1,1,Yes,No,No,UNSAFE,10011010000000000010?????1111011
,0x7b,custom-3,2,78,x0,x0,x0..x31,32,0,1,1,Yes,No,No,UNSAFE,10011100000000000010?????1111011
,0x7b,custom-3,2,79,x0,x0,x0..x31,32,0,1,1,Yes,No,No,UNSAFE,10011110000000000010?????1111011
,0x7b,custom-3,2,80,x0,x0,x0..x31,32,0,1,1,Yes,No,No,UNSAFE,10100000000000000010?????1111011
,0x7b,custom-3,2,81,x0,x0,x0..x31,32,0,1,1,Yes,No,No,UNSAFE,10100010000000000010?????1111011
,0x7b,custom-3,2,82,x0,x0,x0..x31,32,0,1,1,Yes,No,No,UNSAFE,10100100000000000010?????1111011
,0x7b,custom-3,2,83,x0,x0,x0..x31,32,0,1,1,Yes,No,No,UNSAFE,10100110000000000010?????1111011
,0x7b,custom-3,2,84,x0,x0,x0..x31,32,0,1,1,Yes,No,No,UNSAFE,10101000000000000010?????1111011
,0x7b,custom-3,2,85,x0,x0,x0..x31,32,0,1,1,Yes,No,No,UNSAFE,10101010000000000010?????1111011
,0x7b,custom-3,2,86,x0,x0,x0..x31,32,0,1,1,Yes,No,No,UNSAFE,10101100000000000010?????1111011
,0x7b,custom-3,2,87,x0,x0,x0..x31,32,0,1,1,Yes,No,No,UNSAFE,10101110000000000010?????1111011
,0x7b,custom-3,2,88,x0,x0,x0..x31,32,0,1,1,Yes,No,No,UNSAFE,10110000000000000010?????1111011
,0x7b,custom-3,2,89,x0,x0,x0..x31,32,0,1,1,Yes,No,No,UNSAFE,10110010000000000010?????1111011
,0x7b,custom-3,2,90,x0,x0,x0..x31,32,0,1,1,Yes,No,No,UNSAFE,10110100000000000010?????1111011
,0x7b,custom-3,2,91,x0,x0,x0..x31,32,0,1,1,Yes,No,No,UNSAFE,10110110000000000010?????1111011
,0x7b,custom-3,2,92,x0,x0,x0..x31,32,0,1,1,Yes,No,No,UNSAFE,10111000000000000010?????1111011
,0x7b,custom-3,2,93,x0,x0,x0..x31,32,0,1,1,Yes,No,No,UNSAFE,10111010000000000010?????1111011
,0x7b,custom-3,2,94,x0,x0,x0..x31,32,0,1,1,Yes,No,No,UNSAFE,10111100000000000010?????1111011
,0x7b,custom-3,2,95,x0,x0,x0..x31,32,0,1,1,Yes,No,No,UNSAFE,10111110000000000010?????1111011
,0x7b,custom-3,2,96,x0,x0,x0..x31,32,0,1,1,Yes,No,No,UNSAFE,11000000000000000010?????1111011
,0x7b,custom-3,2,97,x0,x0,x0..x31,32,0,1,1,Yes,No,No,UNSAFE,11000010000000000010?????1111011
,0x7b,custom-3,2,98,x0,x0,x0..x31,32,0,1,1,Yes,No,No,UNSAFE,11000100000000000010?????1111011
,0x7b,custom-3,2,99,x0,x0,x0..x31,32,0,1,1,Yes,No,No,UNSAFE,11000110000000000010?????1111011
,0x7b,custom-3,2,100,x0,x0,x0..x31,32,0,1,1,Yes,No,No,UNSAFE,11001000000000000010?????1111011
,0x7b,custom-3,2,101,x0,x0,x0..x31,32,0,1,1,Yes,No,No,UNSAFE,11001010000000000010?????1111011
,0x7b,custom-3,2,102,x0,x0,x0..x31,32,0,1,1,Yes,No,No,UNSAFE,11001100000000000010?????1111011
,0x7b,custom-3,2,103,x0,x0,x0..x31,32,0,1,1,Yes,No,No,UNSAFE,11001110000000000010?????1111011
,0x7b,custom-3,2,104,x0,x0,x0..x31,32,0,1,1,Yes,No,No,UNSAFE,11010000000000000010?????1111011
,0x7b,custom-3,2,105,x0,x0,x0..x31,32,0,1,1,Yes,No,No,UNSAFE,11010010000000000010?????1111011
,0x7b,custom-3,2,106,x0,x0,x0..x31,32,0,1,1,Yes,No,No,UNSAFE,11010100000000000010?????1111011
,0x7b,custom-3,2,107,x0,x0,x0..x31,32,0,1,1,Yes,No,No,UNSAFE,11010110000000000010?????1111011
,0x7b,custom-3,2,108,x0,x0,x0..x31,32,0,1,1,Yes,No,No,UNSAFE,11011000000000000010?????1111011
,0x7b,custom-3,2,109,x0,x0,x0..x31,32,0,1,1,Yes,No,No,UNSAFE,11011010000000000010?????1111011
,0x7b,custom-3,2,110,x0,x0,x0..x31,32,0,1,1,Yes,No,No,UNSAFE,11011100000000000010?????1111011
,0x7b,custom-3,2,111,x0,x0,x0..x31,32,0,1,1,Yes,No,No,UNSAFE,11011110000000000010?????1111011
,0x7b,custom-3,2,112,x0,x0,x0..x31,32,0,1,1,Yes,No,No,UNSAFE,11100000000000000010?????1111011
,0x7b,custom-3,2,113,x0,x0,x0..x31,32,0,1,1,Yes,No,No,UNSAFE,11100010000000000010?????1111011
,0x7b,custom-3,2,114,x0,x0,x0..x31,32,0,1,1,Yes,No,No,UNSAFE,11100100000000000010?????1111011
,0x7b,custom-3,2,115,x0,x0,x0..x31,32,0,1,1,Yes,No,No,UNSAFE,11100110000000000010?????1111011
,0x7b,custom-3,2,116,x0,x0,x0..x31,32,0,1,1,Yes,No,No,UNSAFE,11101000000000000010?????1111011
,0x7b,custom-3,2,117,x0,x0,x0..x31,32,0,1,1,Yes,No,No,UNSAFE,11101010000000000010?????1111011
,0x7b,custom-3,2,118,x0,x0,x0..x31,32,0,1,1,Yes,No,No,UNSAFE,11101100000000000010?????1111011
,0x7b,custom-3,2,119,x0,x0,x0..x31,32,0,1,1,Yes,No,No,UNSAFE,11101110000000000010?????1111011
,0x7b,custom-3,2,120,x0,x0,x0..x31,32,0,1,1,Yes,No,No,UNSAFE,11110000000000000010?????1111011
,0x7b,custom-3,2,121,x0,x0,x0..x31,32,0,1,1,Yes,No,No,UNSAFE,11110010000000000010?????1111011
,0x7b,custom-3,2,122,x0,x0,x0..x31,32,0,1,1,Yes,No,No,UNSAFE,11110100000000000010?????1111011
,0x7b,custom-3,2,123,x0,x0,x0..x31,32,0,1,1,Yes,No,No,UNSAFE,11110110000000000010?????1111011
,0x7b,custom-3,2,124,x0,x0,x0..x31,32,0,1,1,Yes,No,No,UNSAFE,11111000000000000010?????1111011
,0x7b,custom-3,2,125,x0,x0,x0..x31,32,0,1,1,Yes,No,No,UNSAFE,11111010000000000010?????1111011
,0x7b,custom-3,2,126,x0,x0,x0..x31,32,0,1,1,Yes,No,No,UNSAFE,11111100000000000010?????1111011
,0x7b,custom-3,2,127,x0,x0,x0..x31,32,0,1,1,Yes,No,No,UNSAFE,11111110000000000010?????1111011
,0x7b,custom-3,3,0,x0,x0,x0..x31,32,0,1,2,Yes,No,No,UNSAFE,00000000000000000011?????1111011
,0x7b,custom-3,3,1,x0,x0,x0..x31,32,0,1,2,Yes,No,No,UNSAFE,00000010000000000011?????1111011
,0x7b,custom-3,3,2,x0,x0,x0..x31,32,0,1,2,Yes,No,No,UNSAFE,00000100000000000011?????1111011
,0x7b,custom-3,3,3,x0,x0,x0..x31,32,0,1,2,Yes,No,No,UNSAFE,00000110000000000011?????1111011
,0x7b,custom-3,3,4,x0,x0,x0..x31,32,0,1,2,Yes,No,No,UNSAFE,00001000000000000011?????1111011
,0x7b,custom-3,3,5,x0,x0,x0..x31,32,0,1,2,Yes,No,No,UNSAFE,00001010000000000011?????1111011
,0x7b,custom-3,3,6,x0,x0,x0..x31,32,0,1,2,Yes,No,No,UNSAFE,00001100000000000011?????1111011
,0x7b,custom-3,3,7,x0,x0,x0..x31,32,0,1,2,Yes,No,No,UNSAFE,00001110000000000011?????1111011
,0x7b,custom-3,3,8,x0,x0,x0..x31,32,0,1,2,Yes,No,No,UNSAFE,00010000000000000011?????1111011
,0x7b,custom-3,3,9,x0,x0,x0..x31,32,0,1,2,Yes,No,No,UNSAFE,00010010000000000011?????1111011
,0x7b,custom-3,3,10,x0,x0,x0..x31,32,0,1,2,Yes,No,No,UNSAFE,00010100000000000011?????1111011
,0x7b,custom-3,3,11,x0,x0,x0..x31,32,0,1,2,Yes,No,No,UNSAFE,00010110000000000011?????1111011
,0x7b,custom-3,3,12,x0,x0,x0..x31,32,0,1,2,Yes,No,No,UNSAFE,00011000000000000011?????1111011
,0x7b,custom-3,3,13,x0,x0,x0..x31,32,0,1,2,Yes,No,No,UNSAFE,00011010000000000011?????1111011
,0x7b,custom-3,3,14,x0,x0,x0..x31,32,0,1,2,Yes,No,No,UNSAFE,00011100000000000011?????1111011
,0x7b,custom-3,3,15,x0,x0,x0..x31,32,0,1,2,Yes,No,No,UNSAFE,00011110000000000011?????1111011
,0x7b,custom-3,3,16,x0,x0,x0..x31,32,0,1,2,Yes,No,No,UNSAFE,00100000000000000011?????1111011
,0x7b,custom-3,3,17,x0,x0,x0..x31,32,0,1,2,Yes,No,No,UNSAFE,00100010000000000011?????1111011
,0x7b,custom-3,3,18,x0,x0,x0..x31,32,0,1,2,Yes,No,No,UNSAFE,00100100000000000011?????1111011
,0x7b,custom-3,3,19,x0,x0,x0..x31,32,0,1,2,Yes,No,No,UNSAFE,00100110000000000011?????1111011
,0x7b,custom-3,3,20,x0,x0,x0..x31,32,0,1,2,Yes,No,No,UNSAFE,00101000000000000011?????1111011
,0x7b,custom-3,3,21,x0,x0,x0..x31,32,0,1,2,Yes,No,No,UNSAFE,00101010000000000011?????1111011
,0x7b,custom-3,3,22,x0,x0,x0..x31,32,0,1,2,Yes,No,No,UNSAFE,00101100000000000011?????1111011
,0x7b,custom-3,3,23,x0,x0,x0..x31,32,0,1,2,Yes,No,No,UNSAFE,00101110000000000011?????1111011
,0x7b,custom-3,3,24,x0,x0,x0..x31,32,0,1,2,Yes,No,No,UNSAFE,00110000000000000011?????1111011
,0x7b,custom-3,3,25,x0,x0,x0..x31,32,0,1,2,Yes,No,No,UNSAFE,00110010000000000011?????1111011
,0x7b,custom-3,3,26,x0,x0,x0..x31,32,0,1,2,Yes,No,No,UNSAFE,00110100000000000011?????1111011
,0x7b,custom-3,3,27,x0,x0,x0..x31,32,0,1,2,Yes,No,No,UNSAFE,00110110000000000011?????1111011
,0x7b,custom-3,3,28,x0,x0,x0..x31,32,0,1,2,Yes,No,No,UNSAFE,00111000000000000011?????1111011
,0x7b,custom-3,3,29,x0,x0,x0..x31,32,0,1,2,Yes,No,No,UNSAFE,00111010000000000011?????1111011
,0x7b,custom-3,3,30,x0,x0,x0..x31,32,0,1,2,Yes,No,No,UNSAFE,00111100000000000011?????1111011
,0x7b,custom-3,3,31,x0,x0,x0..x31,32,0,1,2,Yes,No,No,UNSAFE,00111110000000000011?????1111011
,0x7b,custom-3,3,32,x0,x0,x0..x31,32,0,1,2,Yes,No,No,UNSAFE,01000000000000000011?????1111011
,0x7b,custom-3,3,33,x0,x0,x0..x31,32,0,1,2,Yes,No,No,UNSAFE,01000010000000000011?????1111011
,0x7b,custom-3,3,34,x0,x0,x0..x31,32,0,1,2,Yes,No,No,UNSAFE,01000100000000000011?????1111011
,0x7b,custom-3,3,35,x0,x0,x0..x31,32,0,1,2,Yes,No,No,UNSAFE,01000110000000000011?????1111011
,0x7b,custom-3,3,36,x0,x0,x0..x31,32,0,1,2,Yes,No,No,UNSAFE,01001000000000000011?????1111011
,0x7b,custom-3,3,37,x0,x0,x0..x31,32,0,1,2,Yes,No,No,UNSAFE,01001010000000000011?????1111011
,0x7b,custom-3,3,38,x0,x0,x0..x31,32,0,1,2,Yes,No,No,UNSAFE,01001100000000000011?????1111011
,0x7b,custom-3,3,39,x0,x0,x0..x31,32,0,1,2,Yes,No,No,UNSAFE,01001110000000000011?????1111011
,0x7b,custom-3,3,40,x0,x0,x0..x31,32,0,1,2,Yes,No,No,UNSAFE,01010000000000000011?????1111011
,0x7b,custom-3,3,41,x0,x0,x0..x31,32,0,1,2,Yes,No,No,UNSAFE,01010010000000000011?????1111011
,0x7b,custom-3,3,42,x0,x0,x0..x31,32,0,1,2,Yes,No,No,UNSAFE,01010100000000000011?????1111011
,0x7b,custom-3,3,43,x0,x0,x0..x31,32,0,1,2,Yes,No,No,UNSAFE,01010110000000000011?????1111011
,0x7b,custom-3,3,44,x0,x0,x0..x31,32,0,1,2,Yes,No,No,UNSAFE,01011000000000000011?????1111011
,0x7b,custom-3,3,45,x0,x0,x0..x31,32,0,1,2,Yes,No,No,UNSAFE,01011010000000000011?????1111011
,0x7b,custom-3,3,46,x0,x0,x0..x31,32,0,1,2,Yes,No,No,UNSAFE,01011100000000000011?????1111011
,0x7b,custom-3,3,47,x0,x0,x0..x31,32,0,1,2,Yes,No,No,UNSAFE,01011110000000000011?????1111011
,0x7b,custom-3,3,48,x0,x0,x0..x31,32,0,1,2,Yes,No,No,UNSAFE,01100000000000000011?????1111011
,0x7b,custom-3,3,49,x0,x0,x0..x31,32,0,1,2,Yes,No,No,UNSAFE,01100010000000000011?????1111011
,0x7b,custom-3,3,50,x0,x0,x0..x31,32,0,1,2,Yes,No,No,UNSAFE,01100100000000000011?????1111011
,0x7b,custom-3,3,51,x0,x0,x0..x31,32,0,1,2,Yes,No,No,UNSAFE,01100110000000000011?????1111011
,0x7b,custom-3,3,52,x0,x0,x0..x31,32,0,1,2,Yes,No,No,UNSAFE,01101000000000000011?????1111011
,0x7b,custom-3,3,53,x0,x0,x0..x31,32,0,1,2,Yes,No,No,UNSAFE,01101010000000000011?????1111011
,0x7b,custom-3,3,54,x0,x0,x0..x31,32,0,1,2,Yes,No,No,UNSAFE,01101100000000000011?????1111011
,0x7b,custom-3,3,55,x0,x0,x0..x31,32,0,1,2,Yes,No,No,UNSAFE,01101110000000000011?????1111011
,0x7b,custom-3,3,56,x0,x0,x0..x31,32,0,1,2,Yes,No,No,UNSAFE,01110000000000000011?????1111011
,0x7b,custom-3,3,57,x0,x0,x0..x31,32,0,1,2,Yes,No,No,UNSAFE,01110010000000000011?????1111011
,0x7b,custom-3,3,58,x0,x0,x0..x31,32,0,1,2,Yes,No,No,UNSAFE,01110100000000000011?????1111011
,0x7b,custom-3,3,59,x0,x0,x0..x31,32,0,1,2,Yes,No,No,UNSAFE,01110110000000000011?????1111011
,0x7b,custom-3,3,60,x0,x0,x0..x31,32,0,1,2,Yes,No,No,UNSAFE,01111000000000000011?????1111011
,0x7b,custom-3,3,61,x0,x0,x0..x31,32,0,1,2,Yes,No,No,UNSAFE,01111010000000000011?????1111011
,0x7b,custom-3,3,62,x0,x0,x0..x31,32,0,1,2,Yes,No,No,UNSAFE,01111100000000000011?????1111011
,0x7b,custom-3,3,63,x0,x0,x0..x31,32,0,1,2,Yes,No,No,UNSAFE,01111110000000000011?????1111011
,0x7b,custom-3,3,64,x0,x0,x0..x31,32,0,1,2,Yes,No,No,UNSAFE,10000000000000000011?????1111011
,0x7b,custom-3,3,65,x0,x0,x0..x31,32,0,1,2,Yes,No,No,UNSAFE,10000010000000000011?????1111011
,0x7b,custom-3,3,66,x0,x0,x0..x31,32,0,1,2,Yes,No,No,UNSAFE,10000100000000000011?????1111011
,0x7b,custom-3,3,67,x0,x0,x0..x31,32,0,1,2,Yes,No,No,UNSAFE,10000110000000000011?????1111011
,0x7b,custom-3,3,68,x0,x0,x0..x31,32,0,1,2,Yes,No,No,UNSAFE,10001000000000000011?????1111011
,0x7b,custom-3,3,69,x0,x0,x0..x31,32,0,1,2,Yes,No,No,UNSAFE,10001010000000000011?????1111011
,0x7b,custom-3,3,70,x0,x0,x0..x31,32,0,1,2,Yes,No,No,UNSAFE,10001100000000000011?????1111011
,0x7b,custom-3,3,71,x0,x0,x0..x31,32,0,1,2,Yes,No,No,UNSAFE,10001110000000000011?????1111011
,0x7b,custom-3,3,72,x0,x0,x0..x31,32,0,1,2,Yes,No,No,UNSAFE,10010000000000000011?????1111011
,0x7b,custom-3,3,73,x0,x0,x0..x31,32,0,1,2,Yes,No,No,UNSAFE,10010010000000000011?????1111011
,0x7b,custom-3,3,74,x0,x0,x0..x31,32,0,1,2,Yes,No,No,UNSAFE,10010100000000000011?????1111011
,0x7b,custom-3,3,75,x0,x0,x0..x31,32,0,1,2,Yes,No,No,UNSAFE,10010110000000000011?????1111011
,0x7b,custom-3,3,76,x0,x0,x0..x31,32,0,1,2,Yes,No,No,UNSAFE,10011000000000000011?????1111011
,0x7b,custom-3,3,77,x0,x0,x0..x31,32,0,1,2,Yes,No,No,UNSAFE,10011010000000000011?????1111011
,0x7b,custom-3,3,78,x0,x0,x0..x31,32,0,1,2,Yes,No,No,UNSAFE,10011100000000000011?????1111011
,0x7b,custom-3,3,79,x0,x0,x0..x31,32,0,1,2,Yes,No,No,UNSAFE,10011110000000000011?????1111011
,0x7b,custom-3,3,80,x0,x0,x0..x31,32,0,1,2,Yes,No,No,UNSAFE,10100000000000000011?????1111011
,0x7b,custom-3,3,81,x0,x0,x0..x31,32,0,1,2,Yes,No,No,UNSAFE,10100010000000000011?????1111011
,0x7b,custom-3,3,82,x0,x0,x0..x31,32,0,1,2,Yes,No,No,UNSAFE,10100100000000000011?????1111011
,0x7b,custom-3,3,83,x0,x0,x0..x31,32,0,1,2,Yes,No,No,UNSAFE,10100110000000000011?????1111011
,0x7b,custom-3,3,84,x0,x0,x0..x31,32,0,1,2,Yes,No,No,UNSAFE,10101000000000000011?????1111011
,0x7b,custom-3,3,85,x0,x0,x0..x31,32,0,1,2,Yes,No,No,UNSAFE,10101010000000000011?????1111011
,0x7b,custom-3,3,86,x0,x0,x0..x31,32,0,1,2,Yes,No,No,UNSAFE,10101100000000000011?????1111011
,0x7b,custom-3,3,87,x0,x0,x0..x31,32,0,1,2,Yes,No,No,UNSAFE,10101110000000000011?????1111011
,0x7b,custom-3,3,88,x0,x0,x0..x31,32,0,1,2,Yes,No,No,UNSAFE,10110000000000000011?????1111011
,0x7b,custom-3,3,89,x0,x0,x0..x31,32,0,1,2,Yes,No,No,UNSAFE,10110010000000000011?????1111011
,0x7b,custom-3,3,90,x0,x0,x0..x31,32,0,1,2,Yes,No,No,UNSAFE,10110100000000000011?????1111011
,0x7b,custom-3,3,91,x0,x0,x0..x31,32,0,1,2,Yes,No,No,UNSAFE,10110110000000000011?????1111011
,0x7b,custom-3,3,92,x0,x0,x0..x31,32,0,1,2,Yes,No,No,UNSAFE,10111000000000000011?????1111011
,0x7b,custom-3,3,93,x0,x0,x0..x31,32,0,1,2,Yes,No,No,UNSAFE,10111010000000000011?????1111011
,0x7b,custom-3,3,94,x0,x0,x0..x31,32,0,1,2,Yes,No,No,UNSAFE,10111100000000000011?????1111011
,0x7b,custom-3,3,95,x0,x0,x0..x31,32,0,1,2,Yes,No,No,UNSAFE,10111110000000000011?????1111011
,0x7b,custom-3,3,96,x0,x0,x0..x31,32,0,1,2,Yes,No,No,UNSAFE,11000000000000000011?????1111011
,0x7b,custom-3,3,97,x0,x0,x0..x31,32,0,1,2,Yes,No,No,UNSAFE,11000010000000000011?????1111011
,0x7b,custom-3,3,98,x0,x0,x0..x31,32,0,1,2,Yes,No,No,UNSAFE,11000100000000000011?????1111011
,0x7b,custom-3,3,99,x0,x0,x0..x31,32,0,1,2,Yes,No,No,UNSAFE,11000110000000000011?????1111011
,0x7b,custom-3,3,100,x0,x0,x0..x31,32,0,1,2,Yes,No,No,UNSAFE,11001000000000000011?????1111011
,0x7b,custom-3,3,101,x0,x0,x0..x31,32,0,1,2,Yes,No,No,UNSAFE,11001010000000000011?????1111011
,0x7b,custom-3,3,102,x0,x0,x0..x31,32,0,1,2,Yes,No,No,UNSAFE,11001100000000000011?????1111011
,0x7b,custom-3,3,103,x0,x0,x0..x31,32,0,1,2,Yes,No,No,UNSAFE,11001110000000000011?????1111011
,0x7b,custom-3,3,104,x0,x0,x0..x31,32,0,1,2,Yes,No,No,UNSAFE,11010000000000000011?????1111011
,0x7b,custom-3,3,105,x0,x0,x0..x31,32,0,1,2,Yes,No,No,UNSAFE,11010010000000000011?????1111011
,0x7b,custom-3,3,106,x0,x0,x0..x31,32,0,1,2,Yes,No,No,UNSAFE,11010100000000000011?????1111011
,0x7b,custom-3,3,107,x0,x0,x0..x31,32,0,1,2,Yes,No,No,UNSAFE,11010110000000000011?????1111011
,0x7b,custom-3,3,108,x0,x0,x0..x31,32,0,1,2,Yes,No,No,UNSAFE,11011000000000000011?????1111011
,0x7b,custom-3,3,109,x0,x0,x0..x31,32,0,1,2,Yes,No,No,UNSAFE,11011010000000000011?????1111011
,0x7b,custom-3,3,110,x0,x0,x0..x31,32,0,1,2,Yes,No,No,UNSAFE,11011100000000000011?????1111011
,0x7b,custom-3,3,111,x0,x0,x0..x31,32,0,1,2,Yes,No,No,UNSAFE,11011110000000000011?????1111011
,0x7b,custom-3,3,112,x0,x0,x0..x31,32,0,1,2,Yes,No,No,UNSAFE,11100000000000000011?????1111011
,0x7b,custom-3,3,113,x0,x0,x0..x31,32,0,1,2,Yes,No,No,UNSAFE,11100010000000000011?????1111011
,0x7b,custom-3,3,114,x0,x0,x0..x31,32,0,1,2,Yes,No,No,UNSAFE,11100100000000000011?????1111011
,0x7b,custom-3,3,115,x0,x0,x0..x31,32,0,1,2,Yes,No,No,UNSAFE,11100110000000000011?????1111011
,0x7b,custom-3,3,116,x0,x0,x0..x31,32,0,1,2,Yes,No,No,UNSAFE,11101000000000000011?????1111011
,0x7b,custom-3,3,117,x0,x0,x0..x31,32,0,1,2,Yes,No,No,UNSAFE,11101010000000000011?????1111011
,0x7b,custom-3,3,118,x0,x0,x0..x31,32,0,1,2,Yes,No,No,UNSAFE,11101100000000000011?????1111011
,0x7b,custom-3,3,119,x0,x0,x0..x31,32,0,1,2,Yes,No,No,UNSAFE,11101110000000000011?????1111011
,0x7b,custom-3,3,120,x0,x0,x0..x31,32,0,1,2,Yes,No,No,UNSAFE,11110000000000000011?????1111011
,0x7b,custom-3,3,121,x0,x0,x0..x31,32,0,1,2,Yes,No,No,UNSAFE,11110010000000000011?????1111011
,0x7b,custom-3,3,122,x0,x0,x0..x31,32,0,1,2,Yes,No,No,UNSAFE,11110100000000000011?????1111011
,0x7b,custom-3,3,123,x0,x0,x0..x31,32,0,1,2,Yes,No,No,UNSAFE,11110110000000000011?????1111011
,0x7b,custom-3,3,124,x0,x0,x0..x31,32,0,1,2,Yes,No,No,UNSAFE,11111000000000000011?????1111011
,0x7b,custom-3,3,125,x0,x0,x0..x31,32,0,1,2,Yes,No,No,UNSAFE,11111010000000000011?????1111011
,0x7b,custom-3,3,126,x0,x0,x0..x31,32,0,1,2,Yes,No,No,UNSAFE,11111100000000000011?????1111011
,0x7b,custom-3,3,127,x0,x0,x0..x31,32,0,1,2,Yes,No,No,UNSAFE,11111110000000000011?????1111011
,0x7b,custom-3,4,0,x0,x0,x0..x31,32,0,1,2,Yes,No,No,UNSAFE,00000000000000000100?????1111011
,0x7b,custom-3,4,1,x0,x0,x0..x31,32,0,1,2,Yes,No,No,UNSAFE,00000010000000000100?????1111011
,0x7b,custom-3,4,2,x0,x0,x0..x31,32,0,1,2,Yes,No,No,UNSAFE,00000100000000000100?????1111011
,0x7b,custom-3,4,3,x0,x0,x0..x31,32,0,1,2,Yes,No,No,UNSAFE,00000110000000000100?????1111011
,0x7b,custom-3,4,4,x0,x0,x0..x31,32,0,1,2,Yes,No,No,UNSAFE,00001000000000000100?????1111011
,0x7b,custom-3,4,5,x0,x0,x0..x31,32,0,1,2,Yes,No,No,UNSAFE,00001010000000000100?????1111011
,0x7b,custom-3,4,6,x0,x0,x0..x31,32,0,1,2,Yes,No,No,UNSAFE,00001100000000000100?????1111011
,0x7b,custom-3,4,7,x0,x0,x0..x31,32,0,1,2,Yes,No,No,UNSAFE,00001110000000000100?????1111011
,0x7b,custom-3,4,8,x0,x0,x0..x31,32,0,1,2,Yes,No,No,UNSAFE,00010000000000000100?????1111011
,0x7b,custom-3,4,9,x0,x0,x0..x31,32,0,1,2,Yes,No,No,UNSAFE,00010010000000000100?????1111011
,0x7b,custom-3,4,10,x0,x0,x0..x31,32,0,1,2,Yes,No,No,UNSAFE,00010100000000000100?????1111011
,0x7b,custom-3,4,11,x0,x0,x0..x31,32,0,1,2,Yes,No,No,UNSAFE,00010110000000000100?????1111011
,0x7b,custom-3,4,12,x0,x0,x0..x31,32,0,1,2,Yes,No,No,UNSAFE,00011000000000000100?????1111011
,0x7b,custom-3,4,13,x0,x0,x0..x31,32,0,1,2,Yes,No,No,UNSAFE,00011010000000000100?????1111011
,0x7b,custom-3,4,14,x0,x0,x0..x31,32,0,1,2,Yes,No,No,UNSAFE,00011100000000000100?????1111011
,0x7b,custom-3,4,15,x0,x0,x0..x31,32,0,1,2,Yes,No,No,UNSAFE,00011110000000000100?????1111011
,0x7b,custom-3,4,16,x0,x0,x0..x31,32,0,1,2,Yes,No,No,UNSAFE,00100000000000000100?????1111011
,0x7b,custom-3,4,17,x0,x0,x0..x31,32,0,1,2,Yes,No,No,UNSAFE,00100010000000000100?????1111011
,0x7b,custom-3,4,18,x0,x0,x0..x31,32,0,1,2,Yes,No,No,UNSAFE,00100100000000000100?????1111011
,0x7b,custom-3,4,19,x0,x0,x0..x31,32,0,1,2,Yes,No,No,UNSAFE,00100110000000000100?????1111011
,0x7b,custom-3,4,20,x0,x0,x0..x31,32,0,1,2,Yes,No,No,UNSAFE,00101000000000000100?????1111011
,0x7b,custom-3,4,21,x0,x0,x0..x31,32,0,1,2,Yes,No,No,UNSAFE,00101010000000000100?????1111011
,0x7b,custom-3,4,22,x0,x0,x0..x31,32,0,1,2,Yes,No,No,UNSAFE,00101100000000000100?????1111011
,0x7b,custom-3,4,23,x0,x0,x0..x31,32,0,1,2,Yes,No,No,UNSAFE,00101110000000000100?????1111011
,0x7b,custom-3,4,24,x0,x0,x0..x31,32,0,1,2,Yes,No,No,UNSAFE,00110000000000000100?????1111011
,0x7b,custom-3,4,25,x0,x0,x0..x31,32,0,1,2,Yes,No,No,UNSAFE,00110010000000000100?????1111011
,0x7b,custom-3,4,26,x0,x0,x0..x31,32,0,1,2,Yes,No,No,UNSAFE,00110100000000000100?????1111011
,0x7b,custom-3,4,27,x0,x0,x0..x31,32,0,1,2,Yes,No,No,UNSAFE,00110110000000000100?????1111011
,0x7b,custom-3,4,28,x0,x0,x0..x31,32,0,1,2,Yes,No,No,UNSAFE,00111000000000000100?????1111011
,0x7b,custom-3,4,29,x0,x0,x0..x31,32,0,1,2,Yes,No,No,UNSAFE,00111010000000000100?????1111011
,0x7b,custom-3,4,30,x0,x0,x0..x31,32,0,1,2,Yes,No,No,UNSAFE,00111100000000000100?????1111011
,0x7b,custom-3,4,31,x0,x0,x0..x31,32,0,1,2,Yes,No,No,UNSAFE,00111110000000000100?????1111011
,0x7b,custom-3,4,32,x0,x0,x0..x31,32,0,1,2,Yes,No,No,UNSAFE,01000000000000000100?????1111011
,0x7b,custom-3,4,33,x0,x0,x0..x31,32,0,1,2,Yes,No,No,UNSAFE,01000010000000000100?????1111011
,0x7b,custom-3,4,34,x0,x0,x0..x31,32,0,1,2,Yes,No,No,UNSAFE,01000100000000000100?????1111011
,0x7b,custom-3,4,35,x0,x0,x0..x31,32,0,1,2,Yes,No,No,UNSAFE,01000110000000000100?????1111011
,0x7b,custom-3,4,36,x0,x0,x0..x31,32,0,1,2,Yes,No,No,UNSAFE,01001000000000000100?????1111011
,0x7b,custom-3,4,37,x0,x0,x0..x31,32,0,1,2,Yes,No,No,UNSAFE,01001010000000000100?????1111011
,0x7b,custom-3,4,38,x0,x0,x0..x31,32,0,1,2,Yes,No,No,UNSAFE,01001100000000000100?????1111011
,0x7b,custom-3,4,39,x0,x0,x0..x31,32,0,1,2,Yes,No,No,UNSAFE,01001110000000000100?????1111011
,0x7b,custom-3,4,40,x0,x0,x0..x31,32,0,1,2,Yes,No,No,UNSAFE,01010000000000000100?????1111011
,0x7b,custom-3,4,41,x0,x0,x0..x31,32,0,1,2,Yes,No,No,UNSAFE,01010010000000000100?????1111011
,0x7b,custom-3,4,42,x0,x0,x0..x31,32,0,1,2,Yes,No,No,UNSAFE,01010100000000000100?????1111011
,0x7b,custom-3,4,43,x0,x0,x0..x31,32,0,1,2,Yes,No,No,UNSAFE,01010110000000000100?????1111011
,0x7b,custom-3,4,44,x0,x0,x0..x31,32,0,1,2,Yes,No,No,UNSAFE,01011000000000000100?????1111011
,0x7b,custom-3,4,45,x0,x0,x0..x31,32,0,1,2,Yes,No,No,UNSAFE,01011010000000000100?????1111011
,0x7b,custom-3,4,46,x0,x0,x0..x31,32,0,1,2,Yes,No,No,UNSAFE,01011100000000000100?????1111011
,0x7b,custom-3,4,47,x0,x0,x0..x31,32,0,1,2,Yes,No,No,UNSAFE,01011110000000000100?????1111011
,0x7b,custom-3,4,48,x0,x0,x0..x31,32,0,1,2,Yes,No,No,UNSAFE,01100000000000000100?????1111011
,0x7b,custom-3,4,49,x0,x0,x0..x31,32,0,1,2,Yes,No,No,UNSAFE,01100010000000000100?????1111011
,0x7b,custom-3,4,50,x0,x0,x0..x31,32,0,1,2,Yes,No,No,UNSAFE,01100100000000000100?????1111011
,0x7b,custom-3,4,51,x0,x0,x0..x31,32,0,1,2,Yes,No,No,UNSAFE,01100110000000000100?????1111011
,0x7b,custom-3,4,52,x0,x0,x0..x31,32,0,1,2,Yes,No,No,UNSAFE,01101000000000000100?????1111011
,0x7b,custom-3,4,53,x0,x0,x0..x31,32,0,1,2,Yes,No,No,UNSAFE,01101010000000000100?????1111011
,0x7b,custom-3,4,54,x0,x0,x0..x31,32,0,1,2,Yes,No,No,UNSAFE,01101100000000000100?????1111011
,0x7b,custom-3,4,55,x0,x0,x0..x31,32,0,1,2,Yes,No,No,UNSAFE,01101110000000000100?????1111011
,0x7b,custom-3,4,56,x0,x0,x0..x31,32,0,1,2,Yes,No,No,UNSAFE,01110000000000000100?????1111011
,0x7b,custom-3,4,57,x0,x0,x0..x31,32,0,1,2,Yes,No,No,UNSAFE,01110010000000000100?????1111011
,0x7b,custom-3,4,58,x0,x0,x0..x31,32,0,1,2,Yes,No,No,UNSAFE,01110100000000000100?????1111011
,0x7b,custom-3,4,59,x0,x0,x0..x31,32,0,1,2,Yes,No,No,UNSAFE,01110110000000000100?????1111011
,0x7b,custom-3,4,60,x0,x0,x0..x31,32,0,1,2,Yes,No,No,UNSAFE,01111000000000000100?????1111011
,0x7b,custom-3,4,61,x0,x0,x0..x31,32,0,1,2,Yes,No,No,UNSAFE,01111010000000000100?????1111011
,0x7b,custom-3,4,62,x0,x0,x0..x31,32,0,1,2,Yes,No,No,UNSAFE,01111100000000000100?????1111011
,0x7b,custom-3,4,63,x0,x0,x0..x31,32,0,1,2,Yes,No,No,UNSAFE,01111110000000000100?????1111011
,0x7b,custom-3,4,64,x0,x0,x0..x31,32,0,1,2,Yes,No,No,UNSAFE,10000000000000000100?????1111011
,0x7b,custom-3,4,65,x0,x0,x0..x31,32,0,1,2,Yes,No,No,UNSAFE,10000010000000000100?????1111011
,0x7b,custom-3,4,66,x0,x0,x0..x31,32,0,1,2,Yes,No,No,UNSAFE,10000100000000000100?????1111011
,0x7b,custom-3,4,67,x0,x0,x0..x31,32,0,1,2,Yes,No,No,UNSAFE,10000110000000000100?????1111011
,0x7b,custom-3,4,68,x0,x0,x0..x31,32,0,1,2,Yes,No,No,UNSAFE,10001000000000000100?????1111011
,0x7b,custom-3,4,69,x0,x0,x0..x31,32,0,1,2,Yes,No,No,UNSAFE,10001010000000000100?????1111011
,0x7b,custom-3,4,70,x0,x0,x0..x31,32,0,1,2,Yes,No,No,UNSAFE,10001100000000000100?????1111011
,0x7b,custom-3,4,71,x0,x0,x0..x31,32,0,1,2,Yes,No,No,UNSAFE,10001110000000000100?????1111011
,0x7b,custom-3,4,72,x0,x0,x0..x31,32,0,1,2,Yes,No,No,UNSAFE,10010000000000000100?????1111011
,0x7b,custom-3,4,73,x0,x0,x0..x31,32,0,1,2,Yes,No,No,UNSAFE,10010010000000000100?????1111011
,0x7b,custom-3,4,74,x0,x0,x0..x31,32,0,1,2,Yes,No,No,UNSAFE,10010100000000000100?????1111011
,0x7b,custom-3,4,75,x0,x0,x0..x31,32,0,1,2,Yes,No,No,UNSAFE,10010110000000000100?????1111011
,0x7b,custom-3,4,76,x0,x0,x0..x31,32,0,1,2,Yes,No,No,UNSAFE,10011000000000000100?????1111011
,0x7b,custom-3,4,77,x0,x0,x0..x31,32,0,1,2,Yes,No,No,UNSAFE,10011010000000000100?????1111011
,0x7b,custom-3,4,78,x0,x0,x0..x31,32,0,1,2,Yes,No,No,UNSAFE,10011100000000000100?????1111011
,0x7b,custom-3,4,79,x0,x0,x0..x31,32,0,1,2,Yes,No,No,UNSAFE,10011110000000000100?????1111011
,0x7b,custom-3,4,80,x0,x0,x0..x31,32,0,1,2,Yes,No,No,UNSAFE,10100000000000000100?????1111011
,0x7b,custom-3,4,81,x0,x0,x0..x31,32,0,1,2,Yes,No,No,UNSAFE,10100010000000000100?????1111011
,0x7b,custom-3,4,82,x0,x0,x0..x31,32,0,1,2,Yes,No,No,UNSAFE,10100100000000000100?????1111011
,0x7b,custom-3,4,83,x0,x0,x0..x31,32,0,1,2,Yes,No,No,UNSAFE,10100110000000000100?????1111011
,0x7b,custom-3,4,84,x0,x0,x0..x31,32,0,1,2,Yes,No,No,UNSAFE,10101000000000000100?????1111011
,0x7b,custom-3,4,85,x0,x0,x0..x31,32,0,1,2,Yes,No,No,UNSAFE,10101010000000000100?????1111011
,0x7b,custom-3,4,86,x0,x0,x0..x31,32,0,1,2,Yes,No,No,UNSAFE,10101100000000000100?????1111011
,0x7b,custom-3,4,87,x0,x0,x0..x31,32,0,1,2,Yes,No,No,UNSAFE,10101110000000000100?????1111011
,0x7b,custom-3,4,88,x0,x0,x0..x31,32,0,1,2,Yes,No,No,UNSAFE,10110000000000000100?????1111011
,0x7b,custom-3,4,89,x0,x0,x0..x31,32,0,1,2,Yes,No,No,UNSAFE,10110010000000000100?????1111011
,0x7b,custom-3,4,90,x0,x0,x0..x31,32,0,1,2,Yes,No,No,UNSAFE,10110100000000000100?????1111011
,0x7b,custom-3,4,91,x0,x0,x0..x31,32,0,1,2,Yes,No,No,UNSAFE,10110110000000000100?????1111011
,0x7b,custom-3,4,92,x0,x0,x0..x31,32,0,1,2,Yes,No,No,UNSAFE,10111000000000000100?????1111011
,0x7b,custom-3,4,93,x0,x0,x0..x31,32,0,1,2,Yes,No,No,UNSAFE,10111010000000000100?????1111011
,0x7b,custom-3,4,94,x0,x0,x0..x31,32,0,1,2,Yes,No,No,UNSAFE,10111100000000000100?????1111011
,0x7b,custom-3,4,95,x0,x0,x0..x31,32,0,1,2,Yes,No,No,UNSAFE,10111110000000000100?????1111011
,0x7b,custom-3,4,96,x0,x0,x0..x31,32,0,1,2,Yes,No,No,UNSAFE,11000000000000000100?????1111011
,0x7b,custom-3,4,97,x0,x0,x0..x31,32,0,1,2,Yes,No,No,UNSAFE,11000010000000000100?????1111011
,0x7b,custom-3,4,98,x0,x0,x0..x31,32,0,1,2,Yes,No,No,UNSAFE,11000100000000000100?????1111011
,0x7b,custom-3,4,99,x0,x0,x0..x31,32,0,1,2,Yes,No,No,UNSAFE,11000110000000000100?????1111011
,0x7b,custom-3,4,100,x0,x0,x0..x31,32,0,1,2,Yes,No,No,UNSAFE,11001000000000000100?????1111011
,0x7b,custom-3,4,101,x0,x0,x0..x31,32,0,1,2,Yes,No,No,UNSAFE,11001010000000000100?????1111011
,0x7b,custom-3,4,102,x0,x0,x0..x31,32,0,1,2,Yes,No,No,UNSAFE,11001100000000000100?????1111011
,0x7b,custom-3,4,103,x0,x0,x0..x31,32,0,1,2,Yes,No,No,UNSAFE,11001110000000000100?????1111011
,0x7b,custom-3,4,104,x0,x0,x0..x31,32,0,1,2,Yes,No,No,UNSAFE,11010000000000000100?????1111011
,0x7b,custom-3,4,105,x0,x0,x0..x31,32,0,1,2,Yes,No,No,UNSAFE,11010010000000000100?????1111011
,0x7b,custom-3,4,106,x0,x0,x0..x31,32,0,1,2,Yes,No,No,UNSAFE,11010100000000000100?????1111011
,0x7b,custom-3,4,107,x0,x0,x0..x31,32,0,1,2,Yes,No,No,UNSAFE,11010110000000000100?????1111011
,0x7b,custom-3,4,108,x0,x0,x0..x31,32,0,1,2,Yes,No,No,UNSAFE,11011000000000000100?????1111011
,0x7b,custom-3,4,109,x0,x0,x0..x31,32,0,1,2,Yes,No,No,UNSAFE,11011010000000000100?????1111011
,0x7b,custom-3,4,110,x0,x0,x0..x31,32,0,1,2,Yes,No,No,UNSAFE,11011100000000000100?????1111011
,0x7b,custom-3,4,111,x0,x0,x0..x31,32,0,1,2,Yes,No,No,UNSAFE,11011110000000000100?????1111011
,0x7b,custom-3,4,112,x0,x0,x0..x31,32,0,1,2,Yes,No,No,UNSAFE,11100000000000000100?????1111011
,0x7b,custom-3,4,113,x0,x0,x0..x31,32,0,1,2,Yes,No,No,UNSAFE,11100010000000000100?????1111011
,0x7b,custom-3,4,114,x0,x0,x0..x31,32,0,1,2,Yes,No,No,UNSAFE,11100100000000000100?????1111011
,0x7b,custom-3,4,115,x0,x0,x0..x31,32,0,1,2,Yes,No,No,UNSAFE,11100110000000000100?????1111011
,0x7b,custom-3,4,116,x0,x0,x0..x31,32,0,1,2,Yes,No,No,UNSAFE,11101000000000000100?????1111011
,0x7b,custom-3,4,117,x0,x0,x0..x31,32,0,1,2,Yes,No,No,UNSAFE,11101010000000000100?????1111011
,0x7b,custom-3,4,118,x0,x0,x0..x31,32,0,1,2,Yes,No,No,UNSAFE,11101100000000000100?????1111011
,0x7b,custom-3,4,119,x0,x0,x0..x31,32,0,1,2,Yes,No,No,UNSAFE,11101110000000000100?????1111011
,0x7b,custom-3,4,120,x0,x0,x0..x31,32,0,1,2,Yes,No,No,UNSAFE,11110000000000000100?????1111011
,0x7b,custom-3,4,121,x0,x0,x0..x31,32,0,1,2,Yes,No,No,UNSAFE,11110010000000000100?????1111011
,0x7b,custom-3,4,122,x0,x0,x0..x31,32,0,1,2,Yes,No,No,UNSAFE,11110100000000000100?????1111011
,0x7b,custom-3,4,123,x0,x0,x0..x31,32,0,1,2,Yes,No,No,UNSAFE,11110110000000000100?????1111011
,0x7b,custom-3,4,124,x0,x0,x0..x31,32,0,1,2,Yes,No,No,UNSAFE,11111000000000000100?????1111011
,0x7b,custom-3,4,125,x0,x0,x0..x31,32,0,1,2,Yes,No,No,UNSAFE,11111010000000000100?????1111011
,0x7b,custom-3,4,126,x0,x0,x0..x31,32,0,1,2,Yes,No,No,UNSAFE,11111100000000000100?????1111011
,0x7b,custom-3,4,127,x0,x0,x0..x31,32,0,1,2,Yes,No,No,UNSAFE,11111110000000000100?????1111011
,0x7b,custom-3,5,0,x0,x0,x0..x31,32,0,1,2,Yes,No,No,UNSAFE,00000000000000000101?????1111011
,0x7b,custom-3,5,1,x0,x0,x0..x31,32,0,1,2,Yes,No,No,UNSAFE,00000010000000000101?????1111011
,0x7b,custom-3,5,2,x0,x0,x0..x31,32,0,0,1,Yes,Yes,No,UNSAFE,00000100000000000101?????1111011
,0x7b,custom-3,5,3,x0,x0,x0..x31,32,0,0,1,Yes,Yes,No,UNSAFE,00000110000000000101?????1111011
,0x7b,custom-3,5,4,x0,x0,x0..x31,32,0,1,2,Yes,No,No,UNSAFE,00001000000000000101?????1111011
,0x7b,custom-3,5,5,x0,x0,x0..x31,32,0,0,1,Yes,Yes,No,UNSAFE,00001010000000000101?????1111011
,0x7b,custom-3,5,6,x0,x0,x0..x31,32,0,0,1,Yes,Yes,No,UNSAFE,00001100000000000101?????1111011
,0x7b,custom-3,5,7,x0,x0,x0..x31,32,0,0,1,Yes,Yes,No,UNSAFE,00001110000000000101?????1111011
,0x7b,custom-3,5,8,x0,x0,x0..x31,32,0,0,1,Yes,Yes,No,UNSAFE,00010000000000000101?????1111011
,0x7b,custom-3,5,9,x0,x0,x0..x31,32,0,0,1,Yes,Yes,No,UNSAFE,00010010000000000101?????1111011
,0x7b,custom-3,5,10,x0,x0,x0..x31,32,0,0,1,Yes,Yes,No,UNSAFE,00010100000000000101?????1111011
,0x7b,custom-3,5,11,x0,x0,x0..x31,32,0,0,1,Yes,Yes,No,UNSAFE,00010110000000000101?????1111011
,0x7b,custom-3,5,12,x0,x0,x0..x31,32,0,0,1,Yes,Yes,No,UNSAFE,00011000000000000101?????1111011
,0x7b,custom-3,5,13,x0,x0,x0..x31,32,0,0,1,Yes,Yes,No,UNSAFE,00011010000000000101?????1111011
,0x7b,custom-3,5,14,x0,x0,x0..x31,32,0,0,1,Yes,Yes,No,UNSAFE,00011100000000000101?????1111011
,0x7b,custom-3,5,15,x0,x0,x0..x31,32,0,0,1,Yes,Yes,No,UNSAFE,00011110000000000101?????1111011
,0x7b,custom-3,5,16,x0,x0,x0..x31,32,0,1,2,Yes,No,No,UNSAFE,00100000000000000101?????1111011
,0x7b,custom-3,5,17,x0,x0,x0..x31,32,0,1,2,Yes,No,No,UNSAFE,00100010000000000101?????1111011
,0x7b,custom-3,5,18,x0,x0,x0..x31,32,0,0,1,Yes,Yes,No,UNSAFE,00100100000000000101?????1111011
,0x7b,custom-3,5,19,x0,x0,x0..x31,32,0,0,1,Yes,Yes,No,UNSAFE,00100110000000000101?????1111011
,0x7b,custom-3,5,20,x0,x0,x0..x31,32,0,1,2,Yes,No,No,UNSAFE,00101000000000000101?????1111011
,0x7b,custom-3,5,21,x0,x0,x0..x31,32,0,1,2,Yes,No,No,UNSAFE,00101010000000000101?????1111011
,0x7b,custom-3,5,22,x0,x0,x0..x31,32,0,0,1,Yes,Yes,No,UNSAFE,00101100000000000101?????1111011
,0x7b,custom-3,5,23,x0,x0,x0..x31,32,0,0,1,Yes,Yes,No,UNSAFE,00101110000000000101?????1111011
,0x7b,custom-3,5,24,x0,x0,x0..x31,32,0,0,1,Yes,Yes,No,UNSAFE,00110000000000000101?????1111011
,0x7b,custom-3,5,25,x0,x0,x0..x31,32,0,0,1,Yes,Yes,No,UNSAFE,00110010000000000101?????1111011
,0x7b,custom-3,5,26,x0,x0,x0..x31,32,0,0,1,Yes,Yes,No,UNSAFE,00110100000000000101?????1111011
,0x7b,custom-3,5,27,x0,x0,x0..x31,32,0,0,1,Yes,Yes,No,UNSAFE,00110110000000000101?????1111011
,0x7b,custom-3,5,28,x0,x0,x0..x31,32,0,0,1,Yes,Yes,No,UNSAFE,00111000000000000101?????1111011
,0x7b,custom-3,5,29,x0,x0,x0..x31,32,0,0,1,Yes,Yes,No,UNSAFE,00111010000000000101?????1111011
,0x7b,custom-3,5,30,x0,x0,x0..x31,32,0,0,1,Yes,Yes,No,UNSAFE,00111100000000000101?????1111011
,0x7b,custom-3,5,31,x0,x0,x0..x31,32,0,0,1,Yes,Yes,No,UNSAFE,00111110000000000101?????1111011
,0x7b,custom-3,5,32,x0,x0,x0..x31,32,0,1,2,Yes,No,No,UNSAFE,01000000000000000101?????1111011
,0x7b,custom-3,5,33,x0,x0,x0..x31,32,0,1,2,Yes,No,No,UNSAFE,01000010000000000101?????1111011
,0x7b,custom-3,5,34,x0,x0,x0..x31,32,0,0,1,Yes,Yes,No,UNSAFE,01000100000000000101?????1111011
,0x7b,custom-3,5,35,x0,x0,x0..x31,32,0,0,1,Yes,Yes,No,UNSAFE,01000110000000000101?????1111011
,0x7b,custom-3,5,36,x0,x0,x0..x31,32,0,1,2,Yes,No,No,UNSAFE,01001000000000000101?????1111011
,0x7b,custom-3,5,37,x0,x0,x0..x31,32,0,1,2,Yes,No,No,UNSAFE,01001010000000000101?????1111011
,0x7b,custom-3,5,38,x0,x0,x0..x31,32,0,0,1,Yes,Yes,No,UNSAFE,01001100000000000101?????1111011
,0x7b,custom-3,5,39,x0,x0,x0..x31,32,0,0,1,Yes,Yes,No,UNSAFE,01001110000000000101?????1111011
,0x7b,custom-3,5,40,x0,x0,x0..x31,32,0,0,1,Yes,Yes,No,UNSAFE,01010000000000000101?????1111011
,0x7b,custom-3,5,41,x0,x0,x0..x31,32,0,0,1,Yes,Yes,No,UNSAFE,01010010000000000101?????1111011
,0x7b,custom-3,5,42,x0,x0,x0..x31,32,0,0,1,Yes,Yes,No,UNSAFE,01010100000000000101?????1111011
,0x7b,custom-3,5,43,x0,x0,x0..x31,32,0,0,1,Yes,Yes,No,UNSAFE,01010110000000000101?????1111011
,0x7b,custom-3,5,44,x0,x0,x0..x31,32,0,0,1,Yes,Yes,No,UNSAFE,01011000000000000101?????1111011
,0x7b,custom-3,5,45,x0,x0,x0..x31,32,0,0,1,Yes,Yes,No,UNSAFE,01011010000000000101?????1111011
,0x7b,custom-3,5,46,x0,x0,x0..x31,32,0,0,1,Yes,Yes,No,UNSAFE,01011100000000000101?????1111011
,0x7b,custom-3,5,47,x0,x0,x0..x31,32,0,0,1,Yes,Yes,No,UNSAFE,01011110000000000101?????1111011
,0x7b,custom-3,5,48,x0,x0,x0..x31,32,0,1,2,Yes,No,No,UNSAFE,01100000000000000101?????1111011
,0x7b,custom-3,5,49,x0,x0,x0..x31,32,0,1,2,Yes,No,No,UNSAFE,01100010000000000101?????1111011
,0x7b,custom-3,5,50,x0,x0,x0..x31,32,0,0,1,Yes,Yes,No,UNSAFE,01100100000000000101?????1111011
,0x7b,custom-3,5,51,x0,x0,x0..x31,32,0,0,1,Yes,Yes,No,UNSAFE,01100110000000000101?????1111011
,0x7b,custom-3,5,52,x0,x0,x0..x31,32,0,1,2,Yes,No,No,UNSAFE,01101000000000000101?????1111011
,0x7b,custom-3,5,53,x0,x0,x0..x31,32,0,1,2,Yes,No,No,UNSAFE,01101010000000000101?????1111011
,0x7b,custom-3,5,54,x0,x0,x0..x31,32,0,0,1,Yes,Yes,No,UNSAFE,01101100000000000101?????1111011
,0x7b,custom-3,5,55,x0,x0,x0..x31,32,0,0,1,Yes,Yes,No,UNSAFE,01101110000000000101?????1111011
,0x7b,custom-3,5,56,x0,x0,x0..x31,32,0,0,1,Yes,Yes,No,UNSAFE,01110000000000000101?????1111011
,0x7b,custom-3,5,57,x0,x0,x0..x31,32,0,0,1,Yes,Yes,No,UNSAFE,01110010000000000101?????1111011
,0x7b,custom-3,5,58,x0,x0,x0..x31,32,0,0,1,Yes,Yes,No,UNSAFE,01110100000000000101?????1111011
,0x7b,custom-3,5,59,x0,x0,x0..x31,32,0,0,1,Yes,Yes,No,UNSAFE,01110110000000000101?????1111011
,0x7b,custom-3,5,60,x0,x0,x0..x31,32,0,0,1,Yes,Yes,No,UNSAFE,01111000000000000101?????1111011
,0x7b,custom-3,5,61,x0,x0,x0..x31,32,0,0,1,Yes,Yes,No,UNSAFE,01111010000000000101?????1111011
,0x7b,custom-3,5,62,x0,x0,x0..x31,32,0,0,1,Yes,Yes,No,UNSAFE,01111100000000000101?????1111011
,0x7b,custom-3,5,63,x0,x0,x0..x31,32,0,0,1,Yes,Yes,No,UNSAFE,01111110000000000101?????1111011
,0x7b,custom-3,5,64,x0,x0,x0..x31,32,0,0,1,Yes,Yes,No,UNSAFE,10000000000000000101?????1111011
,0x7b,custom-3,5,65,x0,x0,x0..x31,32,0,0,1,Yes,Yes,No,UNSAFE,10000010000000000101?????1111011
,0x7b,custom-3,5,66,x0,x0,x0..x31,32,0,0,1,Yes,Yes,No,UNSAFE,10000100000000000101?????1111011
,0x7b,custom-3,5,67,x0,x0,x0..x31,32,0,0,1,Yes,Yes,No,UNSAFE,10000110000000000101?????1111011
,0x7b,custom-3,5,68,x0,x0,x0..x31,32,0,0,1,Yes,Yes,No,UNSAFE,10001000000000000101?????1111011
,0x7b,custom-3,5,69,x0,x0,x0..x31,32,0,0,1,Yes,Yes,No,UNSAFE,10001010000000000101?????1111011
,0x7b,custom-3,5,70,x0,x0,x0..x31,32,0,0,1,Yes,Yes,No,UNSAFE,10001100000000000101?????1111011
,0x7b,custom-3,5,71,x0,x0,x0..x31,32,0,0,1,Yes,Yes,No,UNSAFE,10001110000000000101?????1111011
,0x7b,custom-3,5,72,x0,x0,x0..x31,32,0,0,1,Yes,Yes,No,UNSAFE,10010000000000000101?????1111011
,0x7b,custom-3,5,73,x0,x0,x0..x31,32,0,0,1,Yes,Yes,No,UNSAFE,10010010000000000101?????1111011
,0x7b,custom-3,5,74,x0,x0,x0..x31,32,0,0,1,Yes,Yes,No,UNSAFE,10010100000000000101?????1111011
,0x7b,custom-3,5,75,x0,x0,x0..x31,32,0,0,1,Yes,Yes,No,UNSAFE,10010110000000000101?????1111011
,0x7b,custom-3,5,76,x0,x0,x0..x31,32,0,0,1,Yes,Yes,No,UNSAFE,10011000000000000101?????1111011
,0x7b,custom-3,5,77,x0,x0,x0..x31,32,0,0,1,Yes,Yes,No,UNSAFE,10011010000000000101?????1111011
,0x7b,custom-3,5,78,x0,x0,x0..x31,32,0,0,1,Yes,Yes,No,UNSAFE,10011100000000000101?????1111011
,0x7b,custom-3,5,79,x0,x0,x0..x31,32,0,0,1,Yes,Yes,No,UNSAFE,10011110000000000101?????1111011
,0x7b,custom-3,5,80,x0,x0,x0..x31,32,0,0,1,Yes,Yes,No,UNSAFE,10100000000000000101?????1111011
,0x7b,custom-3,5,81,x0,x0,x0..x31,32,0,0,1,Yes,Yes,No,UNSAFE,10100010000000000101?????1111011
,0x7b,custom-3,5,82,x0,x0,x0..x31,32,0,0,1,Yes,Yes,No,UNSAFE,10100100000000000101?????1111011
,0x7b,custom-3,5,83,x0,x0,x0..x31,32,0,0,1,Yes,Yes,No,UNSAFE,10100110000000000101?????1111011
,0x7b,custom-3,5,84,x0,x0,x0..x31,32,0,0,1,Yes,Yes,No,UNSAFE,10101000000000000101?????1111011
,0x7b,custom-3,5,85,x0,x0,x0..x31,32,0,0,1,Yes,Yes,No,UNSAFE,10101010000000000101?????1111011
,0x7b,custom-3,5,86,x0,x0,x0..x31,32,0,0,1,Yes,Yes,No,UNSAFE,10101100000000000101?????1111011
,0x7b,custom-3,5,87,x0,x0,x0..x31,32,0,0,1,Yes,Yes,No,UNSAFE,10101110000000000101?????1111011
,0x7b,custom-3,5,88,x0,x0,x0..x31,32,0,0,1,Yes,Yes,No,UNSAFE,10110000000000000101?????1111011
,0x7b,custom-3,5,89,x0,x0,x0..x31,32,0,0,1,Yes,Yes,No,UNSAFE,10110010000000000101?????1111011
,0x7b,custom-3,5,90,x0,x0,x0..x31,32,0,0,1,Yes,Yes,No,UNSAFE,10110100000000000101?????1111011
,0x7b,custom-3,5,91,x0,x0,x0..x31,32,0,0,1,Yes,Yes,No,UNSAFE,10110110000000000101?????1111011
,0x7b,custom-3,5,92,x0,x0,x0..x31,32,0,0,1,Yes,Yes,No,UNSAFE,10111000000000000101?????1111011
,0x7b,custom-3,5,93,x0,x0,x0..x31,32,0,0,1,Yes,Yes,No,UNSAFE,10111010000000000101?????1111011
,0x7b,custom-3,5,94,x0,x0,x0..x31,32,0,0,1,Yes,Yes,No,UNSAFE,10111100000000000101?????1111011
,0x7b,custom-3,5,95,x0,x0,x0..x31,32,0,0,1,Yes,Yes,No,UNSAFE,10111110000000000101?????1111011
,0x7b,custom-3,5,96,x0,x0,x0..x31,32,0,0,1,Yes,Yes,No,UNSAFE,11000000000000000101?????1111011
,0x7b,custom-3,5,97,x0,x0,x0..x31,32,0,0,1,Yes,Yes,No,UNSAFE,11000010000000000101?????1111011
,0x7b,custom-3,5,98,x0,x0,x0..x31,32,0,0,1,Yes,Yes,No,UNSAFE,11000100000000000101?????1111011
,0x7b,custom-3,5,99,x0,x0,x0..x31,32,0,0,1,Yes,Yes,No,UNSAFE,11000110000000000101?????1111011
,0x7b,custom-3,5,100,x0,x0,x0..x31,32,0,0,1,Yes,Yes,No,UNSAFE,11001000000000000101?????1111011
,0x7b,custom-3,5,101,x0,x0,x0..x31,32,0,0,1,Yes,Yes,No,UNSAFE,11001010000000000101?????1111011
,0x7b,custom-3,5,102,x0,x0,x0..x31,32,0,0,1,Yes,Yes,No,UNSAFE,11001100000000000101?????1111011
,0x7b,custom-3,5,103,x0,x0,x0..x31,32,0,0,1,Yes,Yes,No,UNSAFE,11001110000000000101?????1111011
,0x7b,custom-3,5,104,x0,x0,x0..x31,32,0,0,1,Yes,Yes,No,UNSAFE,11010000000000000101?????1111011
,0x7b,custom-3,5,105,x0,x0,x0..x31,32,0,0,1,Yes,Yes,No,UNSAFE,11010010000000000101?????1111011
,0x7b,custom-3,5,106,x0,x0,x0..x31,32,0,0,1,Yes,Yes,No,UNSAFE,11010100000000000101?????1111011
,0x7b,custom-3,5,107,x0,x0,x0..x31,32,0,0,1,Yes,Yes,No,UNSAFE,11010110000000000101?????1111011
,0x7b,custom-3,5,108,x0,x0,x0..x31,32,0,0,1,Yes,Yes,No,UNSAFE,11011000000000000101?????1111011
,0x7b,custom-3,5,109,x0,x0,x0..x31,32,0,0,1,Yes,Yes,No,UNSAFE,11011010000000000101?????1111011
,0x7b,custom-3,5,110,x0,x0,x0..x31,32,0,0,1,Yes,Yes,No,UNSAFE,11011100000000000101?????1111011
,0x7b,custom-3,5,111,x0,x0,x0..x31,32,0,0,1,Yes,Yes,No,UNSAFE,11011110000000000101?????1111011
,0x7b,custom-3,5,112,x0,x0,x0..x31,32,0,0,1,Yes,Yes,No,UNSAFE,11100000000000000101?????1111011
,0x7b,custom-3,5,113,x0,x0,x0..x31,32,0,0,1,Yes,Yes,No,UNSAFE,11100010000000000101?????1111011
,0x7b,custom-3,5,114,x0,x0,x0..x31,32,0,0,1,Yes,Yes,No,UNSAFE,11100100000000000101?????1111011
,0x7b,custom-3,5,115,x0,x0,x0..x31,32,0,0,1,Yes,Yes,No,UNSAFE,11100110000000000101?????1111011
,0x7b,custom-3,5,116,x0,x0,x0..x31,32,0,0,1,Yes,Yes,No,UNSAFE,11101000000000000101?????1111011
,0x7b,custom-3,5,117,x0,x0,x0..x31,32,0,0,1,Yes,Yes,No,UNSAFE,11101010000000000101?????1111011
,0x7b,custom-3,5,118,x0,x0,x0..x31,32,0,0,1,Yes,Yes,No,UNSAFE,11101100000000000101?????1111011
,0x7b,custom-3,5,119,x0,x0,x0..x31,32,0,0,1,Yes,Yes,No,UNSAFE,11101110000000000101?????1111011
,0x7b,custom-3,5,120,x0,x0,x0..x31,32,0,0,1,Yes,Yes,No,UNSAFE,11110000000000000101?????1111011
,0x7b,custom-3,5,121,x0,x0,x0..x31,32,0,0,1,Yes,Yes,No,UNSAFE,11110010000000000101?????1111011
,0x7b,custom-3,5,122,x0,x0,x0..x31,32,0,0,1,Yes,Yes,No,UNSAFE,11110100000000000101?????1111011
,0x7b,custom-3,5,123,x0,x0,x0..x31,32,0,0,1,Yes,Yes,No,UNSAFE,11110110000000000101?????1111011
,0x7b,custom-3,5,124,x0,x0,x0..x31,32,0,0,1,Yes,Yes,No,UNSAFE,11111000000000000101?????1111011
,0x7b,custom-3,5,125,x0,x0,x0..x31,32,0,0,1,Yes,Yes,No,UNSAFE,11111010000000000101?????1111011
,0x7b,custom-3,5,126,x0,x0,x0..x31,32,0,0,1,Yes,Yes,No,UNSAFE,11111100000000000101?????1111011
,0x7b,custom-3,5,127,x0,x0,x0..x31,32,0,0,1,Yes,Yes,No,UNSAFE,11111110000000000101?????1111011
,0x7b,custom-3,6,0,x0,x0,x0..x31,32,0,1,1,Yes,No,No,UNSAFE,00000000000000000110?????1111011
,0x7b,custom-3,6,1,x0,x0,x0..x31,32,0,1,1,Yes,No,No,UNSAFE,00000010000000000110?????1111011
,0x7b,custom-3,6,2,x0,x0,x0..x31,32,0,1,1,Yes,No,No,UNSAFE,00000100000000000110?????1111011
,0x7b,custom-3,6,3,x0,x0,x0..x31,32,0,1,1,Yes,No,No,UNSAFE,00000110000000000110?????1111011
,0x7b,custom-3,6,4,x0,x0,x0..x31,32,0,1,1,Yes,No,No,UNSAFE,00001000000000000110?????1111011
,0x7b,custom-3,6,5,x0,x0,x0..x31,32,0,1,1,Yes,No,No,UNSAFE,00001010000000000110?????1111011
,0x7b,custom-3,6,6,x0,x0,x0..x31,32,0,1,1,Yes,No,No,UNSAFE,00001100000000000110?????1111011
,0x7b,custom-3,6,7,x0,x0,x0..x31,32,0,1,1,Yes,No,No,UNSAFE,00001110000000000110?????1111011
,0x7b,custom-3,6,8,x0,x0,x0..x31,32,0,1,1,Yes,No,No,UNSAFE,00010000000000000110?????1111011
,0x7b,custom-3,6,9,x0,x0,x0..x31,32,0,1,1,Yes,No,No,UNSAFE,00010010000000000110?????1111011
,0x7b,custom-3,6,10,x0,x0,x0..x31,32,0,1,1,Yes,No,No,UNSAFE,00010100000000000110?????1111011
,0x7b,custom-3,6,11,x0,x0,x0..x31,32,0,1,1,Yes,No,No,UNSAFE,00010110000000000110?????1111011
,0x7b,custom-3,6,12,x0,x0,x0..x31,32,0,1,1,Yes,No,No,UNSAFE,00011000000000000110?????1111011
,0x7b,custom-3,6,13,x0,x0,x0..x31,32,0,1,1,Yes,No,No,UNSAFE,00011010000000000110?????1111011
,0x7b,custom-3,6,14,x0,x0,x0..x31,32,0,1,1,Yes,No,No,UNSAFE,00011100000000000110?????1111011
,0x7b,custom-3,6,15,x0,x0,x0..x31,32,0,1,1,Yes,No,No,UNSAFE,00011110000000000110?????1111011
,0x7b,custom-3,6,16,x0,x0,x0..x31,32,0,1,1,Yes,No,No,UNSAFE,00100000000000000110?????1111011
,0x7b,custom-3,6,17,x0,x0,x0..x31,32,0,1,1,Yes,No,No,UNSAFE,00100010000000000110?????1111011
,0x7b,custom-3,6,18,x0,x0,x0..x31,32,0,1,1,Yes,No,No,UNSAFE,00100100000000000110?????1111011
,0x7b,custom-3,6,19,x0,x0,x0..x31,32,0,1,1,Yes,No,No,UNSAFE,00100110000000000110?????1111011
,0x7b,custom-3,6,20,x0,x0,x0..x31,32,0,1,1,Yes,No,No,UNSAFE,00101000000000000110?????1111011
,0x7b,custom-3,6,21,x0,x0,x0..x31,32,0,1,1,Yes,No,No,UNSAFE,00101010000000000110?????1111011
,0x7b,custom-3,6,22,x0,x0,x0..x31,32,0,1,1,Yes,No,No,UNSAFE,00101100000000000110?????1111011
,0x7b,custom-3,6,23,x0,x0,x0..x31,32,0,1,1,Yes,No,No,UNSAFE,00101110000000000110?????1111011
,0x7b,custom-3,6,24,x0,x0,x0..x31,32,0,1,1,Yes,No,No,UNSAFE,00110000000000000110?????1111011
,0x7b,custom-3,6,25,x0,x0,x0..x31,32,0,1,1,Yes,No,No,UNSAFE,00110010000000000110?????1111011
,0x7b,custom-3,6,26,x0,x0,x0..x31,32,0,1,1,Yes,No,No,UNSAFE,00110100000000000110?????1111011
,0x7b,custom-3,6,27,x0,x0,x0..x31,32,0,1,1,Yes,No,No,UNSAFE,00110110000000000110?????1111011
,0x7b,custom-3,6,28,x0,x0,x0..x31,32,0,1,1,Yes,No,No,UNSAFE,00111000000000000110?????1111011
,0x7b,custom-3,6,29,x0,x0,x0..x31,32,0,1,1,Yes,No,No,UNSAFE,00111010000000000110?????1111011
,0x7b,custom-3,6,30,x0,x0,x0..x31,32,0,1,1,Yes,No,No,UNSAFE,00111100000000000110?????1111011
,0x7b,custom-3,6,31,x0,x0,x0..x31,32,0,1,1,Yes,No,No,UNSAFE,00111110000000000110?????1111011
,0x7b,custom-3,6,32,x0,x0,x0..x31,32,0,1,1,Yes,No,No,UNSAFE,01000000000000000110?????1111011
,0x7b,custom-3,6,33,x0,x0,x0..x31,32,0,1,1,Yes,No,No,UNSAFE,01000010000000000110?????1111011
,0x7b,custom-3,6,34,x0,x0,x0..x31,32,0,1,1,Yes,No,No,UNSAFE,01000100000000000110?????1111011
,0x7b,custom-3,6,35,x0,x0,x0..x31,32,0,1,1,Yes,No,No,UNSAFE,01000110000000000110?????1111011
,0x7b,custom-3,6,36,x0,x0,x0..x31,32,0,1,1,Yes,No,No,UNSAFE,01001000000000000110?????1111011
,0x7b,custom-3,6,37,x0,x0,x0..x31,32,0,1,1,Yes,No,No,UNSAFE,01001010000000000110?????1111011
,0x7b,custom-3,6,38,x0,x0,x0..x31,32,0,1,1,Yes,No,No,UNSAFE,01001100000000000110?????1111011
,0x7b,custom-3,6,39,x0,x0,x0..x31,32,0,1,1,Yes,No,No,UNSAFE,01001110000000000110?????1111011
,0x7b,custom-3,6,40,x0,x0,x0..x31,32,0,1,1,Yes,No,No,UNSAFE,01010000000000000110?????1111011
,0x7b,custom-3,6,41,x0,x0,x0..x31,32,0,1,1,Yes,No,No,UNSAFE,01010010000000000110?????1111011
,0x7b,custom-3,6,42,x0,x0,x0..x31,32,0,1,1,Yes,No,No,UNSAFE,01010100000000000110?????1111011
,0x7b,custom-3,6,43,x0,x0,x0..x31,32,0,1,1,Yes,No,No,UNSAFE,01010110000000000110?????1111011
,0x7b,custom-3,6,44,x0,x0,x0..x31,32,0,1,1,Yes,No,No,UNSAFE,01011000000000000110?????1111011
,0x7b,custom-3,6,45,x0,x0,x0..x31,32,0,1,1,Yes,No,No,UNSAFE,01011010000000000110?????1111011
,0x7b,custom-3,6,46,x0,x0,x0..x31,32,0,1,1,Yes,No,No,UNSAFE,01011100000000000110?????1111011
,0x7b,custom-3,6,47,x0,x0,x0..x31,32,0,1,1,Yes,No,No,UNSAFE,01011110000000000110?????1111011
,0x7b,custom-3,6,48,x0,x0,x0..x31,32,0,1,1,Yes,No,No,UNSAFE,01100000000000000110?????1111011
,0x7b,custom-3,6,49,x0,x0,x0..x31,32,0,1,1,Yes,No,No,UNSAFE,01100010000000000110?????1111011
,0x7b,custom-3,6,50,x0,x0,x0..x31,32,0,1,1,Yes,No,No,UNSAFE,01100100000000000110?????1111011
,0x7b,custom-3,6,51,x0,x0,x0..x31,32,0,1,1,Yes,No,No,UNSAFE,01100110000000000110?????1111011
,0x7b,custom-3,6,52,x0,x0,x0..x31,32,0,1,1,Yes,No,No,UNSAFE,01101000000000000110?????1111011
,0x7b,custom-3,6,53,x0,x0,x0..x31,32,0,1,1,Yes,No,No,UNSAFE,01101010000000000110?????1111011
,0x7b,custom-3,6,54,x0,x0,x0..x31,32,0,1,1,Yes,No,No,UNSAFE,01101100000000000110?????1111011
,0x7b,custom-3,6,55,x0,x0,x0..x31,32,0,1,1,Yes,No,No,UNSAFE,01101110000000000110?????1111011
,0x7b,custom-3,6,56,x0,x0,x0..x31,32,0,1,1,Yes,No,No,UNSAFE,01110000000000000110?????1111011
,0x7b,custom-3,6,57,x0,x0,x0..x31,32,0,1,1,Yes,No,No,UNSAFE,01110010000000000110?????1111011
,0x7b,custom-3,6,58,x0,x0,x0..x31,32,0,1,1,Yes,No,No,UNSAFE,01110100000000000110?????1111011
,0x7b,custom-3,6,59,x0,x0,x0..x31,32,0,1,1,Yes,No,No,UNSAFE,01110110000000000110?????1111011
,0x7b,custom-3,6,60,x0,x0,x0..x31,32,0,1,1,Yes,No,No,UNSAFE,01111000000000000110?????1111011
,0x7b,custom-3,6,61,x0,x0,x0..x31,32,0,1,1,Yes,No,No,UNSAFE,01111010000000000110?????1111011
,0x7b,custom-3,6,62,x0,x0,x0..x31,32,0,1,1,Yes,No,No,UNSAFE,01111100000000000110?????1111011
,0x7b,custom-3,6,63,x0,x0,x0..x31,32,0,1,1,Yes,No,No,UNSAFE,01111110000000000110?????1111011
,0x7b,custom-3,6,64,x0,x0,x0..x31,32,0,1,1,Yes,No,No,UNSAFE,10000000000000000110?????1111011
,0x7b,custom-3,6,65,x0,x0,x0..x31,32,0,1,1,Yes,No,No,UNSAFE,10000010000000000110?????1111011
,0x7b,custom-3,6,66,x0,x0,x0..x31,32,0,1,1,Yes,No,No,UNSAFE,10000100000000000110?????1111011
,0x7b,custom-3,6,67,x0,x0,x0..x31,32,0,1,1,Yes,No,No,UNSAFE,10000110000000000110?????1111011
,0x7b,custom-3,6,68,x0,x0,x0..x31,32,0,1,1,Yes,No,No,UNSAFE,10001000000000000110?????1111011
,0x7b,custom-3,6,69,x0,x0,x0..x31,32,0,1,1,Yes,No,No,UNSAFE,10001010000000000110?????1111011
,0x7b,custom-3,6,70,x0,x0,x0..x31,32,0,1,1,Yes,No,No,UNSAFE,10001100000000000110?????1111011
,0x7b,custom-3,6,71,x0,x0,x0..x31,32,0,1,1,Yes,No,No,UNSAFE,10001110000000000110?????1111011
,0x7b,custom-3,6,72,x0,x0,x0..x31,32,0,1,1,Yes,No,No,UNSAFE,10010000000000000110?????1111011
,0x7b,custom-3,6,73,x0,x0,x0..x31,32,0,1,1,Yes,No,No,UNSAFE,10010010000000000110?????1111011
,0x7b,custom-3,6,74,x0,x0,x0..x31,32,0,1,1,Yes,No,No,UNSAFE,10010100000000000110?????1111011
,0x7b,custom-3,6,75,x0,x0,x0..x31,32,0,1,1,Yes,No,No,UNSAFE,10010110000000000110?????1111011
,0x7b,custom-3,6,76,x0,x0,x0..x31,32,0,1,1,Yes,No,No,UNSAFE,10011000000000000110?????1111011
,0x7b,custom-3,6,77,x0,x0,x0..x31,32,0,1,1,Yes,No,No,UNSAFE,10011010000000000110?????1111011
,0x7b,custom-3,6,78,x0,x0,x0..x31,32,0,1,1,Yes,No,No,UNSAFE,10011100000000000110?????1111011
,0x7b,custom-3,6,79,x0,x0,x0..x31,32,0,1,1,Yes,No,No,UNSAFE,10011110000000000110?????1111011
,0x7b,custom-3,6,80,x0,x0,x0..x31,32,0,1,1,Yes,No,No,UNSAFE,10100000000000000110?????1111011
,0x7b,custom-3,6,81,x0,x0,x0..x31,32,0,1,1,Yes,No,No,UNSAFE,10100010000000000110?????1111011
,0x7b,custom-3,6,82,x0,x0,x0..x31,32,0,1,1,Yes,No,No,UNSAFE,10100100000000000110?????1111011
,0x7b,custom-3,6,83,x0,x0,x0..x31,32,0,1,1,Yes,No,No,UNSAFE,10100110000000000110?????1111011
,0x7b,custom-3,6,84,x0,x0,x0..x31,32,0,1,1,Yes,No,No,UNSAFE,10101000000000000110?????1111011
,0x7b,custom-3,6,85,x0,x0,x0..x31,32,0,1,1,Yes,No,No,UNSAFE,10101010000000000110?????1111011
,0x7b,custom-3,6,86,x0,x0,x0..x31,32,0,1,1,Yes,No,No,UNSAFE,10101100000000000110?????1111011
,0x7b,custom-3,6,87,x0,x0,x0..x31,32,0,1,1,Yes,No,No,UNSAFE,10101110000000000110?????1111011
,0x7b,custom-3,6,88,x0,x0,x0..x31,32,0,1,1,Yes,No,No,UNSAFE,10110000000000000110?????1111011
,0x7b,custom-3,6,89,x0,x0,x0..x31,32,0,1,1,Yes,No,No,UNSAFE,10110010000000000110?????1111011
,0x7b,custom-3,6,90,x0,x0,x0..x31,32,0,1,1,Yes,No,No,UNSAFE,10110100000000000110?????1111011
,0x7b,custom-3,6,91,x0,x0,x0..x31,32,0,1,1,Yes,No,No,UNSAFE,10110110000000000110?????1111011
,0x7b,custom-3,6,92,x0,x0,x0..x31,32,0,1,1,Yes,No,No,UNSAFE,10111000000000000110?????1111011
,0x7b,custom-3,6,93,x0,x0,x0..x31,32,0,1,1,Yes,No,No,UNSAFE,10111010000000000110?????1111011
,0x7b,custom-3,6,94,x0,x0,x0..x31,32,0,1,1,Yes,No,No,UNSAFE,10111100000000000110?????1111011
,0x7b,custom-3,6,95,x0,x0,x0..x31,32,0,1,1,Yes,No,No,UNSAFE,10111110000000000110?????1111011
,0x7b,custom-3,6,96,x0,x0,x0..x31,32,0,1,1,Yes,No,No,UNSAFE,11000000000000000110?????1111011
,0x7b,custom-3,6,97,x0,x0,x0..x31,32,0,1,1,Yes,No,No,UNSAFE,11000010000000000110?????1111011
,0x7b,custom-3,6,98,x0,x0,x0..x31,32,0,1,1,Yes,No,No,UNSAFE,11000100000000000110?????1111011
,0x7b,custom-3,6,99,x0,x0,x0..x31,32,0,1,1,Yes,No,No,UNSAFE,11000110000000000110?????1111011
,0x7b,custom-3,6,100,x0,x0,x0..x31,32,0,1,1,Yes,No,No,UNSAFE,11001000000000000110?????1111011
,0x7b,custom-3,6,101,x0,x0,x0..x31,32,0,1,1,Yes,No,No,UNSAFE,11001010000000000110?????1111011
,0x7b,custom-3,6,102,x0,x0,x0..x31,32,0,1,1,Yes,No,No,UNSAFE,11001100000000000110?????1111011
,0x7b,custom-3,6,103,x0,x0,x0..x31,32,0,1,1,Yes,No,No,UNSAFE,11001110000000000110?????1111011
,0x7b,custom-3,6,104,x0,x0,x0..x31,32,0,1,1,Yes,No,No,UNSAFE,11010000000000000110?????1111011
,0x7b,custom-3,6,105,x0,x0,x0..x31,32,0,1,1,Yes,No,No,UNSAFE,11010010000000000110?????1111011
,0x7b,custom-3,6,106,x0,x0,x0..x31,32,0,1,1,Yes,No,No,UNSAFE,11010100000000000110?????1111011
,0x7b,custom-3,6,107,x0,x0,x0..x31,32,0,1,1,Yes,No,No,UNSAFE,11010110000000000110?????1111011
,0x7b,custom-3,6,108,x0,x0,x0..x31,32,0,1,1,Yes,No,No,UNSAFE,11011000000000000110?????1111011
,0x7b,custom-3,6,109,x0,x0,x0..x31,32,0,1,1,Yes,No,No,UNSAFE,11011010000000000110?????1111011
,0x7b,custom-3,6,110,x0,x0,x0..x31,32,0,1,1,Yes,No,No,UNSAFE,11011100000000000110?????1111011
,0x7b,custom-3,6,111,x0,x0,x0..x31,32,0,1,1,Yes,No,No,UNSAFE,11011110000000000110?????1111011
,0x7b,custom-3,6,112,x0,x0,x0..x31,32,0,1,1,Yes,No,No,UNSAFE,11100000000000000110?????1111011
,0x7b,custom-3,6,113,x0,x0,x0..x31,32,0,1,1,Yes,No,No,UNSAFE,11100010000000000110?????1111011
,0x7b,custom-3,6,114,x0,x0,x0..x31,32,0,1,1,Yes,No,No,UNSAFE,11100100000000000110?????1111011
,0x7b,custom-3,6,115,x0,x0,x0..x31,32,0,1,1,Yes,No,No,UNSAFE,11100110000000000110?????1111011
,0x7b,custom-3,6,116,x0,x0,x0..x31,32,0,1,1,Yes,No,No,UNSAFE,11101000000000000110?????1111011
,0x7b,custom-3,6,117,x0,x0,x0..x31,32,0,1,1,Yes,No,No,UNSAFE,11101010000000000110?????1111011
,0x7b,custom-3,6,118,x0,x0,x0..x31,32,0,1,1,Yes,No,No,UNSAFE,11101100000000000110?????1111011
,0x7b,custom-3,6,119,x0,x0,x0..x31,32,0,1,1,Yes,No,No,UNSAFE,11101110000000000110?????1111011
,0x7b,custom-3,6,120,x0,x0,x0..x31,32,0,1,1,Yes,No,No,UNSAFE,11110000000000000110?????1111011
,0x7b,custom-3,6,121,x0,x0,x0..x31,32,0,1,1,Yes,No,No,UNSAFE,11110010000000000110?????1111011
,0x7b,custom-3,6,122,x0,x0,x0..x31,32,0,1,1,Yes,No,No,UNSAFE,11110100000000000110?????1111011
,0x7b,custom-3,6,123,x0,x0,x0..x31,32,0,1,1,Yes,No,No,UNSAFE,11110110000000000110?????1111011
,0x7b,custom-3,6,124,x0,x0,x0..x31,32,0,1,1,Yes,No,No,UNSAFE,11111000000000000110?????1111011
,0x7b,custom-3,6,125,x0,x0,x0..x31,32,0,1,1,Yes,No,No,UNSAFE,11111010000000000110?????1111011
,0x7b,custom-3,6,126,x0,x0,x0..x31,32,0,1,1,Yes,No,No,UNSAFE,11111100000000000110?????1111011
,0x7b,custom-3,6,127,x0,x0,x0..x31,32,0,1,1,Yes,No,No,UNSAFE,11111110000000000110?????1111011
,0x7b,custom-3,7,0,x0,x0,x0..x31,32,0,1,1,Yes,No,No,UNSAFE,00000000000000000111?????1111011
,0x7b,custom-3,7,1,x0,x0,x0..x31,32,0,1,1,Yes,No,No,UNSAFE,00000010000000000111?????1111011
,0x7b,custom-3,7,2,x0,x0,x0..x31,32,0,1,1,Yes,No,No,UNSAFE,00000100000000000111?????1111011
,0x7b,custom-3,7,3,x0,x0,x0..x31,32,0,1,1,Yes,No,No,UNSAFE,00000110000000000111?????1111011
,0x7b,custom-3,7,4,x0,x0,x0..x31,32,0,1,1,Yes,No,No,UNSAFE,00001000000000000111?????1111011
,0x7b,custom-3,7,5,x0,x0,x0..x31,32,0,1,1,Yes,No,No,UNSAFE,00001010000000000111?????1111011
,0x7b,custom-3,7,6,x0,x0,x0..x31,32,0,1,1,Yes,No,No,UNSAFE,00001100000000000111?????1111011
,0x7b,custom-3,7,7,x0,x0,x0..x31,32,0,1,1,Yes,No,No,UNSAFE,00001110000000000111?????1111011
,0x7b,custom-3,7,8,x0,x0,x0..x31,32,0,1,1,Yes,No,No,UNSAFE,00010000000000000111?????1111011
,0x7b,custom-3,7,9,x0,x0,x0..x31,32,0,1,1,Yes,No,No,UNSAFE,00010010000000000111?????1111011
,0x7b,custom-3,7,10,x0,x0,x0..x31,32,0,1,1,Yes,No,No,UNSAFE,00010100000000000111?????1111011
,0x7b,custom-3,7,11,x0,x0,x0..x31,32,0,1,1,Yes,No,No,UNSAFE,00010110000000000111?????1111011
,0x7b,custom-3,7,12,x0,x0,x0..x31,32,0,1,1,Yes,No,No,UNSAFE,00011000000000000111?????1111011
,0x7b,custom-3,7,13,x0,x0,x0..x31,32,0,1,1,Yes,No,No,UNSAFE,00011010000000000111?????1111011
,0x7b,custom-3,7,14,x0,x0,x0..x31,32,0,1,1,Yes,No,No,UNSAFE,00011100000000000111?????1111011
,0x7b,custom-3,7,15,x0,x0,x0..x31,32,0,1,1,Yes,No,No,UNSAFE,00011110000000000111?????1111011
,0x7b,custom-3,7,16,x0,x0,x0..x31,32,0,1,1,Yes,No,No,UNSAFE,00100000000000000111?????1111011
,0x7b,custom-3,7,17,x0,x0,x0..x31,32,0,1,1,Yes,No,No,UNSAFE,00100010000000000111?????1111011
,0x7b,custom-3,7,18,x0,x0,x0..x31,32,0,1,1,Yes,No,No,UNSAFE,00100100000000000111?????1111011
,0x7b,custom-3,7,19,x0,x0,x0..x31,32,0,1,1,Yes,No,No,UNSAFE,00100110000000000111?????1111011
,0x7b,custom-3,7,20,x0,x0,x0..x31,32,0,1,1,Yes,No,No,UNSAFE,00101000000000000111?????1111011
,0x7b,custom-3,7,21,x0,x0,x0..x31,32,0,1,1,Yes,No,No,UNSAFE,00101010000000000111?????1111011
,0x7b,custom-3,7,22,x0,x0,x0..x31,32,0,1,1,Yes,No,No,UNSAFE,00101100000000000111?????1111011
,0x7b,custom-3,7,23,x0,x0,x0..x31,32,0,1,1,Yes,No,No,UNSAFE,00101110000000000111?????1111011
,0x7b,custom-3,7,24,x0,x0,x0..x31,32,0,1,1,Yes,No,No,UNSAFE,00110000000000000111?????1111011
,0x7b,custom-3,7,25,x0,x0,x0..x31,32,0,1,1,Yes,No,No,UNSAFE,00110010000000000111?????1111011
,0x7b,custom-3,7,26,x0,x0,x0..x31,32,0,1,1,Yes,No,No,UNSAFE,00110100000000000111?????1111011
,0x7b,custom-3,7,27,x0,x0,x0..x31,32,0,1,1,Yes,No,No,UNSAFE,00110110000000000111?????1111011
,0x7b,custom-3,7,28,x0,x0,x0..x31,32,0,1,1,Yes,No,No,UNSAFE,00111000000000000111?????1111011
,0x7b,custom-3,7,29,x0,x0,x0..x31,32,0,1,1,Yes,No,No,UNSAFE,00111010000000000111?????1111011
,0x7b,custom-3,7,30,x0,x0,x0..x31,32,0,1,1,Yes,No,No,UNSAFE,00111100000000000111?????1111011
,0x7b,custom-3,7,31,x0,x0,x0..x31,32,0,1,1,Yes,No,No,UNSAFE,00111110000000000111?????1111011
,0x7b,custom-3,7,32,x0,x0,x0..x31,32,0,1,1,Yes,No,No,UNSAFE,01000000000000000111?????1111011
,0x7b,custom-3,7,33,x0,x0,x0..x31,32,0,1,1,Yes,No,No,UNSAFE,01000010000000000111?????1111011
,0x7b,custom-3,7,34,x0,x0,x0..x31,32,0,1,1,Yes,No,No,UNSAFE,01000100000000000111?????1111011
,0x7b,custom-3,7,35,x0,x0,x0..x31,32,0,1,1,Yes,No,No,UNSAFE,01000110000000000111?????1111011
,0x7b,custom-3,7,36,x0,x0,x0..x31,32,0,1,1,Yes,No,No,UNSAFE,01001000000000000111?????1111011
,0x7b,custom-3,7,37,x0,x0,x0..x31,32,0,1,1,Yes,No,No,UNSAFE,01001010000000000111?????1111011
,0x7b,custom-3,7,38,x0,x0,x0..x31,32,0,1,1,Yes,No,No,UNSAFE,01001100000000000111?????1111011
,0x7b,custom-3,7,39,x0,x0,x0..x31,32,0,1,1,Yes,No,No,UNSAFE,01001110000000000111?????1111011
,0x7b,custom-3,7,40,x0,x0,x0..x31,32,0,1,1,Yes,No,No,UNSAFE,01010000000000000111?????1111011
,0x7b,custom-3,7,41,x0,x0,x0..x31,32,0,1,1,Yes,No,No,UNSAFE,01010010000000000111?????1111011
,0x7b,custom-3,7,42,x0,x0,x0..x31,32,0,1,1,Yes,No,No,UNSAFE,01010100000000000111?????1111011
,0x7b,custom-3,7,43,x0,x0,x0..x31,32,0,1,1,Yes,No,No,UNSAFE,01010110000000000111?????1111011
,0x7b,custom-3,7,44,x0,x0,x0..x31,32,0,1,1,Yes,No,No,UNSAFE,01011000000000000111?????1111011
,0x7b,custom-3,7,45,x0,x0,x0..x31,32,0,1,1,Yes,No,No,UNSAFE,01011010000000000111?????1111011
,0x7b,custom-3,7,46,x0,x0,x0..x31,32,0,1,1,Yes,No,No,UNSAFE,01011100000000000111?????1111011
,0x7b,custom-3,7,47,x0,x0,x0..x31,32,0,1,1,Yes,No,No,UNSAFE,01011110000000000111?????1111011
,0x7b,custom-3,7,48,x0,x0,x0..x31,32,0,1,1,Yes,No,No,UNSAFE,01100000000000000111?????1111011
,0x7b,custom-3,7,49,x0,x0,x0..x31,32,0,1,1,Yes,No,No,UNSAFE,01100010000000000111?????1111011
,0x7b,custom-3,7,50,x0,x0,x0..x31,32,0,1,1,Yes,No,No,UNSAFE,01100100000000000111?????1111011
,0x7b,custom-3,7,51,x0,x0,x0..x31,32,0,1,1,Yes,No,No,UNSAFE,01100110000000000111?????1111011
,0x7b,custom-3,7,52,x0,x0,x0..x31,32,0,1,1,Yes,No,No,UNSAFE,01101000000000000111?????1111011
,0x7b,custom-3,7,53,x0,x0,x0..x31,32,0,1,1,Yes,No,No,UNSAFE,01101010000000000111?????1111011
,0x7b,custom-3,7,54,x0,x0,x0..x31,32,0,1,1,Yes,No,No,UNSAFE,01101100000000000111?????1111011
,0x7b,custom-3,7,55,x0,x0,x0..x31,32,0,1,1,Yes,No,No,UNSAFE,01101110000000000111?????1111011
,0x7b,custom-3,7,56,x0,x0,x0..x31,32,0,1,1,Yes,No,No,UNSAFE,01110000000000000111?????1111011
,0x7b,custom-3,7,57,x0,x0,x0..x31,32,0,1,1,Yes,No,No,UNSAFE,01110010000000000111?????1111011
,0x7b,custom-3,7,58,x0,x0,x0..x31,32,0,1,1,Yes,No,No,UNSAFE,01110100000000000111?????1111011
,0x7b,custom-3,7,59,x0,x0,x0..x31,32,0,1,1,Yes,No,No,UNSAFE,01110110000000000111?????1111011
,0x7b,custom-3,7,60,x0,x0,x0..x31,32,0,1,1,Yes,No,No,UNSAFE,01111000000000000111?????1111011
,0x7b,custom-3,7,61,x0,x0,x0..x31,32,0,1,1,Yes,No,No,UNSAFE,01111010000000000111?????1111011
,0x7b,custom-3,7,62,x0,x0,x0..x31,32,0,1,1,Yes,No,No,UNSAFE,01111100000000000111?????1111011
,0x7b,custom-3,7,63,x0,x0,x0..x31,32,0,1,1,Yes,No,No,UNSAFE,01111110000000000111?????1111011
,0x7b,custom-3,7,64,x0,x0,x0..x31,32,0,1,1,Yes,No,No,UNSAFE,10000000000000000111?????1111011
,0x7b,custom-3,7,65,x0,x0,x0..x31,32,0,1,1,Yes,No,No,UNSAFE,10000010000000000111?????1111011
,0x7b,custom-3,7,66,x0,x0,x0..x31,32,0,1,1,Yes,No,No,UNSAFE,10000100000000000111?????1111011
,0x7b,custom-3,7,67,x0,x0,x0..x31,32,0,1,1,Yes,No,No,UNSAFE,10000110000000000111?????1111011
,0x7b,custom-3,7,68,x0,x0,x0..x31,32,0,1,1,Yes,No,No,UNSAFE,10001000000000000111?????1111011
,0x7b,custom-3,7,69,x0,x0,x0..x31,32,0,1,1,Yes,No,No,UNSAFE,10001010000000000111?????1111011
,0x7b,custom-3,7,70,x0,x0,x0..x31,32,0,1,1,Yes,No,No,UNSAFE,10001100000000000111?????1111011
,0x7b,custom-3,7,71,x0,x0,x0..x31,32,0,1,1,Yes,No,No,UNSAFE,10001110000000000111?????1111011
,0x7b,custom-3,7,72,x0,x0,x0..x31,32,0,1,1,Yes,No,No,UNSAFE,10010000000000000111?????1111011
,0x7b,custom-3,7,73,x0,x0,x0..x31,32,0,1,1,Yes,No,No,UNSAFE,10010010000000000111?????1111011
,0x7b,custom-3,7,74,x0,x0,x0..x31,32,0,1,1,Yes,No,No,UNSAFE,10010100000000000111?????1111011
,0x7b,custom-3,7,75,x0,x0,x0..x31,32,0,1,1,Yes,No,No,UNSAFE,10010110000000000111?????1111011
,0x7b,custom-3,7,76,x0,x0,x0..x31,32,0,1,1,Yes,No,No,UNSAFE,10011000000000000111?????1111011
,0x7b,custom-3,7,77,x0,x0,x0..x31,32,0,1,1,Yes,No,No,UNSAFE,10011010000000000111?????1111011
,0x7b,custom-3,7,78,x0,x0,x0..x31,32,0,1,1,Yes,No,No,UNSAFE,10011100000000000111?????1111011
,0x7b,custom-3,7,79,x0,x0,x0..x31,32,0,1,1,Yes,No,No,UNSAFE,10011110000000000111?????1111011
,0x7b,custom-3,7,80,x0,x0,x0..x31,32,0,1,1,Yes,No,No,UNSAFE,10100000000000000111?????1111011
,0x7b,custom-3,7,81,x0,x0,x0..x31,32,0,1,1,Yes,No,No,UNSAFE,10100010000000000111?????1111011
,0x7b,custom-3,7,82,x0,x0,x0..x31,32,0,1,1,Yes,No,No,UNSAFE,10100100000000000111?????1111011
,0x7b,custom-3,7,83,x0,x0,x0..x31,32,0,1,1,Yes,No,No,UNSAFE,10100110000000000111?????1111011
,0x7b,custom-3,7,84,x0,x0,x0..x31,32,0,1,1,Yes,No,No,UNSAFE,10101000000000000111?????1111011
,0x7b,custom-3,7,85,x0,x0,x0..x31,32,0,1,1,Yes,No,No,UNSAFE,10101010000000000111?????1111011
,0x7b,custom-3,7,86,x0,x0,x0..x31,32,0,1,1,Yes,No,No,UNSAFE,10101100000000000111?????1111011
,0x7b,custom-3,7,87,x0,x0,x0..x31,32,0,1,1,Yes,No,No,UNSAFE,10101110000000000111?????1111011
,0x7b,custom-3,7,88,x0,x0,x0..x31,32,0,1,1,Yes,No,No,UNSAFE,10110000000000000111?????1111011
,0x7b,custom-3,7,89,x0,x0,x0..x31,32,0,1,1,Yes,No,No,UNSAFE,10110010000000000111?????1111011
,0x7b,custom-3,7,90,x0,x0,x0..x31,32,0,1,1,Yes,No,No,UNSAFE,10110100000000000111?????1111011
,0x7b,custom-3,7,91,x0,x0,x0..x31,32,0,1,1,Yes,No,No,UNSAFE,10110110000000000111?????1111011
,0x7b,custom-3,7,92,x0,x0,x0..x31,32,0,1,1,Yes,No,No,UNSAFE,10111000000000000111?????1111011
,0x7b,custom-3,7,93,x0,x0,x0..x31,32,0,1,1,Yes,No,No,UNSAFE,10111010000000000111?????1111011
,0x7b,custom-3,7,94,x0,x0,x0..x31,32,0,1,1,Yes,No,No,UNSAFE,10111100000000000111?????1111011
,0x7b,custom-3,7,95,x0,x0,x0..x31,32,0,1,1,Yes,No,No,UNSAFE,10111110000000000111?????1111011
,0x7b,custom-3,7,96,x0,x0,x0..x31,32,0,1,1,Yes,No,No,UNSAFE,11000000000000000111?????1111011
,0x7b,custom-3,7,97,x0,x0,x0..x31,32,0,1,1,Yes,No,No,UNSAFE,11000010000000000111?????1111011
,0x7b,custom-3,7,98,x0,x0,x0..x31,32,0,1,1,Yes,No,No,UNSAFE,11000100000000000111?????1111011
,0x7b,custom-3,7,99,x0,x0,x0..x31,32,0,1,1,Yes,No,No,UNSAFE,11000110000000000111?????1111011
,0x7b,custom-3,7,100,x0,x0,x0..x31,32,0,1,1,Yes,No,No,UNSAFE,11001000000000000111?????1111011
,0x7b,custom-3,7,101,x0,x0,x0..x31,32,0,1,1,Yes,No,No,UNSAFE,11001010000000000111?????1111011
,0x7b,custom-3,7,102,x0,x0,x0..x31,32,0,1,1,Yes,No,No,UNSAFE,11001100000000000111?????1111011
,0x7b,custom-3,7,103,x0,x0,x0..x31,32,0,1,1,Yes,No,No,UNSAFE,11001110000000000111?????1111011
,0x7b,custom-3,7,104,x0,x0,x0..x31,32,0,1,1,Yes,No,No,UNSAFE,11010000000000000111?????1111011
,0x7b,custom-3,7,105,x0,x0,x0..x31,32,0,1,1,Yes,No,No,UNSAFE,11010010000000000111?????1111011
,0x7b,custom-3,7,106,x0,x0,x0..x31,32,0,1,1,Yes,No,No,UNSAFE,11010100000000000111?????1111011
,0x7b,custom-3,7,107,x0,x0,x0..x31,32,0,1,1,Yes,No,No,UNSAFE,11010110000000000111?????1111011
,0x7b,custom-3,7,108,x0,x0,x0..x31,32,0,1,1,Yes,No,No,UNSAFE,11011000000000000111?????1111011
,0x7b,custom-3,7,109,x0,x0,x0..x31,32,0,1,1,Yes,No,No,UNSAFE,11011010000000000111?????1111011
,0x7b,custom-3,7,110,x0,x0,x0..x31,32,0,1,1,Yes,No,No,UNSAFE,11011100000000000111?????1111011
,0x7b,custom-3,7,111,x0,x0,x0..x31,32,0,1,1,Yes,No,No,UNSAFE,11011110000000000111?????1111011
,0x7b,custom-3,7,112,x0,x0,x0..x31,32,0,1,1,Yes,No,No,UNSAFE,11100000000000000111?????1111011
,0x7b,custom-3,7,113,x0,x0,x0..x31,32,0,1,1,Yes,No,No,UNSAFE,11100010000000000111?????1111011
,0x7b,custom-3,7,114,x0,x0,x0..x31,32,0,1,1,Yes,No,No,UNSAFE,11100100000000000111?????1111011
,0x7b,custom-3,7,115,x0,x0,x0..x31,32,0,1,1,Yes,No,No,UNSAFE,11100110000000000111?????1111011
,0x7b,custom-3,7,116,x0,x0,x0..x31,32,0,1,1,Yes,No,No,UNSAFE,11101000000000000111?????1111011
,0x7b,custom-3,7,117,x0,x0,x0..x31,32,0,1,1,Yes,No,No,UNSAFE,11101010000000000111?????1111011
,0x7b,custom-3,7,118,x0,x0,x0..x31,32,0,1,1,Yes,No,No,UNSAFE,11101100000000000111?????1111011
,0x7b,custom-3,7,119,x0,x0,x0..x31,32,0,1,1,Yes,No,No,UNSAFE,11101110000000000111?????1111011
,0x7b,custom-3,7,120,x0,x0,x0..x31,32,0,1,1,Yes,No,No,UNSAFE,11110000000000000111?????1111011
,0x7b,custom-3,7,121,x0,x0,x0..x31,32,0,1,1,Yes,No,No,UNSAFE,11110010000000000111?????1111011
,0x7b,custom-3,7,122,x0,x0,x0..x31,32,0,1,1,Yes,No,No,UNSAFE,11110100000000000111?????1111011
,0x7b,custom-3,7,123,x0,x0,x0..x31,32,0,1,1,Yes,No,No,UNSAFE,11110110000000000111?????1111011
,0x7b,custom-3,7,124,x0,x0,x0..x31,32,0,1,1,Yes,No,No,UNSAFE,11111000000000000111?????1111011
,0x7b,custom-3,7,125,x0,x0,x0..x31,32,0,1,1,Yes,No,No,UNSAFE,11111010000000000111?????1111011
,0x7b,custom-3,7,126,x0,x0,x0..x31,32,0,1,1,Yes,No,No,UNSAFE,11111100000000000111?????1111011
,0x7b,custom-3,7,127,x0,x0,x0..x31,32,0,1,1,Yes,No,No,UNSAFE,11111110000000000111?????1111011
