candidate,candidate_pattern,conflicting_instruction,existing_pattern,witness_machine_word,source_kind,source_file,source_location
original_custom-0_omerge,00000000000000000000?????0001011,FREP_O,????????????????????????10001011,0x0000008b,decoder,hw/ip/snitch/src/riscv_instr.sv,hw/ip/snitch/src/snitch.sv:2066
original_custom-0_omerge,00000000000000000000?????0001011,FREP_I,????????????????????????00001011,0x0000000b,decoder,hw/ip/snitch/src/riscv_instr.sv,hw/ip/snitch/src/snitch.sv:2067
custom-1_reference,00000000000000000000?????0101011,DMSRC,0000000??????????000000000101011,0x0000002b,decoder,hw/ip/snitch/src/riscv_instr.sv,hw/ip/snitch/src/snitch.sv:2178
custom-2_f0_f7_0,00000000000000000000?????1011011,IADD,0000000??????????000?????1011011,0x0000005b,generator,sw/toolchain/riscv-opcodes/opcodes-ipu_CUSTOM,sw/toolchain/riscv-opcodes/opcodes-ipu_CUSTOM:30
custom-2_f0_f7_1,00000010000000000000?????1011011,IMADD,?????01??????????000?????1011011,0x0200005b,generator,sw/toolchain/riscv-opcodes/opcodes-ipu_CUSTOM,sw/toolchain/riscv-opcodes/opcodes-ipu_CUSTOM:41
custom-2_f0_f7_2,00000100000000000000?????1011011,IMUL,0000010??????????000?????1011011,0x0400005b,generator,sw/toolchain/riscv-opcodes/opcodes-ipu_CUSTOM,sw/toolchain/riscv-opcodes/opcodes-ipu_CUSTOM:46
custom-2_f0_f7_5,00001010000000000000?????1011011,IMADD,?????01??????????000?????1011011,0x0a00005b,generator,sw/toolchain/riscv-opcodes/opcodes-ipu_CUSTOM,sw/toolchain/riscv-opcodes/opcodes-ipu_CUSTOM:41
custom-2_f0_f7_9,00010010000000000000?????1011011,IMADD,?????01??????????000?????1011011,0x1200005b,generator,sw/toolchain/riscv-opcodes/opcodes-ipu_CUSTOM,sw/toolchain/riscv-opcodes/opcodes-ipu_CUSTOM:41
custom-2_f0_f7_13,00011010000000000000?????1011011,IMADD,?????01??????????000?????1011011,0x1a00005b,generator,sw/toolchain/riscv-opcodes/opcodes-ipu_CUSTOM,sw/toolchain/riscv-opcodes/opcodes-ipu_CUSTOM:41
custom-2_f0_f7_17,00100010000000000000?????1011011,IMADD,?????01??????????000?????1011011,0x2200005b,generator,sw/toolchain/riscv-opcodes/opcodes-ipu_CUSTOM,sw/toolchain/riscv-opcodes/opcodes-ipu_CUSTOM:41
custom-2_f0_f7_21,00101010000000000000?????1011011,IMADD,?????01??????????000?????1011011,0x2a00005b,generator,sw/toolchain/riscv-opcodes/opcodes-ipu_CUSTOM,sw/toolchain/riscv-opcodes/opcodes-ipu_CUSTOM:41
custom-2_f0_f7_25,00110010000000000000?????1011011,IMADD,?????01??????????000?????1011011,0x3200005b,generator,sw/toolchain/riscv-opcodes/opcodes-ipu_CUSTOM,sw/toolchain/riscv-opcodes/opcodes-ipu_CUSTOM:41
custom-2_f0_f7_29,00111010000000000000?????1011011,IMADD,?????01??????????000?????1011011,0x3a00005b,generator,sw/toolchain/riscv-opcodes/opcodes-ipu_CUSTOM,sw/toolchain/riscv-opcodes/opcodes-ipu_CUSTOM:41
custom-2_f0_f7_32,01000000000000000000?????1011011,ISUB,0100000??????????000?????1011011,0x4000005b,generator,sw/toolchain/riscv-opcodes/opcodes-ipu_CUSTOM,sw/toolchain/riscv-opcodes/opcodes-ipu_CUSTOM:31
custom-2_f0_f7_33,01000010000000000000?????1011011,IMADD,?????01??????????000?????1011011,0x4200005b,generator,sw/toolchain/riscv-opcodes/opcodes-ipu_CUSTOM,sw/toolchain/riscv-opcodes/opcodes-ipu_CUSTOM:41
custom-2_f0_f7_37,01001010000000000000?????1011011,IMADD,?????01??????????000?????1011011,0x4a00005b,generator,sw/toolchain/riscv-opcodes/opcodes-ipu_CUSTOM,sw/toolchain/riscv-opcodes/opcodes-ipu_CUSTOM:41
custom-2_f0_f7_41,01010010000000000000?????1011011,IMADD,?????01??????????000?????1011011,0x5200005b,generator,sw/toolchain/riscv-opcodes/opcodes-ipu_CUSTOM,sw/toolchain/riscv-opcodes/opcodes-ipu_CUSTOM:41
custom-2_f0_f7_45,01011010000000000000?????1011011,IMADD,?????01??????????000?????1011011,0x5a00005b,generator,sw/toolchain/riscv-opcodes/opcodes-ipu_CUSTOM,sw/toolchain/riscv-opcodes/opcodes-ipu_CUSTOM:41
custom-2_f0_f7_49,01100010000000000000?????1011011,IMADD,?????01??????????000?????1011011,0x6200005b,generator,sw/toolchain/riscv-opcodes/opcodes-ipu_CUSTOM,sw/toolchain/riscv-opcodes/opcodes-ipu_CUSTOM:41
custom-2_f0_f7_53,01101010000000000000?????1011011,IMADD,?????01??????????000?????1011011,0x6a00005b,generator,sw/toolchain/riscv-opcodes/opcodes-ipu_CUSTOM,sw/toolchain/riscv-opcodes/opcodes-ipu_CUSTOM:41
custom-2_f0_f7_57,01110010000000000000?????1011011,IMADD,?????01??????????000?????1011011,0x7200005b,generator,sw/toolchain/riscv-opcodes/opcodes-ipu_CUSTOM,sw/toolchain/riscv-opcodes/opcodes-ipu_CUSTOM:41
custom-2_f0_f7_61,01111010000000000000?????1011011,IMADD,?????01??????????000?????1011011,0x7a00005b,generator,sw/toolchain/riscv-opcodes/opcodes-ipu_CUSTOM,sw/toolchain/riscv-opcodes/opcodes-ipu_CUSTOM:41
custom-2_f0_f7_65,10000010000000000000?????1011011,IMADD,?????01??????????000?????1011011,0x8200005b,generator,sw/toolchain/riscv-opcodes/opcodes-ipu_CUSTOM,sw/toolchain/riscv-opcodes/opcodes-ipu_CUSTOM:41
custom-2_f0_f7_69,10001010000000000000?????1011011,IMADD,?????01??????????000?????1011011,0x8a00005b,generator,sw/toolchain/riscv-opcodes/opcodes-ipu_CUSTOM,sw/toolchain/riscv-opcodes/opcodes-ipu_CUSTOM:41
custom-2_f0_f7_73,10010010000000000000?????1011011,IMADD,?????01??????????000?????1011011,0x9200005b,generator,sw/toolchain/riscv-opcodes/opcodes-ipu_CUSTOM,sw/toolchain/riscv-opcodes/opcodes-ipu_CUSTOM:41
custom-2_f0_f7_77,10011010000000000000?????1011011,IMADD,?????01??????????000?????1011011,0x9a00005b,generator,sw/toolchain/riscv-opcodes/opcodes-ipu_CUSTOM,sw/toolchain/riscv-opcodes/opcodes-ipu_CUSTOM:41
custom-2_f0_f7_81,10100010000000000000?????1011011,IMADD,?????01??????????000?????1011011,0xa200005b,generator,sw/toolchain/riscv-opcodes/opcodes-ipu_CUSTOM,sw/toolchain/riscv-opcodes/opcodes-ipu_CUSTOM:41
custom-2_f0_f7_85,10101010000000000000?????1011011,IMADD,?????01??????????000?????1011011,0xaa00005b,generator,sw/toolchain/riscv-opcodes/opcodes-ipu_CUSTOM,sw/toolchain/riscv-opcodes/opcodes-ipu_CUSTOM:41
custom-2_f0_f7_89,10110010000000000000?????1011011,IMADD,?????01??????????000?????1011011,0xb200005b,generator,sw/toolchain/riscv-opcodes/opcodes-ipu_CUSTOM,sw/toolchain/riscv-opcodes/opcodes-ipu_CUSTOM:41
custom-2_f0_f7_93,10111010000000000000?????1011011,IMADD,?????01??????????000?????1011011,0xba00005b,generator,sw/toolchain/riscv-opcodes/opcodes-ipu_CUSTOM,sw/toolchain/riscv-opcodes/opcodes-ipu_CUSTOM:41
custom-2_f0_f7_97,11000010000000000000?????1011011,IMADD,?????01??????????000?????1011011,0xc200005b,generator,sw/toolchain/riscv-opcodes/opcodes-ipu_CUSTOM,sw/toolchain/riscv-opcodes/opcodes-ipu_CUSTOM:41
custom-2_f0_f7_101,11001010000000000000?????1011011,IMADD,?????01??????????000?????1011011,0xca00005b,generator,sw/toolchain/riscv-opcodes/opcodes-ipu_CUSTOM,sw/toolchain/riscv-opcodes/opcodes-ipu_CUSTOM:41
custom-2_f0_f7_105,11010010000000000000?????1011011,IMADD,?????01??????????000?????1011011,0xd200005b,generator,sw/toolchain/riscv-opcodes/opcodes-ipu_CUSTOM,sw/toolchain/riscv-opcodes/opcodes-ipu_CUSTOM:41
custom-2_f0_f7_109,11011010000000000000?????1011011,IMADD,?????01??????????000?????1011011,0xda00005b,generator,sw/toolchain/riscv-opcodes/opcodes-ipu_CUSTOM,sw/toolchain/riscv-opcodes/opcodes-ipu_CUSTOM:41
custom-2_f0_f7_112,11100000000000000000?????1011011,IMV_X_W,111000000000?????000?????1011011,0xe000005b,generator,sw/toolchain/riscv-opcodes/opcodes-ipu_CUSTOM,sw/toolchain/riscv-opcodes/opcodes-ipu_CUSTOM:17
custom-2_f0_f7_113,11100010000000000000?????1011011,IMADD,?????01??????????000?????1011011,0xe200005b,generator,sw/toolchain/riscv-opcodes/opcodes-ipu_CUSTOM,sw/toolchain/riscv-opcodes/opcodes-ipu_CUSTOM:41
custom-2_f0_f7_117,11101010000000000000?????1011011,IMADD,?????01??????????000?????1011011,0xea00005b,generator,sw/toolchain/riscv-opcodes/opcodes-ipu_CUSTOM,sw/toolchain/riscv-opcodes/opcodes-ipu_CUSTOM:41
custom-2_f0_f7_120,11110000000000000000?????1011011,IMV_W_X,111100000000?????000?????1011011,0xf000005b,generator,sw/toolchain/riscv-opcodes/opcodes-ipu_CUSTOM,sw/toolchain/riscv-opcodes/opcodes-ipu_CUSTOM:18
custom-2_f0_f7_121,11110010000000000000?????1011011,IMADD,?????01??????????000?????1011011,0xf200005b,generator,sw/toolchain/riscv-opcodes/opcodes-ipu_CUSTOM,sw/toolchain/riscv-opcodes/opcodes-ipu_CUSTOM:41
custom-2_f0_f7_125,11111010000000000000?????1011011,IMADD,?????01??????????000?????1011011,0xfa00005b,generator,sw/toolchain/riscv-opcodes/opcodes-ipu_CUSTOM,sw/toolchain/riscv-opcodes/opcodes-ipu_CUSTOM:41
custom-2_f1_f7_0,00000000000000000001?????1011011,ISLL,0000000??????????001?????1011011,0x0000105b,generator,sw/toolchain/riscv-opcodes/opcodes-ipu_CUSTOM,sw/toolchain/riscv-opcodes/opcodes-ipu_CUSTOM:32
custom-2_f1_f7_1,00000010000000000001?????1011011,IMSUB,?????01??????????001?????1011011,0x0200105b,generator,sw/toolchain/riscv-opcodes/opcodes-ipu_CUSTOM,sw/toolchain/riscv-opcodes/opcodes-ipu_CUSTOM:42
custom-2_f1_f7_2,00000100000000000001?????1011011,IMULH,0000010??????????001?????1011011,0x0400105b,generator,sw/toolchain/riscv-opcodes/opcodes-ipu_CUSTOM,sw/toolchain/riscv-opcodes/opcodes-ipu_CUSTOM:47
custom-2_f1_f7_4,00001000000000000001?????1011011,ISHFL,0000100??????????001?????1011011,0x0800105b,generator,sw/toolchain/riscv-opcodes/opcodes-ipu_CUSTOM,sw/toolchain/riscv-opcodes/opcodes-ipu_CUSTOM:103
custom-2_f1_f7_5,00001010000000000001?????1011011,IMSUB,?????01??????????001?????1011011,0x0a00105b,generator,sw/toolchain/riscv-opcodes/opcodes-ipu_CUSTOM,sw/toolchain/riscv-opcodes/opcodes-ipu_CUSTOM:42
custom-2_f1_f7_5,00001010000000000001?????1011011,ICLMUL,0000101??????????001?????1011011,0x0a00105b,generator,sw/toolchain/riscv-opcodes/opcodes-ipu_CUSTOM,sw/toolchain/riscv-opcodes/opcodes-ipu_CUSTOM:95
custom-2_f1_f7_9,00010010000000000001?????1011011,IMSUB,?????01??????????001?????1011011,0x1200105b,generator,sw/toolchain/riscv-opcodes/opcodes-ipu_CUSTOM,sw/toolchain/riscv-opcodes/opcodes-ipu_CUSTOM:42
custom-2_f1_f7_13,00011010000000000001?????1011011,IMSUB,?????01??????????001?????1011011,0x1a00105b,generator,sw/toolchain/riscv-opcodes/opcodes-ipu_CUSTOM,sw/toolchain/riscv-opcodes/opcodes-ipu_CUSTOM:42
custom-2_f1_f7_16,00100000000000000001?????1011011,ISLO,0010000??????????001?????1011011,0x2000105b,generator,sw/toolchain/riscv-opcodes/opcodes-ipu_CUSTOM,sw/toolchain/riscv-opcodes/opcodes-ipu_CUSTOM:55
custom-2_f1_f7_17,00100010000000000001?????1011011,IMSUB,?????01??????????001?????1011011,0x2200105b,generator,sw/toolchain/riscv-opcodes/opcodes-ipu_CUSTOM,sw/toolchain/riscv-opcodes/opcodes-ipu_CUSTOM:42
custom-2_f1_f7_20,00101000000000000001?????1011011,ISBSET,0010100??????????001?????1011011,0x2800105b,generator,sw/toolchain/riscv-opcodes/opcodes-ipu_CUSTOM,sw/toolchain/riscv-opcodes/opcodes-ipu_CUSTOM:61
custom-2_f1_f7_21,00101010000000000001?????1011011,IMSUB,?????01??????????001?????1011011,0x2a00105b,generator,sw/toolchain/riscv-opcodes/opcodes-ipu_CUSTOM,sw/toolchain/riscv-opcodes/opcodes-ipu_CUSTOM:42
custom-2_f1_f7_25,00110010000000000001?????1011011,IMSUB,?????01??????????001?????1011011,0x3200105b,generator,sw/toolchain/riscv-opcodes/opcodes-ipu_CUSTOM,sw/toolchain/riscv-opcodes/opcodes-ipu_CUSTOM:42
custom-2_f1_f7_29,00111010000000000001?????1011011,IMSUB,?????01??????????001?????1011011,0x3a00105b,generator,sw/toolchain/riscv-opcodes/opcodes-ipu_CUSTOM,sw/toolchain/riscv-opcodes/opcodes-ipu_CUSTOM:42
custom-2_f1_f7_33,01000010000000000001?????1011011,IMSUB,?????01??????????001?????1011011,0x4200105b,generator,sw/toolchain/riscv-opcodes/opcodes-ipu_CUSTOM,sw/toolchain/riscv-opcodes/opcodes-ipu_CUSTOM:42
custom-2_f1_f7_36,01001000000000000001?????1011011,ISBCLR,0100100??????????001?????1011011,0x4800105b,generator,sw/toolchain/riscv-opcodes/opcodes-ipu_CUSTOM,sw/toolchain/riscv-opcodes/opcodes-ipu_CUSTOM:60
custom-2_f1_f7_37,01001010000000000001?????1011011,IMSUB,?????01??????????001?????1011011,0x4a00105b,generator,sw/toolchain/riscv-opcodes/opcodes-ipu_CUSTOM,sw/toolchain/riscv-opcodes/opcodes-ipu_CUSTOM:42
custom-2_f1_f7_41,01010010000000000001?????1011011,IMSUB,?????01??????????001?????1011011,0x5200105b,generator,sw/toolchain/riscv-opcodes/opcodes-ipu_CUSTOM,sw/toolchain/riscv-opcodes/opcodes-ipu_CUSTOM:42
custom-2_f1_f7_45,01011010000000000001?????1011011,IMSUB,?????01??????????001?????1011011,0x5a00105b,generator,sw/toolchain/riscv-opcodes/opcodes-ipu_CUSTOM,sw/toolchain/riscv-opcodes/opcodes-ipu_CUSTOM:42
custom-2_f1_f7_48,01100000000000000001?????1011011,IROL,0110000??????????001?????1011011,0x6000105b,generator,sw/toolchain/riscv-opcodes/opcodes-ipu_CUSTOM,sw/toolchain/riscv-opcodes/opcodes-ipu_CUSTOM:57
custom-2_f1_f7_49,01100010000000000001?????1011011,IMSUB,?????01??????????001?????1011011,0x6200105b,generator,sw/toolchain/riscv-opcodes/opcodes-ipu_CUSTOM,sw/toolchain/riscv-opcodes/opcodes-ipu_CUSTOM:42
custom-2_f1_f7_52,01101000000000000001?????1011011,ISBINV,0110100??????????001?????1011011,0x6800105b,generator,sw/toolchain/riscv-opcodes/opcodes-ipu_CUSTOM,sw/toolchain/riscv-opcodes/opcodes-ipu_CUSTOM:62
custom-2_f1_f7_53,01101010000000000001?????1011011,IMSUB,?????01??????????001?????1011011,0x6a00105b,generator,sw/toolchain/riscv-opcodes/opcodes-ipu_CUSTOM,sw/toolchain/riscv-opcodes/opcodes-ipu_CUSTOM:42
custom-2_f1_f7_57,01110010000000000001?????1011011,IMSUB,?????01??????????001?????1011011,0x7200105b,generator,sw/toolchain/riscv-opcodes/opcodes-ipu_CUSTOM,sw/toolchain/riscv-opcodes/opcodes-ipu_CUSTOM:42
custom-2_f1_f7_61,01111010000000000001?????1011011,IMSUB,?????01??????????001?????1011011,0x7a00105b,generator,sw/toolchain/riscv-opcodes/opcodes-ipu_CUSTOM,sw/toolchain/riscv-opcodes/opcodes-ipu_CUSTOM:42
custom-2_f1_f7_65,10000010000000000001?????1011011,IMSUB,?????01??????????001?????1011011,0x8200105b,generator,sw/toolchain/riscv-opcodes/opcodes-ipu_CUSTOM,sw/toolchain/riscv-opcodes/opcodes-ipu_CUSTOM:42
custom-2_f1_f7_69,10001010000000000001?????1011011,IMSUB,?????01??????????001?????1011011,0x8a00105b,generator,sw/toolchain/riscv-opcodes/opcodes-ipu_CUSTOM,sw/toolchain/riscv-opcodes/opcodes-ipu_CUSTOM:42
custom-2_f1_f7_73,10010010000000000001?????1011011,IMSUB,?????01??????????001?????1011011,0x9200105b,generator,sw/toolchain/riscv-opcodes/opcodes-ipu_CUSTOM,sw/toolchain/riscv-opcodes/opcodes-ipu_CUSTOM:42
custom-2_f1_f7_77,10011010000000000001?????1011011,IMSUB,?????01??????????001?????1011011,0x9a00105b,generator,sw/toolchain/riscv-opcodes/opcodes-ipu_CUSTOM,sw/toolchain/riscv-opcodes/opcodes-ipu_CUSTOM:42
custom-2_f1_f7_81,10100010000000000001?????1011011,IMSUB,?????01??????????001?????1011011,0xa200105b,generator,sw/toolchain/riscv-opcodes/opcodes-ipu_CUSTOM,sw/toolchain/riscv-opcodes/opcodes-ipu_CUSTOM:42
custom-2_f1_f7_85,10101010000000000001?????1011011,IMSUB,?????01??????????001?????1011011,0xaa00105b,generator,sw/toolchain/riscv-opcodes/opcodes-ipu_CUSTOM,sw/toolchain/riscv-opcodes/opcodes-ipu_CUSTOM:42
custom-2_f1_f7_89,10110010000000000001?????1011011,IMSUB,?????01??????????001?????1011011,0xb200105b,generator,sw/toolchain/riscv-opcodes/opcodes-ipu_CUSTOM,sw/toolchain/riscv-opcodes/opcodes-ipu_CUSTOM:42
custom-2_f1_f7_93,10111010000000000001?????1011011,IMSUB,?????01??????????001?????1011011,0xba00105b,generator,sw/toolchain/riscv-opcodes/opcodes-ipu_CUSTOM,sw/toolchain/riscv-opcodes/opcodes-ipu_CUSTOM:42
custom-2_f1_f7_97,11000010000000000001?????1011011,IMSUB,?????01??????????001?????1011011,0xc200105b,generator,sw/toolchain/riscv-opcodes/opcodes-ipu_CUSTOM,sw/toolchain/riscv-opcodes/opcodes-ipu_CUSTOM:42
custom-2_f1_f7_101,11001010000000000001?????1011011,IMSUB,?????01??????????001?????1011011,0xca00105b,generator,sw/toolchain/riscv-opcodes/opcodes-ipu_CUSTOM,sw/toolchain/riscv-opcodes/opcodes-ipu_CUSTOM:42
custom-2_f1_f7_105,11010010000000000001?????1011011,IMSUB,?????01??????????001?????1011011,0xd200105b,generator,sw/toolchain/riscv-opcodes/opcodes-ipu_CUSTOM,sw/toolchain/riscv-opcodes/opcodes-ipu_CUSTOM:42
custom-2_f1_f7_109,11011010000000000001?????1011011,IMSUB,?????01??????????001?????1011011,0xda00105b,generator,sw/toolchain/riscv-opcodes/opcodes-ipu_CUSTOM,sw/toolchain/riscv-opcodes/opcodes-ipu_CUSTOM:42
custom-2_f1_f7_113,11100010000000000001?????1011011,IMSUB,?????01??????????001?????1011011,0xe200105b,generator,sw/toolchain/riscv-opcodes/opcodes-ipu_CUSTOM,sw/toolchain/riscv-opcodes/opcodes-ipu_CUSTOM:42
custom-2_f1_f7_117,11101010000000000001?????1011011,IMSUB,?????01??????????001?????1011011,0xea00105b,generator,sw/toolchain/riscv-opcodes/opcodes-ipu_CUSTOM,sw/toolchain/riscv-opcodes/opcodes-ipu_CUSTOM:42
custom-2_f1_f7_121,11110010000000000001?????1011011,IMSUB,?????01??????????001?????1011011,0xf200105b,generator,sw/toolchain/riscv-opcodes/opcodes-ipu_CUSTOM,sw/toolchain/riscv-opcodes/opcodes-ipu_CUSTOM:42
custom-2_f1_f7_125,11111010000000000001?????1011011,IMSUB,?????01??????????001?????1011011,0xfa00105b,generator,sw/toolchain/riscv-opcodes/opcodes-ipu_CUSTOM,sw/toolchain/riscv-opcodes/opcodes-ipu_CUSTOM:42
custom-2_f2_f7_0,00000000000000000010?????1011011,ISLT,0000000??????????010?????1011011,0x0000205b,generator,sw/toolchain/riscv-opcodes/opcodes-ipu_CUSTOM,sw/toolchain/riscv-opcodes/opcodes-ipu_CUSTOM:33
custom-2_f2_f7_0,00000000000000000010?????1011011,P_ADDN,00???????????????010?????1011011,0x0000205b,generator,sw/toolchain/riscv-opcodes/opcodes-xpulpminmax_CUSTOM,sw/toolchain/riscv-opcodes/opcodes-xpulpminmax_CUSTOM:22
custom-2_f2_f7_1,00000010000000000010?????1011011,INMSUB,?????01??????????010?????1011011,0x0200205b,generator,sw/toolchain/riscv-opcodes/opcodes-ipu_CUSTOM,sw/toolchain/riscv-opcodes/opcodes-ipu_CUSTOM:43
custom-2_f2_f7_1,00000010000000000010?????1011011,P_ADDN,00???????????????010?????1011011,0x0200205b,generator,sw/toolchain/riscv-opcodes/opcodes-xpulpminmax_CUSTOM,sw/toolchain/riscv-opcodes/opcodes-xpulpminmax_CUSTOM:22
custom-2_f2_f7_2,00000100000000000010?????1011011,IMULHSU,0000010??????????010?????1011011,0x0400205b,generator,sw/toolchain/riscv-opcodes/opcodes-ipu_CUSTOM,sw/toolchain/riscv-opcodes/opcodes-ipu_CUSTOM:48
custom-2_f2_f7_2,00000100000000000010?????1011011,P_ADDN,00???????????????010?????1011011,0x0400205b,generator,sw/toolchain/riscv-opcodes/opcodes-xpulpminmax_CUSTOM,sw/toolchain/riscv-opcodes/opcodes-xpulpminmax_CUSTOM:22
custom-2_f2_f7_3,00000110000000000010?????1011011,P_ADDN,00???????????????010?????1011011,0x0600205b,generator,sw/toolchain/riscv-opcodes/opcodes-xpulpminmax_CUSTOM,sw/toolchain/riscv-opcodes/opcodes-xpulpminmax_CUSTOM:22
custom-2_f2_f7_4,00001000000000000010?????1011011,P_ADDN,00???????????????010?????1011011,0x0800205b,generator,sw/toolchain/riscv-opcodes/opcodes-xpulpminmax_CUSTOM,sw/toolchain/riscv-opcodes/opcodes-xpulpminmax_CUSTOM:22
custom-2_f2_f7_5,00001010000000000010?????1011011,INMSUB,?????01??????????010?????1011011,0x0a00205b,generator,sw/toolchain/riscv-opcodes/opcodes-ipu_CUSTOM,sw/toolchain/riscv-opcodes/opcodes-ipu_CUSTOM:43
custom-2_f2_f7_5,00001010000000000010?????1011011,ICLMULR,0000101??????????010?????1011011,0x0a00205b,generator,sw/toolchain/riscv-opcodes/opcodes-ipu_CUSTOM,sw/toolchain/riscv-opcodes/opcodes-ipu_CUSTOM:96
custom-2_f2_f7_5,00001010000000000010?????1011011,P_ADDN,00???????????????010?????1011011,0x0a00205b,generator,sw/toolchain/riscv-opcodes/opcodes-xpulpminmax_CUSTOM,sw/toolchain/riscv-opcodes/opcodes-xpulpminmax_CUSTOM:22
custom-2_f2_f7_6,00001100000000000010?????1011011,P_ADDN,00???????????????010?????1011011,0x0c00205b,generator,sw/toolchain/riscv-opcodes/opcodes-xpulpminmax_CUSTOM,sw/toolchain/riscv-opcodes/opcodes-xpulpminmax_CUSTOM:22
custom-2_f2_f7_7,00001110000000000010?????1011011,P_ADDN,00???????????????010?????1011011,0x0e00205b,generator,sw/toolchain/riscv-opcodes/opcodes-xpulpminmax_CUSTOM,sw/toolchain/riscv-opcodes/opcodes-xpulpminmax_CUSTOM:22
custom-2_f2_f7_8,00010000000000000010?????1011011,P_ADDN,00???????????????010?????1011011,0x1000205b,generator,sw/toolchain/riscv-opcodes/opcodes-xpulpminmax_CUSTOM,sw/toolchain/riscv-opcodes/opcodes-xpulpminmax_CUSTOM:22
custom-2_f2_f7_9,00010010000000000010?????1011011,INMSUB,?????01??????????010?????1011011,0x1200205b,generator,sw/toolchain/riscv-opcodes/opcodes-ipu_CUSTOM,sw/toolchain/riscv-opcodes/opcodes-ipu_CUSTOM:43
custom-2_f2_f7_9,00010010000000000010?????1011011,P_ADDN,00???????????????010?????1011011,0x1200205b,generator,sw/toolchain/riscv-opcodes/opcodes-xpulpminmax_CUSTOM,sw/toolchain/riscv-opcodes/opcodes-xpulpminmax_CUSTOM:22
custom-2_f2_f7_10,00010100000000000010?????1011011,P_ADDN,00???????????????010?????1011011,0x1400205b,generator,sw/toolchain/riscv-opcodes/opcodes-xpulpminmax_CUSTOM,sw/toolchain/riscv-opcodes/opcodes-xpulpminmax_CUSTOM:22
custom-2_f2_f7_11,00010110000000000010?????1011011,P_ADDN,00???????????????010?????1011011,0x1600205b,generator,sw/toolchain/riscv-opcodes/opcodes-xpulpminmax_CUSTOM,sw/toolchain/riscv-opcodes/opcodes-xpulpminmax_CUSTOM:22
custom-2_f2_f7_12,00011000000000000010?????1011011,P_ADDN,00???????????????010?????1011011,0x1800205b,generator,sw/toolchain/riscv-opcodes/opcodes-xpulpminmax_CUSTOM,sw/toolchain/riscv-opcodes/opcodes-xpulpminmax_CUSTOM:22
custom-2_f2_f7_13,00011010000000000010?????1011011,INMSUB,?????01??????????010?????1011011,0x1a00205b,generator,sw/toolchain/riscv-opcodes/opcodes-ipu_CUSTOM,sw/toolchain/riscv-opcodes/opcodes-ipu_CUSTOM:43
custom-2_f2_f7_13,00011010000000000010?????1011011,P_ADDN,00???????????????010?????1011011,0x1a00205b,generator,sw/toolchain/riscv-opcodes/opcodes-xpulpminmax_CUSTOM,sw/toolchain/riscv-opcodes/opcodes-xpulpminmax_CUSTOM:22
custom-2_f2_f7_14,00011100000000000010?????1011011,P_ADDN,00???????????????010?????1011011,0x1c00205b,generator,sw/toolchain/riscv-opcodes/opcodes-xpulpminmax_CUSTOM,sw/toolchain/riscv-opcodes/opcodes-xpulpminmax_CUSTOM:22
custom-2_f2_f7_15,00011110000000000010?????1011011,P_ADDN,00???????????????010?????1011011,0x1e00205b,generator,sw/toolchain/riscv-opcodes/opcodes-xpulpminmax_CUSTOM,sw/toolchain/riscv-opcodes/opcodes-xpulpminmax_CUSTOM:22
custom-2_f2_f7_16,00100000000000000010?????1011011,ISH1ADD,0010000??????????010?????1011011,0x2000205b,generator,sw/toolchain/riscv-opcodes/opcodes-ipu_CUSTOM,sw/toolchain/riscv-opcodes/opcodes-ipu_CUSTOM:91
custom-2_f2_f7_16,00100000000000000010?????1011011,P_ADDN,00???????????????010?????1011011,0x2000205b,generator,sw/toolchain/riscv-opcodes/opcodes-xpulpminmax_CUSTOM,sw/toolchain/riscv-opcodes/opcodes-xpulpminmax_CUSTOM:22
custom-2_f2_f7_17,00100010000000000010?????1011011,INMSUB,?????01??????????010?????1011011,0x2200205b,generator,sw/toolchain/riscv-opcodes/opcodes-ipu_CUSTOM,sw/toolchain/riscv-opcodes/opcodes-ipu_CUSTOM:43
custom-2_f2_f7_17,00100010000000000010?????1011011,P_ADDN,00???????????????010?????1011011,0x2200205b,generator,sw/toolchain/riscv-opcodes/opcodes-xpulpminmax_CUSTOM,sw/toolchain/riscv-opcodes/opcodes-xpulpminmax_CUSTOM:22
custom-2_f2_f7_18,00100100000000000010?????1011011,P_ADDN,00???????????????010?????1011011,0x2400205b,generator,sw/toolchain/riscv-opcodes/opcodes-xpulpminmax_CUSTOM,sw/toolchain/riscv-opcodes/opcodes-xpulpminmax_CUSTOM:22
custom-2_f2_f7_19,00100110000000000010?????1011011,P_ADDN,00???????????????010?????1011011,0x2600205b,generator,sw/toolchain/riscv-opcodes/opcodes-xpulpminmax_CUSTOM,sw/toolchain/riscv-opcodes/opcodes-xpulpminmax_CUSTOM:22
custom-2_f2_f7_20,00101000000000000010?????1011011,P_ADDN,00???????????????010?????1011011,0x2800205b,generator,sw/toolchain/riscv-opcodes/opcodes-xpulpminmax_CUSTOM,sw/toolchain/riscv-opcodes/opcodes-xpulpminmax_CUSTOM:22
custom-2_f2_f7_21,00101010000000000010?????1011011,INMSUB,?????01??????????010?????1011011,0x2a00205b,generator,sw/toolchain/riscv-opcodes/opcodes-ipu_CUSTOM,sw/toolchain/riscv-opcodes/opcodes-ipu_CUSTOM:43
custom-2_f2_f7_21,00101010000000000010?????1011011,P_ADDN,00???????????????010?????1011011,0x2a00205b,generator,sw/toolchain/riscv-opcodes/opcodes-xpulpminmax_CUSTOM,sw/toolchain/riscv-opcodes/opcodes-xpulpminmax_CUSTOM:22
custom-2_f2_f7_22,00101100000000000010?????1011011,P_ADDN,00???????????????010?????1011011,0x2c00205b,generator,sw/toolchain/riscv-opcodes/opcodes-xpulpminmax_CUSTOM,sw/toolchain/riscv-opcodes/opcodes-xpulpminmax_CUSTOM:22
custom-2_f2_f7_23,00101110000000000010?????1011011,P_ADDN,00???????????????010?????1011011,0x2e00205b,generator,sw/toolchain/riscv-opcodes/opcodes-xpulpminmax_CUSTOM,sw/toolchain/riscv-opcodes/opcodes-xpulpminmax_CUSTOM:22
custom-2_f2_f7_24,00110000000000000010?????1011011,P_ADDN,00???????????????010?????1011011,0x3000205b,generator,sw/toolchain/riscv-opcodes/opcodes-xpulpminmax_CUSTOM,sw/toolchain/riscv-opcodes/opcodes-xpulpminmax_CUSTOM:22
custom-2_f2_f7_25,00110010000000000010?????1011011,INMSUB,?????01??????????010?????1011011,0x3200205b,generator,sw/toolchain/riscv-opcodes/opcodes-ipu_CUSTOM,sw/toolchain/riscv-opcodes/opcodes-ipu_CUSTOM:43
custom-2_f2_f7_25,00110010000000000010?????1011011,P_ADDN,00???????????????010?????1011011,0x3200205b,generator,sw/toolchain/riscv-opcodes/opcodes-xpulpminmax_CUSTOM,sw/toolchain/riscv-opcodes/opcodes-xpulpminmax_CUSTOM:22
custom-2_f2_f7_26,00110100000000000010?????1011011,P_ADDN,00???????????????010?????1011011,0x3400205b,generator,sw/toolchain/riscv-opcodes/opcodes-xpulpminmax_CUSTOM,sw/toolchain/riscv-opcodes/opcodes-xpulpminmax_CUSTOM:22
custom-2_f2_f7_27,00110110000000000010?????1011011,P_ADDN,00???????????????010?????1011011,0x3600205b,generator,sw/toolchain/riscv-opcodes/opcodes-xpulpminmax_CUSTOM,sw/toolchain/riscv-opcodes/opcodes-xpulpminmax_CUSTOM:22
custom-2_f2_f7_28,00111000000000000010?????1011011,P_ADDN,00???????????????010?????1011011,0x3800205b,generator,sw/toolchain/riscv-opcodes/opcodes-xpulpminmax_CUSTOM,sw/toolchain/riscv-opcodes/opcodes-xpulpminmax_CUSTOM:22
custom-2_f2_f7_29,00111010000000000010?????1011011,INMSUB,?????01??????????010?????1011011,0x3a00205b,generator,sw/toolchain/riscv-opcodes/opcodes-ipu_CUSTOM,sw/toolchain/riscv-opcodes/opcodes-ipu_CUSTOM:43
custom-2_f2_f7_29,00111010000000000010?????1011011,P_ADDN,00???????????????010?????1011011,0x3a00205b,generator,sw/toolchain/riscv-opcodes/opcodes-xpulpminmax_CUSTOM,sw/toolchain/riscv-opcodes/opcodes-xpulpminmax_CUSTOM:22
custom-2_f2_f7_30,00111100000000000010?????1011011,P_ADDN,00???????????????010?????1011011,0x3c00205b,generator,sw/toolchain/riscv-opcodes/opcodes-xpulpminmax_CUSTOM,sw/toolchain/riscv-opcodes/opcodes-xpulpminmax_CUSTOM:22
custom-2_f2_f7_31,00111110000000000010?????1011011,P_ADDN,00???????????????010?????1011011,0x3e00205b,generator,sw/toolchain/riscv-opcodes/opcodes-xpulpminmax_CUSTOM,sw/toolchain/riscv-opcodes/opcodes-xpulpminmax_CUSTOM:22
custom-2_f2_f7_33,01000010000000000010?????1011011,INMSUB,?????01??????????010?????1011011,0x4200205b,generator,sw/toolchain/riscv-opcodes/opcodes-ipu_CUSTOM,sw/toolchain/riscv-opcodes/opcodes-ipu_CUSTOM:43
custom-2_f2_f7_37,01001010000000000010?????1011011,INMSUB,?????01??????????010?????1011011,0x4a00205b,generator,sw/toolchain/riscv-opcodes/opcodes-ipu_CUSTOM,sw/toolchain/riscv-opcodes/opcodes-ipu_CUSTOM:43
custom-2_f2_f7_41,01010010000000000010?????1011011,INMSUB,?????01??????????010?????1011011,0x5200205b,generator,sw/toolchain/riscv-opcodes/opcodes-ipu_CUSTOM,sw/toolchain/riscv-opcodes/opcodes-ipu_CUSTOM:43
custom-2_f2_f7_45,01011010000000000010?????1011011,INMSUB,?????01??????????010?????1011011,0x5a00205b,generator,sw/toolchain/riscv-opcodes/opcodes-ipu_CUSTOM,sw/toolchain/riscv-opcodes/opcodes-ipu_CUSTOM:43
custom-2_f2_f7_48,01100000000000000010?????1011011,ICLZ,011000000000?????010?????1011011,0x6000205b,generator,sw/toolchain/riscv-opcodes/opcodes-ipu_CUSTOM,sw/toolchain/riscv-opcodes/opcodes-ipu_CUSTOM:78
custom-2_f2_f7_49,01100010000000000010?????1011011,INMSUB,?????01??????????010?????1011011,0x6200205b,generator,sw/toolchain/riscv-opcodes/opcodes-ipu_CUSTOM,sw/toolchain/riscv-opcodes/opcodes-ipu_CUSTOM:43
custom-2_f2_f7_53,01101010000000000010?????1011011,INMSUB,?????01??????????010?????1011011,0x6a00205b,generator,sw/toolchain/riscv-opcodes/opcodes-ipu_CUSTOM,sw/toolchain/riscv-opcodes/opcodes-ipu_CUSTOM:43
custom-2_f2_f7_57,01110010000000000010?????1011011,INMSUB,?????01??????????010?????1011011,0x7200205b,generator,sw/toolchain/riscv-opcodes/opcodes-ipu_CUSTOM,sw/toolchain/riscv-opcodes/opcodes-ipu_CUSTOM:43
custom-2_f2_f7_61,01111010000000000010?????1011011,INMSUB,?????01??????????010?????1011011,0x7a00205b,generator,sw/toolchain/riscv-opcodes/opcodes-ipu_CUSTOM,sw/toolchain/riscv-opcodes/opcodes-ipu_CUSTOM:43
custom-2_f2_f7_64,10000000000000000010?????1011011,P_ADDUN,10???????????????010?????1011011,0x8000205b,generator,sw/toolchain/riscv-opcodes/opcodes-xpulpminmax_CUSTOM,sw/toolchain/riscv-opcodes/opcodes-xpulpminmax_CUSTOM:23
custom-2_f2_f7_65,10000010000000000010?????1011011,INMSUB,?????01??????????010?????1011011,0x8200205b,generator,sw/toolchain/riscv-opcodes/opcodes-ipu_CUSTOM,sw/toolchain/riscv-opcodes/opcodes-ipu_CUSTOM:43
custom-2_f2_f7_65,10000010000000000010?????1011011,P_ADDUN,10???????????????010?????1011011,0x8200205b,generator,sw/toolchain/riscv-opcodes/opcodes-xpulpminmax_CUSTOM,sw/toolchain/riscv-opcodes/opcodes-xpulpminmax_CUSTOM:23
custom-2_f2_f7_66,10000100000000000010?????1011011,P_ADDUN,10???????????????010?????1011011,0x8400205b,generator,sw/toolchain/riscv-opcodes/opcodes-xpulpminmax_CUSTOM,sw/toolchain/riscv-opcodes/opcodes-xpulpminmax_CUSTOM:23
custom-2_f2_f7_67,10000110000000000010?????1011011,P_ADDUN,10???????????????010?????1011011,0x8600205b,generator,sw/toolchain/riscv-opcodes/opcodes-xpulpminmax_CUSTOM,sw/toolchain/riscv-opcodes/opcodes-xpulpminmax_CUSTOM:23
custom-2_f2_f7_68,10001000000000000010?????1011011,P_ADDUN,10???????????????010?????1011011,0x8800205b,generator,sw/toolchain/riscv-opcodes/opcodes-xpulpminmax_CUSTOM,sw/toolchain/riscv-opcodes/opcodes-xpulpminmax_CUSTOM:23
custom-2_f2_f7_69,10001010000000000010?????1011011,INMSUB,?????01??????????010?????1011011,0x8a00205b,generator,sw/toolchain/riscv-opcodes/opcodes-ipu_CUSTOM,sw/toolchain/riscv-opcodes/opcodes-ipu_CUSTOM:43
custom-2_f2_f7_69,10001010000000000010?????1011011,P_ADDUN,10???????????????010?????1011011,0x8a00205b,generator,sw/toolchain/riscv-opcodes/opcodes-xpulpminmax_CUSTOM,sw/toolchain/riscv-opcodes/opcodes-xpulpminmax_CUSTOM:23
custom-2_f2_f7_70,10001100000000000010?????1011011,P_ADDUN,10???????????????010?????1011011,0x8c00205b,generator,sw/toolchain/riscv-opcodes/opcodes-xpulpminmax_CUSTOM,sw/toolchain/riscv-opcodes/opcodes-xpulpminmax_CUSTOM:23
custom-2_f2_f7_71,10001110000000000010?????1011011,P_ADDUN,10???????????????010?????1011011,0x8e00205b,generator,sw/toolchain/riscv-opcodes/opcodes-xpulpminmax_CUSTOM,sw/toolchain/riscv-opcodes/opcodes-xpulpminmax_CUSTOM:23
custom-2_f2_f7_72,10010000000000000010?????1011011,P_ADDUN,10???????????????010?????1011011,0x9000205b,generator,sw/toolchain/riscv-opcodes/opcodes-xpulpminmax_CUSTOM,sw/toolchain/riscv-opcodes/opcodes-xpulpminmax_CUSTOM:23
custom-2_f2_f7_73,10010010000000000010?????1011011,INMSUB,?????01??????????010?????1011011,0x9200205b,generator,sw/toolchain/riscv-opcodes/opcodes-ipu_CUSTOM,sw/toolchain/riscv-opcodes/opcodes-ipu_CUSTOM:43
custom-2_f2_f7_73,10010010000000000010?????1011011,P_ADDUN,10???????????????010?????1011011,0x9200205b,generator,sw/toolchain/riscv-opcodes/opcodes-xpulpminmax_CUSTOM,sw/toolchain/riscv-opcodes/opcodes-xpulpminmax_CUSTOM:23
custom-2_f2_f7_74,10010100000000000010?????1011011,P_ADDUN,10???????????????010?????1011011,0x9400205b,generator,sw/toolchain/riscv-opcodes/opcodes-xpulpminmax_CUSTOM,sw/toolchain/riscv-opcodes/opcodes-xpulpminmax_CUSTOM:23
custom-2_f2_f7_75,10010110000000000010?????1011011,P_ADDUN,10???????????????010?????1011011,0x9600205b,generator,sw/toolchain/riscv-opcodes/opcodes-xpulpminmax_CUSTOM,sw/toolchain/riscv-opcodes/opcodes-xpulpminmax_CUSTOM:23
custom-2_f2_f7_76,10011000000000000010?????1011011,P_ADDUN,10???????????????010?????1011011,0x9800205b,generator,sw/toolchain/riscv-opcodes/opcodes-xpulpminmax_CUSTOM,sw/toolchain/riscv-opcodes/opcodes-xpulpminmax_CUSTOM:23
custom-2_f2_f7_77,10011010000000000010?????1011011,INMSUB,?????01??????????010?????1011011,0x9a00205b,generator,sw/toolchain/riscv-opcodes/opcodes-ipu_CUSTOM,sw/toolchain/riscv-opcodes/opcodes-ipu_CUSTOM:43
custom-2_f2_f7_77,10011010000000000010?????1011011,P_ADDUN,10???????????????010?????1011011,0x9a00205b,generator,sw/toolchain/riscv-opcodes/opcodes-xpulpminmax_CUSTOM,sw/toolchain/riscv-opcodes/opcodes-xpulpminmax_CUSTOM:23
custom-2_f2_f7_78,10011100000000000010?????1011011,P_ADDUN,10???????????????010?????1011011,0x9c00205b,generator,sw/toolchain/riscv-opcodes/opcodes-xpulpminmax_CUSTOM,sw/toolchain/riscv-opcodes/opcodes-xpulpminmax_CUSTOM:23
custom-2_f2_f7_79,10011110000000000010?????1011011,P_ADDUN,10???????????????010?????1011011,0x9e00205b,generator,sw/toolchain/riscv-opcodes/opcodes-xpulpminmax_CUSTOM,sw/toolchain/riscv-opcodes/opcodes-xpulpminmax_CUSTOM:23
custom-2_f2_f7_80,10100000000000000010?????1011011,P_ADDUN,10???????????????010?????1011011,0xa000205b,generator,sw/toolchain/riscv-opcodes/opcodes-xpulpminmax_CUSTOM,sw/toolchain/riscv-opcodes/opcodes-xpulpminmax_CUSTOM:23
custom-2_f2_f7_81,10100010000000000010?????1011011,INMSUB,?????01??????????010?????1011011,0xa200205b,generator,sw/toolchain/riscv-opcodes/opcodes-ipu_CUSTOM,sw/toolchain/riscv-opcodes/opcodes-ipu_CUSTOM:43
custom-2_f2_f7_81,10100010000000000010?????1011011,P_ADDUN,10???????????????010?????1011011,0xa200205b,generator,sw/toolchain/riscv-opcodes/opcodes-xpulpminmax_CUSTOM,sw/toolchain/riscv-opcodes/opcodes-xpulpminmax_CUSTOM:23
custom-2_f2_f7_82,10100100000000000010?????1011011,P_ADDUN,10???????????????010?????1011011,0xa400205b,generator,sw/toolchain/riscv-opcodes/opcodes-xpulpminmax_CUSTOM,sw/toolchain/riscv-opcodes/opcodes-xpulpminmax_CUSTOM:23
custom-2_f2_f7_83,10100110000000000010?????1011011,P_ADDUN,10???????????????010?????1011011,0xa600205b,generator,sw/toolchain/riscv-opcodes/opcodes-xpulpminmax_CUSTOM,sw/toolchain/riscv-opcodes/opcodes-xpulpminmax_CUSTOM:23
custom-2_f2_f7_84,10101000000000000010?????1011011,P_ADDUN,10???????????????010?????1011011,0xa800205b,generator,sw/toolchain/riscv-opcodes/opcodes-xpulpminmax_CUSTOM,sw/toolchain/riscv-opcodes/opcodes-xpulpminmax_CUSTOM:23
custom-2_f2_f7_85,10101010000000000010?????1011011,INMSUB,?????01??????????010?????1011011,0xaa00205b,generator,sw/toolchain/riscv-opcodes/opcodes-ipu_CUSTOM,sw/toolchain/riscv-opcodes/opcodes-ipu_CUSTOM:43
custom-2_f2_f7_85,10101010000000000010?????1011011,P_ADDUN,10???????????????010?????1011011,0xaa00205b,generator,sw/toolchain/riscv-opcodes/opcodes-xpulpminmax_CUSTOM,sw/toolchain/riscv-opcodes/opcodes-xpulpminmax_CUSTOM:23
custom-2_f2_f7_86,10101100000000000010?????1011011,P_ADDUN,10???????????????010?????1011011,0xac00205b,generator,sw/toolchain/riscv-opcodes/opcodes-xpulpminmax_CUSTOM,sw/toolchain/riscv-opcodes/opcodes-xpulpminmax_CUSTOM:23
custom-2_f2_f7_87,10101110000000000010?????1011011,P_ADDUN,10???????????????010?????1011011,0xae00205b,generator,sw/toolchain/riscv-opcodes/opcodes-xpulpminmax_CUSTOM,sw/toolchain/riscv-opcodes/opcodes-xpulpminmax_CUSTOM:23
custom-2_f2_f7_88,10110000000000000010?????1011011,P_ADDUN,10???????????????010?????1011011,0xb000205b,generator,sw/toolchain/riscv-opcodes/opcodes-xpulpminmax_CUSTOM,sw/toolchain/riscv-opcodes/opcodes-xpulpminmax_CUSTOM:23
custom-2_f2_f7_89,10110010000000000010?????1011011,INMSUB,?????01??????????010?????1011011,0xb200205b,generator,sw/toolchain/riscv-opcodes/opcodes-ipu_CUSTOM,sw/toolchain/riscv-opcodes/opcodes-ipu_CUSTOM:43
custom-2_f2_f7_89,10110010000000000010?????1011011,P_ADDUN,10???????????????010?????1011011,0xb200205b,generator,sw/toolchain/riscv-opcodes/opcodes-xpulpminmax_CUSTOM,sw/toolchain/riscv-opcodes/opcodes-xpulpminmax_CUSTOM:23
custom-2_f2_f7_90,10110100000000000010?????1011011,P_ADDUN,10???????????????010?????1011011,0xb400205b,generator,sw/toolchain/riscv-opcodes/opcodes-xpulpminmax_CUSTOM,sw/toolchain/riscv-opcodes/opcodes-xpulpminmax_CUSTOM:23
custom-2_f2_f7_91,10110110000000000010?????1011011,P_ADDUN,10???????????????010?????1011011,0xb600205b,generator,sw/toolchain/riscv-opcodes/opcodes-xpulpminmax_CUSTOM,sw/toolchain/riscv-opcodes/opcodes-xpulpminmax_CUSTOM:23
custom-2_f2_f7_92,10111000000000000010?????1011011,P_ADDUN,10???????????????010?????1011011,0xb800205b,generator,sw/toolchain/riscv-opcodes/opcodes-xpulpminmax_CUSTOM,sw/toolchain/riscv-opcodes/opcodes-xpulpminmax_CUSTOM:23
custom-2_f2_f7_93,10111010000000000010?????1011011,INMSUB,?????01??????????010?????1011011,0xba00205b,generator,sw/toolchain/riscv-opcodes/opcodes-ipu_CUSTOM,sw/toolchain/riscv-opcodes/opcodes-ipu_CUSTOM:43
custom-2_f2_f7_93,10111010000000000010?????1011011,P_ADDUN,10???????????????010?????1011011,0xba00205b,generator,sw/toolchain/riscv-opcodes/opcodes-xpulpminmax_CUSTOM,sw/toolchain/riscv-opcodes/opcodes-xpulpminmax_CUSTOM:23
custom-2_f2_f7_94,10111100000000000010?????1011011,P_ADDUN,10???????????????010?????1011011,0xbc00205b,generator,sw/toolchain/riscv-opcodes/opcodes-xpulpminmax_CUSTOM,sw/toolchain/riscv-opcodes/opcodes-xpulpminmax_CUSTOM:23
custom-2_f2_f7_95,10111110000000000010?????1011011,P_ADDUN,10???????????????010?????1011011,0xbe00205b,generator,sw/toolchain/riscv-opcodes/opcodes-xpulpminmax_CUSTOM,sw/toolchain/riscv-opcodes/opcodes-xpulpminmax_CUSTOM:23
custom-2_f2_f7_97,11000010000000000010?????1011011,INMSUB,?????01??????????010?????1011011,0xc200205b,generator,sw/toolchain/riscv-opcodes/opcodes-ipu_CUSTOM,sw/toolchain/riscv-opcodes/opcodes-ipu_CUSTOM:43
custom-2_f2_f7_101,11001010000000000010?????1011011,INMSUB,?????01??????????010?????1011011,0xca00205b,generator,sw/toolchain/riscv-opcodes/opcodes-ipu_CUSTOM,sw/toolchain/riscv-opcodes/opcodes-ipu_CUSTOM:43
custom-2_f2_f7_105,11010010000000000010?????1011011,INMSUB,?????01??????????010?????1011011,0xd200205b,generator,sw/toolchain/riscv-opcodes/opcodes-ipu_CUSTOM,sw/toolchain/riscv-opcodes/opcodes-ipu_CUSTOM:43
custom-2_f2_f7_109,11011010000000000010?????1011011,INMSUB,?????01??????????010?????1011011,0xda00205b,generator,sw/toolchain/riscv-opcodes/opcodes-ipu_CUSTOM,sw/toolchain/riscv-opcodes/opcodes-ipu_CUSTOM:43
custom-2_f2_f7_113,11100010000000000010?????1011011,INMSUB,?????01??????????010?????1011011,0xe200205b,generator,sw/toolchain/riscv-opcodes/opcodes-ipu_CUSTOM,sw/toolchain/riscv-opcodes/opcodes-ipu_CUSTOM:43
custom-2_f2_f7_117,11101010000000000010?????1011011,INMSUB,?????01??????????010?????1011011,0xea00205b,generator,sw/toolchain/riscv-opcodes/opcodes-ipu_CUSTOM,sw/toolchain/riscv-opcodes/opcodes-ipu_CUSTOM:43
custom-2_f2_f7_121,11110010000000000010?????1011011,INMSUB,?????01??????????010?????1011011,0xf200205b,generator,sw/toolchain/riscv-opcodes/opcodes-ipu_CUSTOM,sw/toolchain/riscv-opcodes/opcodes-ipu_CUSTOM:43
custom-2_f2_f7_125,11111010000000000010?????1011011,INMSUB,?????01??????????010?????1011011,0xfa00205b,generator,sw/toolchain/riscv-opcodes/opcodes-ipu_CUSTOM,sw/toolchain/riscv-opcodes/opcodes-ipu_CUSTOM:43
custom-2_f3_f7_0,00000000000000000011?????1011011,ISLTU,0000000??????????011?????1011011,0x0000305b,generator,sw/toolchain/riscv-opcodes/opcodes-ipu_CUSTOM,sw/toolchain/riscv-opcodes/opcodes-ipu_CUSTOM:34
custom-2_f3_f7_1,00000010000000000011?????1011011,INMADD,?????01??????????011?????1011011,0x0200305b,generator,sw/toolchain/riscv-opcodes/opcodes-ipu_CUSTOM,sw/toolchain/riscv-opcodes/opcodes-ipu_CUSTOM:44
custom-2_f3_f7_2,00000100000000000011?????1011011,IMULHU,0000010??????????011?????1011011,0x0400305b,generator,sw/toolchain/riscv-opcodes/opcodes-ipu_CUSTOM,sw/toolchain/riscv-opcodes/opcodes-ipu_CUSTOM:49
custom-2_f3_f7_5,00001010000000000011?????1011011,INMADD,?????01??????????011?????1011011,0x0a00305b,generator,sw/toolchain/riscv-opcodes/opcodes-ipu_CUSTOM,sw/toolchain/riscv-opcodes/opcodes-ipu_CUSTOM:44
custom-2_f3_f7_5,00001010000000000011?????1011011,ICLMULH,0000101??????????011?????1011011,0x0a00305b,generator,sw/toolchain/riscv-opcodes/opcodes-ipu_CUSTOM,sw/toolchain/riscv-opcodes/opcodes-ipu_CUSTOM:97
custom-2_f3_f7_9,00010010000000000011?????1011011,INMADD,?????01??????????011?????1011011,0x1200305b,generator,sw/toolchain/riscv-opcodes/opcodes-ipu_CUSTOM,sw/toolchain/riscv-opcodes/opcodes-ipu_CUSTOM:44
custom-2_f3_f7_13,00011010000000000011?????1011011,INMADD,?????01??????????011?????1011011,0x1a00305b,generator,sw/toolchain/riscv-opcodes/opcodes-ipu_CUSTOM,sw/toolchain/riscv-opcodes/opcodes-ipu_CUSTOM:44
custom-2_f3_f7_17,00100010000000000011?????1011011,INMADD,?????01??????????011?????1011011,0x2200305b,generator,sw/toolchain/riscv-opcodes/opcodes-ipu_CUSTOM,sw/toolchain/riscv-opcodes/opcodes-ipu_CUSTOM:44
custom-2_f3_f7_21,00101010000000000011?????1011011,INMADD,?????01??????????011?????1011011,0x2a00305b,generator,sw/toolchain/riscv-opcodes/opcodes-ipu_CUSTOM,sw/toolchain/riscv-opcodes/opcodes-ipu_CUSTOM:44
custom-2_f3_f7_25,00110010000000000011?????1011011,INMADD,?????01??????????011?????1011011,0x3200305b,generator,sw/toolchain/riscv-opcodes/opcodes-ipu_CUSTOM,sw/toolchain/riscv-opcodes/opcodes-ipu_CUSTOM:44
custom-2_f3_f7_29,00111010000000000011?????1011011,INMADD,?????01??????????011?????1011011,0x3a00305b,generator,sw/toolchain/riscv-opcodes/opcodes-ipu_CUSTOM,sw/toolchain/riscv-opcodes/opcodes-ipu_CUSTOM:44
custom-2_f3_f7_33,01000010000000000011?????1011011,INMADD,?????01??????????011?????1011011,0x4200305b,generator,sw/toolchain/riscv-opcodes/opcodes-ipu_CUSTOM,sw/toolchain/riscv-opcodes/opcodes-ipu_CUSTOM:44
custom-2_f3_f7_37,01001010000000000011?????1011011,INMADD,?????01??????????011?????1011011,0x4a00305b,generator,sw/toolchain/riscv-opcodes/opcodes-ipu_CUSTOM,sw/toolchain/riscv-opcodes/opcodes-ipu_CUSTOM:44
custom-2_f3_f7_41,01010010000000000011?????1011011,INMADD,?????01??????????011?????1011011,0x5200305b,generator,sw/toolchain/riscv-opcodes/opcodes-ipu_CUSTOM,sw/toolchain/riscv-opcodes/opcodes-ipu_CUSTOM:44
custom-2_f3_f7_45,01011010000000000011?????1011011,INMADD,?????01??????????011?????1011011,0x5a00305b,generator,sw/toolchain/riscv-opcodes/opcodes-ipu_CUSTOM,sw/toolchain/riscv-opcodes/opcodes-ipu_CUSTOM:44
custom-2_f3_f7_49,01100010000000000011?????1011011,INMADD,?????01??????????011?????1011011,0x6200305b,generator,sw/toolchain/riscv-opcodes/opcodes-ipu_CUSTOM,sw/toolchain/riscv-opcodes/opcodes-ipu_CUSTOM:44
custom-2_f3_f7_53,01101010000000000011?????1011011,INMADD,?????01??????????011?????1011011,0x6a00305b,generator,sw/toolchain/riscv-opcodes/opcodes-ipu_CUSTOM,sw/toolchain/riscv-opcodes/opcodes-ipu_CUSTOM:44
custom-2_f3_f7_57,01110010000000000011?????1011011,INMADD,?????01??????????011?????1011011,0x7200305b,generator,sw/toolchain/riscv-opcodes/opcodes-ipu_CUSTOM,sw/toolchain/riscv-opcodes/opcodes-ipu_CUSTOM:44
custom-2_f3_f7_61,01111010000000000011?????1011011,INMADD,?????01??????????011?????1011011,0x7a00305b,generator,sw/toolchain/riscv-opcodes/opcodes-ipu_CUSTOM,sw/toolchain/riscv-opcodes/opcodes-ipu_CUSTOM:44
custom-2_f3_f7_65,10000010000000000011?????1011011,INMADD,?????01??????????011?????1011011,0x8200305b,generator,sw/toolchain/riscv-opcodes/opcodes-ipu_CUSTOM,sw/toolchain/riscv-opcodes/opcodes-ipu_CUSTOM:44
custom-2_f3_f7_69,10001010000000000011?????1011011,INMADD,?????01??????????011?????1011011,0x8a00305b,generator,sw/toolchain/riscv-opcodes/opcodes-ipu_CUSTOM,sw/toolchain/riscv-opcodes/opcodes-ipu_CUSTOM:44
custom-2_f3_f7_73,10010010000000000011?????1011011,INMADD,?????01??????????011?????1011011,0x9200305b,generator,sw/toolchain/riscv-opcodes/opcodes-ipu_CUSTOM,sw/toolchain/riscv-opcodes/opcodes-ipu_CUSTOM:44
custom-2_f3_f7_77,10011010000000000011?????1011011,INMADD,?????01??????????011?????1011011,0x9a00305b,generator,sw/toolchain/riscv-opcodes/opcodes-ipu_CUSTOM,sw/toolchain/riscv-opcodes/opcodes-ipu_CUSTOM:44
custom-2_f3_f7_81,10100010000000000011?????1011011,INMADD,?????01??????????011?????1011011,0xa200305b,generator,sw/toolchain/riscv-opcodes/opcodes-ipu_CUSTOM,sw/toolchain/riscv-opcodes/opcodes-ipu_CUSTOM:44
custom-2_f3_f7_85,10101010000000000011?????1011011,INMADD,?????01??????????011?????1011011,0xaa00305b,generator,sw/toolchain/riscv-opcodes/opcodes-ipu_CUSTOM,sw/toolchain/riscv-opcodes/opcodes-ipu_CUSTOM:44
custom-2_f3_f7_89,10110010000000000011?????1011011,INMADD,?????01??????????011?????1011011,0xb200305b,generator,sw/toolchain/riscv-opcodes/opcodes-ipu_CUSTOM,sw/toolchain/riscv-opcodes/opcodes-ipu_CUSTOM:44
custom-2_f3_f7_93,10111010000000000011?????1011011,INMADD,?????01??????????011?????1011011,0xba00305b,generator,sw/toolchain/riscv-opcodes/opcodes-ipu_CUSTOM,sw/toolchain/riscv-opcodes/opcodes-ipu_CUSTOM:44
custom-2_f3_f7_97,11000010000000000011?????1011011,INMADD,?????01??????????011?????1011011,0xc200305b,generator,sw/toolchain/riscv-opcodes/opcodes-ipu_CUSTOM,sw/toolchain/riscv-opcodes/opcodes-ipu_CUSTOM:44
custom-2_f3_f7_101,11001010000000000011?????1011011,INMADD,?????01??????????011?????1011011,0xca00305b,generator,sw/toolchain/riscv-opcodes/opcodes-ipu_CUSTOM,sw/toolchain/riscv-opcodes/opcodes-ipu_CUSTOM:44
custom-2_f3_f7_105,11010010000000000011?????1011011,INMADD,?????01??????????011?????1011011,0xd200305b,generator,sw/toolchain/riscv-opcodes/opcodes-ipu_CUSTOM,sw/toolchain/riscv-opcodes/opcodes-ipu_CUSTOM:44
custom-2_f3_f7_109,11011010000000000011?????1011011,INMADD,?????01??????????011?????1011011,0xda00305b,generator,sw/toolchain/riscv-opcodes/opcodes-ipu_CUSTOM,sw/toolchain/riscv-opcodes/opcodes-ipu_CUSTOM:44
custom-2_f3_f7_113,11100010000000000011?????1011011,INMADD,?????01??????????011?????1011011,0xe200305b,generator,sw/toolchain/riscv-opcodes/opcodes-ipu_CUSTOM,sw/toolchain/riscv-opcodes/opcodes-ipu_CUSTOM:44
custom-2_f3_f7_117,11101010000000000011?????1011011,INMADD,?????01??????????011?????1011011,0xea00305b,generator,sw/toolchain/riscv-opcodes/opcodes-ipu_CUSTOM,sw/toolchain/riscv-opcodes/opcodes-ipu_CUSTOM:44
custom-2_f3_f7_121,11110010000000000011?????1011011,INMADD,?????01??????????011?????1011011,0xf200305b,generator,sw/toolchain/riscv-opcodes/opcodes-ipu_CUSTOM,sw/toolchain/riscv-opcodes/opcodes-ipu_CUSTOM:44
custom-2_f3_f7_125,11111010000000000011?????1011011,INMADD,?????01??????????011?????1011011,0xfa00305b,generator,sw/toolchain/riscv-opcodes/opcodes-ipu_CUSTOM,sw/toolchain/riscv-opcodes/opcodes-ipu_CUSTOM:44
custom-2_f4_f7_0,00000000000000000100?????1011011,IXOR,0000000??????????100?????1011011,0x0000405b,generator,sw/toolchain/riscv-opcodes/opcodes-ipu_CUSTOM,sw/toolchain/riscv-opcodes/opcodes-ipu_CUSTOM:35
custom-2_f4_f7_4,00001000000000000100?????1011011,IPACK,0000100??????????100?????1011011,0x0800405b,generator,sw/toolchain/riscv-opcodes/opcodes-ipu_CUSTOM,sw/toolchain/riscv-opcodes/opcodes-ipu_CUSTOM:107
custom-2_f4_f7_5,00001010000000000100?????1011011,IMIN,0000101??????????100?????1011011,0x0a00405b,generator,sw/toolchain/riscv-opcodes/opcodes-ipu_CUSTOM,sw/toolchain/riscv-opcodes/opcodes-ipu_CUSTOM:98
custom-2_f4_f7_16,00100000000000000100?????1011011,ISH2ADD,0010000??????????100?????1011011,0x2000405b,generator,sw/toolchain/riscv-opcodes/opcodes-ipu_CUSTOM,sw/toolchain/riscv-opcodes/opcodes-ipu_CUSTOM:92
custom-2_f4_f7_32,01000000000000000100?????1011011,IXNOR,0100000??????????100?????1011011,0x4000405b,generator,sw/toolchain/riscv-opcodes/opcodes-ipu_CUSTOM,sw/toolchain/riscv-opcodes/opcodes-ipu_CUSTOM:53
custom-2_f4_f7_36,01001000000000000100?????1011011,IPACKU,0100100??????????100?????1011011,0x4800405b,generator,sw/toolchain/riscv-opcodes/opcodes-ipu_CUSTOM,sw/toolchain/riscv-opcodes/opcodes-ipu_CUSTOM:108
custom-2_f5_f7_0,00000000000000000101?????1011011,ISRL,0000000??????????101?????1011011,0x0000505b,generator,sw/toolchain/riscv-opcodes/opcodes-ipu_CUSTOM,sw/toolchain/riscv-opcodes/opcodes-ipu_CUSTOM:36
custom-2_f5_f7_4,00001000000000000101?????1011011,IUNSHFL,0000100??????????101?????1011011,0x0800505b,generator,sw/toolchain/riscv-opcodes/opcodes-ipu_CUSTOM,sw/toolchain/riscv-opcodes/opcodes-ipu_CUSTOM:104
custom-2_f5_f7_5,00001010000000000101?????1011011,IMAX,0000101??????????101?????1011011,0x0a00505b,generator,sw/toolchain/riscv-opcodes/opcodes-ipu_CUSTOM,sw/toolchain/riscv-opcodes/opcodes-ipu_CUSTOM:99
custom-2_f5_f7_16,00100000000000000101?????1011011,ISRO,0010000??????????101?????1011011,0x2000505b,generator,sw/toolchain/riscv-opcodes/opcodes-ipu_CUSTOM,sw/toolchain/riscv-opcodes/opcodes-ipu_CUSTOM:56
custom-2_f5_f7_20,00101000000000000101?????1011011,IGORC,0010100??????????101?????1011011,0x2800505b,generator,sw/toolchain/riscv-opcodes/opcodes-ipu_CUSTOM,sw/toolchain/riscv-opcodes/opcodes-ipu_CUSTOM:64
custom-2_f5_f7_32,01000000000000000101?????1011011,ISRA,0100000??????????101?????1011011,0x4000505b,generator,sw/toolchain/riscv-opcodes/opcodes-ipu_CUSTOM,sw/toolchain/riscv-opcodes/opcodes-ipu_CUSTOM:37
custom-2_f5_f7_36,01001000000000000101?????1011011,ISBEXT,0100100??????????101?????1011011,0x4800505b,generator,sw/toolchain/riscv-opcodes/opcodes-ipu_CUSTOM,sw/toolchain/riscv-opcodes/opcodes-ipu_CUSTOM:63
custom-2_f5_f7_48,01100000000000000101?????1011011,IROR,0110000??????????101?????1011011,0x6000505b,generator,sw/toolchain/riscv-opcodes/opcodes-ipu_CUSTOM,sw/toolchain/riscv-opcodes/opcodes-ipu_CUSTOM:58
custom-2_f5_f7_52,01101000000000000101?????1011011,IGREV,0110100??????????101?????1011011,0x6800505b,generator,sw/toolchain/riscv-opcodes/opcodes-ipu_CUSTOM,sw/toolchain/riscv-opcodes/opcodes-ipu_CUSTOM:65
custom-2_f6_f7_0,00000000000000000110?????1011011,IOR,0000000??????????110?????1011011,0x0000605b,generator,sw/toolchain/riscv-opcodes/opcodes-ipu_CUSTOM,sw/toolchain/riscv-opcodes/opcodes-ipu_CUSTOM:38
custom-2_f6_f7_4,00001000000000000110?????1011011,IBEXT,0000100??????????110?????1011011,0x0800605b,generator,sw/toolchain/riscv-opcodes/opcodes-ipu_CUSTOM,sw/toolchain/riscv-opcodes/opcodes-ipu_CUSTOM:105
custom-2_f6_f7_5,00001010000000000110?????1011011,IMINU,0000101??????????110?????1011011,0x0a00605b,generator,sw/toolchain/riscv-opcodes/opcodes-ipu_CUSTOM,sw/toolchain/riscv-opcodes/opcodes-ipu_CUSTOM:100
custom-2_f6_f7_16,00100000000000000110?????1011011,ISH3ADD,0010000??????????110?????1011011,0x2000605b,generator,sw/toolchain/riscv-opcodes/opcodes-ipu_CUSTOM,sw/toolchain/riscv-opcodes/opcodes-ipu_CUSTOM:93
custom-2_f6_f7_32,01000000000000000110?????1011011,IORN,0100000??????????110?????1011011,0x4000605b,generator,sw/toolchain/riscv-opcodes/opcodes-ipu_CUSTOM,sw/toolchain/riscv-opcodes/opcodes-ipu_CUSTOM:52
custom-2_f6_f7_36,01001000000000000110?????1011011,IBDEP,0100100??????????110?????1011011,0x4800605b,generator,sw/toolchain/riscv-opcodes/opcodes-ipu_CUSTOM,sw/toolchain/riscv-opcodes/opcodes-ipu_CUSTOM:106
custom-2_f7_f7_0,00000000000000000111?????1011011,IAND,0000000??????????111?????1011011,0x0000705b,generator,sw/toolchain/riscv-opcodes/opcodes-ipu_CUSTOM,sw/toolchain/riscv-opcodes/opcodes-ipu_CUSTOM:39
custom-2_f7_f7_4,00001000000000000111?????1011011,IPACKH,0000100??????????111?????1011011,0x0800705b,generator,sw/toolchain/riscv-opcodes/opcodes-ipu_CUSTOM,sw/toolchain/riscv-opcodes/opcodes-ipu_CUSTOM:109
custom-2_f7_f7_5,00001010000000000111?????1011011,IMAXU,0000101??????????111?????1011011,0x0a00705b,generator,sw/toolchain/riscv-opcodes/opcodes-ipu_CUSTOM,sw/toolchain/riscv-opcodes/opcodes-ipu_CUSTOM:101
custom-2_f7_f7_32,01000000000000000111?????1011011,IANDN,0100000??????????111?????1011011,0x4000705b,generator,sw/toolchain/riscv-opcodes/opcodes-ipu_CUSTOM,sw/toolchain/riscv-opcodes/opcodes-ipu_CUSTOM:51
custom-2_f7_f7_36,01001000000000000111?????1011011,IBFP,0100100??????????111?????1011011,0x4800705b,generator,sw/toolchain/riscv-opcodes/opcodes-ipu_CUSTOM,sw/toolchain/riscv-opcodes/opcodes-ipu_CUSTOM:110
custom-3_f0_f7_0,00000000000000000000?????1111011,IADDI,?????????????????000?????1111011,0x0000007b,generator,sw/toolchain/riscv-opcodes/opcodes-ipu_CUSTOM,sw/toolchain/riscv-opcodes/opcodes-ipu_CUSTOM:20
custom-3_f0_f7_0,00000000000000000000?????1111011,LP_STARTI,????????????000000000000?1111011,0x0000007b,generator,sw/toolchain/riscv-opcodes/opcodes-xpulphwloop_CUSTOM,sw/toolchain/riscv-opcodes/opcodes-xpulphwloop_CUSTOM:17
custom-3_f0_f7_1,00000010000000000000?????1111011,IADDI,?????????????????000?????1111011,0x0200007b,generator,sw/toolchain/riscv-opcodes/opcodes-ipu_CUSTOM,sw/toolchain/riscv-opcodes/opcodes-ipu_CUSTOM:20
custom-3_f0_f7_1,00000010000000000000?????1111011,LP_STARTI,????????????000000000000?1111011,0x0200007b,generator,sw/toolchain/riscv-opcodes/opcodes-xpulphwloop_CUSTOM,sw/toolchain/riscv-opcodes/opcodes-xpulphwloop_CUSTOM:17
custom-3_f0_f7_2,00000100000000000000?????1111011,IADDI,?????????????????000?????1111011,0x0400007b,generator,sw/toolchain/riscv-opcodes/opcodes-ipu_CUSTOM,sw/toolchain/riscv-opcodes/opcodes-ipu_CUSTOM:20
custom-3_f0_f7_2,00000100000000000000?????1111011,LP_STARTI,????????????000000000000?1111011,0x0400007b,generator,sw/toolchain/riscv-opcodes/opcodes-xpulphwloop_CUSTOM,sw/toolchain/riscv-opcodes/opcodes-xpulphwloop_CUSTOM:17
custom-3_f0_f7_3,00000110000000000000?????1111011,IADDI,?????????????????000?????1111011,0x0600007b,generator,sw/toolchain/riscv-opcodes/opcodes-ipu_CUSTOM,sw/toolchain/riscv-opcodes/opcodes-ipu_CUSTOM:20
custom-3_f0_f7_3,00000110000000000000?????1111011,LP_STARTI,????????????000000000000?1111011,0x0600007b,generator,sw/toolchain/riscv-opcodes/opcodes-xpulphwloop_CUSTOM,sw/toolchain/riscv-opcodes/opcodes-xpulphwloop_CUSTOM:17
custom-3_f0_f7_4,00001000000000000000?????1111011,IADDI,?????????????????000?????1111011,0x0800007b,generator,sw/toolchain/riscv-opcodes/opcodes-ipu_CUSTOM,sw/toolchain/riscv-opcodes/opcodes-ipu_CUSTOM:20
custom-3_f0_f7_4,00001000000000000000?????1111011,LP_STARTI,????????????000000000000?1111011,0x0800007b,generator,sw/toolchain/riscv-opcodes/opcodes-xpulphwloop_CUSTOM,sw/toolchain/riscv-opcodes/opcodes-xpulphwloop_CUSTOM:17
custom-3_f0_f7_5,00001010000000000000?????1111011,IADDI,?????????????????000?????1111011,0x0a00007b,generator,sw/toolchain/riscv-opcodes/opcodes-ipu_CUSTOM,sw/toolchain/riscv-opcodes/opcodes-ipu_CUSTOM:20
custom-3_f0_f7_5,00001010000000000000?????1111011,LP_STARTI,????????????000000000000?1111011,0x0a00007b,generator,sw/toolchain/riscv-opcodes/opcodes-xpulphwloop_CUSTOM,sw/toolchain/riscv-opcodes/opcodes-xpulphwloop_CUSTOM:17
custom-3_f0_f7_6,00001100000000000000?????1111011,IADDI,?????????????????000?????1111011,0x0c00007b,generator,sw/toolchain/riscv-opcodes/opcodes-ipu_CUSTOM,sw/toolchain/riscv-opcodes/opcodes-ipu_CUSTOM:20
custom-3_f0_f7_6,00001100000000000000?????1111011,LP_STARTI,????????????000000000000?1111011,0x0c00007b,generator,sw/toolchain/riscv-opcodes/opcodes-xpulphwloop_CUSTOM,sw/toolchain/riscv-opcodes/opcodes-xpulphwloop_CUSTOM:17
custom-3_f0_f7_7,00001110000000000000?????1111011,IADDI,?????????????????000?????1111011,0x0e00007b,generator,sw/toolchain/riscv-opcodes/opcodes-ipu_CUSTOM,sw/toolchain/riscv-opcodes/opcodes-ipu_CUSTOM:20
custom-3_f0_f7_7,00001110000000000000?????1111011,LP_STARTI,????????????000000000000?1111011,0x0e00007b,generator,sw/toolchain/riscv-opcodes/opcodes-xpulphwloop_CUSTOM,sw/toolchain/riscv-opcodes/opcodes-xpulphwloop_CUSTOM:17
custom-3_f0_f7_8,00010000000000000000?????1111011,IADDI,?????????????????000?????1111011,0x1000007b,generator,sw/toolchain/riscv-opcodes/opcodes-ipu_CUSTOM,sw/toolchain/riscv-opcodes/opcodes-ipu_CUSTOM:20
custom-3_f0_f7_8,00010000000000000000?????1111011,LP_STARTI,????????????000000000000?1111011,0x1000007b,generator,sw/toolchain/riscv-opcodes/opcodes-xpulphwloop_CUSTOM,sw/toolchain/riscv-opcodes/opcodes-xpulphwloop_CUSTOM:17
custom-3_f0_f7_9,00010010000000000000?????1111011,IADDI,?????????????????000?????1111011,0x1200007b,generator,sw/toolchain/riscv-opcodes/opcodes-ipu_CUSTOM,sw/toolchain/riscv-opcodes/opcodes-ipu_CUSTOM:20
custom-3_f0_f7_9,00010010000000000000?????1111011,LP_STARTI,????????????000000000000?1111011,0x1200007b,generator,sw/toolchain/riscv-opcodes/opcodes-xpulphwloop_CUSTOM,sw/toolchain/riscv-opcodes/opcodes-xpulphwloop_CUSTOM:17
custom-3_f0_f7_10,00010100000000000000?????1111011,IADDI,?????????????????000?????1111011,0x1400007b,generator,sw/toolchain/riscv-opcodes/opcodes-ipu_CUSTOM,sw/toolchain/riscv-opcodes/opcodes-ipu_CUSTOM:20
custom-3_f0_f7_10,00010100000000000000?????1111011,LP_STARTI,????????????000000000000?1111011,0x1400007b,generator,sw/toolchain/riscv-opcodes/opcodes-xpulphwloop_CUSTOM,sw/toolchain/riscv-opcodes/opcodes-xpulphwloop_CUSTOM:17
custom-3_f0_f7_11,00010110000000000000?????1111011,IADDI,?????????????????000?????1111011,0x1600007b,generator,sw/toolchain/riscv-opcodes/opcodes-ipu_CUSTOM,sw/toolchain/riscv-opcodes/opcodes-ipu_CUSTOM:20
custom-3_f0_f7_11,00010110000000000000?????1111011,LP_STARTI,????????????000000000000?1111011,0x1600007b,generator,sw/toolchain/riscv-opcodes/opcodes-xpulphwloop_CUSTOM,sw/toolchain/riscv-opcodes/opcodes-xpulphwloop_CUSTOM:17
custom-3_f0_f7_12,00011000000000000000?????1111011,IADDI,?????????????????000?????1111011,0x1800007b,generator,sw/toolchain/riscv-opcodes/opcodes-ipu_CUSTOM,sw/toolchain/riscv-opcodes/opcodes-ipu_CUSTOM:20
custom-3_f0_f7_12,00011000000000000000?????1111011,LP_STARTI,????????????000000000000?1111011,0x1800007b,generator,sw/toolchain/riscv-opcodes/opcodes-xpulphwloop_CUSTOM,sw/toolchain/riscv-opcodes/opcodes-xpulphwloop_CUSTOM:17
custom-3_f0_f7_13,00011010000000000000?????1111011,IADDI,?????????????????000?????1111011,0x1a00007b,generator,sw/toolchain/riscv-opcodes/opcodes-ipu_CUSTOM,sw/toolchain/riscv-opcodes/opcodes-ipu_CUSTOM:20
custom-3_f0_f7_13,00011010000000000000?????1111011,LP_STARTI,????????????000000000000?1111011,0x1a00007b,generator,sw/toolchain/riscv-opcodes/opcodes-xpulphwloop_CUSTOM,sw/toolchain/riscv-opcodes/opcodes-xpulphwloop_CUSTOM:17
custom-3_f0_f7_14,00011100000000000000?????1111011,IADDI,?????????????????000?????1111011,0x1c00007b,generator,sw/toolchain/riscv-opcodes/opcodes-ipu_CUSTOM,sw/toolchain/riscv-opcodes/opcodes-ipu_CUSTOM:20
custom-3_f0_f7_14,00011100000000000000?????1111011,LP_STARTI,????????????000000000000?1111011,0x1c00007b,generator,sw/toolchain/riscv-opcodes/opcodes-xpulphwloop_CUSTOM,sw/toolchain/riscv-opcodes/opcodes-xpulphwloop_CUSTOM:17
custom-3_f0_f7_15,00011110000000000000?????1111011,IADDI,?????????????????000?????1111011,0x1e00007b,generator,sw/toolchain/riscv-opcodes/opcodes-ipu_CUSTOM,sw/toolchain/riscv-opcodes/opcodes-ipu_CUSTOM:20
custom-3_f0_f7_15,00011110000000000000?????1111011,LP_STARTI,????????????000000000000?1111011,0x1e00007b,generator,sw/toolchain/riscv-opcodes/opcodes-xpulphwloop_CUSTOM,sw/toolchain/riscv-opcodes/opcodes-xpulphwloop_CUSTOM:17
custom-3_f0_f7_16,00100000000000000000?????1111011,IADDI,?????????????????000?????1111011,0x2000007b,generator,sw/toolchain/riscv-opcodes/opcodes-ipu_CUSTOM,sw/toolchain/riscv-opcodes/opcodes-ipu_CUSTOM:20
custom-3_f0_f7_16,00100000000000000000?????1111011,LP_STARTI,????????????000000000000?1111011,0x2000007b,generator,sw/toolchain/riscv-opcodes/opcodes-xpulphwloop_CUSTOM,sw/toolchain/riscv-opcodes/opcodes-xpulphwloop_CUSTOM:17
custom-3_f0_f7_17,00100010000000000000?????1111011,IADDI,?????????????????000?????1111011,0x2200007b,generator,sw/toolchain/riscv-opcodes/opcodes-ipu_CUSTOM,sw/toolchain/riscv-opcodes/opcodes-ipu_CUSTOM:20
custom-3_f0_f7_17,00100010000000000000?????1111011,LP_STARTI,????????????000000000000?1111011,0x2200007b,generator,sw/toolchain/riscv-opcodes/opcodes-xpulphwloop_CUSTOM,sw/toolchain/riscv-opcodes/opcodes-xpulphwloop_CUSTOM:17
custom-3_f0_f7_18,00100100000000000000?????1111011,IADDI,?????????????????000?????1111011,0x2400007b,generator,sw/toolchain/riscv-opcodes/opcodes-ipu_CUSTOM,sw/toolchain/riscv-opcodes/opcodes-ipu_CUSTOM:20
custom-3_f0_f7_18,00100100000000000000?????1111011,LP_STARTI,????????????000000000000?1111011,0x2400007b,generator,sw/toolchain/riscv-opcodes/opcodes-xpulphwloop_CUSTOM,sw/toolchain/riscv-opcodes/opcodes-xpulphwloop_CUSTOM:17
custom-3_f0_f7_19,00100110000000000000?????1111011,IADDI,?????????????????000?????1111011,0x2600007b,generator,sw/toolchain/riscv-opcodes/opcodes-ipu_CUSTOM,sw/toolchain/riscv-opcodes/opcodes-ipu_CUSTOM:20
custom-3_f0_f7_19,00100110000000000000?????1111011,LP_STARTI,????????????000000000000?1111011,0x2600007b,generator,sw/toolchain/riscv-opcodes/opcodes-xpulphwloop_CUSTOM,sw/toolchain/riscv-opcodes/opcodes-xpulphwloop_CUSTOM:17
custom-3_f0_f7_20,00101000000000000000?????1111011,IADDI,?????????????????000?????1111011,0x2800007b,generator,sw/toolchain/riscv-opcodes/opcodes-ipu_CUSTOM,sw/toolchain/riscv-opcodes/opcodes-ipu_CUSTOM:20
custom-3_f0_f7_20,00101000000000000000?????1111011,LP_STARTI,????????????000000000000?1111011,0x2800007b,generator,sw/toolchain/riscv-opcodes/opcodes-xpulphwloop_CUSTOM,sw/toolchain/riscv-opcodes/opcodes-xpulphwloop_CUSTOM:17
custom-3_f0_f7_21,00101010000000000000?????1111011,IADDI,?????????????????000?????1111011,0x2a00007b,generator,sw/toolchain/riscv-opcodes/opcodes-ipu_CUSTOM,sw/toolchain/riscv-opcodes/opcodes-ipu_CUSTOM:20
custom-3_f0_f7_21,00101010000000000000?????1111011,LP_STARTI,????????????000000000000?1111011,0x2a00007b,generator,sw/toolchain/riscv-opcodes/opcodes-xpulphwloop_CUSTOM,sw/toolchain/riscv-opcodes/opcodes-xpulphwloop_CUSTOM:17
custom-3_f0_f7_22,00101100000000000000?????1111011,IADDI,?????????????????000?????1111011,0x2c00007b,generator,sw/toolchain/riscv-opcodes/opcodes-ipu_CUSTOM,sw/toolchain/riscv-opcodes/opcodes-ipu_CUSTOM:20
custom-3_f0_f7_22,00101100000000000000?????1111011,LP_STARTI,????????????000000000000?1111011,0x2c00007b,generator,sw/toolchain/riscv-opcodes/opcodes-xpulphwloop_CUSTOM,sw/toolchain/riscv-opcodes/opcodes-xpulphwloop_CUSTOM:17
custom-3_f0_f7_23,00101110000000000000?????1111011,IADDI,?????????????????000?????1111011,0x2e00007b,generator,sw/toolchain/riscv-opcodes/opcodes-ipu_CUSTOM,sw/toolchain/riscv-opcodes/opcodes-ipu_CUSTOM:20
custom-3_f0_f7_23,00101110000000000000?????1111011,LP_STARTI,????????????000000000000?1111011,0x2e00007b,generator,sw/toolchain/riscv-opcodes/opcodes-xpulphwloop_CUSTOM,sw/toolchain/riscv-opcodes/opcodes-xpulphwloop_CUSTOM:17
custom-3_f0_f7_24,00110000000000000000?????1111011,IADDI,?????????????????000?????1111011,0x3000007b,generator,sw/toolchain/riscv-opcodes/opcodes-ipu_CUSTOM,sw/toolchain/riscv-opcodes/opcodes-ipu_CUSTOM:20
custom-3_f0_f7_24,00110000000000000000?????1111011,LP_STARTI,????????????000000000000?1111011,0x3000007b,generator,sw/toolchain/riscv-opcodes/opcodes-xpulphwloop_CUSTOM,sw/toolchain/riscv-opcodes/opcodes-xpulphwloop_CUSTOM:17
custom-3_f0_f7_25,00110010000000000000?????1111011,IADDI,?????????????????000?????1111011,0x3200007b,generator,sw/toolchain/riscv-opcodes/opcodes-ipu_CUSTOM,sw/toolchain/riscv-opcodes/opcodes-ipu_CUSTOM:20
custom-3_f0_f7_25,00110010000000000000?????1111011,LP_STARTI,????????????000000000000?1111011,0x3200007b,generator,sw/toolchain/riscv-opcodes/opcodes-xpulphwloop_CUSTOM,sw/toolchain/riscv-opcodes/opcodes-xpulphwloop_CUSTOM:17
custom-3_f0_f7_26,00110100000000000000?????1111011,IADDI,?????????????????000?????1111011,0x3400007b,generator,sw/toolchain/riscv-opcodes/opcodes-ipu_CUSTOM,sw/toolchain/riscv-opcodes/opcodes-ipu_CUSTOM:20
custom-3_f0_f7_26,00110100000000000000?????1111011,LP_STARTI,????????????000000000000?1111011,0x3400007b,generator,sw/toolchain/riscv-opcodes/opcodes-xpulphwloop_CUSTOM,sw/toolchain/riscv-opcodes/opcodes-xpulphwloop_CUSTOM:17
custom-3_f0_f7_27,00110110000000000000?????1111011,IADDI,?????????????????000?????1111011,0x3600007b,generator,sw/toolchain/riscv-opcodes/opcodes-ipu_CUSTOM,sw/toolchain/riscv-opcodes/opcodes-ipu_CUSTOM:20
custom-3_f0_f7_27,00110110000000000000?????1111011,LP_STARTI,????????????000000000000?1111011,0x3600007b,generator,sw/toolchain/riscv-opcodes/opcodes-xpulphwloop_CUSTOM,sw/toolchain/riscv-opcodes/opcodes-xpulphwloop_CUSTOM:17
custom-3_f0_f7_28,00111000000000000000?????1111011,IADDI,?????????????????000?????1111011,0x3800007b,generator,sw/toolchain/riscv-opcodes/opcodes-ipu_CUSTOM,sw/toolchain/riscv-opcodes/opcodes-ipu_CUSTOM:20
custom-3_f0_f7_28,00111000000000000000?????1111011,LP_STARTI,????????????000000000000?1111011,0x3800007b,generator,sw/toolchain/riscv-opcodes/opcodes-xpulphwloop_CUSTOM,sw/toolchain/riscv-opcodes/opcodes-xpulphwloop_CUSTOM:17
custom-3_f0_f7_29,00111010000000000000?????1111011,IADDI,?????????????????000?????1111011,0x3a00007b,generator,sw/toolchain/riscv-opcodes/opcodes-ipu_CUSTOM,sw/toolchain/riscv-opcodes/opcodes-ipu_CUSTOM:20
custom-3_f0_f7_29,00111010000000000000?????1111011,LP_STARTI,????????????000000000000?1111011,0x3a00007b,generator,sw/toolchain/riscv-opcodes/opcodes-xpulphwloop_CUSTOM,sw/toolchain/riscv-opcodes/opcodes-xpulphwloop_CUSTOM:17
custom-3_f0_f7_30,00111100000000000000?????1111011,IADDI,?????????????????000?????1111011,0x3c00007b,generator,sw/toolchain/riscv-opcodes/opcodes-ipu_CUSTOM,sw/toolchain/riscv-opcodes/opcodes-ipu_CUSTOM:20
custom-3_f0_f7_30,00111100000000000000?????1111011,LP_STARTI,????????????000000000000?1111011,0x3c00007b,generator,sw/toolchain/riscv-opcodes/opcodes-xpulphwloop_CUSTOM,sw/toolchain/riscv-opcodes/opcodes-xpulphwloop_CUSTOM:17
custom-3_f0_f7_31,00111110000000000000?????1111011,IADDI,?????????????????000?????1111011,0x3e00007b,generator,sw/toolchain/riscv-opcodes/opcodes-ipu_CUSTOM,sw/toolchain/riscv-opcodes/opcodes-ipu_CUSTOM:20
custom-3_f0_f7_31,00111110000000000000?????1111011,LP_STARTI,????????????000000000000?1111011,0x3e00007b,generator,sw/toolchain/riscv-opcodes/opcodes-xpulphwloop_CUSTOM,sw/toolchain/riscv-opcodes/opcodes-xpulphwloop_CUSTOM:17
custom-3_f0_f7_32,01000000000000000000?????1111011,IADDI,?????????????????000?????1111011,0x4000007b,generator,sw/toolchain/riscv-opcodes/opcodes-ipu_CUSTOM,sw/toolchain/riscv-opcodes/opcodes-ipu_CUSTOM:20
custom-3_f0_f7_32,01000000000000000000?????1111011,LP_STARTI,????????????000000000000?1111011,0x4000007b,generator,sw/toolchain/riscv-opcodes/opcodes-xpulphwloop_CUSTOM,sw/toolchain/riscv-opcodes/opcodes-xpulphwloop_CUSTOM:17
custom-3_f0_f7_33,01000010000000000000?????1111011,IADDI,?????????????????000?????1111011,0x4200007b,generator,sw/toolchain/riscv-opcodes/opcodes-ipu_CUSTOM,sw/toolchain/riscv-opcodes/opcodes-ipu_CUSTOM:20
custom-3_f0_f7_33,01000010000000000000?????1111011,LP_STARTI,????????????000000000000?1111011,0x4200007b,generator,sw/toolchain/riscv-opcodes/opcodes-xpulphwloop_CUSTOM,sw/toolchain/riscv-opcodes/opcodes-xpulphwloop_CUSTOM:17
custom-3_f0_f7_34,01000100000000000000?????1111011,IADDI,?????????????????000?????1111011,0x4400007b,generator,sw/toolchain/riscv-opcodes/opcodes-ipu_CUSTOM,sw/toolchain/riscv-opcodes/opcodes-ipu_CUSTOM:20
custom-3_f0_f7_34,01000100000000000000?????1111011,LP_STARTI,????????????000000000000?1111011,0x4400007b,generator,sw/toolchain/riscv-opcodes/opcodes-xpulphwloop_CUSTOM,sw/toolchain/riscv-opcodes/opcodes-xpulphwloop_CUSTOM:17
custom-3_f0_f7_35,01000110000000000000?????1111011,IADDI,?????????????????000?????1111011,0x4600007b,generator,sw/toolchain/riscv-opcodes/opcodes-ipu_CUSTOM,sw/toolchain/riscv-opcodes/opcodes-ipu_CUSTOM:20
custom-3_f0_f7_35,01000110000000000000?????1111011,LP_STARTI,????????????000000000000?1111011,0x4600007b,generator,sw/toolchain/riscv-opcodes/opcodes-xpulphwloop_CUSTOM,sw/toolchain/riscv-opcodes/opcodes-xpulphwloop_CUSTOM:17
custom-3_f0_f7_36,01001000000000000000?????1111011,IADDI,?????????????????000?????1111011,0x4800007b,generator,sw/toolchain/riscv-opcodes/opcodes-ipu_CUSTOM,sw/toolchain/riscv-opcodes/opcodes-ipu_CUSTOM:20
custom-3_f0_f7_36,01001000000000000000?????1111011,LP_STARTI,????????????000000000000?1111011,0x4800007b,generator,sw/toolchain/riscv-opcodes/opcodes-xpulphwloop_CUSTOM,sw/toolchain/riscv-opcodes/opcodes-xpulphwloop_CUSTOM:17
custom-3_f0_f7_37,01001010000000000000?????1111011,IADDI,?????????????????000?????1111011,0x4a00007b,generator,sw/toolchain/riscv-opcodes/opcodes-ipu_CUSTOM,sw/toolchain/riscv-opcodes/opcodes-ipu_CUSTOM:20
custom-3_f0_f7_37,01001010000000000000?????1111011,LP_STARTI,????????????000000000000?1111011,0x4a00007b,generator,sw/toolchain/riscv-opcodes/opcodes-xpulphwloop_CUSTOM,sw/toolchain/riscv-opcodes/opcodes-xpulphwloop_CUSTOM:17
custom-3_f0_f7_38,01001100000000000000?????1111011,IADDI,?????????????????000?????1111011,0x4c00007b,generator,sw/toolchain/riscv-opcodes/opcodes-ipu_CUSTOM,sw/toolchain/riscv-opcodes/opcodes-ipu_CUSTOM:20
custom-3_f0_f7_38,01001100000000000000?????1111011,LP_STARTI,????????????000000000000?1111011,0x4c00007b,generator,sw/toolchain/riscv-opcodes/opcodes-xpulphwloop_CUSTOM,sw/toolchain/riscv-opcodes/opcodes-xpulphwloop_CUSTOM:17
custom-3_f0_f7_39,01001110000000000000?????1111011,IADDI,?????????????????000?????1111011,0x4e00007b,generator,sw/toolchain/riscv-opcodes/opcodes-ipu_CUSTOM,sw/toolchain/riscv-opcodes/opcodes-ipu_CUSTOM:20
custom-3_f0_f7_39,01001110000000000000?????1111011,LP_STARTI,????????????000000000000?1111011,0x4e00007b,generator,sw/toolchain/riscv-opcodes/opcodes-xpulphwloop_CUSTOM,sw/toolchain/riscv-opcodes/opcodes-xpulphwloop_CUSTOM:17
custom-3_f0_f7_40,01010000000000000000?????1111011,IADDI,?????????????????000?????1111011,0x5000007b,generator,sw/toolchain/riscv-opcodes/opcodes-ipu_CUSTOM,sw/toolchain/riscv-opcodes/opcodes-ipu_CUSTOM:20
custom-3_f0_f7_40,01010000000000000000?????1111011,LP_STARTI,????????????000000000000?1111011,0x5000007b,generator,sw/toolchain/riscv-opcodes/opcodes-xpulphwloop_CUSTOM,sw/toolchain/riscv-opcodes/opcodes-xpulphwloop_CUSTOM:17
custom-3_f0_f7_41,01010010000000000000?????1111011,IADDI,?????????????????000?????1111011,0x5200007b,generator,sw/toolchain/riscv-opcodes/opcodes-ipu_CUSTOM,sw/toolchain/riscv-opcodes/opcodes-ipu_CUSTOM:20
custom-3_f0_f7_41,01010010000000000000?????1111011,LP_STARTI,????????????000000000000?1111011,0x5200007b,generator,sw/toolchain/riscv-opcodes/opcodes-xpulphwloop_CUSTOM,sw/toolchain/riscv-opcodes/opcodes-xpulphwloop_CUSTOM:17
custom-3_f0_f7_42,01010100000000000000?????1111011,IADDI,?????????????????000?????1111011,0x5400007b,generator,sw/toolchain/riscv-opcodes/opcodes-ipu_CUSTOM,sw/toolchain/riscv-opcodes/opcodes-ipu_CUSTOM:20
custom-3_f0_f7_42,01010100000000000000?????1111011,LP_STARTI,????????????000000000000?1111011,0x5400007b,generator,sw/toolchain/riscv-opcodes/opcodes-xpulphwloop_CUSTOM,sw/toolchain/riscv-opcodes/opcodes-xpulphwloop_CUSTOM:17
custom-3_f0_f7_43,01010110000000000000?????1111011,IADDI,?????????????????000?????1111011,0x5600007b,generator,sw/toolchain/riscv-opcodes/opcodes-ipu_CUSTOM,sw/toolchain/riscv-opcodes/opcodes-ipu_CUSTOM:20
custom-3_f0_f7_43,01010110000000000000?????1111011,LP_STARTI,????????????000000000000?1111011,0x5600007b,generator,sw/toolchain/riscv-opcodes/opcodes-xpulphwloop_CUSTOM,sw/toolchain/riscv-opcodes/opcodes-xpulphwloop_CUSTOM:17
custom-3_f0_f7_44,01011000000000000000?????1111011,IADDI,?????????????????000?????1111011,0x5800007b,generator,sw/toolchain/riscv-opcodes/opcodes-ipu_CUSTOM,sw/toolchain/riscv-opcodes/opcodes-ipu_CUSTOM:20
custom-3_f0_f7_44,01011000000000000000?????1111011,LP_STARTI,????????????000000000000?1111011,0x5800007b,generator,sw/toolchain/riscv-opcodes/opcodes-xpulphwloop_CUSTOM,sw/toolchain/riscv-opcodes/opcodes-xpulphwloop_CUSTOM:17
custom-3_f0_f7_45,01011010000000000000?????1111011,IADDI,?????????????????000?????1111011,0x5a00007b,generator,sw/toolchain/riscv-opcodes/opcodes-ipu_CUSTOM,sw/toolchain/riscv-opcodes/opcodes-ipu_CUSTOM:20
custom-3_f0_f7_45,01011010000000000000?????1111011,LP_STARTI,????????????000000000000?1111011,0x5a00007b,generator,sw/toolchain/riscv-opcodes/opcodes-xpulphwloop_CUSTOM,sw/toolchain/riscv-opcodes/opcodes-xpulphwloop_CUSTOM:17
custom-3_f0_f7_46,01011100000000000000?????1111011,IADDI,?????????????????000?????1111011,0x5c00007b,generator,sw/toolchain/riscv-opcodes/opcodes-ipu_CUSTOM,sw/toolchain/riscv-opcodes/opcodes-ipu_CUSTOM:20
custom-3_f0_f7_46,01011100000000000000?????1111011,LP_STARTI,????????????000000000000?1111011,0x5c00007b,generator,sw/toolchain/riscv-opcodes/opcodes-xpulphwloop_CUSTOM,sw/toolchain/riscv-opcodes/opcodes-xpulphwloop_CUSTOM:17
custom-3_f0_f7_47,01011110000000000000?????1111011,IADDI,?????????????????000?????1111011,0x5e00007b,generator,sw/toolchain/riscv-opcodes/opcodes-ipu_CUSTOM,sw/toolchain/riscv-opcodes/opcodes-ipu_CUSTOM:20
custom-3_f0_f7_47,01011110000000000000?????1111011,LP_STARTI,????????????000000000000?1111011,0x5e00007b,generator,sw/toolchain/riscv-opcodes/opcodes-xpulphwloop_CUSTOM,sw/toolchain/riscv-opcodes/opcodes-xpulphwloop_CUSTOM:17
custom-3_f0_f7_48,01100000000000000000?????1111011,IADDI,?????????????????000?????1111011,0x6000007b,generator,sw/toolchain/riscv-opcodes/opcodes-ipu_CUSTOM,sw/toolchain/riscv-opcodes/opcodes-ipu_CUSTOM:20
custom-3_f0_f7_48,01100000000000000000?????1111011,LP_STARTI,????????????000000000000?1111011,0x6000007b,generator,sw/toolchain/riscv-opcodes/opcodes-xpulphwloop_CUSTOM,sw/toolchain/riscv-opcodes/opcodes-xpulphwloop_CUSTOM:17
custom-3_f0_f7_49,01100010000000000000?????1111011,IADDI,?????????????????000?????1111011,0x6200007b,generator,sw/toolchain/riscv-opcodes/opcodes-ipu_CUSTOM,sw/toolchain/riscv-opcodes/opcodes-ipu_CUSTOM:20
custom-3_f0_f7_49,01100010000000000000?????1111011,LP_STARTI,????????????000000000000?1111011,0x6200007b,generator,sw/toolchain/riscv-opcodes/opcodes-xpulphwloop_CUSTOM,sw/toolchain/riscv-opcodes/opcodes-xpulphwloop_CUSTOM:17
custom-3_f0_f7_50,01100100000000000000?????1111011,IADDI,?????????????????000?????1111011,0x6400007b,generator,sw/toolchain/riscv-opcodes/opcodes-ipu_CUSTOM,sw/toolchain/riscv-opcodes/opcodes-ipu_CUSTOM:20
custom-3_f0_f7_50,01100100000000000000?????1111011,LP_STARTI,????????????000000000000?1111011,0x6400007b,generator,sw/toolchain/riscv-opcodes/opcodes-xpulphwloop_CUSTOM,sw/toolchain/riscv-opcodes/opcodes-xpulphwloop_CUSTOM:17
custom-3_f0_f7_51,01100110000000000000?????1111011,IADDI,?????????????????000?????1111011,0x6600007b,generator,sw/toolchain/riscv-opcodes/opcodes-ipu_CUSTOM,sw/toolchain/riscv-opcodes/opcodes-ipu_CUSTOM:20
custom-3_f0_f7_51,01100110000000000000?????1111011,LP_STARTI,????????????000000000000?1111011,0x6600007b,generator,sw/toolchain/riscv-opcodes/opcodes-xpulphwloop_CUSTOM,sw/toolchain/riscv-opcodes/opcodes-xpulphwloop_CUSTOM:17
custom-3_f0_f7_52,01101000000000000000?????1111011,IADDI,?????????????????000?????1111011,0x6800007b,generator,sw/toolchain/riscv-opcodes/opcodes-ipu_CUSTOM,sw/toolchain/riscv-opcodes/opcodes-ipu_CUSTOM:20
custom-3_f0_f7_52,01101000000000000000?????1111011,LP_STARTI,????????????000000000000?1111011,0x6800007b,generator,sw/toolchain/riscv-opcodes/opcodes-xpulphwloop_CUSTOM,sw/toolchain/riscv-opcodes/opcodes-xpulphwloop_CUSTOM:17
custom-3_f0_f7_53,01101010000000000000?????1111011,IADDI,?????????????????000?????1111011,0x6a00007b,generator,sw/toolchain/riscv-opcodes/opcodes-ipu_CUSTOM,sw/toolchain/riscv-opcodes/opcodes-ipu_CUSTOM:20
custom-3_f0_f7_53,01101010000000000000?????1111011,LP_STARTI,????????????000000000000?1111011,0x6a00007b,generator,sw/toolchain/riscv-opcodes/opcodes-xpulphwloop_CUSTOM,sw/toolchain/riscv-opcodes/opcodes-xpulphwloop_CUSTOM:17
custom-3_f0_f7_54,01101100000000000000?????1111011,IADDI,?????????????????000?????1111011,0x6c00007b,generator,sw/toolchain/riscv-opcodes/opcodes-ipu_CUSTOM,sw/toolchain/riscv-opcodes/opcodes-ipu_CUSTOM:20
custom-3_f0_f7_54,01101100000000000000?????1111011,LP_STARTI,????????????000000000000?1111011,0x6c00007b,generator,sw/toolchain/riscv-opcodes/opcodes-xpulphwloop_CUSTOM,sw/toolchain/riscv-opcodes/opcodes-xpulphwloop_CUSTOM:17
custom-3_f0_f7_55,01101110000000000000?????1111011,IADDI,?????????????????000?????1111011,0x6e00007b,generator,sw/toolchain/riscv-opcodes/opcodes-ipu_CUSTOM,sw/toolchain/riscv-opcodes/opcodes-ipu_CUSTOM:20
custom-3_f0_f7_55,01101110000000000000?????1111011,LP_STARTI,????????????000000000000?1111011,0x6e00007b,generator,sw/toolchain/riscv-opcodes/opcodes-xpulphwloop_CUSTOM,sw/toolchain/riscv-opcodes/opcodes-xpulphwloop_CUSTOM:17
custom-3_f0_f7_56,01110000000000000000?????1111011,IADDI,?????????????????000?????1111011,0x7000007b,generator,sw/toolchain/riscv-opcodes/opcodes-ipu_CUSTOM,sw/toolchain/riscv-opcodes/opcodes-ipu_CUSTOM:20
custom-3_f0_f7_56,01110000000000000000?????1111011,LP_STARTI,????????????000000000000?1111011,0x7000007b,generator,sw/toolchain/riscv-opcodes/opcodes-xpulphwloop_CUSTOM,sw/toolchain/riscv-opcodes/opcodes-xpulphwloop_CUSTOM:17
custom-3_f0_f7_57,01110010000000000000?????1111011,IADDI,?????????????????000?????1111011,0x7200007b,generator,sw/toolchain/riscv-opcodes/opcodes-ipu_CUSTOM,sw/toolchain/riscv-opcodes/opcodes-ipu_CUSTOM:20
custom-3_f0_f7_57,01110010000000000000?????1111011,LP_STARTI,????????????000000000000?1111011,0x7200007b,generator,sw/toolchain/riscv-opcodes/opcodes-xpulphwloop_CUSTOM,sw/toolchain/riscv-opcodes/opcodes-xpulphwloop_CUSTOM:17
custom-3_f0_f7_58,01110100000000000000?????1111011,IADDI,?????????????????000?????1111011,0x7400007b,generator,sw/toolchain/riscv-opcodes/opcodes-ipu_CUSTOM,sw/toolchain/riscv-opcodes/opcodes-ipu_CUSTOM:20
custom-3_f0_f7_58,01110100000000000000?????1111011,LP_STARTI,????????????000000000000?1111011,0x7400007b,generator,sw/toolchain/riscv-opcodes/opcodes-xpulphwloop_CUSTOM,sw/toolchain/riscv-opcodes/opcodes-xpulphwloop_CUSTOM:17
custom-3_f0_f7_59,01110110000000000000?????1111011,IADDI,?????????????????000?????1111011,0x7600007b,generator,sw/toolchain/riscv-opcodes/opcodes-ipu_CUSTOM,sw/toolchain/riscv-opcodes/opcodes-ipu_CUSTOM:20
custom-3_f0_f7_59,01110110000000000000?????1111011,LP_STARTI,????????????000000000000?1111011,0x7600007b,generator,sw/toolchain/riscv-opcodes/opcodes-xpulphwloop_CUSTOM,sw/toolchain/riscv-opcodes/opcodes-xpulphwloop_CUSTOM:17
custom-3_f0_f7_60,01111000000000000000?????1111011,IADDI,?????????????????000?????1111011,0x7800007b,generator,sw/toolchain/riscv-opcodes/opcodes-ipu_CUSTOM,sw/toolchain/riscv-opcodes/opcodes-ipu_CUSTOM:20
custom-3_f0_f7_60,01111000000000000000?????1111011,LP_STARTI,????????????000000000000?1111011,0x7800007b,generator,sw/toolchain/riscv-opcodes/opcodes-xpulphwloop_CUSTOM,sw/toolchain/riscv-opcodes/opcodes-xpulphwloop_CUSTOM:17
custom-3_f0_f7_61,01111010000000000000?????1111011,IADDI,?????????????????000?????1111011,0x7a00007b,generator,sw/toolchain/riscv-opcodes/opcodes-ipu_CUSTOM,sw/toolchain/riscv-opcodes/opcodes-ipu_CUSTOM:20
custom-3_f0_f7_61,01111010000000000000?????1111011,LP_STARTI,????????????000000000000?1111011,0x7a00007b,generator,sw/toolchain/riscv-opcodes/opcodes-xpulphwloop_CUSTOM,sw/toolchain/riscv-opcodes/opcodes-xpulphwloop_CUSTOM:17
custom-3_f0_f7_62,01111100000000000000?????1111011,IADDI,?????????????????000?????1111011,0x7c00007b,generator,sw/toolchain/riscv-opcodes/opcodes-ipu_CUSTOM,sw/toolchain/riscv-opcodes/opcodes-ipu_CUSTOM:20
custom-3_f0_f7_62,01111100000000000000?????1111011,LP_STARTI,????????????000000000000?1111011,0x7c00007b,generator,sw/toolchain/riscv-opcodes/opcodes-xpulphwloop_CUSTOM,sw/toolchain/riscv-opcodes/opcodes-xpulphwloop_CUSTOM:17
custom-3_f0_f7_63,01111110000000000000?????1111011,IADDI,?????????????????000?????1111011,0x7e00007b,generator,sw/toolchain/riscv-opcodes/opcodes-ipu_CUSTOM,sw/toolchain/riscv-opcodes/opcodes-ipu_CUSTOM:20
custom-3_f0_f7_63,01111110000000000000?????1111011,LP_STARTI,????????????000000000000?1111011,0x7e00007b,generator,sw/toolchain/riscv-opcodes/opcodes-xpulphwloop_CUSTOM,sw/toolchain/riscv-opcodes/opcodes-xpulphwloop_CUSTOM:17
custom-3_f0_f7_64,10000000000000000000?????1111011,IADDI,?????????????????000?????1111011,0x8000007b,generator,sw/toolchain/riscv-opcodes/opcodes-ipu_CUSTOM,sw/toolchain/riscv-opcodes/opcodes-ipu_CUSTOM:20
custom-3_f0_f7_64,10000000000000000000?????1111011,LP_STARTI,????????????000000000000?1111011,0x8000007b,generator,sw/toolchain/riscv-opcodes/opcodes-xpulphwloop_CUSTOM,sw/toolchain/riscv-opcodes/opcodes-xpulphwloop_CUSTOM:17
custom-3_f0_f7_65,10000010000000000000?????1111011,IADDI,?????????????????000?????1111011,0x8200007b,generator,sw/toolchain/riscv-opcodes/opcodes-ipu_CUSTOM,sw/toolchain/riscv-opcodes/opcodes-ipu_CUSTOM:20
custom-3_f0_f7_65,10000010000000000000?????1111011,LP_STARTI,????????????000000000000?1111011,0x8200007b,generator,sw/toolchain/riscv-opcodes/opcodes-xpulphwloop_CUSTOM,sw/toolchain/riscv-opcodes/opcodes-xpulphwloop_CUSTOM:17
custom-3_f0_f7_66,10000100000000000000?????1111011,IADDI,?????????????????000?????1111011,0x8400007b,generator,sw/toolchain/riscv-opcodes/opcodes-ipu_CUSTOM,sw/toolchain/riscv-opcodes/opcodes-ipu_CUSTOM:20
custom-3_f0_f7_66,10000100000000000000?????1111011,LP_STARTI,????????????000000000000?1111011,0x8400007b,generator,sw/toolchain/riscv-opcodes/opcodes-xpulphwloop_CUSTOM,sw/toolchain/riscv-opcodes/opcodes-xpulphwloop_CUSTOM:17
custom-3_f0_f7_67,10000110000000000000?????1111011,IADDI,?????????????????000?????1111011,0x8600007b,generator,sw/toolchain/riscv-opcodes/opcodes-ipu_CUSTOM,sw/toolchain/riscv-opcodes/opcodes-ipu_CUSTOM:20
custom-3_f0_f7_67,10000110000000000000?????1111011,LP_STARTI,????????????000000000000?1111011,0x8600007b,generator,sw/toolchain/riscv-opcodes/opcodes-xpulphwloop_CUSTOM,sw/toolchain/riscv-opcodes/opcodes-xpulphwloop_CUSTOM:17
custom-3_f0_f7_68,10001000000000000000?????1111011,IADDI,?????????????????000?????1111011,0x8800007b,generator,sw/toolchain/riscv-opcodes/opcodes-ipu_CUSTOM,sw/toolchain/riscv-opcodes/opcodes-ipu_CUSTOM:20
custom-3_f0_f7_68,10001000000000000000?????1111011,LP_STARTI,????????????000000000000?1111011,0x8800007b,generator,sw/toolchain/riscv-opcodes/opcodes-xpulphwloop_CUSTOM,sw/toolchain/riscv-opcodes/opcodes-xpulphwloop_CUSTOM:17
custom-3_f0_f7_69,10001010000000000000?????1111011,IADDI,?????????????????000?????1111011,0x8a00007b,generator,sw/toolchain/riscv-opcodes/opcodes-ipu_CUSTOM,sw/toolchain/riscv-opcodes/opcodes-ipu_CUSTOM:20
custom-3_f0_f7_69,10001010000000000000?????1111011,LP_STARTI,????????????000000000000?1111011,0x8a00007b,generator,sw/toolchain/riscv-opcodes/opcodes-xpulphwloop_CUSTOM,sw/toolchain/riscv-opcodes/opcodes-xpulphwloop_CUSTOM:17
custom-3_f0_f7_70,10001100000000000000?????1111011,IADDI,?????????????????000?????1111011,0x8c00007b,generator,sw/toolchain/riscv-opcodes/opcodes-ipu_CUSTOM,sw/toolchain/riscv-opcodes/opcodes-ipu_CUSTOM:20
custom-3_f0_f7_70,10001100000000000000?????1111011,LP_STARTI,????????????000000000000?1111011,0x8c00007b,generator,sw/toolchain/riscv-opcodes/opcodes-xpulphwloop_CUSTOM,sw/toolchain/riscv-opcodes/opcodes-xpulphwloop_CUSTOM:17
custom-3_f0_f7_71,10001110000000000000?????1111011,IADDI,?????????????????000?????1111011,0x8e00007b,generator,sw/toolchain/riscv-opcodes/opcodes-ipu_CUSTOM,sw/toolchain/riscv-opcodes/opcodes-ipu_CUSTOM:20
custom-3_f0_f7_71,10001110000000000000?????1111011,LP_STARTI,????????????000000000000?1111011,0x8e00007b,generator,sw/toolchain/riscv-opcodes/opcodes-xpulphwloop_CUSTOM,sw/toolchain/riscv-opcodes/opcodes-xpulphwloop_CUSTOM:17
custom-3_f0_f7_72,10010000000000000000?????1111011,IADDI,?????????????????000?????1111011,0x9000007b,generator,sw/toolchain/riscv-opcodes/opcodes-ipu_CUSTOM,sw/toolchain/riscv-opcodes/opcodes-ipu_CUSTOM:20
custom-3_f0_f7_72,10010000000000000000?????1111011,LP_STARTI,????????????000000000000?1111011,0x9000007b,generator,sw/toolchain/riscv-opcodes/opcodes-xpulphwloop_CUSTOM,sw/toolchain/riscv-opcodes/opcodes-xpulphwloop_CUSTOM:17
custom-3_f0_f7_73,10010010000000000000?????1111011,IADDI,?????????????????000?????1111011,0x9200007b,generator,sw/toolchain/riscv-opcodes/opcodes-ipu_CUSTOM,sw/toolchain/riscv-opcodes/opcodes-ipu_CUSTOM:20
custom-3_f0_f7_73,10010010000000000000?????1111011,LP_STARTI,????????????000000000000?1111011,0x9200007b,generator,sw/toolchain/riscv-opcodes/opcodes-xpulphwloop_CUSTOM,sw/toolchain/riscv-opcodes/opcodes-xpulphwloop_CUSTOM:17
custom-3_f0_f7_74,10010100000000000000?????1111011,IADDI,?????????????????000?????1111011,0x9400007b,generator,sw/toolchain/riscv-opcodes/opcodes-ipu_CUSTOM,sw/toolchain/riscv-opcodes/opcodes-ipu_CUSTOM:20
custom-3_f0_f7_74,10010100000000000000?????1111011,LP_STARTI,????????????000000000000?1111011,0x9400007b,generator,sw/toolchain/riscv-opcodes/opcodes-xpulphwloop_CUSTOM,sw/toolchain/riscv-opcodes/opcodes-xpulphwloop_CUSTOM:17
custom-3_f0_f7_75,10010110000000000000?????1111011,IADDI,?????????????????000?????1111011,0x9600007b,generator,sw/toolchain/riscv-opcodes/opcodes-ipu_CUSTOM,sw/toolchain/riscv-opcodes/opcodes-ipu_CUSTOM:20
custom-3_f0_f7_75,10010110000000000000?????1111011,LP_STARTI,????????????000000000000?1111011,0x9600007b,generator,sw/toolchain/riscv-opcodes/opcodes-xpulphwloop_CUSTOM,sw/toolchain/riscv-opcodes/opcodes-xpulphwloop_CUSTOM:17
custom-3_f0_f7_76,10011000000000000000?????1111011,IADDI,?????????????????000?????1111011,0x9800007b,generator,sw/toolchain/riscv-opcodes/opcodes-ipu_CUSTOM,sw/toolchain/riscv-opcodes/opcodes-ipu_CUSTOM:20
custom-3_f0_f7_76,10011000000000000000?????1111011,LP_STARTI,????????????000000000000?1111011,0x9800007b,generator,sw/toolchain/riscv-opcodes/opcodes-xpulphwloop_CUSTOM,sw/toolchain/riscv-opcodes/opcodes-xpulphwloop_CUSTOM:17
custom-3_f0_f7_77,10011010000000000000?????1111011,IADDI,?????????????????000?????1111011,0x9a00007b,generator,sw/toolchain/riscv-opcodes/opcodes-ipu_CUSTOM,sw/toolchain/riscv-opcodes/opcodes-ipu_CUSTOM:20
custom-3_f0_f7_77,10011010000000000000?????1111011,LP_STARTI,????????????000000000000?1111011,0x9a00007b,generator,sw/toolchain/riscv-opcodes/opcodes-xpulphwloop_CUSTOM,sw/toolchain/riscv-opcodes/opcodes-xpulphwloop_CUSTOM:17
custom-3_f0_f7_78,10011100000000000000?????1111011,IADDI,?????????????????000?????1111011,0x9c00007b,generator,sw/toolchain/riscv-opcodes/opcodes-ipu_CUSTOM,sw/toolchain/riscv-opcodes/opcodes-ipu_CUSTOM:20
custom-3_f0_f7_78,10011100000000000000?????1111011,LP_STARTI,????????????000000000000?1111011,0x9c00007b,generator,sw/toolchain/riscv-opcodes/opcodes-xpulphwloop_CUSTOM,sw/toolchain/riscv-opcodes/opcodes-xpulphwloop_CUSTOM:17
custom-3_f0_f7_79,10011110000000000000?????1111011,IADDI,?????????????????000?????1111011,0x9e00007b,generator,sw/toolchain/riscv-opcodes/opcodes-ipu_CUSTOM,sw/toolchain/riscv-opcodes/opcodes-ipu_CUSTOM:20
custom-3_f0_f7_79,10011110000000000000?????1111011,LP_STARTI,????????????000000000000?1111011,0x9e00007b,generator,sw/toolchain/riscv-opcodes/opcodes-xpulphwloop_CUSTOM,sw/toolchain/riscv-opcodes/opcodes-xpulphwloop_CUSTOM:17
custom-3_f0_f7_80,10100000000000000000?????1111011,IADDI,?????????????????000?????1111011,0xa000007b,generator,sw/toolchain/riscv-opcodes/opcodes-ipu_CUSTOM,sw/toolchain/riscv-opcodes/opcodes-ipu_CUSTOM:20
custom-3_f0_f7_80,10100000000000000000?????1111011,LP_STARTI,????????????000000000000?1111011,0xa000007b,generator,sw/toolchain/riscv-opcodes/opcodes-xpulphwloop_CUSTOM,sw/toolchain/riscv-opcodes/opcodes-xpulphwloop_CUSTOM:17
custom-3_f0_f7_81,10100010000000000000?????1111011,IADDI,?????????????????000?????1111011,0xa200007b,generator,sw/toolchain/riscv-opcodes/opcodes-ipu_CUSTOM,sw/toolchain/riscv-opcodes/opcodes-ipu_CUSTOM:20
custom-3_f0_f7_81,10100010000000000000?????1111011,LP_STARTI,????????????000000000000?1111011,0xa200007b,generator,sw/toolchain/riscv-opcodes/opcodes-xpulphwloop_CUSTOM,sw/toolchain/riscv-opcodes/opcodes-xpulphwloop_CUSTOM:17
custom-3_f0_f7_82,10100100000000000000?????1111011,IADDI,?????????????????000?????1111011,0xa400007b,generator,sw/toolchain/riscv-opcodes/opcodes-ipu_CUSTOM,sw/toolchain/riscv-opcodes/opcodes-ipu_CUSTOM:20
custom-3_f0_f7_82,10100100000000000000?????1111011,LP_STARTI,????????????000000000000?1111011,0xa400007b,generator,sw/toolchain/riscv-opcodes/opcodes-xpulphwloop_CUSTOM,sw/toolchain/riscv-opcodes/opcodes-xpulphwloop_CUSTOM:17
custom-3_f0_f7_83,10100110000000000000?????1111011,IADDI,?????????????????000?????1111011,0xa600007b,generator,sw/toolchain/riscv-opcodes/opcodes-ipu_CUSTOM,sw/toolchain/riscv-opcodes/opcodes-ipu_CUSTOM:20
custom-3_f0_f7_83,10100110000000000000?????1111011,LP_STARTI,????????????000000000000?1111011,0xa600007b,generator,sw/toolchain/riscv-opcodes/opcodes-xpulphwloop_CUSTOM,sw/toolchain/riscv-opcodes/opcodes-xpulphwloop_CUSTOM:17
custom-3_f0_f7_84,10101000000000000000?????1111011,IADDI,?????????????????000?????1111011,0xa800007b,generator,sw/toolchain/riscv-opcodes/opcodes-ipu_CUSTOM,sw/toolchain/riscv-opcodes/opcodes-ipu_CUSTOM:20
custom-3_f0_f7_84,10101000000000000000?????1111011,LP_STARTI,????????????000000000000?1111011,0xa800007b,generator,sw/toolchain/riscv-opcodes/opcodes-xpulphwloop_CUSTOM,sw/toolchain/riscv-opcodes/opcodes-xpulphwloop_CUSTOM:17
custom-3_f0_f7_85,10101010000000000000?????1111011,IADDI,?????????????????000?????1111011,0xaa00007b,generator,sw/toolchain/riscv-opcodes/opcodes-ipu_CUSTOM,sw/toolchain/riscv-opcodes/opcodes-ipu_CUSTOM:20
custom-3_f0_f7_85,10101010000000000000?????1111011,LP_STARTI,????????????000000000000?1111011,0xaa00007b,generator,sw/toolchain/riscv-opcodes/opcodes-xpulphwloop_CUSTOM,sw/toolchain/riscv-opcodes/opcodes-xpulphwloop_CUSTOM:17
custom-3_f0_f7_86,10101100000000000000?????1111011,IADDI,?????????????????000?????1111011,0xac00007b,generator,sw/toolchain/riscv-opcodes/opcodes-ipu_CUSTOM,sw/toolchain/riscv-opcodes/opcodes-ipu_CUSTOM:20
custom-3_f0_f7_86,10101100000000000000?????1111011,LP_STARTI,????????????000000000000?1111011,0xac00007b,generator,sw/toolchain/riscv-opcodes/opcodes-xpulphwloop_CUSTOM,sw/toolchain/riscv-opcodes/opcodes-xpulphwloop_CUSTOM:17
custom-3_f0_f7_87,10101110000000000000?????1111011,IADDI,?????????????????000?????1111011,0xae00007b,generator,sw/toolchain/riscv-opcodes/opcodes-ipu_CUSTOM,sw/toolchain/riscv-opcodes/opcodes-ipu_CUSTOM:20
custom-3_f0_f7_87,10101110000000000000?????1111011,LP_STARTI,????????????000000000000?1111011,0xae00007b,generator,sw/toolchain/riscv-opcodes/opcodes-xpulphwloop_CUSTOM,sw/toolchain/riscv-opcodes/opcodes-xpulphwloop_CUSTOM:17
custom-3_f0_f7_88,10110000000000000000?????1111011,IADDI,?????????????????000?????1111011,0xb000007b,generator,sw/toolchain/riscv-opcodes/opcodes-ipu_CUSTOM,sw/toolchain/riscv-opcodes/opcodes-ipu_CUSTOM:20
custom-3_f0_f7_88,10110000000000000000?????1111011,LP_STARTI,????????????000000000000?1111011,0xb000007b,generator,sw/toolchain/riscv-opcodes/opcodes-xpulphwloop_CUSTOM,sw/toolchain/riscv-opcodes/opcodes-xpulphwloop_CUSTOM:17
custom-3_f0_f7_89,10110010000000000000?????1111011,IADDI,?????????????????000?????1111011,0xb200007b,generator,sw/toolchain/riscv-opcodes/opcodes-ipu_CUSTOM,sw/toolchain/riscv-opcodes/opcodes-ipu_CUSTOM:20
custom-3_f0_f7_89,10110010000000000000?????1111011,LP_STARTI,????????????000000000000?1111011,0xb200007b,generator,sw/toolchain/riscv-opcodes/opcodes-xpulphwloop_CUSTOM,sw/toolchain/riscv-opcodes/opcodes-xpulphwloop_CUSTOM:17
custom-3_f0_f7_90,10110100000000000000?????1111011,IADDI,?????????????????000?????1111011,0xb400007b,generator,sw/toolchain/riscv-opcodes/opcodes-ipu_CUSTOM,sw/toolchain/riscv-opcodes/opcodes-ipu_CUSTOM:20
custom-3_f0_f7_90,10110100000000000000?????1111011,LP_STARTI,????????????000000000000?1111011,0xb400007b,generator,sw/toolchain/riscv-opcodes/opcodes-xpulphwloop_CUSTOM,sw/toolchain/riscv-opcodes/opcodes-xpulphwloop_CUSTOM:17
custom-3_f0_f7_91,10110110000000000000?????1111011,IADDI,?????????????????000?????1111011,0xb600007b,generator,sw/toolchain/riscv-opcodes/opcodes-ipu_CUSTOM,sw/toolchain/riscv-opcodes/opcodes-ipu_CUSTOM:20
custom-3_f0_f7_91,10110110000000000000?????1111011,LP_STARTI,????????????000000000000?1111011,0xb600007b,generator,sw/toolchain/riscv-opcodes/opcodes-xpulphwloop_CUSTOM,sw/toolchain/riscv-opcodes/opcodes-xpulphwloop_CUSTOM:17
custom-3_f0_f7_92,10111000000000000000?????1111011,IADDI,?????????????????000?????1111011,0xb800007b,generator,sw/toolchain/riscv-opcodes/opcodes-ipu_CUSTOM,sw/toolchain/riscv-opcodes/opcodes-ipu_CUSTOM:20
custom-3_f0_f7_92,10111000000000000000?????1111011,LP_STARTI,????????????000000000000?1111011,0xb800007b,generator,sw/toolchain/riscv-opcodes/opcodes-xpulphwloop_CUSTOM,sw/toolchain/riscv-opcodes/opcodes-xpulphwloop_CUSTOM:17
custom-3_f0_f7_93,10111010000000000000?????1111011,IADDI,?????????????????000?????1111011,0xba00007b,generator,sw/toolchain/riscv-opcodes/opcodes-ipu_CUSTOM,sw/toolchain/riscv-opcodes/opcodes-ipu_CUSTOM:20
custom-3_f0_f7_93,10111010000000000000?????1111011,LP_STARTI,????????????000000000000?1111011,0xba00007b,generator,sw/toolchain/riscv-opcodes/opcodes-xpulphwloop_CUSTOM,sw/toolchain/riscv-opcodes/opcodes-xpulphwloop_CUSTOM:17
custom-3_f0_f7_94,10111100000000000000?????1111011,IADDI,?????????????????000?????1111011,0xbc00007b,generator,sw/toolchain/riscv-opcodes/opcodes-ipu_CUSTOM,sw/toolchain/riscv-opcodes/opcodes-ipu_CUSTOM:20
custom-3_f0_f7_94,10111100000000000000?????1111011,LP_STARTI,????????????000000000000?1111011,0xbc00007b,generator,sw/toolchain/riscv-opcodes/opcodes-xpulphwloop_CUSTOM,sw/toolchain/riscv-opcodes/opcodes-xpulphwloop_CUSTOM:17
custom-3_f0_f7_95,10111110000000000000?????1111011,IADDI,?????????????????000?????1111011,0xbe00007b,generator,sw/toolchain/riscv-opcodes/opcodes-ipu_CUSTOM,sw/toolchain/riscv-opcodes/opcodes-ipu_CUSTOM:20
custom-3_f0_f7_95,10111110000000000000?????1111011,LP_STARTI,????????????000000000000?1111011,0xbe00007b,generator,sw/toolchain/riscv-opcodes/opcodes-xpulphwloop_CUSTOM,sw/toolchain/riscv-opcodes/opcodes-xpulphwloop_CUSTOM:17
custom-3_f0_f7_96,11000000000000000000?????1111011,IADDI,?????????????????000?????1111011,0xc000007b,generator,sw/toolchain/riscv-opcodes/opcodes-ipu_CUSTOM,sw/toolchain/riscv-opcodes/opcodes-ipu_CUSTOM:20
custom-3_f0_f7_96,11000000000000000000?????1111011,LP_STARTI,????????????000000000000?1111011,0xc000007b,generator,sw/toolchain/riscv-opcodes/opcodes-xpulphwloop_CUSTOM,sw/toolchain/riscv-opcodes/opcodes-xpulphwloop_CUSTOM:17
custom-3_f0_f7_97,11000010000000000000?????1111011,IADDI,?????????????????000?????1111011,0xc200007b,generator,sw/toolchain/riscv-opcodes/opcodes-ipu_CUSTOM,sw/toolchain/riscv-opcodes/opcodes-ipu_CUSTOM:20
custom-3_f0_f7_97,11000010000000000000?????1111011,LP_STARTI,????????????000000000000?1111011,0xc200007b,generator,sw/toolchain/riscv-opcodes/opcodes-xpulphwloop_CUSTOM,sw/toolchain/riscv-opcodes/opcodes-xpulphwloop_CUSTOM:17
custom-3_f0_f7_98,11000100000000000000?????1111011,IADDI,?????????????????000?????1111011,0xc400007b,generator,sw/toolchain/riscv-opcodes/opcodes-ipu_CUSTOM,sw/toolchain/riscv-opcodes/opcodes-ipu_CUSTOM:20
custom-3_f0_f7_98,11000100000000000000?????1111011,LP_STARTI,????????????000000000000?1111011,0xc400007b,generator,sw/toolchain/riscv-opcodes/opcodes-xpulphwloop_CUSTOM,sw/toolchain/riscv-opcodes/opcodes-xpulphwloop_CUSTOM:17
custom-3_f0_f7_99,11000110000000000000?????1111011,IADDI,?????????????????000?????1111011,0xc600007b,generator,sw/toolchain/riscv-opcodes/opcodes-ipu_CUSTOM,sw/toolchain/riscv-opcodes/opcodes-ipu_CUSTOM:20
custom-3_f0_f7_99,11000110000000000000?????1111011,LP_STARTI,????????????000000000000?1111011,0xc600007b,generator,sw/toolchain/riscv-opcodes/opcodes-xpulphwloop_CUSTOM,sw/toolchain/riscv-opcodes/opcodes-xpulphwloop_CUSTOM:17
custom-3_f0_f7_100,11001000000000000000?????1111011,IADDI,?????????????????000?????1111011,0xc800007b,generator,sw/toolchain/riscv-opcodes/opcodes-ipu_CUSTOM,sw/toolchain/riscv-opcodes/opcodes-ipu_CUSTOM:20
custom-3_f0_f7_100,11001000000000000000?????1111011,LP_STARTI,????????????000000000000?1111011,0xc800007b,generator,sw/toolchain/riscv-opcodes/opcodes-xpulphwloop_CUSTOM,sw/toolchain/riscv-opcodes/opcodes-xpulphwloop_CUSTOM:17
custom-3_f0_f7_101,11001010000000000000?????1111011,IADDI,?????????????????000?????1111011,0xca00007b,generator,sw/toolchain/riscv-opcodes/opcodes-ipu_CUSTOM,sw/toolchain/riscv-opcodes/opcodes-ipu_CUSTOM:20
custom-3_f0_f7_101,11001010000000000000?????1111011,LP_STARTI,????????????000000000000?1111011,0xca00007b,generator,sw/toolchain/riscv-opcodes/opcodes-xpulphwloop_CUSTOM,sw/toolchain/riscv-opcodes/opcodes-xpulphwloop_CUSTOM:17
custom-3_f0_f7_102,11001100000000000000?????1111011,IADDI,?????????????????000?????1111011,0xcc00007b,generator,sw/toolchain/riscv-opcodes/opcodes-ipu_CUSTOM,sw/toolchain/riscv-opcodes/opcodes-ipu_CUSTOM:20
custom-3_f0_f7_102,11001100000000000000?????1111011,LP_STARTI,????????????000000000000?1111011,0xcc00007b,generator,sw/toolchain/riscv-opcodes/opcodes-xpulphwloop_CUSTOM,sw/toolchain/riscv-opcodes/opcodes-xpulphwloop_CUSTOM:17
custom-3_f0_f7_103,11001110000000000000?????1111011,IADDI,?????????????????000?????1111011,0xce00007b,generator,sw/toolchain/riscv-opcodes/opcodes-ipu_CUSTOM,sw/toolchain/riscv-opcodes/opcodes-ipu_CUSTOM:20
custom-3_f0_f7_103,11001110000000000000?????1111011,LP_STARTI,????????????000000000000?1111011,0xce00007b,generator,sw/toolchain/riscv-opcodes/opcodes-xpulphwloop_CUSTOM,sw/toolchain/riscv-opcodes/opcodes-xpulphwloop_CUSTOM:17
custom-3_f0_f7_104,11010000000000000000?????1111011,IADDI,?????????????????000?????1111011,0xd000007b,generator,sw/toolchain/riscv-opcodes/opcodes-ipu_CUSTOM,sw/toolchain/riscv-opcodes/opcodes-ipu_CUSTOM:20
custom-3_f0_f7_104,11010000000000000000?????1111011,LP_STARTI,????????????000000000000?1111011,0xd000007b,generator,sw/toolchain/riscv-opcodes/opcodes-xpulphwloop_CUSTOM,sw/toolchain/riscv-opcodes/opcodes-xpulphwloop_CUSTOM:17
custom-3_f0_f7_105,11010010000000000000?????1111011,IADDI,?????????????????000?????1111011,0xd200007b,generator,sw/toolchain/riscv-opcodes/opcodes-ipu_CUSTOM,sw/toolchain/riscv-opcodes/opcodes-ipu_CUSTOM:20
custom-3_f0_f7_105,11010010000000000000?????1111011,LP_STARTI,????????????000000000000?1111011,0xd200007b,generator,sw/toolchain/riscv-opcodes/opcodes-xpulphwloop_CUSTOM,sw/toolchain/riscv-opcodes/opcodes-xpulphwloop_CUSTOM:17
custom-3_f0_f7_106,11010100000000000000?????1111011,IADDI,?????????????????000?????1111011,0xd400007b,generator,sw/toolchain/riscv-opcodes/opcodes-ipu_CUSTOM,sw/toolchain/riscv-opcodes/opcodes-ipu_CUSTOM:20
custom-3_f0_f7_106,11010100000000000000?????1111011,LP_STARTI,????????????000000000000?1111011,0xd400007b,generator,sw/toolchain/riscv-opcodes/opcodes-xpulphwloop_CUSTOM,sw/toolchain/riscv-opcodes/opcodes-xpulphwloop_CUSTOM:17
custom-3_f0_f7_107,11010110000000000000?????1111011,IADDI,?????????????????000?????1111011,0xd600007b,generator,sw/toolchain/riscv-opcodes/opcodes-ipu_CUSTOM,sw/toolchain/riscv-opcodes/opcodes-ipu_CUSTOM:20
custom-3_f0_f7_107,11010110000000000000?????1111011,LP_STARTI,????????????000000000000?1111011,0xd600007b,generator,sw/toolchain/riscv-opcodes/opcodes-xpulphwloop_CUSTOM,sw/toolchain/riscv-opcodes/opcodes-xpulphwloop_CUSTOM:17
custom-3_f0_f7_108,11011000000000000000?????1111011,IADDI,?????????????????000?????1111011,0xd800007b,generator,sw/toolchain/riscv-opcodes/opcodes-ipu_CUSTOM,sw/toolchain/riscv-opcodes/opcodes-ipu_CUSTOM:20
custom-3_f0_f7_108,11011000000000000000?????1111011,LP_STARTI,????????????000000000000?1111011,0xd800007b,generator,sw/toolchain/riscv-opcodes/opcodes-xpulphwloop_CUSTOM,sw/toolchain/riscv-opcodes/opcodes-xpulphwloop_CUSTOM:17
custom-3_f0_f7_109,11011010000000000000?????1111011,IADDI,?????????????????000?????1111011,0xda00007b,generator,sw/toolchain/riscv-opcodes/opcodes-ipu_CUSTOM,sw/toolchain/riscv-opcodes/opcodes-ipu_CUSTOM:20
custom-3_f0_f7_109,11011010000000000000?????1111011,LP_STARTI,????????????000000000000?1111011,0xda00007b,generator,sw/toolchain/riscv-opcodes/opcodes-xpulphwloop_CUSTOM,sw/toolchain/riscv-opcodes/opcodes-xpulphwloop_CUSTOM:17
custom-3_f0_f7_110,11011100000000000000?????1111011,IADDI,?????????????????000?????1111011,0xdc00007b,generator,sw/toolchain/riscv-opcodes/opcodes-ipu_CUSTOM,sw/toolchain/riscv-opcodes/opcodes-ipu_CUSTOM:20
custom-3_f0_f7_110,11011100000000000000?????1111011,LP_STARTI,????????????000000000000?1111011,0xdc00007b,generator,sw/toolchain/riscv-opcodes/opcodes-xpulphwloop_CUSTOM,sw/toolchain/riscv-opcodes/opcodes-xpulphwloop_CUSTOM:17
custom-3_f0_f7_111,11011110000000000000?????1111011,IADDI,?????????????????000?????1111011,0xde00007b,generator,sw/toolchain/riscv-opcodes/opcodes-ipu_CUSTOM,sw/toolchain/riscv-opcodes/opcodes-ipu_CUSTOM:20
custom-3_f0_f7_111,11011110000000000000?????1111011,LP_STARTI,????????????000000000000?1111011,0xde00007b,generator,sw/toolchain/riscv-opcodes/opcodes-xpulphwloop_CUSTOM,sw/toolchain/riscv-opcodes/opcodes-xpulphwloop_CUSTOM:17
custom-3_f0_f7_112,11100000000000000000?????1111011,IADDI,?????????????????000?????1111011,0xe000007b,generator,sw/toolchain/riscv-opcodes/opcodes-ipu_CUSTOM,sw/toolchain/riscv-opcodes/opcodes-ipu_CUSTOM:20
custom-3_f0_f7_112,11100000000000000000?????1111011,LP_STARTI,????????????000000000000?1111011,0xe000007b,generator,sw/toolchain/riscv-opcodes/opcodes-xpulphwloop_CUSTOM,sw/toolchain/riscv-opcodes/opcodes-xpulphwloop_CUSTOM:17
custom-3_f0_f7_113,11100010000000000000?????1111011,IADDI,?????????????????000?????1111011,0xe200007b,generator,sw/toolchain/riscv-opcodes/opcodes-ipu_CUSTOM,sw/toolchain/riscv-opcodes/opcodes-ipu_CUSTOM:20
custom-3_f0_f7_113,11100010000000000000?????1111011,LP_STARTI,????????????000000000000?1111011,0xe200007b,generator,sw/toolchain/riscv-opcodes/opcodes-xpulphwloop_CUSTOM,sw/toolchain/riscv-opcodes/opcodes-xpulphwloop_CUSTOM:17
custom-3_f0_f7_114,11100100000000000000?????1111011,IADDI,?????????????????000?????1111011,0xe400007b,generator,sw/toolchain/riscv-opcodes/opcodes-ipu_CUSTOM,sw/toolchain/riscv-opcodes/opcodes-ipu_CUSTOM:20
custom-3_f0_f7_114,11100100000000000000?????1111011,LP_STARTI,????????????000000000000?1111011,0xe400007b,generator,sw/toolchain/riscv-opcodes/opcodes-xpulphwloop_CUSTOM,sw/toolchain/riscv-opcodes/opcodes-xpulphwloop_CUSTOM:17
custom-3_f0_f7_115,11100110000000000000?????1111011,IADDI,?????????????????000?????1111011,0xe600007b,generator,sw/toolchain/riscv-opcodes/opcodes-ipu_CUSTOM,sw/toolchain/riscv-opcodes/opcodes-ipu_CUSTOM:20
custom-3_f0_f7_115,11100110000000000000?????1111011,LP_STARTI,????????????000000000000?1111011,0xe600007b,generator,sw/toolchain/riscv-opcodes/opcodes-xpulphwloop_CUSTOM,sw/toolchain/riscv-opcodes/opcodes-xpulphwloop_CUSTOM:17
custom-3_f0_f7_116,11101000000000000000?????1111011,IADDI,?????????????????000?????1111011,0xe800007b,generator,sw/toolchain/riscv-opcodes/opcodes-ipu_CUSTOM,sw/toolchain/riscv-opcodes/opcodes-ipu_CUSTOM:20
custom-3_f0_f7_116,11101000000000000000?????1111011,LP_STARTI,????????????000000000000?1111011,0xe800007b,generator,sw/toolchain/riscv-opcodes/opcodes-xpulphwloop_CUSTOM,sw/toolchain/riscv-opcodes/opcodes-xpulphwloop_CUSTOM:17
custom-3_f0_f7_117,11101010000000000000?????1111011,IADDI,?????????????????000?????1111011,0xea00007b,generator,sw/toolchain/riscv-opcodes/opcodes-ipu_CUSTOM,sw/toolchain/riscv-opcodes/opcodes-ipu_CUSTOM:20
custom-3_f0_f7_117,11101010000000000000?????1111011,LP_STARTI,????????????000000000000?1111011,0xea00007b,generator,sw/toolchain/riscv-opcodes/opcodes-xpulphwloop_CUSTOM,sw/toolchain/riscv-opcodes/opcodes-xpulphwloop_CUSTOM:17
custom-3_f0_f7_118,11101100000000000000?????1111011,IADDI,?????????????????000?????1111011,0xec00007b,generator,sw/toolchain/riscv-opcodes/opcodes-ipu_CUSTOM,sw/toolchain/riscv-opcodes/opcodes-ipu_CUSTOM:20
custom-3_f0_f7_118,11101100000000000000?????1111011,LP_STARTI,????????????000000000000?1111011,0xec00007b,generator,sw/toolchain/riscv-opcodes/opcodes-xpulphwloop_CUSTOM,sw/toolchain/riscv-opcodes/opcodes-xpulphwloop_CUSTOM:17
custom-3_f0_f7_119,11101110000000000000?????1111011,IADDI,?????????????????000?????1111011,0xee00007b,generator,sw/toolchain/riscv-opcodes/opcodes-ipu_CUSTOM,sw/toolchain/riscv-opcodes/opcodes-ipu_CUSTOM:20
custom-3_f0_f7_119,11101110000000000000?????1111011,LP_STARTI,????????????000000000000?1111011,0xee00007b,generator,sw/toolchain/riscv-opcodes/opcodes-xpulphwloop_CUSTOM,sw/toolchain/riscv-opcodes/opcodes-xpulphwloop_CUSTOM:17
custom-3_f0_f7_120,11110000000000000000?????1111011,IADDI,?????????????????000?????1111011,0xf000007b,generator,sw/toolchain/riscv-opcodes/opcodes-ipu_CUSTOM,sw/toolchain/riscv-opcodes/opcodes-ipu_CUSTOM:20
custom-3_f0_f7_120,11110000000000000000?????1111011,LP_STARTI,????????????000000000000?1111011,0xf000007b,generator,sw/toolchain/riscv-opcodes/opcodes-xpulphwloop_CUSTOM,sw/toolchain/riscv-opcodes/opcodes-xpulphwloop_CUSTOM:17
custom-3_f0_f7_121,11110010000000000000?????1111011,IADDI,?????????????????000?????1111011,0xf200007b,generator,sw/toolchain/riscv-opcodes/opcodes-ipu_CUSTOM,sw/toolchain/riscv-opcodes/opcodes-ipu_CUSTOM:20
custom-3_f0_f7_121,11110010000000000000?????1111011,LP_STARTI,????????????000000000000?1111011,0xf200007b,generator,sw/toolchain/riscv-opcodes/opcodes-xpulphwloop_CUSTOM,sw/toolchain/riscv-opcodes/opcodes-xpulphwloop_CUSTOM:17
custom-3_f0_f7_122,11110100000000000000?????1111011,IADDI,?????????????????000?????1111011,0xf400007b,generator,sw/toolchain/riscv-opcodes/opcodes-ipu_CUSTOM,sw/toolchain/riscv-opcodes/opcodes-ipu_CUSTOM:20
custom-3_f0_f7_122,11110100000000000000?????1111011,LP_STARTI,????????????000000000000?1111011,0xf400007b,generator,sw/toolchain/riscv-opcodes/opcodes-xpulphwloop_CUSTOM,sw/toolchain/riscv-opcodes/opcodes-xpulphwloop_CUSTOM:17
custom-3_f0_f7_123,11110110000000000000?????1111011,IADDI,?????????????????000?????1111011,0xf600007b,generator,sw/toolchain/riscv-opcodes/opcodes-ipu_CUSTOM,sw/toolchain/riscv-opcodes/opcodes-ipu_CUSTOM:20
custom-3_f0_f7_123,11110110000000000000?????1111011,LP_STARTI,????????????000000000000?1111011,0xf600007b,generator,sw/toolchain/riscv-opcodes/opcodes-xpulphwloop_CUSTOM,sw/toolchain/riscv-opcodes/opcodes-xpulphwloop_CUSTOM:17
custom-3_f0_f7_124,11111000000000000000?????1111011,IADDI,?????????????????000?????1111011,0xf800007b,generator,sw/toolchain/riscv-opcodes/opcodes-ipu_CUSTOM,sw/toolchain/riscv-opcodes/opcodes-ipu_CUSTOM:20
custom-3_f0_f7_124,11111000000000000000?????1111011,LP_STARTI,????????????000000000000?1111011,0xf800007b,generator,sw/toolchain/riscv-opcodes/opcodes-xpulphwloop_CUSTOM,sw/toolchain/riscv-opcodes/opcodes-xpulphwloop_CUSTOM:17
custom-3_f0_f7_125,11111010000000000000?????1111011,IADDI,?????????????????000?????1111011,0xfa00007b,generator,sw/toolchain/riscv-opcodes/opcodes-ipu_CUSTOM,sw/toolchain/riscv-opcodes/opcodes-ipu_CUSTOM:20
custom-3_f0_f7_125,11111010000000000000?????1111011,LP_STARTI,????????????000000000000?1111011,0xfa00007b,generator,sw/toolchain/riscv-opcodes/opcodes-xpulphwloop_CUSTOM,sw/toolchain/riscv-opcodes/opcodes-xpulphwloop_CUSTOM:17
custom-3_f0_f7_126,11111100000000000000?????1111011,IADDI,?????????????????000?????1111011,0xfc00007b,generator,sw/toolchain/riscv-opcodes/opcodes-ipu_CUSTOM,sw/toolchain/riscv-opcodes/opcodes-ipu_CUSTOM:20
custom-3_f0_f7_126,11111100000000000000?????1111011,LP_STARTI,????????????000000000000?1111011,0xfc00007b,generator,sw/toolchain/riscv-opcodes/opcodes-xpulphwloop_CUSTOM,sw/toolchain/riscv-opcodes/opcodes-xpulphwloop_CUSTOM:17
custom-3_f0_f7_127,11111110000000000000?????1111011,IADDI,?????????????????000?????1111011,0xfe00007b,generator,sw/toolchain/riscv-opcodes/opcodes-ipu_CUSTOM,sw/toolchain/riscv-opcodes/opcodes-ipu_CUSTOM:20
custom-3_f0_f7_127,11111110000000000000?????1111011,LP_STARTI,????????????000000000000?1111011,0xfe00007b,generator,sw/toolchain/riscv-opcodes/opcodes-xpulphwloop_CUSTOM,sw/toolchain/riscv-opcodes/opcodes-xpulphwloop_CUSTOM:17
custom-3_f1_f7_0,00000000000000000001?????1111011,ISLLI,000000???????????001?????1111011,0x0000107b,generator,sw/toolchain/riscv-opcodes/opcodes-ipu_CUSTOM,sw/toolchain/riscv-opcodes/opcodes-ipu_CUSTOM:21
custom-3_f1_f7_0,00000000000000000001?????1111011,LP_ENDI,????????????000000010000?1111011,0x0000107b,generator,sw/toolchain/riscv-opcodes/opcodes-xpulphwloop_CUSTOM,sw/toolchain/riscv-opcodes/opcodes-xpulphwloop_CUSTOM:18
custom-3_f1_f7_1,00000010000000000001?????1111011,ISLLI,000000???????????001?????1111011,0x0200107b,generator,sw/toolchain/riscv-opcodes/opcodes-ipu_CUSTOM,sw/toolchain/riscv-opcodes/opcodes-ipu_CUSTOM:21
custom-3_f1_f7_1,00000010000000000001?????1111011,LP_ENDI,????????????000000010000?1111011,0x0200107b,generator,sw/toolchain/riscv-opcodes/opcodes-xpulphwloop_CUSTOM,sw/toolchain/riscv-opcodes/opcodes-xpulphwloop_CUSTOM:18
custom-3_f1_f7_2,00000100000000000001?????1111011,LP_ENDI,????????????000000010000?1111011,0x0400107b,generator,sw/toolchain/riscv-opcodes/opcodes-xpulphwloop_CUSTOM,sw/toolchain/riscv-opcodes/opcodes-xpulphwloop_CUSTOM:18
custom-3_f1_f7_3,00000110000000000001?????1111011,LP_ENDI,????????????000000010000?1111011,0x0600107b,generator,sw/toolchain/riscv-opcodes/opcodes-xpulphwloop_CUSTOM,sw/toolchain/riscv-opcodes/opcodes-xpulphwloop_CUSTOM:18
custom-3_f1_f7_4,00001000000000000001?????1111011,ISHFLI,0000100??????????001?????1111011,0x0800107b,generator,sw/toolchain/riscv-opcodes/opcodes-ipu_CUSTOM,sw/toolchain/riscv-opcodes/opcodes-ipu_CUSTOM:112
custom-3_f1_f7_4,00001000000000000001?????1111011,LP_ENDI,????????????000000010000?1111011,0x0800107b,generator,sw/toolchain/riscv-opcodes/opcodes-xpulphwloop_CUSTOM,sw/toolchain/riscv-opcodes/opcodes-xpulphwloop_CUSTOM:18
custom-3_f1_f7_5,00001010000000000001?????1111011,LP_ENDI,????????????000000010000?1111011,0x0a00107b,generator,sw/toolchain/riscv-opcodes/opcodes-xpulphwloop_CUSTOM,sw/toolchain/riscv-opcodes/opcodes-xpulphwloop_CUSTOM:18
custom-3_f1_f7_6,00001100000000000001?????1111011,LP_ENDI,????????????000000010000?1111011,0x0c00107b,generator,sw/toolchain/riscv-opcodes/opcodes-xpulphwloop_CUSTOM,sw/toolchain/riscv-opcodes/opcodes-xpulphwloop_CUSTOM:18
custom-3_f1_f7_7,00001110000000000001?????1111011,LP_ENDI,????????????000000010000?1111011,0x0e00107b,generator,sw/toolchain/riscv-opcodes/opcodes-xpulphwloop_CUSTOM,sw/toolchain/riscv-opcodes/opcodes-xpulphwloop_CUSTOM:18
custom-3_f1_f7_8,00010000000000000001?????1111011,LP_ENDI,????????????000000010000?1111011,0x1000107b,generator,sw/toolchain/riscv-opcodes/opcodes-xpulphwloop_CUSTOM,sw/toolchain/riscv-opcodes/opcodes-xpulphwloop_CUSTOM:18
custom-3_f1_f7_9,00010010000000000001?????1111011,LP_ENDI,????????????000000010000?1111011,0x1200107b,generator,sw/toolchain/riscv-opcodes/opcodes-xpulphwloop_CUSTOM,sw/toolchain/riscv-opcodes/opcodes-xpulphwloop_CUSTOM:18
custom-3_f1_f7_10,00010100000000000001?????1111011,LP_ENDI,????????????000000010000?1111011,0x1400107b,generator,sw/toolchain/riscv-opcodes/opcodes-xpulphwloop_CUSTOM,sw/toolchain/riscv-opcodes/opcodes-xpulphwloop_CUSTOM:18
custom-3_f1_f7_11,00010110000000000001?????1111011,LP_ENDI,????????????000000010000?1111011,0x1600107b,generator,sw/toolchain/riscv-opcodes/opcodes-xpulphwloop_CUSTOM,sw/toolchain/riscv-opcodes/opcodes-xpulphwloop_CUSTOM:18
custom-3_f1_f7_12,00011000000000000001?????1111011,LP_ENDI,????????????000000010000?1111011,0x1800107b,generator,sw/toolchain/riscv-opcodes/opcodes-xpulphwloop_CUSTOM,sw/toolchain/riscv-opcodes/opcodes-xpulphwloop_CUSTOM:18
custom-3_f1_f7_13,00011010000000000001?????1111011,LP_ENDI,????????????000000010000?1111011,0x1a00107b,generator,sw/toolchain/riscv-opcodes/opcodes-xpulphwloop_CUSTOM,sw/toolchain/riscv-opcodes/opcodes-xpulphwloop_CUSTOM:18
custom-3_f1_f7_14,00011100000000000001?????1111011,LP_ENDI,????????????000000010000?1111011,0x1c00107b,generator,sw/toolchain/riscv-opcodes/opcodes-xpulphwloop_CUSTOM,sw/toolchain/riscv-opcodes/opcodes-xpulphwloop_CUSTOM:18
custom-3_f1_f7_15,00011110000000000001?????1111011,LP_ENDI,????????????000000010000?1111011,0x1e00107b,generator,sw/toolchain/riscv-opcodes/opcodes-xpulphwloop_CUSTOM,sw/toolchain/riscv-opcodes/opcodes-xpulphwloop_CUSTOM:18
custom-3_f1_f7_16,00100000000000000001?????1111011,ISLOI,001000???????????001?????1111011,0x2000107b,generator,sw/toolchain/riscv-opcodes/opcodes-ipu_CUSTOM,sw/toolchain/riscv-opcodes/opcodes-ipu_CUSTOM:67
custom-3_f1_f7_16,00100000000000000001?????1111011,LP_ENDI,????????????000000010000?1111011,0x2000107b,generator,sw/toolchain/riscv-opcodes/opcodes-xpulphwloop_CUSTOM,sw/toolchain/riscv-opcodes/opcodes-xpulphwloop_CUSTOM:18
custom-3_f1_f7_17,00100010000000000001?????1111011,ISLOI,001000???????????001?????1111011,0x2200107b,generator,sw/toolchain/riscv-opcodes/opcodes-ipu_CUSTOM,sw/toolchain/riscv-opcodes/opcodes-ipu_CUSTOM:67
custom-3_f1_f7_17,00100010000000000001?????1111011,LP_ENDI,????????????000000010000?1111011,0x2200107b,generator,sw/toolchain/riscv-opcodes/opcodes-xpulphwloop_CUSTOM,sw/toolchain/riscv-opcodes/opcodes-xpulphwloop_CUSTOM:18
custom-3_f1_f7_18,00100100000000000001?????1111011,LP_ENDI,????????????000000010000?1111011,0x2400107b,generator,sw/toolchain/riscv-opcodes/opcodes-xpulphwloop_CUSTOM,sw/toolchain/riscv-opcodes/opcodes-xpulphwloop_CUSTOM:18
custom-3_f1_f7_19,00100110000000000001?????1111011,LP_ENDI,????????????000000010000?1111011,0x2600107b,generator,sw/toolchain/riscv-opcodes/opcodes-xpulphwloop_CUSTOM,sw/toolchain/riscv-opcodes/opcodes-xpulphwloop_CUSTOM:18
custom-3_f1_f7_20,00101000000000000001?????1111011,ISBSETI,001010???????????001?????1111011,0x2800107b,generator,sw/toolchain/riscv-opcodes/opcodes-ipu_CUSTOM,sw/toolchain/riscv-opcodes/opcodes-ipu_CUSTOM:72
custom-3_f1_f7_20,00101000000000000001?????1111011,LP_ENDI,????????????000000010000?1111011,0x2800107b,generator,sw/toolchain/riscv-opcodes/opcodes-xpulphwloop_CUSTOM,sw/toolchain/riscv-opcodes/opcodes-xpulphwloop_CUSTOM:18
custom-3_f1_f7_21,00101010000000000001?????1111011,ISBSETI,001010???????????001?????1111011,0x2a00107b,generator,sw/toolchain/riscv-opcodes/opcodes-ipu_CUSTOM,sw/toolchain/riscv-opcodes/opcodes-ipu_CUSTOM:72
custom-3_f1_f7_21,00101010000000000001?????1111011,LP_ENDI,????????????000000010000?1111011,0x2a00107b,generator,sw/toolchain/riscv-opcodes/opcodes-xpulphwloop_CUSTOM,sw/toolchain/riscv-opcodes/opcodes-xpulphwloop_CUSTOM:18
custom-3_f1_f7_22,00101100000000000001?????1111011,LP_ENDI,????????????000000010000?1111011,0x2c00107b,generator,sw/toolchain/riscv-opcodes/opcodes-xpulphwloop_CUSTOM,sw/toolchain/riscv-opcodes/opcodes-xpulphwloop_CUSTOM:18
custom-3_f1_f7_23,00101110000000000001?????1111011,LP_ENDI,????????????000000010000?1111011,0x2e00107b,generator,sw/toolchain/riscv-opcodes/opcodes-xpulphwloop_CUSTOM,sw/toolchain/riscv-opcodes/opcodes-xpulphwloop_CUSTOM:18
custom-3_f1_f7_24,00110000000000000001?????1111011,LP_ENDI,????????????000000010000?1111011,0x3000107b,generator,sw/toolchain/riscv-opcodes/opcodes-xpulphwloop_CUSTOM,sw/toolchain/riscv-opcodes/opcodes-xpulphwloop_CUSTOM:18
custom-3_f1_f7_25,00110010000000000001?????1111011,LP_ENDI,????????????000000010000?1111011,0x3200107b,generator,sw/toolchain/riscv-opcodes/opcodes-xpulphwloop_CUSTOM,sw/toolchain/riscv-opcodes/opcodes-xpulphwloop_CUSTOM:18
custom-3_f1_f7_26,00110100000000000001?????1111011,LP_ENDI,????????????000000010000?1111011,0x3400107b,generator,sw/toolchain/riscv-opcodes/opcodes-xpulphwloop_CUSTOM,sw/toolchain/riscv-opcodes/opcodes-xpulphwloop_CUSTOM:18
custom-3_f1_f7_27,00110110000000000001?????1111011,LP_ENDI,????????????000000010000?1111011,0x3600107b,generator,sw/toolchain/riscv-opcodes/opcodes-xpulphwloop_CUSTOM,sw/toolchain/riscv-opcodes/opcodes-xpulphwloop_CUSTOM:18
custom-3_f1_f7_28,00111000000000000001?????1111011,LP_ENDI,????????????000000010000?1111011,0x3800107b,generator,sw/toolchain/riscv-opcodes/opcodes-xpulphwloop_CUSTOM,sw/toolchain/riscv-opcodes/opcodes-xpulphwloop_CUSTOM:18
custom-3_f1_f7_29,00111010000000000001?????1111011,LP_ENDI,????????????000000010000?1111011,0x3a00107b,generator,sw/toolchain/riscv-opcodes/opcodes-xpulphwloop_CUSTOM,sw/toolchain/riscv-opcodes/opcodes-xpulphwloop_CUSTOM:18
custom-3_f1_f7_30,00111100000000000001?????1111011,LP_ENDI,????????????000000010000?1111011,0x3c00107b,generator,sw/toolchain/riscv-opcodes/opcodes-xpulphwloop_CUSTOM,sw/toolchain/riscv-opcodes/opcodes-xpulphwloop_CUSTOM:18
custom-3_f1_f7_31,00111110000000000001?????1111011,LP_ENDI,????????????000000010000?1111011,0x3e00107b,generator,sw/toolchain/riscv-opcodes/opcodes-xpulphwloop_CUSTOM,sw/toolchain/riscv-opcodes/opcodes-xpulphwloop_CUSTOM:18
custom-3_f1_f7_32,01000000000000000001?????1111011,LP_ENDI,????????????000000010000?1111011,0x4000107b,generator,sw/toolchain/riscv-opcodes/opcodes-xpulphwloop_CUSTOM,sw/toolchain/riscv-opcodes/opcodes-xpulphwloop_CUSTOM:18
custom-3_f1_f7_33,01000010000000000001?????1111011,LP_ENDI,????????????000000010000?1111011,0x4200107b,generator,sw/toolchain/riscv-opcodes/opcodes-xpulphwloop_CUSTOM,sw/toolchain/riscv-opcodes/opcodes-xpulphwloop_CUSTOM:18
custom-3_f1_f7_34,01000100000000000001?????1111011,LP_ENDI,????????????000000010000?1111011,0x4400107b,generator,sw/toolchain/riscv-opcodes/opcodes-xpulphwloop_CUSTOM,sw/toolchain/riscv-opcodes/opcodes-xpulphwloop_CUSTOM:18
custom-3_f1_f7_35,01000110000000000001?????1111011,LP_ENDI,????????????000000010000?1111011,0x4600107b,generator,sw/toolchain/riscv-opcodes/opcodes-xpulphwloop_CUSTOM,sw/toolchain/riscv-opcodes/opcodes-xpulphwloop_CUSTOM:18
custom-3_f1_f7_36,01001000000000000001?????1111011,ISBCLRI,010010???????????001?????1111011,0x4800107b,generator,sw/toolchain/riscv-opcodes/opcodes-ipu_CUSTOM,sw/toolchain/riscv-opcodes/opcodes-ipu_CUSTOM:71
custom-3_f1_f7_36,01001000000000000001?????1111011,LP_ENDI,????????????000000010000?1111011,0x4800107b,generator,sw/toolchain/riscv-opcodes/opcodes-xpulphwloop_CUSTOM,sw/toolchain/riscv-opcodes/opcodes-xpulphwloop_CUSTOM:18
custom-3_f1_f7_37,01001010000000000001?????1111011,ISBCLRI,010010???????????001?????1111011,0x4a00107b,generator,sw/toolchain/riscv-opcodes/opcodes-ipu_CUSTOM,sw/toolchain/riscv-opcodes/opcodes-ipu_CUSTOM:71
custom-3_f1_f7_37,01001010000000000001?????1111011,LP_ENDI,????????????000000010000?1111011,0x4a00107b,generator,sw/toolchain/riscv-opcodes/opcodes-xpulphwloop_CUSTOM,sw/toolchain/riscv-opcodes/opcodes-xpulphwloop_CUSTOM:18
custom-3_f1_f7_38,01001100000000000001?????1111011,LP_ENDI,????????????000000010000?1111011,0x4c00107b,generator,sw/toolchain/riscv-opcodes/opcodes-xpulphwloop_CUSTOM,sw/toolchain/riscv-opcodes/opcodes-xpulphwloop_CUSTOM:18
custom-3_f1_f7_39,01001110000000000001?????1111011,LP_ENDI,????????????000000010000?1111011,0x4e00107b,generator,sw/toolchain/riscv-opcodes/opcodes-xpulphwloop_CUSTOM,sw/toolchain/riscv-opcodes/opcodes-xpulphwloop_CUSTOM:18
custom-3_f1_f7_40,01010000000000000001?????1111011,LP_ENDI,????????????000000010000?1111011,0x5000107b,generator,sw/toolchain/riscv-opcodes/opcodes-xpulphwloop_CUSTOM,sw/toolchain/riscv-opcodes/opcodes-xpulphwloop_CUSTOM:18
custom-3_f1_f7_41,01010010000000000001?????1111011,LP_ENDI,????????????000000010000?1111011,0x5200107b,generator,sw/toolchain/riscv-opcodes/opcodes-xpulphwloop_CUSTOM,sw/toolchain/riscv-opcodes/opcodes-xpulphwloop_CUSTOM:18
custom-3_f1_f7_42,01010100000000000001?????1111011,LP_ENDI,????????????000000010000?1111011,0x5400107b,generator,sw/toolchain/riscv-opcodes/opcodes-xpulphwloop_CUSTOM,sw/toolchain/riscv-opcodes/opcodes-xpulphwloop_CUSTOM:18
custom-3_f1_f7_43,01010110000000000001?????1111011,LP_ENDI,????????????000000010000?1111011,0x5600107b,generator,sw/toolchain/riscv-opcodes/opcodes-xpulphwloop_CUSTOM,sw/toolchain/riscv-opcodes/opcodes-xpulphwloop_CUSTOM:18
custom-3_f1_f7_44,01011000000000000001?????1111011,LP_ENDI,????????????000000010000?1111011,0x5800107b,generator,sw/toolchain/riscv-opcodes/opcodes-xpulphwloop_CUSTOM,sw/toolchain/riscv-opcodes/opcodes-xpulphwloop_CUSTOM:18
custom-3_f1_f7_45,01011010000000000001?????1111011,LP_ENDI,????????????000000010000?1111011,0x5a00107b,generator,sw/toolchain/riscv-opcodes/opcodes-xpulphwloop_CUSTOM,sw/toolchain/riscv-opcodes/opcodes-xpulphwloop_CUSTOM:18
custom-3_f1_f7_46,01011100000000000001?????1111011,LP_ENDI,????????????000000010000?1111011,0x5c00107b,generator,sw/toolchain/riscv-opcodes/opcodes-xpulphwloop_CUSTOM,sw/toolchain/riscv-opcodes/opcodes-xpulphwloop_CUSTOM:18
custom-3_f1_f7_47,01011110000000000001?????1111011,LP_ENDI,????????????000000010000?1111011,0x5e00107b,generator,sw/toolchain/riscv-opcodes/opcodes-xpulphwloop_CUSTOM,sw/toolchain/riscv-opcodes/opcodes-xpulphwloop_CUSTOM:18
custom-3_f1_f7_48,01100000000000000001?????1111011,LP_ENDI,????????????000000010000?1111011,0x6000107b,generator,sw/toolchain/riscv-opcodes/opcodes-xpulphwloop_CUSTOM,sw/toolchain/riscv-opcodes/opcodes-xpulphwloop_CUSTOM:18
custom-3_f1_f7_49,01100010000000000001?????1111011,LP_ENDI,????????????000000010000?1111011,0x6200107b,generator,sw/toolchain/riscv-opcodes/opcodes-xpulphwloop_CUSTOM,sw/toolchain/riscv-opcodes/opcodes-xpulphwloop_CUSTOM:18
custom-3_f1_f7_50,01100100000000000001?????1111011,LP_ENDI,????????????000000010000?1111011,0x6400107b,generator,sw/toolchain/riscv-opcodes/opcodes-xpulphwloop_CUSTOM,sw/toolchain/riscv-opcodes/opcodes-xpulphwloop_CUSTOM:18
custom-3_f1_f7_51,01100110000000000001?????1111011,LP_ENDI,????????????000000010000?1111011,0x6600107b,generator,sw/toolchain/riscv-opcodes/opcodes-xpulphwloop_CUSTOM,sw/toolchain/riscv-opcodes/opcodes-xpulphwloop_CUSTOM:18
custom-3_f1_f7_52,01101000000000000001?????1111011,ISBINVI,011010???????????001?????1111011,0x6800107b,generator,sw/toolchain/riscv-opcodes/opcodes-ipu_CUSTOM,sw/toolchain/riscv-opcodes/opcodes-ipu_CUSTOM:73
custom-3_f1_f7_52,01101000000000000001?????1111011,LP_ENDI,????????????000000010000?1111011,0x6800107b,generator,sw/toolchain/riscv-opcodes/opcodes-xpulphwloop_CUSTOM,sw/toolchain/riscv-opcodes/opcodes-xpulphwloop_CUSTOM:18
custom-3_f1_f7_53,01101010000000000001?????1111011,ISBINVI,011010???????????001?????1111011,0x6a00107b,generator,sw/toolchain/riscv-opcodes/opcodes-ipu_CUSTOM,sw/toolchain/riscv-opcodes/opcodes-ipu_CUSTOM:73
custom-3_f1_f7_53,01101010000000000001?????1111011,LP_ENDI,????????????000000010000?1111011,0x6a00107b,generator,sw/toolchain/riscv-opcodes/opcodes-xpulphwloop_CUSTOM,sw/toolchain/riscv-opcodes/opcodes-xpulphwloop_CUSTOM:18
custom-3_f1_f7_54,01101100000000000001?????1111011,LP_ENDI,????????????000000010000?1111011,0x6c00107b,generator,sw/toolchain/riscv-opcodes/opcodes-xpulphwloop_CUSTOM,sw/toolchain/riscv-opcodes/opcodes-xpulphwloop_CUSTOM:18
custom-3_f1_f7_55,01101110000000000001?????1111011,LP_ENDI,????????????000000010000?1111011,0x6e00107b,generator,sw/toolchain/riscv-opcodes/opcodes-xpulphwloop_CUSTOM,sw/toolchain/riscv-opcodes/opcodes-xpulphwloop_CUSTOM:18
custom-3_f1_f7_56,01110000000000000001?????1111011,LP_ENDI,????????????000000010000?1111011,0x7000107b,generator,sw/toolchain/riscv-opcodes/opcodes-xpulphwloop_CUSTOM,sw/toolchain/riscv-opcodes/opcodes-xpulphwloop_CUSTOM:18
custom-3_f1_f7_57,01110010000000000001?????1111011,LP_ENDI,????????????000000010000?1111011,0x7200107b,generator,sw/toolchain/riscv-opcodes/opcodes-xpulphwloop_CUSTOM,sw/toolchain/riscv-opcodes/opcodes-xpulphwloop_CUSTOM:18
custom-3_f1_f7_58,01110100000000000001?????1111011,LP_ENDI,????????????000000010000?1111011,0x7400107b,generator,sw/toolchain/riscv-opcodes/opcodes-xpulphwloop_CUSTOM,sw/toolchain/riscv-opcodes/opcodes-xpulphwloop_CUSTOM:18
custom-3_f1_f7_59,01110110000000000001?????1111011,LP_ENDI,????????????000000010000?1111011,0x7600107b,generator,sw/toolchain/riscv-opcodes/opcodes-xpulphwloop_CUSTOM,sw/toolchain/riscv-opcodes/opcodes-xpulphwloop_CUSTOM:18
custom-3_f1_f7_60,01111000000000000001?????1111011,LP_ENDI,????????????000000010000?1111011,0x7800107b,generator,sw/toolchain/riscv-opcodes/opcodes-xpulphwloop_CUSTOM,sw/toolchain/riscv-opcodes/opcodes-xpulphwloop_CUSTOM:18
custom-3_f1_f7_61,01111010000000000001?????1111011,LP_ENDI,????????????000000010000?1111011,0x7a00107b,generator,sw/toolchain/riscv-opcodes/opcodes-xpulphwloop_CUSTOM,sw/toolchain/riscv-opcodes/opcodes-xpulphwloop_CUSTOM:18
custom-3_f1_f7_62,01111100000000000001?????1111011,LP_ENDI,????????????000000010000?1111011,0x7c00107b,generator,sw/toolchain/riscv-opcodes/opcodes-xpulphwloop_CUSTOM,sw/toolchain/riscv-opcodes/opcodes-xpulphwloop_CUSTOM:18
custom-3_f1_f7_63,01111110000000000001?????1111011,LP_ENDI,????????????000000010000?1111011,0x7e00107b,generator,sw/toolchain/riscv-opcodes/opcodes-xpulphwloop_CUSTOM,sw/toolchain/riscv-opcodes/opcodes-xpulphwloop_CUSTOM:18
custom-3_f1_f7_64,10000000000000000001?????1111011,LP_ENDI,????????????000000010000?1111011,0x8000107b,generator,sw/toolchain/riscv-opcodes/opcodes-xpulphwloop_CUSTOM,sw/toolchain/riscv-opcodes/opcodes-xpulphwloop_CUSTOM:18
custom-3_f1_f7_65,10000010000000000001?????1111011,LP_ENDI,????????????000000010000?1111011,0x8200107b,generator,sw/toolchain/riscv-opcodes/opcodes-xpulphwloop_CUSTOM,sw/toolchain/riscv-opcodes/opcodes-xpulphwloop_CUSTOM:18
custom-3_f1_f7_66,10000100000000000001?????1111011,LP_ENDI,????????????000000010000?1111011,0x8400107b,generator,sw/toolchain/riscv-opcodes/opcodes-xpulphwloop_CUSTOM,sw/toolchain/riscv-opcodes/opcodes-xpulphwloop_CUSTOM:18
custom-3_f1_f7_67,10000110000000000001?????1111011,LP_ENDI,????????????000000010000?1111011,0x8600107b,generator,sw/toolchain/riscv-opcodes/opcodes-xpulphwloop_CUSTOM,sw/toolchain/riscv-opcodes/opcodes-xpulphwloop_CUSTOM:18
custom-3_f1_f7_68,10001000000000000001?????1111011,LP_ENDI,????????????000000010000?1111011,0x8800107b,generator,sw/toolchain/riscv-opcodes/opcodes-xpulphwloop_CUSTOM,sw/toolchain/riscv-opcodes/opcodes-xpulphwloop_CUSTOM:18
custom-3_f1_f7_69,10001010000000000001?????1111011,LP_ENDI,????????????000000010000?1111011,0x8a00107b,generator,sw/toolchain/riscv-opcodes/opcodes-xpulphwloop_CUSTOM,sw/toolchain/riscv-opcodes/opcodes-xpulphwloop_CUSTOM:18
custom-3_f1_f7_70,10001100000000000001?????1111011,LP_ENDI,????????????000000010000?1111011,0x8c00107b,generator,sw/toolchain/riscv-opcodes/opcodes-xpulphwloop_CUSTOM,sw/toolchain/riscv-opcodes/opcodes-xpulphwloop_CUSTOM:18
custom-3_f1_f7_71,10001110000000000001?????1111011,LP_ENDI,????????????000000010000?1111011,0x8e00107b,generator,sw/toolchain/riscv-opcodes/opcodes-xpulphwloop_CUSTOM,sw/toolchain/riscv-opcodes/opcodes-xpulphwloop_CUSTOM:18
custom-3_f1_f7_72,10010000000000000001?????1111011,LP_ENDI,????????????000000010000?1111011,0x9000107b,generator,sw/toolchain/riscv-opcodes/opcodes-xpulphwloop_CUSTOM,sw/toolchain/riscv-opcodes/opcodes-xpulphwloop_CUSTOM:18
custom-3_f1_f7_73,10010010000000000001?????1111011,LP_ENDI,????????????000000010000?1111011,0x9200107b,generator,sw/toolchain/riscv-opcodes/opcodes-xpulphwloop_CUSTOM,sw/toolchain/riscv-opcodes/opcodes-xpulphwloop_CUSTOM:18
custom-3_f1_f7_74,10010100000000000001?????1111011,LP_ENDI,????????????000000010000?1111011,0x9400107b,generator,sw/toolchain/riscv-opcodes/opcodes-xpulphwloop_CUSTOM,sw/toolchain/riscv-opcodes/opcodes-xpulphwloop_CUSTOM:18
custom-3_f1_f7_75,10010110000000000001?????1111011,LP_ENDI,????????????000000010000?1111011,0x9600107b,generator,sw/toolchain/riscv-opcodes/opcodes-xpulphwloop_CUSTOM,sw/toolchain/riscv-opcodes/opcodes-xpulphwloop_CUSTOM:18
custom-3_f1_f7_76,10011000000000000001?????1111011,LP_ENDI,????????????000000010000?1111011,0x9800107b,generator,sw/toolchain/riscv-opcodes/opcodes-xpulphwloop_CUSTOM,sw/toolchain/riscv-opcodes/opcodes-xpulphwloop_CUSTOM:18
custom-3_f1_f7_77,10011010000000000001?????1111011,LP_ENDI,????????????000000010000?1111011,0x9a00107b,generator,sw/toolchain/riscv-opcodes/opcodes-xpulphwloop_CUSTOM,sw/toolchain/riscv-opcodes/opcodes-xpulphwloop_CUSTOM:18
custom-3_f1_f7_78,10011100000000000001?????1111011,LP_ENDI,????????????000000010000?1111011,0x9c00107b,generator,sw/toolchain/riscv-opcodes/opcodes-xpulphwloop_CUSTOM,sw/toolchain/riscv-opcodes/opcodes-xpulphwloop_CUSTOM:18
custom-3_f1_f7_79,10011110000000000001?????1111011,LP_ENDI,????????????000000010000?1111011,0x9e00107b,generator,sw/toolchain/riscv-opcodes/opcodes-xpulphwloop_CUSTOM,sw/toolchain/riscv-opcodes/opcodes-xpulphwloop_CUSTOM:18
custom-3_f1_f7_80,10100000000000000001?????1111011,LP_ENDI,????????????000000010000?1111011,0xa000107b,generator,sw/toolchain/riscv-opcodes/opcodes-xpulphwloop_CUSTOM,sw/toolchain/riscv-opcodes/opcodes-xpulphwloop_CUSTOM:18
custom-3_f1_f7_81,10100010000000000001?????1111011,LP_ENDI,????????????000000010000?1111011,0xa200107b,generator,sw/toolchain/riscv-opcodes/opcodes-xpulphwloop_CUSTOM,sw/toolchain/riscv-opcodes/opcodes-xpulphwloop_CUSTOM:18
custom-3_f1_f7_82,10100100000000000001?????1111011,LP_ENDI,????????????000000010000?1111011,0xa400107b,generator,sw/toolchain/riscv-opcodes/opcodes-xpulphwloop_CUSTOM,sw/toolchain/riscv-opcodes/opcodes-xpulphwloop_CUSTOM:18
custom-3_f1_f7_83,10100110000000000001?????1111011,LP_ENDI,????????????000000010000?1111011,0xa600107b,generator,sw/toolchain/riscv-opcodes/opcodes-xpulphwloop_CUSTOM,sw/toolchain/riscv-opcodes/opcodes-xpulphwloop_CUSTOM:18
custom-3_f1_f7_84,10101000000000000001?????1111011,LP_ENDI,????????????000000010000?1111011,0xa800107b,generator,sw/toolchain/riscv-opcodes/opcodes-xpulphwloop_CUSTOM,sw/toolchain/riscv-opcodes/opcodes-xpulphwloop_CUSTOM:18
custom-3_f1_f7_85,10101010000000000001?????1111011,LP_ENDI,????????????000000010000?1111011,0xaa00107b,generator,sw/toolchain/riscv-opcodes/opcodes-xpulphwloop_CUSTOM,sw/toolchain/riscv-opcodes/opcodes-xpulphwloop_CUSTOM:18
custom-3_f1_f7_86,10101100000000000001?????1111011,LP_ENDI,????????????000000010000?1111011,0xac00107b,generator,sw/toolchain/riscv-opcodes/opcodes-xpulphwloop_CUSTOM,sw/toolchain/riscv-opcodes/opcodes-xpulphwloop_CUSTOM:18
custom-3_f1_f7_87,10101110000000000001?????1111011,LP_ENDI,????????????000000010000?1111011,0xae00107b,generator,sw/toolchain/riscv-opcodes/opcodes-xpulphwloop_CUSTOM,sw/toolchain/riscv-opcodes/opcodes-xpulphwloop_CUSTOM:18
custom-3_f1_f7_88,10110000000000000001?????1111011,LP_ENDI,????????????000000010000?1111011,0xb000107b,generator,sw/toolchain/riscv-opcodes/opcodes-xpulphwloop_CUSTOM,sw/toolchain/riscv-opcodes/opcodes-xpulphwloop_CUSTOM:18
custom-3_f1_f7_89,10110010000000000001?????1111011,LP_ENDI,????????????000000010000?1111011,0xb200107b,generator,sw/toolchain/riscv-opcodes/opcodes-xpulphwloop_CUSTOM,sw/toolchain/riscv-opcodes/opcodes-xpulphwloop_CUSTOM:18
custom-3_f1_f7_90,10110100000000000001?????1111011,LP_ENDI,????????????000000010000?1111011,0xb400107b,generator,sw/toolchain/riscv-opcodes/opcodes-xpulphwloop_CUSTOM,sw/toolchain/riscv-opcodes/opcodes-xpulphwloop_CUSTOM:18
custom-3_f1_f7_91,10110110000000000001?????1111011,LP_ENDI,????????????000000010000?1111011,0xb600107b,generator,sw/toolchain/riscv-opcodes/opcodes-xpulphwloop_CUSTOM,sw/toolchain/riscv-opcodes/opcodes-xpulphwloop_CUSTOM:18
custom-3_f1_f7_92,10111000000000000001?????1111011,LP_ENDI,????????????000000010000?1111011,0xb800107b,generator,sw/toolchain/riscv-opcodes/opcodes-xpulphwloop_CUSTOM,sw/toolchain/riscv-opcodes/opcodes-xpulphwloop_CUSTOM:18
custom-3_f1_f7_93,10111010000000000001?????1111011,LP_ENDI,????????????000000010000?1111011,0xba00107b,generator,sw/toolchain/riscv-opcodes/opcodes-xpulphwloop_CUSTOM,sw/toolchain/riscv-opcodes/opcodes-xpulphwloop_CUSTOM:18
custom-3_f1_f7_94,10111100000000000001?????1111011,LP_ENDI,????????????000000010000?1111011,0xbc00107b,generator,sw/toolchain/riscv-opcodes/opcodes-xpulphwloop_CUSTOM,sw/toolchain/riscv-opcodes/opcodes-xpulphwloop_CUSTOM:18
custom-3_f1_f7_95,10111110000000000001?????1111011,LP_ENDI,????????????000000010000?1111011,0xbe00107b,generator,sw/toolchain/riscv-opcodes/opcodes-xpulphwloop_CUSTOM,sw/toolchain/riscv-opcodes/opcodes-xpulphwloop_CUSTOM:18
custom-3_f1_f7_96,11000000000000000001?????1111011,LP_ENDI,????????????000000010000?1111011,0xc000107b,generator,sw/toolchain/riscv-opcodes/opcodes-xpulphwloop_CUSTOM,sw/toolchain/riscv-opcodes/opcodes-xpulphwloop_CUSTOM:18
custom-3_f1_f7_97,11000010000000000001?????1111011,LP_ENDI,????????????000000010000?1111011,0xc200107b,generator,sw/toolchain/riscv-opcodes/opcodes-xpulphwloop_CUSTOM,sw/toolchain/riscv-opcodes/opcodes-xpulphwloop_CUSTOM:18
custom-3_f1_f7_98,11000100000000000001?????1111011,LP_ENDI,????????????000000010000?1111011,0xc400107b,generator,sw/toolchain/riscv-opcodes/opcodes-xpulphwloop_CUSTOM,sw/toolchain/riscv-opcodes/opcodes-xpulphwloop_CUSTOM:18
custom-3_f1_f7_99,11000110000000000001?????1111011,LP_ENDI,????????????000000010000?1111011,0xc600107b,generator,sw/toolchain/riscv-opcodes/opcodes-xpulphwloop_CUSTOM,sw/toolchain/riscv-opcodes/opcodes-xpulphwloop_CUSTOM:18
custom-3_f1_f7_100,11001000000000000001?????1111011,LP_ENDI,????????????000000010000?1111011,0xc800107b,generator,sw/toolchain/riscv-opcodes/opcodes-xpulphwloop_CUSTOM,sw/toolchain/riscv-opcodes/opcodes-xpulphwloop_CUSTOM:18
custom-3_f1_f7_101,11001010000000000001?????1111011,LP_ENDI,????????????000000010000?1111011,0xca00107b,generator,sw/toolchain/riscv-opcodes/opcodes-xpulphwloop_CUSTOM,sw/toolchain/riscv-opcodes/opcodes-xpulphwloop_CUSTOM:18
custom-3_f1_f7_102,11001100000000000001?????1111011,LP_ENDI,????????????000000010000?1111011,0xcc00107b,generator,sw/toolchain/riscv-opcodes/opcodes-xpulphwloop_CUSTOM,sw/toolchain/riscv-opcodes/opcodes-xpulphwloop_CUSTOM:18
custom-3_f1_f7_103,11001110000000000001?????1111011,LP_ENDI,????????????000000010000?1111011,0xce00107b,generator,sw/toolchain/riscv-opcodes/opcodes-xpulphwloop_CUSTOM,sw/toolchain/riscv-opcodes/opcodes-xpulphwloop_CUSTOM:18
custom-3_f1_f7_104,11010000000000000001?????1111011,LP_ENDI,????????????000000010000?1111011,0xd000107b,generator,sw/toolchain/riscv-opcodes/opcodes-xpulphwloop_CUSTOM,sw/toolchain/riscv-opcodes/opcodes-xpulphwloop_CUSTOM:18
custom-3_f1_f7_105,11010010000000000001?????1111011,LP_ENDI,????????????000000010000?1111011,0xd200107b,generator,sw/toolchain/riscv-opcodes/opcodes-xpulphwloop_CUSTOM,sw/toolchain/riscv-opcodes/opcodes-xpulphwloop_CUSTOM:18
custom-3_f1_f7_106,11010100000000000001?????1111011,LP_ENDI,????????????000000010000?1111011,0xd400107b,generator,sw/toolchain/riscv-opcodes/opcodes-xpulphwloop_CUSTOM,sw/toolchain/riscv-opcodes/opcodes-xpulphwloop_CUSTOM:18
custom-3_f1_f7_107,11010110000000000001?????1111011,LP_ENDI,????????????000000010000?1111011,0xd600107b,generator,sw/toolchain/riscv-opcodes/opcodes-xpulphwloop_CUSTOM,sw/toolchain/riscv-opcodes/opcodes-xpulphwloop_CUSTOM:18
custom-3_f1_f7_108,11011000000000000001?????1111011,LP_ENDI,????????????000000010000?1111011,0xd800107b,generator,sw/toolchain/riscv-opcodes/opcodes-xpulphwloop_CUSTOM,sw/toolchain/riscv-opcodes/opcodes-xpulphwloop_CUSTOM:18
custom-3_f1_f7_109,11011010000000000001?????1111011,LP_ENDI,????????????000000010000?1111011,0xda00107b,generator,sw/toolchain/riscv-opcodes/opcodes-xpulphwloop_CUSTOM,sw/toolchain/riscv-opcodes/opcodes-xpulphwloop_CUSTOM:18
custom-3_f1_f7_110,11011100000000000001?????1111011,LP_ENDI,????????????000000010000?1111011,0xdc00107b,generator,sw/toolchain/riscv-opcodes/opcodes-xpulphwloop_CUSTOM,sw/toolchain/riscv-opcodes/opcodes-xpulphwloop_CUSTOM:18
custom-3_f1_f7_111,11011110000000000001?????1111011,LP_ENDI,????????????000000010000?1111011,0xde00107b,generator,sw/toolchain/riscv-opcodes/opcodes-xpulphwloop_CUSTOM,sw/toolchain/riscv-opcodes/opcodes-xpulphwloop_CUSTOM:18
custom-3_f1_f7_112,11100000000000000001?????1111011,LP_ENDI,????????????000000010000?1111011,0xe000107b,generator,sw/toolchain/riscv-opcodes/opcodes-xpulphwloop_CUSTOM,sw/toolchain/riscv-opcodes/opcodes-xpulphwloop_CUSTOM:18
custom-3_f1_f7_113,11100010000000000001?????1111011,LP_ENDI,????????????000000010000?1111011,0xe200107b,generator,sw/toolchain/riscv-opcodes/opcodes-xpulphwloop_CUSTOM,sw/toolchain/riscv-opcodes/opcodes-xpulphwloop_CUSTOM:18
custom-3_f1_f7_114,11100100000000000001?????1111011,LP_ENDI,????????????000000010000?1111011,0xe400107b,generator,sw/toolchain/riscv-opcodes/opcodes-xpulphwloop_CUSTOM,sw/toolchain/riscv-opcodes/opcodes-xpulphwloop_CUSTOM:18
custom-3_f1_f7_115,11100110000000000001?????1111011,LP_ENDI,????????????000000010000?1111011,0xe600107b,generator,sw/toolchain/riscv-opcodes/opcodes-xpulphwloop_CUSTOM,sw/toolchain/riscv-opcodes/opcodes-xpulphwloop_CUSTOM:18
custom-3_f1_f7_116,11101000000000000001?????1111011,LP_ENDI,????????????000000010000?1111011,0xe800107b,generator,sw/toolchain/riscv-opcodes/opcodes-xpulphwloop_CUSTOM,sw/toolchain/riscv-opcodes/opcodes-xpulphwloop_CUSTOM:18
custom-3_f1_f7_117,11101010000000000001?????1111011,LP_ENDI,????????????000000010000?1111011,0xea00107b,generator,sw/toolchain/riscv-opcodes/opcodes-xpulphwloop_CUSTOM,sw/toolchain/riscv-opcodes/opcodes-xpulphwloop_CUSTOM:18
custom-3_f1_f7_118,11101100000000000001?????1111011,LP_ENDI,????????????000000010000?1111011,0xec00107b,generator,sw/toolchain/riscv-opcodes/opcodes-xpulphwloop_CUSTOM,sw/toolchain/riscv-opcodes/opcodes-xpulphwloop_CUSTOM:18
custom-3_f1_f7_119,11101110000000000001?????1111011,LP_ENDI,????????????000000010000?1111011,0xee00107b,generator,sw/toolchain/riscv-opcodes/opcodes-xpulphwloop_CUSTOM,sw/toolchain/riscv-opcodes/opcodes-xpulphwloop_CUSTOM:18
custom-3_f1_f7_120,11110000000000000001?????1111011,LP_ENDI,????????????000000010000?1111011,0xf000107b,generator,sw/toolchain/riscv-opcodes/opcodes-xpulphwloop_CUSTOM,sw/toolchain/riscv-opcodes/opcodes-xpulphwloop_CUSTOM:18
custom-3_f1_f7_121,11110010000000000001?????1111011,LP_ENDI,????????????000000010000?1111011,0xf200107b,generator,sw/toolchain/riscv-opcodes/opcodes-xpulphwloop_CUSTOM,sw/toolchain/riscv-opcodes/opcodes-xpulphwloop_CUSTOM:18
custom-3_f1_f7_122,11110100000000000001?????1111011,LP_ENDI,????????????000000010000?1111011,0xf400107b,generator,sw/toolchain/riscv-opcodes/opcodes-xpulphwloop_CUSTOM,sw/toolchain/riscv-opcodes/opcodes-xpulphwloop_CUSTOM:18
custom-3_f1_f7_123,11110110000000000001?????1111011,LP_ENDI,????????????000000010000?1111011,0xf600107b,generator,sw/toolchain/riscv-opcodes/opcodes-xpulphwloop_CUSTOM,sw/toolchain/riscv-opcodes/opcodes-xpulphwloop_CUSTOM:18
custom-3_f1_f7_124,11111000000000000001?????1111011,LP_ENDI,????????????000000010000?1111011,0xf800107b,generator,sw/toolchain/riscv-opcodes/opcodes-xpulphwloop_CUSTOM,sw/toolchain/riscv-opcodes/opcodes-xpulphwloop_CUSTOM:18
custom-3_f1_f7_125,11111010000000000001?????1111011,LP_ENDI,????????????000000010000?1111011,0xfa00107b,generator,sw/toolchain/riscv-opcodes/opcodes-xpulphwloop_CUSTOM,sw/toolchain/riscv-opcodes/opcodes-xpulphwloop_CUSTOM:18
custom-3_f1_f7_126,11111100000000000001?????1111011,LP_ENDI,????????????000000010000?1111011,0xfc00107b,generator,sw/toolchain/riscv-opcodes/opcodes-xpulphwloop_CUSTOM,sw/toolchain/riscv-opcodes/opcodes-xpulphwloop_CUSTOM:18
custom-3_f1_f7_127,11111110000000000001?????1111011,LP_ENDI,????????????000000010000?1111011,0xfe00107b,generator,sw/toolchain/riscv-opcodes/opcodes-xpulphwloop_CUSTOM,sw/toolchain/riscv-opcodes/opcodes-xpulphwloop_CUSTOM:18
custom-3_f2_f7_0,00000000000000000010?????1111011,ISLTI,?????????????????010?????1111011,0x0000207b,generator,sw/toolchain/riscv-opcodes/opcodes-ipu_CUSTOM,sw/toolchain/riscv-opcodes/opcodes-ipu_CUSTOM:22
custom-3_f2_f7_0,00000000000000000010?????1111011,LP_COUNT,000000000000?????0100000?1111011,0x0000207b,generator,sw/toolchain/riscv-opcodes/opcodes-xpulphwloop_CUSTOM,sw/toolchain/riscv-opcodes/opcodes-xpulphwloop_CUSTOM:19
custom-3_f2_f7_1,00000010000000000010?????1111011,ISLTI,?????????????????010?????1111011,0x0200207b,generator,sw/toolchain/riscv-opcodes/opcodes-ipu_CUSTOM,sw/toolchain/riscv-opcodes/opcodes-ipu_CUSTOM:22
custom-3_f2_f7_2,00000100000000000010?????1111011,ISLTI,?????????????????010?????1111011,0x0400207b,generator,sw/toolchain/riscv-opcodes/opcodes-ipu_CUSTOM,sw/toolchain/riscv-opcodes/opcodes-ipu_CUSTOM:22
custom-3_f2_f7_3,00000110000000000010?????1111011,ISLTI,?????????????????010?????1111011,0x0600207b,generator,sw/toolchain/riscv-opcodes/opcodes-ipu_CUSTOM,sw/toolchain/riscv-opcodes/opcodes-ipu_CUSTOM:22
custom-3_f2_f7_4,00001000000000000010?????1111011,ISLTI,?????????????????010?????1111011,0x0800207b,generator,sw/toolchain/riscv-opcodes/opcodes-ipu_CUSTOM,sw/toolchain/riscv-opcodes/opcodes-ipu_CUSTOM:22
custom-3_f2_f7_5,00001010000000000010?????1111011,ISLTI,?????????????????010?????1111011,0x0a00207b,generator,sw/toolchain/riscv-opcodes/opcodes-ipu_CUSTOM,sw/toolchain/riscv-opcodes/opcodes-ipu_CUSTOM:22
custom-3_f2_f7_6,00001100000000000010?????1111011,ISLTI,?????????????????010?????1111011,0x0c00207b,generator,sw/toolchain/riscv-opcodes/opcodes-ipu_CUSTOM,sw/toolchain/riscv-opcodes/opcodes-ipu_CUSTOM:22
custom-3_f2_f7_7,00001110000000000010?????1111011,ISLTI,?????????????????010?????1111011,0x0e00207b,generator,sw/toolchain/riscv-opcodes/opcodes-ipu_CUSTOM,sw/toolchain/riscv-opcodes/opcodes-ipu_CUSTOM:22
custom-3_f2_f7_8,00010000000000000010?????1111011,ISLTI,?????????????????010?????1111011,0x1000207b,generator,sw/toolchain/riscv-opcodes/opcodes-ipu_CUSTOM,sw/toolchain/riscv-opcodes/opcodes-ipu_CUSTOM:22
custom-3_f2_f7_9,00010010000000000010?????1111011,ISLTI,?????????????????010?????1111011,0x1200207b,generator,sw/toolchain/riscv-opcodes/opcodes-ipu_CUSTOM,sw/toolchain/riscv-opcodes/opcodes-ipu_CUSTOM:22
custom-3_f2_f7_10,00010100000000000010?????1111011,ISLTI,?????????????????010?????1111011,0x1400207b,generator,sw/toolchain/riscv-opcodes/opcodes-ipu_CUSTOM,sw/toolchain/riscv-opcodes/opcodes-ipu_CUSTOM:22
custom-3_f2_f7_11,00010110000000000010?????1111011,ISLTI,?????????????????010?????1111011,0x1600207b,generator,sw/toolchain/riscv-opcodes/opcodes-ipu_CUSTOM,sw/toolchain/riscv-opcodes/opcodes-ipu_CUSTOM:22
custom-3_f2_f7_12,00011000000000000010?????1111011,ISLTI,?????????????????010?????1111011,0x1800207b,generator,sw/toolchain/riscv-opcodes/opcodes-ipu_CUSTOM,sw/toolchain/riscv-opcodes/opcodes-ipu_CUSTOM:22
custom-3_f2_f7_13,00011010000000000010?????1111011,ISLTI,?????????????????010?????1111011,0x1a00207b,generator,sw/toolchain/riscv-opcodes/opcodes-ipu_CUSTOM,sw/toolchain/riscv-opcodes/opcodes-ipu_CUSTOM:22
custom-3_f2_f7_14,00011100000000000010?????1111011,ISLTI,?????????????????010?????1111011,0x1c00207b,generator,sw/toolchain/riscv-opcodes/opcodes-ipu_CUSTOM,sw/toolchain/riscv-opcodes/opcodes-ipu_CUSTOM:22
custom-3_f2_f7_15,00011110000000000010?????1111011,ISLTI,?????????????????010?????1111011,0x1e00207b,generator,sw/toolchain/riscv-opcodes/opcodes-ipu_CUSTOM,sw/toolchain/riscv-opcodes/opcodes-ipu_CUSTOM:22
custom-3_f2_f7_16,00100000000000000010?????1111011,ISLTI,?????????????????010?????1111011,0x2000207b,generator,sw/toolchain/riscv-opcodes/opcodes-ipu_CUSTOM,sw/toolchain/riscv-opcodes/opcodes-ipu_CUSTOM:22
custom-3_f2_f7_17,00100010000000000010?????1111011,ISLTI,?????????????????010?????1111011,0x2200207b,generator,sw/toolchain/riscv-opcodes/opcodes-ipu_CUSTOM,sw/toolchain/riscv-opcodes/opcodes-ipu_CUSTOM:22
custom-3_f2_f7_18,00100100000000000010?????1111011,ISLTI,?????????????????010?????1111011,0x2400207b,generator,sw/toolchain/riscv-opcodes/opcodes-ipu_CUSTOM,sw/toolchain/riscv-opcodes/opcodes-ipu_CUSTOM:22
custom-3_f2_f7_19,00100110000000000010?????1111011,ISLTI,?????????????????010?????1111011,0x2600207b,generator,sw/toolchain/riscv-opcodes/opcodes-ipu_CUSTOM,sw/toolchain/riscv-opcodes/opcodes-ipu_CUSTOM:22
custom-3_f2_f7_20,00101000000000000010?????1111011,ISLTI,?????????????????010?????1111011,0x2800207b,generator,sw/toolchain/riscv-opcodes/opcodes-ipu_CUSTOM,sw/toolchain/riscv-opcodes/opcodes-ipu_CUSTOM:22
custom-3_f2_f7_21,00101010000000000010?????1111011,ISLTI,?????????????????010?????1111011,0x2a00207b,generator,sw/toolchain/riscv-opcodes/opcodes-ipu_CUSTOM,sw/toolchain/riscv-opcodes/opcodes-ipu_CUSTOM:22
custom-3_f2_f7_22,00101100000000000010?????1111011,ISLTI,?????????????????010?????1111011,0x2c00207b,generator,sw/toolchain/riscv-opcodes/opcodes-ipu_CUSTOM,sw/toolchain/riscv-opcodes/opcodes-ipu_CUSTOM:22
custom-3_f2_f7_23,00101110000000000010?????1111011,ISLTI,?????????????????010?????1111011,0x2e00207b,generator,sw/toolchain/riscv-opcodes/opcodes-ipu_CUSTOM,sw/toolchain/riscv-opcodes/opcodes-ipu_CUSTOM:22
custom-3_f2_f7_24,00110000000000000010?????1111011,ISLTI,?????????????????010?????1111011,0x3000207b,generator,sw/toolchain/riscv-opcodes/opcodes-ipu_CUSTOM,sw/toolchain/riscv-opcodes/opcodes-ipu_CUSTOM:22
custom-3_f2_f7_25,00110010000000000010?????1111011,ISLTI,?????????????????010?????1111011,0x3200207b,generator,sw/toolchain/riscv-opcodes/opcodes-ipu_CUSTOM,sw/toolchain/riscv-opcodes/opcodes-ipu_CUSTOM:22
custom-3_f2_f7_26,00110100000000000010?????1111011,ISLTI,?????????????????010?????1111011,0x3400207b,generator,sw/toolchain/riscv-opcodes/opcodes-ipu_CUSTOM,sw/toolchain/riscv-opcodes/opcodes-ipu_CUSTOM:22
custom-3_f2_f7_27,00110110000000000010?????1111011,ISLTI,?????????????????010?????1111011,0x3600207b,generator,sw/toolchain/riscv-opcodes/opcodes-ipu_CUSTOM,sw/toolchain/riscv-opcodes/opcodes-ipu_CUSTOM:22
custom-3_f2_f7_28,00111000000000000010?????1111011,ISLTI,?????????????????010?????1111011,0x3800207b,generator,sw/toolchain/riscv-opcodes/opcodes-ipu_CUSTOM,sw/toolchain/riscv-opcodes/opcodes-ipu_CUSTOM:22
custom-3_f2_f7_29,00111010000000000010?????1111011,ISLTI,?????????????????010?????1111011,0x3a00207b,generator,sw/toolchain/riscv-opcodes/opcodes-ipu_CUSTOM,sw/toolchain/riscv-opcodes/opcodes-ipu_CUSTOM:22
custom-3_f2_f7_30,00111100000000000010?????1111011,ISLTI,?????????????????010?????1111011,0x3c00207b,generator,sw/toolchain/riscv-opcodes/opcodes-ipu_CUSTOM,sw/toolchain/riscv-opcodes/opcodes-ipu_CUSTOM:22
custom-3_f2_f7_31,00111110000000000010?????1111011,ISLTI,?????????????????010?????1111011,0x3e00207b,generator,sw/toolchain/riscv-opcodes/opcodes-ipu_CUSTOM,sw/toolchain/riscv-opcodes/opcodes-ipu_CUSTOM:22
custom-3_f2_f7_32,01000000000000000010?????1111011,ISLTI,?????????????????010?????1111011,0x4000207b,generator,sw/toolchain/riscv-opcodes/opcodes-ipu_CUSTOM,sw/toolchain/riscv-opcodes/opcodes-ipu_CUSTOM:22
custom-3_f2_f7_33,01000010000000000010?????1111011,ISLTI,?????????????????010?????1111011,0x4200207b,generator,sw/toolchain/riscv-opcodes/opcodes-ipu_CUSTOM,sw/toolchain/riscv-opcodes/opcodes-ipu_CUSTOM:22
custom-3_f2_f7_34,01000100000000000010?????1111011,ISLTI,?????????????????010?????1111011,0x4400207b,generator,sw/toolchain/riscv-opcodes/opcodes-ipu_CUSTOM,sw/toolchain/riscv-opcodes/opcodes-ipu_CUSTOM:22
custom-3_f2_f7_35,01000110000000000010?????1111011,ISLTI,?????????????????010?????1111011,0x4600207b,generator,sw/toolchain/riscv-opcodes/opcodes-ipu_CUSTOM,sw/toolchain/riscv-opcodes/opcodes-ipu_CUSTOM:22
custom-3_f2_f7_36,01001000000000000010?????1111011,ISLTI,?????????????????010?????1111011,0x4800207b,generator,sw/toolchain/riscv-opcodes/opcodes-ipu_CUSTOM,sw/toolchain/riscv-opcodes/opcodes-ipu_CUSTOM:22
custom-3_f2_f7_37,01001010000000000010?????1111011,ISLTI,?????????????????010?????1111011,0x4a00207b,generator,sw/toolchain/riscv-opcodes/opcodes-ipu_CUSTOM,sw/toolchain/riscv-opcodes/opcodes-ipu_CUSTOM:22
custom-3_f2_f7_38,01001100000000000010?????1111011,ISLTI,?????????????????010?????1111011,0x4c00207b,generator,sw/toolchain/riscv-opcodes/opcodes-ipu_CUSTOM,sw/toolchain/riscv-opcodes/opcodes-ipu_CUSTOM:22
custom-3_f2_f7_39,01001110000000000010?????1111011,ISLTI,?????????????????010?????1111011,0x4e00207b,generator,sw/toolchain/riscv-opcodes/opcodes-ipu_CUSTOM,sw/toolchain/riscv-opcodes/opcodes-ipu_CUSTOM:22
custom-3_f2_f7_40,01010000000000000010?????1111011,ISLTI,?????????????????010?????1111011,0x5000207b,generator,sw/toolchain/riscv-opcodes/opcodes-ipu_CUSTOM,sw/toolchain/riscv-opcodes/opcodes-ipu_CUSTOM:22
custom-3_f2_f7_41,01010010000000000010?????1111011,ISLTI,?????????????????010?????1111011,0x5200207b,generator,sw/toolchain/riscv-opcodes/opcodes-ipu_CUSTOM,sw/toolchain/riscv-opcodes/opcodes-ipu_CUSTOM:22
custom-3_f2_f7_42,01010100000000000010?????1111011,ISLTI,?????????????????010?????1111011,0x5400207b,generator,sw/toolchain/riscv-opcodes/opcodes-ipu_CUSTOM,sw/toolchain/riscv-opcodes/opcodes-ipu_CUSTOM:22
custom-3_f2_f7_43,01010110000000000010?????1111011,ISLTI,?????????????????010?????1111011,0x5600207b,generator,sw/toolchain/riscv-opcodes/opcodes-ipu_CUSTOM,sw/toolchain/riscv-opcodes/opcodes-ipu_CUSTOM:22
custom-3_f2_f7_44,01011000000000000010?????1111011,ISLTI,?????????????????010?????1111011,0x5800207b,generator,sw/toolchain/riscv-opcodes/opcodes-ipu_CUSTOM,sw/toolchain/riscv-opcodes/opcodes-ipu_CUSTOM:22
custom-3_f2_f7_45,01011010000000000010?????1111011,ISLTI,?????????????????010?????1111011,0x5a00207b,generator,sw/toolchain/riscv-opcodes/opcodes-ipu_CUSTOM,sw/toolchain/riscv-opcodes/opcodes-ipu_CUSTOM:22
custom-3_f2_f7_46,01011100000000000010?????1111011,ISLTI,?????????????????010?????1111011,0x5c00207b,generator,sw/toolchain/riscv-opcodes/opcodes-ipu_CUSTOM,sw/toolchain/riscv-opcodes/opcodes-ipu_CUSTOM:22
custom-3_f2_f7_47,01011110000000000010?????1111011,ISLTI,?????????????????010?????1111011,0x5e00207b,generator,sw/toolchain/riscv-opcodes/opcodes-ipu_CUSTOM,sw/toolchain/riscv-opcodes/opcodes-ipu_CUSTOM:22
custom-3_f2_f7_48,01100000000000000010?????1111011,ISLTI,?????????????????010?????1111011,0x6000207b,generator,sw/toolchain/riscv-opcodes/opcodes-ipu_CUSTOM,sw/toolchain/riscv-opcodes/opcodes-ipu_CUSTOM:22
custom-3_f2_f7_49,01100010000000000010?????1111011,ISLTI,?????????????????010?????1111011,0x6200207b,generator,sw/toolchain/riscv-opcodes/opcodes-ipu_CUSTOM,sw/toolchain/riscv-opcodes/opcodes-ipu_CUSTOM:22
custom-3_f2_f7_50,01100100000000000010?????1111011,ISLTI,?????????????????010?????1111011,0x6400207b,generator,sw/toolchain/riscv-opcodes/opcodes-ipu_CUSTOM,sw/toolchain/riscv-opcodes/opcodes-ipu_CUSTOM:22
custom-3_f2_f7_51,01100110000000000010?????1111011,ISLTI,?????????????????010?????1111011,0x6600207b,generator,sw/toolchain/riscv-opcodes/opcodes-ipu_CUSTOM,sw/toolchain/riscv-opcodes/opcodes-ipu_CUSTOM:22
custom-3_f2_f7_52,01101000000000000010?????1111011,ISLTI,?????????????????010?????1111011,0x6800207b,generator,sw/toolchain/riscv-opcodes/opcodes-ipu_CUSTOM,sw/toolchain/riscv-opcodes/opcodes-ipu_CUSTOM:22
custom-3_f2_f7_53,01101010000000000010?????1111011,ISLTI,?????????????????010?????1111011,0x6a00207b,generator,sw/toolchain/riscv-opcodes/opcodes-ipu_CUSTOM,sw/toolchain/riscv-opcodes/opcodes-ipu_CUSTOM:22
custom-3_f2_f7_54,01101100000000000010?????1111011,ISLTI,?????????????????010?????1111011,0x6c00207b,generator,sw/toolchain/riscv-opcodes/opcodes-ipu_CUSTOM,sw/toolchain/riscv-opcodes/opcodes-ipu_CUSTOM:22
custom-3_f2_f7_55,01101110000000000010?????1111011,ISLTI,?????????????????010?????1111011,0x6e00207b,generator,sw/toolchain/riscv-opcodes/opcodes-ipu_CUSTOM,sw/toolchain/riscv-opcodes/opcodes-ipu_CUSTOM:22
custom-3_f2_f7_56,01110000000000000010?????1111011,ISLTI,?????????????????010?????1111011,0x7000207b,generator,sw/toolchain/riscv-opcodes/opcodes-ipu_CUSTOM,sw/toolchain/riscv-opcodes/opcodes-ipu_CUSTOM:22
custom-3_f2_f7_57,01110010000000000010?????1111011,ISLTI,?????????????????010?????1111011,0x7200207b,generator,sw/toolchain/riscv-opcodes/opcodes-ipu_CUSTOM,sw/toolchain/riscv-opcodes/opcodes-ipu_CUSTOM:22
custom-3_f2_f7_58,01110100000000000010?????1111011,ISLTI,?????????????????010?????1111011,0x7400207b,generator,sw/toolchain/riscv-opcodes/opcodes-ipu_CUSTOM,sw/toolchain/riscv-opcodes/opcodes-ipu_CUSTOM:22
custom-3_f2_f7_59,01110110000000000010?????1111011,ISLTI,?????????????????010?????1111011,0x7600207b,generator,sw/toolchain/riscv-opcodes/opcodes-ipu_CUSTOM,sw/toolchain/riscv-opcodes/opcodes-ipu_CUSTOM:22
custom-3_f2_f7_60,01111000000000000010?????1111011,ISLTI,?????????????????010?????1111011,0x7800207b,generator,sw/toolchain/riscv-opcodes/opcodes-ipu_CUSTOM,sw/toolchain/riscv-opcodes/opcodes-ipu_CUSTOM:22
custom-3_f2_f7_61,01111010000000000010?????1111011,ISLTI,?????????????????010?????1111011,0x7a00207b,generator,sw/toolchain/riscv-opcodes/opcodes-ipu_CUSTOM,sw/toolchain/riscv-opcodes/opcodes-ipu_CUSTOM:22
custom-3_f2_f7_62,01111100000000000010?????1111011,ISLTI,?????????????????010?????1111011,0x7c00207b,generator,sw/toolchain/riscv-opcodes/opcodes-ipu_CUSTOM,sw/toolchain/riscv-opcodes/opcodes-ipu_CUSTOM:22
custom-3_f2_f7_63,01111110000000000010?????1111011,ISLTI,?????????????????010?????1111011,0x7e00207b,generator,sw/toolchain/riscv-opcodes/opcodes-ipu_CUSTOM,sw/toolchain/riscv-opcodes/opcodes-ipu_CUSTOM:22
custom-3_f2_f7_64,10000000000000000010?????1111011,ISLTI,?????????????????010?????1111011,0x8000207b,generator,sw/toolchain/riscv-opcodes/opcodes-ipu_CUSTOM,sw/toolchain/riscv-opcodes/opcodes-ipu_CUSTOM:22
custom-3_f2_f7_65,10000010000000000010?????1111011,ISLTI,?????????????????010?????1111011,0x8200207b,generator,sw/toolchain/riscv-opcodes/opcodes-ipu_CUSTOM,sw/toolchain/riscv-opcodes/opcodes-ipu_CUSTOM:22
custom-3_f2_f7_66,10000100000000000010?????1111011,ISLTI,?????????????????010?????1111011,0x8400207b,generator,sw/toolchain/riscv-opcodes/opcodes-ipu_CUSTOM,sw/toolchain/riscv-opcodes/opcodes-ipu_CUSTOM:22
custom-3_f2_f7_67,10000110000000000010?????1111011,ISLTI,?????????????????010?????1111011,0x8600207b,generator,sw/toolchain/riscv-opcodes/opcodes-ipu_CUSTOM,sw/toolchain/riscv-opcodes/opcodes-ipu_CUSTOM:22
custom-3_f2_f7_68,10001000000000000010?????1111011,ISLTI,?????????????????010?????1111011,0x8800207b,generator,sw/toolchain/riscv-opcodes/opcodes-ipu_CUSTOM,sw/toolchain/riscv-opcodes/opcodes-ipu_CUSTOM:22
custom-3_f2_f7_69,10001010000000000010?????1111011,ISLTI,?????????????????010?????1111011,0x8a00207b,generator,sw/toolchain/riscv-opcodes/opcodes-ipu_CUSTOM,sw/toolchain/riscv-opcodes/opcodes-ipu_CUSTOM:22
custom-3_f2_f7_70,10001100000000000010?????1111011,ISLTI,?????????????????010?????1111011,0x8c00207b,generator,sw/toolchain/riscv-opcodes/opcodes-ipu_CUSTOM,sw/toolchain/riscv-opcodes/opcodes-ipu_CUSTOM:22
custom-3_f2_f7_71,10001110000000000010?????1111011,ISLTI,?????????????????010?????1111011,0x8e00207b,generator,sw/toolchain/riscv-opcodes/opcodes-ipu_CUSTOM,sw/toolchain/riscv-opcodes/opcodes-ipu_CUSTOM:22
custom-3_f2_f7_72,10010000000000000010?????1111011,ISLTI,?????????????????010?????1111011,0x9000207b,generator,sw/toolchain/riscv-opcodes/opcodes-ipu_CUSTOM,sw/toolchain/riscv-opcodes/opcodes-ipu_CUSTOM:22
custom-3_f2_f7_73,10010010000000000010?????1111011,ISLTI,?????????????????010?????1111011,0x9200207b,generator,sw/toolchain/riscv-opcodes/opcodes-ipu_CUSTOM,sw/toolchain/riscv-opcodes/opcodes-ipu_CUSTOM:22
custom-3_f2_f7_74,10010100000000000010?????1111011,ISLTI,?????????????????010?????1111011,0x9400207b,generator,sw/toolchain/riscv-opcodes/opcodes-ipu_CUSTOM,sw/toolchain/riscv-opcodes/opcodes-ipu_CUSTOM:22
custom-3_f2_f7_75,10010110000000000010?????1111011,ISLTI,?????????????????010?????1111011,0x9600207b,generator,sw/toolchain/riscv-opcodes/opcodes-ipu_CUSTOM,sw/toolchain/riscv-opcodes/opcodes-ipu_CUSTOM:22
custom-3_f2_f7_76,10011000000000000010?????1111011,ISLTI,?????????????????010?????1111011,0x9800207b,generator,sw/toolchain/riscv-opcodes/opcodes-ipu_CUSTOM,sw/toolchain/riscv-opcodes/opcodes-ipu_CUSTOM:22
custom-3_f2_f7_77,10011010000000000010?????1111011,ISLTI,?????????????????010?????1111011,0x9a00207b,generator,sw/toolchain/riscv-opcodes/opcodes-ipu_CUSTOM,sw/toolchain/riscv-opcodes/opcodes-ipu_CUSTOM:22
custom-3_f2_f7_78,10011100000000000010?????1111011,ISLTI,?????????????????010?????1111011,0x9c00207b,generator,sw/toolchain/riscv-opcodes/opcodes-ipu_CUSTOM,sw/toolchain/riscv-opcodes/opcodes-ipu_CUSTOM:22
custom-3_f2_f7_79,10011110000000000010?????1111011,ISLTI,?????????????????010?????1111011,0x9e00207b,generator,sw/toolchain/riscv-opcodes/opcodes-ipu_CUSTOM,sw/toolchain/riscv-opcodes/opcodes-ipu_CUSTOM:22
custom-3_f2_f7_80,10100000000000000010?????1111011,ISLTI,?????????????????010?????1111011,0xa000207b,generator,sw/toolchain/riscv-opcodes/opcodes-ipu_CUSTOM,sw/toolchain/riscv-opcodes/opcodes-ipu_CUSTOM:22
custom-3_f2_f7_81,10100010000000000010?????1111011,ISLTI,?????????????????010?????1111011,0xa200207b,generator,sw/toolchain/riscv-opcodes/opcodes-ipu_CUSTOM,sw/toolchain/riscv-opcodes/opcodes-ipu_CUSTOM:22
custom-3_f2_f7_82,10100100000000000010?????1111011,ISLTI,?????????????????010?????1111011,0xa400207b,generator,sw/toolchain/riscv-opcodes/opcodes-ipu_CUSTOM,sw/toolchain/riscv-opcodes/opcodes-ipu_CUSTOM:22
custom-3_f2_f7_83,10100110000000000010?????1111011,ISLTI,?????????????????010?????1111011,0xa600207b,generator,sw/toolchain/riscv-opcodes/opcodes-ipu_CUSTOM,sw/toolchain/riscv-opcodes/opcodes-ipu_CUSTOM:22
custom-3_f2_f7_84,10101000000000000010?????1111011,ISLTI,?????????????????010?????1111011,0xa800207b,generator,sw/toolchain/riscv-opcodes/opcodes-ipu_CUSTOM,sw/toolchain/riscv-opcodes/opcodes-ipu_CUSTOM:22
custom-3_f2_f7_85,10101010000000000010?????1111011,ISLTI,?????????????????010?????1111011,0xaa00207b,generator,sw/toolchain/riscv-opcodes/opcodes-ipu_CUSTOM,sw/toolchain/riscv-opcodes/opcodes-ipu_CUSTOM:22
custom-3_f2_f7_86,10101100000000000010?????1111011,ISLTI,?????????????????010?????1111011,0xac00207b,generator,sw/toolchain/riscv-opcodes/opcodes-ipu_CUSTOM,sw/toolchain/riscv-opcodes/opcodes-ipu_CUSTOM:22
custom-3_f2_f7_87,10101110000000000010?????1111011,ISLTI,?????????????????010?????1111011,0xae00207b,generator,sw/toolchain/riscv-opcodes/opcodes-ipu_CUSTOM,sw/toolchain/riscv-opcodes/opcodes-ipu_CUSTOM:22
custom-3_f2_f7_88,10110000000000000010?????1111011,ISLTI,?????????????????010?????1111011,0xb000207b,generator,sw/toolchain/riscv-opcodes/opcodes-ipu_CUSTOM,sw/toolchain/riscv-opcodes/opcodes-ipu_CUSTOM:22
custom-3_f2_f7_89,10110010000000000010?????1111011,ISLTI,?????????????????010?????1111011,0xb200207b,generator,sw/toolchain/riscv-opcodes/opcodes-ipu_CUSTOM,sw/toolchain/riscv-opcodes/opcodes-ipu_CUSTOM:22
custom-3_f2_f7_90,10110100000000000010?????1111011,ISLTI,?????????????????010?????1111011,0xb400207b,generator,sw/toolchain/riscv-opcodes/opcodes-ipu_CUSTOM,sw/toolchain/riscv-opcodes/opcodes-ipu_CUSTOM:22
custom-3_f2_f7_91,10110110000000000010?????1111011,ISLTI,?????????????????010?????1111011,0xb600207b,generator,sw/toolchain/riscv-opcodes/opcodes-ipu_CUSTOM,sw/toolchain/riscv-opcodes/opcodes-ipu_CUSTOM:22
custom-3_f2_f7_92,10111000000000000010?????1111011,ISLTI,?????????????????010?????1111011,0xb800207b,generator,sw/toolchain/riscv-opcodes/opcodes-ipu_CUSTOM,sw/toolchain/riscv-opcodes/opcodes-ipu_CUSTOM:22
custom-3_f2_f7_93,10111010000000000010?????1111011,ISLTI,?????????????????010?????1111011,0xba00207b,generator,sw/toolchain/riscv-opcodes/opcodes-ipu_CUSTOM,sw/toolchain/riscv-opcodes/opcodes-ipu_CUSTOM:22
custom-3_f2_f7_94,10111100000000000010?????1111011,ISLTI,?????????????????010?????1111011,0xbc00207b,generator,sw/toolchain/riscv-opcodes/opcodes-ipu_CUSTOM,sw/toolchain/riscv-opcodes/opcodes-ipu_CUSTOM:22
custom-3_f2_f7_95,10111110000000000010?????1111011,ISLTI,?????????????????010?????1111011,0xbe00207b,generator,sw/toolchain/riscv-opcodes/opcodes-ipu_CUSTOM,sw/toolchain/riscv-opcodes/opcodes-ipu_CUSTOM:22
custom-3_f2_f7_96,11000000000000000010?????1111011,ISLTI,?????????????????010?????1111011,0xc000207b,generator,sw/toolchain/riscv-opcodes/opcodes-ipu_CUSTOM,sw/toolchain/riscv-opcodes/opcodes-ipu_CUSTOM:22
custom-3_f2_f7_97,11000010000000000010?????1111011,ISLTI,?????????????????010?????1111011,0xc200207b,generator,sw/toolchain/riscv-opcodes/opcodes-ipu_CUSTOM,sw/toolchain/riscv-opcodes/opcodes-ipu_CUSTOM:22
custom-3_f2_f7_98,11000100000000000010?????1111011,ISLTI,?????????????????010?????1111011,0xc400207b,generator,sw/toolchain/riscv-opcodes/opcodes-ipu_CUSTOM,sw/toolchain/riscv-opcodes/opcodes-ipu_CUSTOM:22
custom-3_f2_f7_99,11000110000000000010?????1111011,ISLTI,?????????????????010?????1111011,0xc600207b,generator,sw/toolchain/riscv-opcodes/opcodes-ipu_CUSTOM,sw/toolchain/riscv-opcodes/opcodes-ipu_CUSTOM:22
custom-3_f2_f7_100,11001000000000000010?????1111011,ISLTI,?????????????????010?????1111011,0xc800207b,generator,sw/toolchain/riscv-opcodes/opcodes-ipu_CUSTOM,sw/toolchain/riscv-opcodes/opcodes-ipu_CUSTOM:22
custom-3_f2_f7_101,11001010000000000010?????1111011,ISLTI,?????????????????010?????1111011,0xca00207b,generator,sw/toolchain/riscv-opcodes/opcodes-ipu_CUSTOM,sw/toolchain/riscv-opcodes/opcodes-ipu_CUSTOM:22
custom-3_f2_f7_102,11001100000000000010?????1111011,ISLTI,?????????????????010?????1111011,0xcc00207b,generator,sw/toolchain/riscv-opcodes/opcodes-ipu_CUSTOM,sw/toolchain/riscv-opcodes/opcodes-ipu_CUSTOM:22
custom-3_f2_f7_103,11001110000000000010?????1111011,ISLTI,?????????????????010?????1111011,0xce00207b,generator,sw/toolchain/riscv-opcodes/opcodes-ipu_CUSTOM,sw/toolchain/riscv-opcodes/opcodes-ipu_CUSTOM:22
custom-3_f2_f7_104,11010000000000000010?????1111011,ISLTI,?????????????????010?????1111011,0xd000207b,generator,sw/toolchain/riscv-opcodes/opcodes-ipu_CUSTOM,sw/toolchain/riscv-opcodes/opcodes-ipu_CUSTOM:22
custom-3_f2_f7_105,11010010000000000010?????1111011,ISLTI,?????????????????010?????1111011,0xd200207b,generator,sw/toolchain/riscv-opcodes/opcodes-ipu_CUSTOM,sw/toolchain/riscv-opcodes/opcodes-ipu_CUSTOM:22
custom-3_f2_f7_106,11010100000000000010?????1111011,ISLTI,?????????????????010?????1111011,0xd400207b,generator,sw/toolchain/riscv-opcodes/opcodes-ipu_CUSTOM,sw/toolchain/riscv-opcodes/opcodes-ipu_CUSTOM:22
custom-3_f2_f7_107,11010110000000000010?????1111011,ISLTI,?????????????????010?????1111011,0xd600207b,generator,sw/toolchain/riscv-opcodes/opcodes-ipu_CUSTOM,sw/toolchain/riscv-opcodes/opcodes-ipu_CUSTOM:22
custom-3_f2_f7_108,11011000000000000010?????1111011,ISLTI,?????????????????010?????1111011,0xd800207b,generator,sw/toolchain/riscv-opcodes/opcodes-ipu_CUSTOM,sw/toolchain/riscv-opcodes/opcodes-ipu_CUSTOM:22
custom-3_f2_f7_109,11011010000000000010?????1111011,ISLTI,?????????????????010?????1111011,0xda00207b,generator,sw/toolchain/riscv-opcodes/opcodes-ipu_CUSTOM,sw/toolchain/riscv-opcodes/opcodes-ipu_CUSTOM:22
custom-3_f2_f7_110,11011100000000000010?????1111011,ISLTI,?????????????????010?????1111011,0xdc00207b,generator,sw/toolchain/riscv-opcodes/opcodes-ipu_CUSTOM,sw/toolchain/riscv-opcodes/opcodes-ipu_CUSTOM:22
custom-3_f2_f7_111,11011110000000000010?????1111011,ISLTI,?????????????????010?????1111011,0xde00207b,generator,sw/toolchain/riscv-opcodes/opcodes-ipu_CUSTOM,sw/toolchain/riscv-opcodes/opcodes-ipu_CUSTOM:22
custom-3_f2_f7_112,11100000000000000010?????1111011,ISLTI,?????????????????010?????1111011,0xe000207b,generator,sw/toolchain/riscv-opcodes/opcodes-ipu_CUSTOM,sw/toolchain/riscv-opcodes/opcodes-ipu_CUSTOM:22
custom-3_f2_f7_113,11100010000000000010?????1111011,ISLTI,?????????????????010?????1111011,0xe200207b,generator,sw/toolchain/riscv-opcodes/opcodes-ipu_CUSTOM,sw/toolchain/riscv-opcodes/opcodes-ipu_CUSTOM:22
custom-3_f2_f7_114,11100100000000000010?????1111011,ISLTI,?????????????????010?????1111011,0xe400207b,generator,sw/toolchain/riscv-opcodes/opcodes-ipu_CUSTOM,sw/toolchain/riscv-opcodes/opcodes-ipu_CUSTOM:22
custom-3_f2_f7_115,11100110000000000010?????1111011,ISLTI,?????????????????010?????1111011,0xe600207b,generator,sw/toolchain/riscv-opcodes/opcodes-ipu_CUSTOM,sw/toolchain/riscv-opcodes/opcodes-ipu_CUSTOM:22
custom-3_f2_f7_116,11101000000000000010?????1111011,ISLTI,?????????????????010?????1111011,0xe800207b,generator,sw/toolchain/riscv-opcodes/opcodes-ipu_CUSTOM,sw/toolchain/riscv-opcodes/opcodes-ipu_CUSTOM:22
custom-3_f2_f7_117,11101010000000000010?????1111011,ISLTI,?????????????????010?????1111011,0xea00207b,generator,sw/toolchain/riscv-opcodes/opcodes-ipu_CUSTOM,sw/toolchain/riscv-opcodes/opcodes-ipu_CUSTOM:22
custom-3_f2_f7_118,11101100000000000010?????1111011,ISLTI,?????????????????010?????1111011,0xec00207b,generator,sw/toolchain/riscv-opcodes/opcodes-ipu_CUSTOM,sw/toolchain/riscv-opcodes/opcodes-ipu_CUSTOM:22
custom-3_f2_f7_119,11101110000000000010?????1111011,ISLTI,?????????????????010?????1111011,0xee00207b,generator,sw/toolchain/riscv-opcodes/opcodes-ipu_CUSTOM,sw/toolchain/riscv-opcodes/opcodes-ipu_CUSTOM:22
custom-3_f2_f7_120,11110000000000000010?????1111011,ISLTI,?????????????????010?????1111011,0xf000207b,generator,sw/toolchain/riscv-opcodes/opcodes-ipu_CUSTOM,sw/toolchain/riscv-opcodes/opcodes-ipu_CUSTOM:22
custom-3_f2_f7_121,11110010000000000010?????1111011,ISLTI,?????????????????010?????1111011,0xf200207b,generator,sw/toolchain/riscv-opcodes/opcodes-ipu_CUSTOM,sw/toolchain/riscv-opcodes/opcodes-ipu_CUSTOM:22
custom-3_f2_f7_122,11110100000000000010?????1111011,ISLTI,?????????????????010?????1111011,0xf400207b,generator,sw/toolchain/riscv-opcodes/opcodes-ipu_CUSTOM,sw/toolchain/riscv-opcodes/opcodes-ipu_CUSTOM:22
custom-3_f2_f7_123,11110110000000000010?????1111011,ISLTI,?????????????????010?????1111011,0xf600207b,generator,sw/toolchain/riscv-opcodes/opcodes-ipu_CUSTOM,sw/toolchain/riscv-opcodes/opcodes-ipu_CUSTOM:22
custom-3_f2_f7_124,11111000000000000010?????1111011,ISLTI,?????????????????010?????1111011,0xf800207b,generator,sw/toolchain/riscv-opcodes/opcodes-ipu_CUSTOM,sw/toolchain/riscv-opcodes/opcodes-ipu_CUSTOM:22
custom-3_f2_f7_125,11111010000000000010?????1111011,ISLTI,?????????????????010?????1111011,0xfa00207b,generator,sw/toolchain/riscv-opcodes/opcodes-ipu_CUSTOM,sw/toolchain/riscv-opcodes/opcodes-ipu_CUSTOM:22
custom-3_f2_f7_126,11111100000000000010?????1111011,ISLTI,?????????????????010?????1111011,0xfc00207b,generator,sw/toolchain/riscv-opcodes/opcodes-ipu_CUSTOM,sw/toolchain/riscv-opcodes/opcodes-ipu_CUSTOM:22
custom-3_f2_f7_127,11111110000000000010?????1111011,ISLTI,?????????????????010?????1111011,0xfe00207b,generator,sw/toolchain/riscv-opcodes/opcodes-ipu_CUSTOM,sw/toolchain/riscv-opcodes/opcodes-ipu_CUSTOM:22
custom-3_f3_f7_0,00000000000000000011?????1111011,ISLTIU,?????????????????011?????1111011,0x0000307b,generator,sw/toolchain/riscv-opcodes/opcodes-ipu_CUSTOM,sw/toolchain/riscv-opcodes/opcodes-ipu_CUSTOM:23
custom-3_f3_f7_0,00000000000000000011?????1111011,LP_COUNTI,????????????000000110000?1111011,0x0000307b,generator,sw/toolchain/riscv-opcodes/opcodes-xpulphwloop_CUSTOM,sw/toolchain/riscv-opcodes/opcodes-xpulphwloop_CUSTOM:20
custom-3_f3_f7_1,00000010000000000011?????1111011,ISLTIU,?????????????????011?????1111011,0x0200307b,generator,sw/toolchain/riscv-opcodes/opcodes-ipu_CUSTOM,sw/toolchain/riscv-opcodes/opcodes-ipu_CUSTOM:23
custom-3_f3_f7_1,00000010000000000011?????1111011,LP_COUNTI,????????????000000110000?1111011,0x0200307b,generator,sw/toolchain/riscv-opcodes/opcodes-xpulphwloop_CUSTOM,sw/toolchain/riscv-opcodes/opcodes-xpulphwloop_CUSTOM:20
custom-3_f3_f7_2,00000100000000000011?????1111011,ISLTIU,?????????????????011?????1111011,0x0400307b,generator,sw/toolchain/riscv-opcodes/opcodes-ipu_CUSTOM,sw/toolchain/riscv-opcodes/opcodes-ipu_CUSTOM:23
custom-3_f3_f7_2,00000100000000000011?????1111011,LP_COUNTI,????????????000000110000?1111011,0x0400307b,generator,sw/toolchain/riscv-opcodes/opcodes-xpulphwloop_CUSTOM,sw/toolchain/riscv-opcodes/opcodes-xpulphwloop_CUSTOM:20
custom-3_f3_f7_3,00000110000000000011?????1111011,ISLTIU,?????????????????011?????1111011,0x0600307b,generator,sw/toolchain/riscv-opcodes/opcodes-ipu_CUSTOM,sw/toolchain/riscv-opcodes/opcodes-ipu_CUSTOM:23
custom-3_f3_f7_3,00000110000000000011?????1111011,LP_COUNTI,????????????000000110000?1111011,0x0600307b,generator,sw/toolchain/riscv-opcodes/opcodes-xpulphwloop_CUSTOM,sw/toolchain/riscv-opcodes/opcodes-xpulphwloop_CUSTOM:20
custom-3_f3_f7_4,00001000000000000011?????1111011,ISLTIU,?????????????????011?????1111011,0x0800307b,generator,sw/toolchain/riscv-opcodes/opcodes-ipu_CUSTOM,sw/toolchain/riscv-opcodes/opcodes-ipu_CUSTOM:23
custom-3_f3_f7_4,00001000000000000011?????1111011,LP_COUNTI,????????????000000110000?1111011,0x0800307b,generator,sw/toolchain/riscv-opcodes/opcodes-xpulphwloop_CUSTOM,sw/toolchain/riscv-opcodes/opcodes-xpulphwloop_CUSTOM:20
custom-3_f3_f7_5,00001010000000000011?????1111011,ISLTIU,?????????????????011?????1111011,0x0a00307b,generator,sw/toolchain/riscv-opcodes/opcodes-ipu_CUSTOM,sw/toolchain/riscv-opcodes/opcodes-ipu_CUSTOM:23
custom-3_f3_f7_5,00001010000000000011?????1111011,LP_COUNTI,????????????000000110000?1111011,0x0a00307b,generator,sw/toolchain/riscv-opcodes/opcodes-xpulphwloop_CUSTOM,sw/toolchain/riscv-opcodes/opcodes-xpulphwloop_CUSTOM:20
custom-3_f3_f7_6,00001100000000000011?????1111011,ISLTIU,?????????????????011?????1111011,0x0c00307b,generator,sw/toolchain/riscv-opcodes/opcodes-ipu_CUSTOM,sw/toolchain/riscv-opcodes/opcodes-ipu_CUSTOM:23
custom-3_f3_f7_6,00001100000000000011?????1111011,LP_COUNTI,????????????000000110000?1111011,0x0c00307b,generator,sw/toolchain/riscv-opcodes/opcodes-xpulphwloop_CUSTOM,sw/toolchain/riscv-opcodes/opcodes-xpulphwloop_CUSTOM:20
custom-3_f3_f7_7,00001110000000000011?????1111011,ISLTIU,?????????????????011?????1111011,0x0e00307b,generator,sw/toolchain/riscv-opcodes/opcodes-ipu_CUSTOM,sw/toolchain/riscv-opcodes/opcodes-ipu_CUSTOM:23
custom-3_f3_f7_7,00001110000000000011?????1111011,LP_COUNTI,????????????000000110000?1111011,0x0e00307b,generator,sw/toolchain/riscv-opcodes/opcodes-xpulphwloop_CUSTOM,sw/toolchain/riscv-opcodes/opcodes-xpulphwloop_CUSTOM:20
custom-3_f3_f7_8,00010000000000000011?????1111011,ISLTIU,?????????????????011?????1111011,0x1000307b,generator,sw/toolchain/riscv-opcodes/opcodes-ipu_CUSTOM,sw/toolchain/riscv-opcodes/opcodes-ipu_CUSTOM:23
custom-3_f3_f7_8,00010000000000000011?????1111011,LP_COUNTI,????????????000000110000?1111011,0x1000307b,generator,sw/toolchain/riscv-opcodes/opcodes-xpulphwloop_CUSTOM,sw/toolchain/riscv-opcodes/opcodes-xpulphwloop_CUSTOM:20
custom-3_f3_f7_9,00010010000000000011?????1111011,ISLTIU,?????????????????011?????1111011,0x1200307b,generator,sw/toolchain/riscv-opcodes/opcodes-ipu_CUSTOM,sw/toolchain/riscv-opcodes/opcodes-ipu_CUSTOM:23
custom-3_f3_f7_9,00010010000000000011?????1111011,LP_COUNTI,????????????000000110000?1111011,0x1200307b,generator,sw/toolchain/riscv-opcodes/opcodes-xpulphwloop_CUSTOM,sw/toolchain/riscv-opcodes/opcodes-xpulphwloop_CUSTOM:20
custom-3_f3_f7_10,00010100000000000011?????1111011,ISLTIU,?????????????????011?????1111011,0x1400307b,generator,sw/toolchain/riscv-opcodes/opcodes-ipu_CUSTOM,sw/toolchain/riscv-opcodes/opcodes-ipu_CUSTOM:23
custom-3_f3_f7_10,00010100000000000011?????1111011,LP_COUNTI,????????????000000110000?1111011,0x1400307b,generator,sw/toolchain/riscv-opcodes/opcodes-xpulphwloop_CUSTOM,sw/toolchain/riscv-opcodes/opcodes-xpulphwloop_CUSTOM:20
custom-3_f3_f7_11,00010110000000000011?????1111011,ISLTIU,?????????????????011?????1111011,0x1600307b,generator,sw/toolchain/riscv-opcodes/opcodes-ipu_CUSTOM,sw/toolchain/riscv-opcodes/opcodes-ipu_CUSTOM:23
custom-3_f3_f7_11,00010110000000000011?????1111011,LP_COUNTI,????????????000000110000?1111011,0x1600307b,generator,sw/toolchain/riscv-opcodes/opcodes-xpulphwloop_CUSTOM,sw/toolchain/riscv-opcodes/opcodes-xpulphwloop_CUSTOM:20
custom-3_f3_f7_12,00011000000000000011?????1111011,ISLTIU,?????????????????011?????1111011,0x1800307b,generator,sw/toolchain/riscv-opcodes/opcodes-ipu_CUSTOM,sw/toolchain/riscv-opcodes/opcodes-ipu_CUSTOM:23
custom-3_f3_f7_12,00011000000000000011?????1111011,LP_COUNTI,????????????000000110000?1111011,0x1800307b,generator,sw/toolchain/riscv-opcodes/opcodes-xpulphwloop_CUSTOM,sw/toolchain/riscv-opcodes/opcodes-xpulphwloop_CUSTOM:20
custom-3_f3_f7_13,00011010000000000011?????1111011,ISLTIU,?????????????????011?????1111011,0x1a00307b,generator,sw/toolchain/riscv-opcodes/opcodes-ipu_CUSTOM,sw/toolchain/riscv-opcodes/opcodes-ipu_CUSTOM:23
custom-3_f3_f7_13,00011010000000000011?????1111011,LP_COUNTI,????????????000000110000?1111011,0x1a00307b,generator,sw/toolchain/riscv-opcodes/opcodes-xpulphwloop_CUSTOM,sw/toolchain/riscv-opcodes/opcodes-xpulphwloop_CUSTOM:20
custom-3_f3_f7_14,00011100000000000011?????1111011,ISLTIU,?????????????????011?????1111011,0x1c00307b,generator,sw/toolchain/riscv-opcodes/opcodes-ipu_CUSTOM,sw/toolchain/riscv-opcodes/opcodes-ipu_CUSTOM:23
custom-3_f3_f7_14,00011100000000000011?????1111011,LP_COUNTI,????????????000000110000?1111011,0x1c00307b,generator,sw/toolchain/riscv-opcodes/opcodes-xpulphwloop_CUSTOM,sw/toolchain/riscv-opcodes/opcodes-xpulphwloop_CUSTOM:20
custom-3_f3_f7_15,00011110000000000011?????1111011,ISLTIU,?????????????????011?????1111011,0x1e00307b,generator,sw/toolchain/riscv-opcodes/opcodes-ipu_CUSTOM,sw/toolchain/riscv-opcodes/opcodes-ipu_CUSTOM:23
custom-3_f3_f7_15,00011110000000000011?????1111011,LP_COUNTI,????????????000000110000?1111011,0x1e00307b,generator,sw/toolchain/riscv-opcodes/opcodes-xpulphwloop_CUSTOM,sw/toolchain/riscv-opcodes/opcodes-xpulphwloop_CUSTOM:20
custom-3_f3_f7_16,00100000000000000011?????1111011,ISLTIU,?????????????????011?????1111011,0x2000307b,generator,sw/toolchain/riscv-opcodes/opcodes-ipu_CUSTOM,sw/toolchain/riscv-opcodes/opcodes-ipu_CUSTOM:23
custom-3_f3_f7_16,00100000000000000011?????1111011,LP_COUNTI,????????????000000110000?1111011,0x2000307b,generator,sw/toolchain/riscv-opcodes/opcodes-xpulphwloop_CUSTOM,sw/toolchain/riscv-opcodes/opcodes-xpulphwloop_CUSTOM:20
custom-3_f3_f7_17,00100010000000000011?????1111011,ISLTIU,?????????????????011?????1111011,0x2200307b,generator,sw/toolchain/riscv-opcodes/opcodes-ipu_CUSTOM,sw/toolchain/riscv-opcodes/opcodes-ipu_CUSTOM:23
custom-3_f3_f7_17,00100010000000000011?????1111011,LP_COUNTI,????????????000000110000?1111011,0x2200307b,generator,sw/toolchain/riscv-opcodes/opcodes-xpulphwloop_CUSTOM,sw/toolchain/riscv-opcodes/opcodes-xpulphwloop_CUSTOM:20
custom-3_f3_f7_18,00100100000000000011?????1111011,ISLTIU,?????????????????011?????1111011,0x2400307b,generator,sw/toolchain/riscv-opcodes/opcodes-ipu_CUSTOM,sw/toolchain/riscv-opcodes/opcodes-ipu_CUSTOM:23
custom-3_f3_f7_18,00100100000000000011?????1111011,LP_COUNTI,????????????000000110000?1111011,0x2400307b,generator,sw/toolchain/riscv-opcodes/opcodes-xpulphwloop_CUSTOM,sw/toolchain/riscv-opcodes/opcodes-xpulphwloop_CUSTOM:20
custom-3_f3_f7_19,00100110000000000011?????1111011,ISLTIU,?????????????????011?????1111011,0x2600307b,generator,sw/toolchain/riscv-opcodes/opcodes-ipu_CUSTOM,sw/toolchain/riscv-opcodes/opcodes-ipu_CUSTOM:23
custom-3_f3_f7_19,00100110000000000011?????1111011,LP_COUNTI,????????????000000110000?1111011,0x2600307b,generator,sw/toolchain/riscv-opcodes/opcodes-xpulphwloop_CUSTOM,sw/toolchain/riscv-opcodes/opcodes-xpulphwloop_CUSTOM:20
custom-3_f3_f7_20,00101000000000000011?????1111011,ISLTIU,?????????????????011?????1111011,0x2800307b,generator,sw/toolchain/riscv-opcodes/opcodes-ipu_CUSTOM,sw/toolchain/riscv-opcodes/opcodes-ipu_CUSTOM:23
custom-3_f3_f7_20,00101000000000000011?????1111011,LP_COUNTI,????????????000000110000?1111011,0x2800307b,generator,sw/toolchain/riscv-opcodes/opcodes-xpulphwloop_CUSTOM,sw/toolchain/riscv-opcodes/opcodes-xpulphwloop_CUSTOM:20
custom-3_f3_f7_21,00101010000000000011?????1111011,ISLTIU,?????????????????011?????1111011,0x2a00307b,generator,sw/toolchain/riscv-opcodes/opcodes-ipu_CUSTOM,sw/toolchain/riscv-opcodes/opcodes-ipu_CUSTOM:23
custom-3_f3_f7_21,00101010000000000011?????1111011,LP_COUNTI,????????????000000110000?1111011,0x2a00307b,generator,sw/toolchain/riscv-opcodes/opcodes-xpulphwloop_CUSTOM,sw/toolchain/riscv-opcodes/opcodes-xpulphwloop_CUSTOM:20
custom-3_f3_f7_22,00101100000000000011?????1111011,ISLTIU,?????????????????011?????1111011,0x2c00307b,generator,sw/toolchain/riscv-opcodes/opcodes-ipu_CUSTOM,sw/toolchain/riscv-opcodes/opcodes-ipu_CUSTOM:23
custom-3_f3_f7_22,00101100000000000011?????1111011,LP_COUNTI,????????????000000110000?1111011,0x2c00307b,generator,sw/toolchain/riscv-opcodes/opcodes-xpulphwloop_CUSTOM,sw/toolchain/riscv-opcodes/opcodes-xpulphwloop_CUSTOM:20
custom-3_f3_f7_23,00101110000000000011?????1111011,ISLTIU,?????????????????011?????1111011,0x2e00307b,generator,sw/toolchain/riscv-opcodes/opcodes-ipu_CUSTOM,sw/toolchain/riscv-opcodes/opcodes-ipu_CUSTOM:23
custom-3_f3_f7_23,00101110000000000011?????1111011,LP_COUNTI,????????????000000110000?1111011,0x2e00307b,generator,sw/toolchain/riscv-opcodes/opcodes-xpulphwloop_CUSTOM,sw/toolchain/riscv-opcodes/opcodes-xpulphwloop_CUSTOM:20
custom-3_f3_f7_24,00110000000000000011?????1111011,ISLTIU,?????????????????011?????1111011,0x3000307b,generator,sw/toolchain/riscv-opcodes/opcodes-ipu_CUSTOM,sw/toolchain/riscv-opcodes/opcodes-ipu_CUSTOM:23
custom-3_f3_f7_24,00110000000000000011?????1111011,LP_COUNTI,????????????000000110000?1111011,0x3000307b,generator,sw/toolchain/riscv-opcodes/opcodes-xpulphwloop_CUSTOM,sw/toolchain/riscv-opcodes/opcodes-xpulphwloop_CUSTOM:20
custom-3_f3_f7_25,00110010000000000011?????1111011,ISLTIU,?????????????????011?????1111011,0x3200307b,generator,sw/toolchain/riscv-opcodes/opcodes-ipu_CUSTOM,sw/toolchain/riscv-opcodes/opcodes-ipu_CUSTOM:23
custom-3_f3_f7_25,00110010000000000011?????1111011,LP_COUNTI,????????????000000110000?1111011,0x3200307b,generator,sw/toolchain/riscv-opcodes/opcodes-xpulphwloop_CUSTOM,sw/toolchain/riscv-opcodes/opcodes-xpulphwloop_CUSTOM:20
custom-3_f3_f7_26,00110100000000000011?????1111011,ISLTIU,?????????????????011?????1111011,0x3400307b,generator,sw/toolchain/riscv-opcodes/opcodes-ipu_CUSTOM,sw/toolchain/riscv-opcodes/opcodes-ipu_CUSTOM:23
custom-3_f3_f7_26,00110100000000000011?????1111011,LP_COUNTI,????????????000000110000?1111011,0x3400307b,generator,sw/toolchain/riscv-opcodes/opcodes-xpulphwloop_CUSTOM,sw/toolchain/riscv-opcodes/opcodes-xpulphwloop_CUSTOM:20
custom-3_f3_f7_27,00110110000000000011?????1111011,ISLTIU,?????????????????011?????1111011,0x3600307b,generator,sw/toolchain/riscv-opcodes/opcodes-ipu_CUSTOM,sw/toolchain/riscv-opcodes/opcodes-ipu_CUSTOM:23
custom-3_f3_f7_27,00110110000000000011?????1111011,LP_COUNTI,????????????000000110000?1111011,0x3600307b,generator,sw/toolchain/riscv-opcodes/opcodes-xpulphwloop_CUSTOM,sw/toolchain/riscv-opcodes/opcodes-xpulphwloop_CUSTOM:20
custom-3_f3_f7_28,00111000000000000011?????1111011,ISLTIU,?????????????????011?????1111011,0x3800307b,generator,sw/toolchain/riscv-opcodes/opcodes-ipu_CUSTOM,sw/toolchain/riscv-opcodes/opcodes-ipu_CUSTOM:23
custom-3_f3_f7_28,00111000000000000011?????1111011,LP_COUNTI,????????????000000110000?1111011,0x3800307b,generator,sw/toolchain/riscv-opcodes/opcodes-xpulphwloop_CUSTOM,sw/toolchain/riscv-opcodes/opcodes-xpulphwloop_CUSTOM:20
custom-3_f3_f7_29,00111010000000000011?????1111011,ISLTIU,?????????????????011?????1111011,0x3a00307b,generator,sw/toolchain/riscv-opcodes/opcodes-ipu_CUSTOM,sw/toolchain/riscv-opcodes/opcodes-ipu_CUSTOM:23
custom-3_f3_f7_29,00111010000000000011?????1111011,LP_COUNTI,????????????000000110000?1111011,0x3a00307b,generator,sw/toolchain/riscv-opcodes/opcodes-xpulphwloop_CUSTOM,sw/toolchain/riscv-opcodes/opcodes-xpulphwloop_CUSTOM:20
custom-3_f3_f7_30,00111100000000000011?????1111011,ISLTIU,?????????????????011?????1111011,0x3c00307b,generator,sw/toolchain/riscv-opcodes/opcodes-ipu_CUSTOM,sw/toolchain/riscv-opcodes/opcodes-ipu_CUSTOM:23
custom-3_f3_f7_30,00111100000000000011?????1111011,LP_COUNTI,????????????000000110000?1111011,0x3c00307b,generator,sw/toolchain/riscv-opcodes/opcodes-xpulphwloop_CUSTOM,sw/toolchain/riscv-opcodes/opcodes-xpulphwloop_CUSTOM:20
custom-3_f3_f7_31,00111110000000000011?????1111011,ISLTIU,?????????????????011?????1111011,0x3e00307b,generator,sw/toolchain/riscv-opcodes/opcodes-ipu_CUSTOM,sw/toolchain/riscv-opcodes/opcodes-ipu_CUSTOM:23
custom-3_f3_f7_31,00111110000000000011?????1111011,LP_COUNTI,????????????000000110000?1111011,0x3e00307b,generator,sw/toolchain/riscv-opcodes/opcodes-xpulphwloop_CUSTOM,sw/toolchain/riscv-opcodes/opcodes-xpulphwloop_CUSTOM:20
custom-3_f3_f7_32,01000000000000000011?????1111011,ISLTIU,?????????????????011?????1111011,0x4000307b,generator,sw/toolchain/riscv-opcodes/opcodes-ipu_CUSTOM,sw/toolchain/riscv-opcodes/opcodes-ipu_CUSTOM:23
custom-3_f3_f7_32,01000000000000000011?????1111011,LP_COUNTI,????????????000000110000?1111011,0x4000307b,generator,sw/toolchain/riscv-opcodes/opcodes-xpulphwloop_CUSTOM,sw/toolchain/riscv-opcodes/opcodes-xpulphwloop_CUSTOM:20
custom-3_f3_f7_33,01000010000000000011?????1111011,ISLTIU,?????????????????011?????1111011,0x4200307b,generator,sw/toolchain/riscv-opcodes/opcodes-ipu_CUSTOM,sw/toolchain/riscv-opcodes/opcodes-ipu_CUSTOM:23
custom-3_f3_f7_33,01000010000000000011?????1111011,LP_COUNTI,????????????000000110000?1111011,0x4200307b,generator,sw/toolchain/riscv-opcodes/opcodes-xpulphwloop_CUSTOM,sw/toolchain/riscv-opcodes/opcodes-xpulphwloop_CUSTOM:20
custom-3_f3_f7_34,01000100000000000011?????1111011,ISLTIU,?????????????????011?????1111011,0x4400307b,generator,sw/toolchain/riscv-opcodes/opcodes-ipu_CUSTOM,sw/toolchain/riscv-opcodes/opcodes-ipu_CUSTOM:23
custom-3_f3_f7_34,01000100000000000011?????1111011,LP_COUNTI,????????????000000110000?1111011,0x4400307b,generator,sw/toolchain/riscv-opcodes/opcodes-xpulphwloop_CUSTOM,sw/toolchain/riscv-opcodes/opcodes-xpulphwloop_CUSTOM:20
custom-3_f3_f7_35,01000110000000000011?????1111011,ISLTIU,?????????????????011?????1111011,0x4600307b,generator,sw/toolchain/riscv-opcodes/opcodes-ipu_CUSTOM,sw/toolchain/riscv-opcodes/opcodes-ipu_CUSTOM:23
custom-3_f3_f7_35,01000110000000000011?????1111011,LP_COUNTI,????????????000000110000?1111011,0x4600307b,generator,sw/toolchain/riscv-opcodes/opcodes-xpulphwloop_CUSTOM,sw/toolchain/riscv-opcodes/opcodes-xpulphwloop_CUSTOM:20
custom-3_f3_f7_36,01001000000000000011?????1111011,ISLTIU,?????????????????011?????1111011,0x4800307b,generator,sw/toolchain/riscv-opcodes/opcodes-ipu_CUSTOM,sw/toolchain/riscv-opcodes/opcodes-ipu_CUSTOM:23
custom-3_f3_f7_36,01001000000000000011?????1111011,LP_COUNTI,????????????000000110000?1111011,0x4800307b,generator,sw/toolchain/riscv-opcodes/opcodes-xpulphwloop_CUSTOM,sw/toolchain/riscv-opcodes/opcodes-xpulphwloop_CUSTOM:20
custom-3_f3_f7_37,01001010000000000011?????1111011,ISLTIU,?????????????????011?????1111011,0x4a00307b,generator,sw/toolchain/riscv-opcodes/opcodes-ipu_CUSTOM,sw/toolchain/riscv-opcodes/opcodes-ipu_CUSTOM:23
custom-3_f3_f7_37,01001010000000000011?????1111011,LP_COUNTI,????????????000000110000?1111011,0x4a00307b,generator,sw/toolchain/riscv-opcodes/opcodes-xpulphwloop_CUSTOM,sw/toolchain/riscv-opcodes/opcodes-xpulphwloop_CUSTOM:20
custom-3_f3_f7_38,01001100000000000011?????1111011,ISLTIU,?????????????????011?????1111011,0x4c00307b,generator,sw/toolchain/riscv-opcodes/opcodes-ipu_CUSTOM,sw/toolchain/riscv-opcodes/opcodes-ipu_CUSTOM:23
custom-3_f3_f7_38,01001100000000000011?????1111011,LP_COUNTI,????????????000000110000?1111011,0x4c00307b,generator,sw/toolchain/riscv-opcodes/opcodes-xpulphwloop_CUSTOM,sw/toolchain/riscv-opcodes/opcodes-xpulphwloop_CUSTOM:20
custom-3_f3_f7_39,01001110000000000011?????1111011,ISLTIU,?????????????????011?????1111011,0x4e00307b,generator,sw/toolchain/riscv-opcodes/opcodes-ipu_CUSTOM,sw/toolchain/riscv-opcodes/opcodes-ipu_CUSTOM:23
custom-3_f3_f7_39,01001110000000000011?????1111011,LP_COUNTI,????????????000000110000?1111011,0x4e00307b,generator,sw/toolchain/riscv-opcodes/opcodes-xpulphwloop_CUSTOM,sw/toolchain/riscv-opcodes/opcodes-xpulphwloop_CUSTOM:20
custom-3_f3_f7_40,01010000000000000011?????1111011,ISLTIU,?????????????????011?????1111011,0x5000307b,generator,sw/toolchain/riscv-opcodes/opcodes-ipu_CUSTOM,sw/toolchain/riscv-opcodes/opcodes-ipu_CUSTOM:23
custom-3_f3_f7_40,01010000000000000011?????1111011,LP_COUNTI,????????????000000110000?1111011,0x5000307b,generator,sw/toolchain/riscv-opcodes/opcodes-xpulphwloop_CUSTOM,sw/toolchain/riscv-opcodes/opcodes-xpulphwloop_CUSTOM:20
custom-3_f3_f7_41,01010010000000000011?????1111011,ISLTIU,?????????????????011?????1111011,0x5200307b,generator,sw/toolchain/riscv-opcodes/opcodes-ipu_CUSTOM,sw/toolchain/riscv-opcodes/opcodes-ipu_CUSTOM:23
custom-3_f3_f7_41,01010010000000000011?????1111011,LP_COUNTI,????????????000000110000?1111011,0x5200307b,generator,sw/toolchain/riscv-opcodes/opcodes-xpulphwloop_CUSTOM,sw/toolchain/riscv-opcodes/opcodes-xpulphwloop_CUSTOM:20
custom-3_f3_f7_42,01010100000000000011?????1111011,ISLTIU,?????????????????011?????1111011,0x5400307b,generator,sw/toolchain/riscv-opcodes/opcodes-ipu_CUSTOM,sw/toolchain/riscv-opcodes/opcodes-ipu_CUSTOM:23
custom-3_f3_f7_42,01010100000000000011?????1111011,LP_COUNTI,????????????000000110000?1111011,0x5400307b,generator,sw/toolchain/riscv-opcodes/opcodes-xpulphwloop_CUSTOM,sw/toolchain/riscv-opcodes/opcodes-xpulphwloop_CUSTOM:20
custom-3_f3_f7_43,01010110000000000011?????1111011,ISLTIU,?????????????????011?????1111011,0x5600307b,generator,sw/toolchain/riscv-opcodes/opcodes-ipu_CUSTOM,sw/toolchain/riscv-opcodes/opcodes-ipu_CUSTOM:23
custom-3_f3_f7_43,01010110000000000011?????1111011,LP_COUNTI,????????????000000110000?1111011,0x5600307b,generator,sw/toolchain/riscv-opcodes/opcodes-xpulphwloop_CUSTOM,sw/toolchain/riscv-opcodes/opcodes-xpulphwloop_CUSTOM:20
custom-3_f3_f7_44,01011000000000000011?????1111011,ISLTIU,?????????????????011?????1111011,0x5800307b,generator,sw/toolchain/riscv-opcodes/opcodes-ipu_CUSTOM,sw/toolchain/riscv-opcodes/opcodes-ipu_CUSTOM:23
custom-3_f3_f7_44,01011000000000000011?????1111011,LP_COUNTI,????????????000000110000?1111011,0x5800307b,generator,sw/toolchain/riscv-opcodes/opcodes-xpulphwloop_CUSTOM,sw/toolchain/riscv-opcodes/opcodes-xpulphwloop_CUSTOM:20
custom-3_f3_f7_45,01011010000000000011?????1111011,ISLTIU,?????????????????011?????1111011,0x5a00307b,generator,sw/toolchain/riscv-opcodes/opcodes-ipu_CUSTOM,sw/toolchain/riscv-opcodes/opcodes-ipu_CUSTOM:23
custom-3_f3_f7_45,01011010000000000011?????1111011,LP_COUNTI,????????????000000110000?1111011,0x5a00307b,generator,sw/toolchain/riscv-opcodes/opcodes-xpulphwloop_CUSTOM,sw/toolchain/riscv-opcodes/opcodes-xpulphwloop_CUSTOM:20
custom-3_f3_f7_46,01011100000000000011?????1111011,ISLTIU,?????????????????011?????1111011,0x5c00307b,generator,sw/toolchain/riscv-opcodes/opcodes-ipu_CUSTOM,sw/toolchain/riscv-opcodes/opcodes-ipu_CUSTOM:23
custom-3_f3_f7_46,01011100000000000011?????1111011,LP_COUNTI,????????????000000110000?1111011,0x5c00307b,generator,sw/toolchain/riscv-opcodes/opcodes-xpulphwloop_CUSTOM,sw/toolchain/riscv-opcodes/opcodes-xpulphwloop_CUSTOM:20
custom-3_f3_f7_47,01011110000000000011?????1111011,ISLTIU,?????????????????011?????1111011,0x5e00307b,generator,sw/toolchain/riscv-opcodes/opcodes-ipu_CUSTOM,sw/toolchain/riscv-opcodes/opcodes-ipu_CUSTOM:23
custom-3_f3_f7_47,01011110000000000011?????1111011,LP_COUNTI,????????????000000110000?1111011,0x5e00307b,generator,sw/toolchain/riscv-opcodes/opcodes-xpulphwloop_CUSTOM,sw/toolchain/riscv-opcodes/opcodes-xpulphwloop_CUSTOM:20
custom-3_f3_f7_48,01100000000000000011?????1111011,ISLTIU,?????????????????011?????1111011,0x6000307b,generator,sw/toolchain/riscv-opcodes/opcodes-ipu_CUSTOM,sw/toolchain/riscv-opcodes/opcodes-ipu_CUSTOM:23
custom-3_f3_f7_48,01100000000000000011?????1111011,LP_COUNTI,????????????000000110000?1111011,0x6000307b,generator,sw/toolchain/riscv-opcodes/opcodes-xpulphwloop_CUSTOM,sw/toolchain/riscv-opcodes/opcodes-xpulphwloop_CUSTOM:20
custom-3_f3_f7_49,01100010000000000011?????1111011,ISLTIU,?????????????????011?????1111011,0x6200307b,generator,sw/toolchain/riscv-opcodes/opcodes-ipu_CUSTOM,sw/toolchain/riscv-opcodes/opcodes-ipu_CUSTOM:23
custom-3_f3_f7_49,01100010000000000011?????1111011,LP_COUNTI,????????????000000110000?1111011,0x6200307b,generator,sw/toolchain/riscv-opcodes/opcodes-xpulphwloop_CUSTOM,sw/toolchain/riscv-opcodes/opcodes-xpulphwloop_CUSTOM:20
custom-3_f3_f7_50,01100100000000000011?????1111011,ISLTIU,?????????????????011?????1111011,0x6400307b,generator,sw/toolchain/riscv-opcodes/opcodes-ipu_CUSTOM,sw/toolchain/riscv-opcodes/opcodes-ipu_CUSTOM:23
custom-3_f3_f7_50,01100100000000000011?????1111011,LP_COUNTI,????????????000000110000?1111011,0x6400307b,generator,sw/toolchain/riscv-opcodes/opcodes-xpulphwloop_CUSTOM,sw/toolchain/riscv-opcodes/opcodes-xpulphwloop_CUSTOM:20
custom-3_f3_f7_51,01100110000000000011?????1111011,ISLTIU,?????????????????011?????1111011,0x6600307b,generator,sw/toolchain/riscv-opcodes/opcodes-ipu_CUSTOM,sw/toolchain/riscv-opcodes/opcodes-ipu_CUSTOM:23
custom-3_f3_f7_51,01100110000000000011?????1111011,LP_COUNTI,????????????000000110000?1111011,0x6600307b,generator,sw/toolchain/riscv-opcodes/opcodes-xpulphwloop_CUSTOM,sw/toolchain/riscv-opcodes/opcodes-xpulphwloop_CUSTOM:20
custom-3_f3_f7_52,01101000000000000011?????1111011,ISLTIU,?????????????????011?????1111011,0x6800307b,generator,sw/toolchain/riscv-opcodes/opcodes-ipu_CUSTOM,sw/toolchain/riscv-opcodes/opcodes-ipu_CUSTOM:23
custom-3_f3_f7_52,01101000000000000011?????1111011,LP_COUNTI,????????????000000110000?1111011,0x6800307b,generator,sw/toolchain/riscv-opcodes/opcodes-xpulphwloop_CUSTOM,sw/toolchain/riscv-opcodes/opcodes-xpulphwloop_CUSTOM:20
custom-3_f3_f7_53,01101010000000000011?????1111011,ISLTIU,?????????????????011?????1111011,0x6a00307b,generator,sw/toolchain/riscv-opcodes/opcodes-ipu_CUSTOM,sw/toolchain/riscv-opcodes/opcodes-ipu_CUSTOM:23
custom-3_f3_f7_53,01101010000000000011?????1111011,LP_COUNTI,????????????000000110000?1111011,0x6a00307b,generator,sw/toolchain/riscv-opcodes/opcodes-xpulphwloop_CUSTOM,sw/toolchain/riscv-opcodes/opcodes-xpulphwloop_CUSTOM:20
custom-3_f3_f7_54,01101100000000000011?????1111011,ISLTIU,?????????????????011?????1111011,0x6c00307b,generator,sw/toolchain/riscv-opcodes/opcodes-ipu_CUSTOM,sw/toolchain/riscv-opcodes/opcodes-ipu_CUSTOM:23
custom-3_f3_f7_54,01101100000000000011?????1111011,LP_COUNTI,????????????000000110000?1111011,0x6c00307b,generator,sw/toolchain/riscv-opcodes/opcodes-xpulphwloop_CUSTOM,sw/toolchain/riscv-opcodes/opcodes-xpulphwloop_CUSTOM:20
custom-3_f3_f7_55,01101110000000000011?????1111011,ISLTIU,?????????????????011?????1111011,0x6e00307b,generator,sw/toolchain/riscv-opcodes/opcodes-ipu_CUSTOM,sw/toolchain/riscv-opcodes/opcodes-ipu_CUSTOM:23
custom-3_f3_f7_55,01101110000000000011?????1111011,LP_COUNTI,????????????000000110000?1111011,0x6e00307b,generator,sw/toolchain/riscv-opcodes/opcodes-xpulphwloop_CUSTOM,sw/toolchain/riscv-opcodes/opcodes-xpulphwloop_CUSTOM:20
custom-3_f3_f7_56,01110000000000000011?????1111011,ISLTIU,?????????????????011?????1111011,0x7000307b,generator,sw/toolchain/riscv-opcodes/opcodes-ipu_CUSTOM,sw/toolchain/riscv-opcodes/opcodes-ipu_CUSTOM:23
custom-3_f3_f7_56,01110000000000000011?????1111011,LP_COUNTI,????????????000000110000?1111011,0x7000307b,generator,sw/toolchain/riscv-opcodes/opcodes-xpulphwloop_CUSTOM,sw/toolchain/riscv-opcodes/opcodes-xpulphwloop_CUSTOM:20
custom-3_f3_f7_57,01110010000000000011?????1111011,ISLTIU,?????????????????011?????1111011,0x7200307b,generator,sw/toolchain/riscv-opcodes/opcodes-ipu_CUSTOM,sw/toolchain/riscv-opcodes/opcodes-ipu_CUSTOM:23
custom-3_f3_f7_57,01110010000000000011?????1111011,LP_COUNTI,????????????000000110000?1111011,0x7200307b,generator,sw/toolchain/riscv-opcodes/opcodes-xpulphwloop_CUSTOM,sw/toolchain/riscv-opcodes/opcodes-xpulphwloop_CUSTOM:20
custom-3_f3_f7_58,01110100000000000011?????1111011,ISLTIU,?????????????????011?????1111011,0x7400307b,generator,sw/toolchain/riscv-opcodes/opcodes-ipu_CUSTOM,sw/toolchain/riscv-opcodes/opcodes-ipu_CUSTOM:23
custom-3_f3_f7_58,01110100000000000011?????1111011,LP_COUNTI,????????????000000110000?1111011,0x7400307b,generator,sw/toolchain/riscv-opcodes/opcodes-xpulphwloop_CUSTOM,sw/toolchain/riscv-opcodes/opcodes-xpulphwloop_CUSTOM:20
custom-3_f3_f7_59,01110110000000000011?????1111011,ISLTIU,?????????????????011?????1111011,0x7600307b,generator,sw/toolchain/riscv-opcodes/opcodes-ipu_CUSTOM,sw/toolchain/riscv-opcodes/opcodes-ipu_CUSTOM:23
custom-3_f3_f7_59,01110110000000000011?????1111011,LP_COUNTI,????????????000000110000?1111011,0x7600307b,generator,sw/toolchain/riscv-opcodes/opcodes-xpulphwloop_CUSTOM,sw/toolchain/riscv-opcodes/opcodes-xpulphwloop_CUSTOM:20
custom-3_f3_f7_60,01111000000000000011?????1111011,ISLTIU,?????????????????011?????1111011,0x7800307b,generator,sw/toolchain/riscv-opcodes/opcodes-ipu_CUSTOM,sw/toolchain/riscv-opcodes/opcodes-ipu_CUSTOM:23
custom-3_f3_f7_60,01111000000000000011?????1111011,LP_COUNTI,????????????000000110000?1111011,0x7800307b,generator,sw/toolchain/riscv-opcodes/opcodes-xpulphwloop_CUSTOM,sw/toolchain/riscv-opcodes/opcodes-xpulphwloop_CUSTOM:20
custom-3_f3_f7_61,01111010000000000011?????1111011,ISLTIU,?????????????????011?????1111011,0x7a00307b,generator,sw/toolchain/riscv-opcodes/opcodes-ipu_CUSTOM,sw/toolchain/riscv-opcodes/opcodes-ipu_CUSTOM:23
custom-3_f3_f7_61,01111010000000000011?????1111011,LP_COUNTI,????????????000000110000?1111011,0x7a00307b,generator,sw/toolchain/riscv-opcodes/opcodes-xpulphwloop_CUSTOM,sw/toolchain/riscv-opcodes/opcodes-xpulphwloop_CUSTOM:20
custom-3_f3_f7_62,01111100000000000011?????1111011,ISLTIU,?????????????????011?????1111011,0x7c00307b,generator,sw/toolchain/riscv-opcodes/opcodes-ipu_CUSTOM,sw/toolchain/riscv-opcodes/opcodes-ipu_CUSTOM:23
custom-3_f3_f7_62,01111100000000000011?????1111011,LP_COUNTI,????????????000000110000?1111011,0x7c00307b,generator,sw/toolchain/riscv-opcodes/opcodes-xpulphwloop_CUSTOM,sw/toolchain/riscv-opcodes/opcodes-xpulphwloop_CUSTOM:20
custom-3_f3_f7_63,01111110000000000011?????1111011,ISLTIU,?????????????????011?????1111011,0x7e00307b,generator,sw/toolchain/riscv-opcodes/opcodes-ipu_CUSTOM,sw/toolchain/riscv-opcodes/opcodes-ipu_CUSTOM:23
custom-3_f3_f7_63,01111110000000000011?????1111011,LP_COUNTI,????????????000000110000?1111011,0x7e00307b,generator,sw/toolchain/riscv-opcodes/opcodes-xpulphwloop_CUSTOM,sw/toolchain/riscv-opcodes/opcodes-xpulphwloop_CUSTOM:20
custom-3_f3_f7_64,10000000000000000011?????1111011,ISLTIU,?????????????????011?????1111011,0x8000307b,generator,sw/toolchain/riscv-opcodes/opcodes-ipu_CUSTOM,sw/toolchain/riscv-opcodes/opcodes-ipu_CUSTOM:23
custom-3_f3_f7_64,10000000000000000011?????1111011,LP_COUNTI,????????????000000110000?1111011,0x8000307b,generator,sw/toolchain/riscv-opcodes/opcodes-xpulphwloop_CUSTOM,sw/toolchain/riscv-opcodes/opcodes-xpulphwloop_CUSTOM:20
custom-3_f3_f7_65,10000010000000000011?????1111011,ISLTIU,?????????????????011?????1111011,0x8200307b,generator,sw/toolchain/riscv-opcodes/opcodes-ipu_CUSTOM,sw/toolchain/riscv-opcodes/opcodes-ipu_CUSTOM:23
custom-3_f3_f7_65,10000010000000000011?????1111011,LP_COUNTI,????????????000000110000?1111011,0x8200307b,generator,sw/toolchain/riscv-opcodes/opcodes-xpulphwloop_CUSTOM,sw/toolchain/riscv-opcodes/opcodes-xpulphwloop_CUSTOM:20
custom-3_f3_f7_66,10000100000000000011?????1111011,ISLTIU,?????????????????011?????1111011,0x8400307b,generator,sw/toolchain/riscv-opcodes/opcodes-ipu_CUSTOM,sw/toolchain/riscv-opcodes/opcodes-ipu_CUSTOM:23
custom-3_f3_f7_66,10000100000000000011?????1111011,LP_COUNTI,????????????000000110000?1111011,0x8400307b,generator,sw/toolchain/riscv-opcodes/opcodes-xpulphwloop_CUSTOM,sw/toolchain/riscv-opcodes/opcodes-xpulphwloop_CUSTOM:20
custom-3_f3_f7_67,10000110000000000011?????1111011,ISLTIU,?????????????????011?????1111011,0x8600307b,generator,sw/toolchain/riscv-opcodes/opcodes-ipu_CUSTOM,sw/toolchain/riscv-opcodes/opcodes-ipu_CUSTOM:23
custom-3_f3_f7_67,10000110000000000011?????1111011,LP_COUNTI,????????????000000110000?1111011,0x8600307b,generator,sw/toolchain/riscv-opcodes/opcodes-xpulphwloop_CUSTOM,sw/toolchain/riscv-opcodes/opcodes-xpulphwloop_CUSTOM:20
custom-3_f3_f7_68,10001000000000000011?????1111011,ISLTIU,?????????????????011?????1111011,0x8800307b,generator,sw/toolchain/riscv-opcodes/opcodes-ipu_CUSTOM,sw/toolchain/riscv-opcodes/opcodes-ipu_CUSTOM:23
custom-3_f3_f7_68,10001000000000000011?????1111011,LP_COUNTI,????????????000000110000?1111011,0x8800307b,generator,sw/toolchain/riscv-opcodes/opcodes-xpulphwloop_CUSTOM,sw/toolchain/riscv-opcodes/opcodes-xpulphwloop_CUSTOM:20
custom-3_f3_f7_69,10001010000000000011?????1111011,ISLTIU,?????????????????011?????1111011,0x8a00307b,generator,sw/toolchain/riscv-opcodes/opcodes-ipu_CUSTOM,sw/toolchain/riscv-opcodes/opcodes-ipu_CUSTOM:23
custom-3_f3_f7_69,10001010000000000011?????1111011,LP_COUNTI,????????????000000110000?1111011,0x8a00307b,generator,sw/toolchain/riscv-opcodes/opcodes-xpulphwloop_CUSTOM,sw/toolchain/riscv-opcodes/opcodes-xpulphwloop_CUSTOM:20
custom-3_f3_f7_70,10001100000000000011?????1111011,ISLTIU,?????????????????011?????1111011,0x8c00307b,generator,sw/toolchain/riscv-opcodes/opcodes-ipu_CUSTOM,sw/toolchain/riscv-opcodes/opcodes-ipu_CUSTOM:23
custom-3_f3_f7_70,10001100000000000011?????1111011,LP_COUNTI,????????????000000110000?1111011,0x8c00307b,generator,sw/toolchain/riscv-opcodes/opcodes-xpulphwloop_CUSTOM,sw/toolchain/riscv-opcodes/opcodes-xpulphwloop_CUSTOM:20
custom-3_f3_f7_71,10001110000000000011?????1111011,ISLTIU,?????????????????011?????1111011,0x8e00307b,generator,sw/toolchain/riscv-opcodes/opcodes-ipu_CUSTOM,sw/toolchain/riscv-opcodes/opcodes-ipu_CUSTOM:23
custom-3_f3_f7_71,10001110000000000011?????1111011,LP_COUNTI,????????????000000110000?1111011,0x8e00307b,generator,sw/toolchain/riscv-opcodes/opcodes-xpulphwloop_CUSTOM,sw/toolchain/riscv-opcodes/opcodes-xpulphwloop_CUSTOM:20
custom-3_f3_f7_72,10010000000000000011?????1111011,ISLTIU,?????????????????011?????1111011,0x9000307b,generator,sw/toolchain/riscv-opcodes/opcodes-ipu_CUSTOM,sw/toolchain/riscv-opcodes/opcodes-ipu_CUSTOM:23
custom-3_f3_f7_72,10010000000000000011?????1111011,LP_COUNTI,????????????000000110000?1111011,0x9000307b,generator,sw/toolchain/riscv-opcodes/opcodes-xpulphwloop_CUSTOM,sw/toolchain/riscv-opcodes/opcodes-xpulphwloop_CUSTOM:20
custom-3_f3_f7_73,10010010000000000011?????1111011,ISLTIU,?????????????????011?????1111011,0x9200307b,generator,sw/toolchain/riscv-opcodes/opcodes-ipu_CUSTOM,sw/toolchain/riscv-opcodes/opcodes-ipu_CUSTOM:23
custom-3_f3_f7_73,10010010000000000011?????1111011,LP_COUNTI,????????????000000110000?1111011,0x9200307b,generator,sw/toolchain/riscv-opcodes/opcodes-xpulphwloop_CUSTOM,sw/toolchain/riscv-opcodes/opcodes-xpulphwloop_CUSTOM:20
custom-3_f3_f7_74,10010100000000000011?????1111011,ISLTIU,?????????????????011?????1111011,0x9400307b,generator,sw/toolchain/riscv-opcodes/opcodes-ipu_CUSTOM,sw/toolchain/riscv-opcodes/opcodes-ipu_CUSTOM:23
custom-3_f3_f7_74,10010100000000000011?????1111011,LP_COUNTI,????????????000000110000?1111011,0x9400307b,generator,sw/toolchain/riscv-opcodes/opcodes-xpulphwloop_CUSTOM,sw/toolchain/riscv-opcodes/opcodes-xpulphwloop_CUSTOM:20
custom-3_f3_f7_75,10010110000000000011?????1111011,ISLTIU,?????????????????011?????1111011,0x9600307b,generator,sw/toolchain/riscv-opcodes/opcodes-ipu_CUSTOM,sw/toolchain/riscv-opcodes/opcodes-ipu_CUSTOM:23
custom-3_f3_f7_75,10010110000000000011?????1111011,LP_COUNTI,????????????000000110000?1111011,0x9600307b,generator,sw/toolchain/riscv-opcodes/opcodes-xpulphwloop_CUSTOM,sw/toolchain/riscv-opcodes/opcodes-xpulphwloop_CUSTOM:20
custom-3_f3_f7_76,10011000000000000011?????1111011,ISLTIU,?????????????????011?????1111011,0x9800307b,generator,sw/toolchain/riscv-opcodes/opcodes-ipu_CUSTOM,sw/toolchain/riscv-opcodes/opcodes-ipu_CUSTOM:23
custom-3_f3_f7_76,10011000000000000011?????1111011,LP_COUNTI,????????????000000110000?1111011,0x9800307b,generator,sw/toolchain/riscv-opcodes/opcodes-xpulphwloop_CUSTOM,sw/toolchain/riscv-opcodes/opcodes-xpulphwloop_CUSTOM:20
custom-3_f3_f7_77,10011010000000000011?????1111011,ISLTIU,?????????????????011?????1111011,0x9a00307b,generator,sw/toolchain/riscv-opcodes/opcodes-ipu_CUSTOM,sw/toolchain/riscv-opcodes/opcodes-ipu_CUSTOM:23
custom-3_f3_f7_77,10011010000000000011?????1111011,LP_COUNTI,????????????000000110000?1111011,0x9a00307b,generator,sw/toolchain/riscv-opcodes/opcodes-xpulphwloop_CUSTOM,sw/toolchain/riscv-opcodes/opcodes-xpulphwloop_CUSTOM:20
custom-3_f3_f7_78,10011100000000000011?????1111011,ISLTIU,?????????????????011?????1111011,0x9c00307b,generator,sw/toolchain/riscv-opcodes/opcodes-ipu_CUSTOM,sw/toolchain/riscv-opcodes/opcodes-ipu_CUSTOM:23
custom-3_f3_f7_78,10011100000000000011?????1111011,LP_COUNTI,????????????000000110000?1111011,0x9c00307b,generator,sw/toolchain/riscv-opcodes/opcodes-xpulphwloop_CUSTOM,sw/toolchain/riscv-opcodes/opcodes-xpulphwloop_CUSTOM:20
custom-3_f3_f7_79,10011110000000000011?????1111011,ISLTIU,?????????????????011?????1111011,0x9e00307b,generator,sw/toolchain/riscv-opcodes/opcodes-ipu_CUSTOM,sw/toolchain/riscv-opcodes/opcodes-ipu_CUSTOM:23
custom-3_f3_f7_79,10011110000000000011?????1111011,LP_COUNTI,????????????000000110000?1111011,0x9e00307b,generator,sw/toolchain/riscv-opcodes/opcodes-xpulphwloop_CUSTOM,sw/toolchain/riscv-opcodes/opcodes-xpulphwloop_CUSTOM:20
custom-3_f3_f7_80,10100000000000000011?????1111011,ISLTIU,?????????????????011?????1111011,0xa000307b,generator,sw/toolchain/riscv-opcodes/opcodes-ipu_CUSTOM,sw/toolchain/riscv-opcodes/opcodes-ipu_CUSTOM:23
custom-3_f3_f7_80,10100000000000000011?????1111011,LP_COUNTI,????????????000000110000?1111011,0xa000307b,generator,sw/toolchain/riscv-opcodes/opcodes-xpulphwloop_CUSTOM,sw/toolchain/riscv-opcodes/opcodes-xpulphwloop_CUSTOM:20
custom-3_f3_f7_81,10100010000000000011?????1111011,ISLTIU,?????????????????011?????1111011,0xa200307b,generator,sw/toolchain/riscv-opcodes/opcodes-ipu_CUSTOM,sw/toolchain/riscv-opcodes/opcodes-ipu_CUSTOM:23
custom-3_f3_f7_81,10100010000000000011?????1111011,LP_COUNTI,????????????000000110000?1111011,0xa200307b,generator,sw/toolchain/riscv-opcodes/opcodes-xpulphwloop_CUSTOM,sw/toolchain/riscv-opcodes/opcodes-xpulphwloop_CUSTOM:20
custom-3_f3_f7_82,10100100000000000011?????1111011,ISLTIU,?????????????????011?????1111011,0xa400307b,generator,sw/toolchain/riscv-opcodes/opcodes-ipu_CUSTOM,sw/toolchain/riscv-opcodes/opcodes-ipu_CUSTOM:23
custom-3_f3_f7_82,10100100000000000011?????1111011,LP_COUNTI,????????????000000110000?1111011,0xa400307b,generator,sw/toolchain/riscv-opcodes/opcodes-xpulphwloop_CUSTOM,sw/toolchain/riscv-opcodes/opcodes-xpulphwloop_CUSTOM:20
custom-3_f3_f7_83,10100110000000000011?????1111011,ISLTIU,?????????????????011?????1111011,0xa600307b,generator,sw/toolchain/riscv-opcodes/opcodes-ipu_CUSTOM,sw/toolchain/riscv-opcodes/opcodes-ipu_CUSTOM:23
custom-3_f3_f7_83,10100110000000000011?????1111011,LP_COUNTI,????????????000000110000?1111011,0xa600307b,generator,sw/toolchain/riscv-opcodes/opcodes-xpulphwloop_CUSTOM,sw/toolchain/riscv-opcodes/opcodes-xpulphwloop_CUSTOM:20
custom-3_f3_f7_84,10101000000000000011?????1111011,ISLTIU,?????????????????011?????1111011,0xa800307b,generator,sw/toolchain/riscv-opcodes/opcodes-ipu_CUSTOM,sw/toolchain/riscv-opcodes/opcodes-ipu_CUSTOM:23
custom-3_f3_f7_84,10101000000000000011?????1111011,LP_COUNTI,????????????000000110000?1111011,0xa800307b,generator,sw/toolchain/riscv-opcodes/opcodes-xpulphwloop_CUSTOM,sw/toolchain/riscv-opcodes/opcodes-xpulphwloop_CUSTOM:20
custom-3_f3_f7_85,10101010000000000011?????1111011,ISLTIU,?????????????????011?????1111011,0xaa00307b,generator,sw/toolchain/riscv-opcodes/opcodes-ipu_CUSTOM,sw/toolchain/riscv-opcodes/opcodes-ipu_CUSTOM:23
custom-3_f3_f7_85,10101010000000000011?????1111011,LP_COUNTI,????????????000000110000?1111011,0xaa00307b,generator,sw/toolchain/riscv-opcodes/opcodes-xpulphwloop_CUSTOM,sw/toolchain/riscv-opcodes/opcodes-xpulphwloop_CUSTOM:20
custom-3_f3_f7_86,10101100000000000011?????1111011,ISLTIU,?????????????????011?????1111011,0xac00307b,generator,sw/toolchain/riscv-opcodes/opcodes-ipu_CUSTOM,sw/toolchain/riscv-opcodes/opcodes-ipu_CUSTOM:23
custom-3_f3_f7_86,10101100000000000011?????1111011,LP_COUNTI,????????????000000110000?1111011,0xac00307b,generator,sw/toolchain/riscv-opcodes/opcodes-xpulphwloop_CUSTOM,sw/toolchain/riscv-opcodes/opcodes-xpulphwloop_CUSTOM:20
custom-3_f3_f7_87,10101110000000000011?????1111011,ISLTIU,?????????????????011?????1111011,0xae00307b,generator,sw/toolchain/riscv-opcodes/opcodes-ipu_CUSTOM,sw/toolchain/riscv-opcodes/opcodes-ipu_CUSTOM:23
custom-3_f3_f7_87,10101110000000000011?????1111011,LP_COUNTI,????????????000000110000?1111011,0xae00307b,generator,sw/toolchain/riscv-opcodes/opcodes-xpulphwloop_CUSTOM,sw/toolchain/riscv-opcodes/opcodes-xpulphwloop_CUSTOM:20
custom-3_f3_f7_88,10110000000000000011?????1111011,ISLTIU,?????????????????011?????1111011,0xb000307b,generator,sw/toolchain/riscv-opcodes/opcodes-ipu_CUSTOM,sw/toolchain/riscv-opcodes/opcodes-ipu_CUSTOM:23
custom-3_f3_f7_88,10110000000000000011?????1111011,LP_COUNTI,????????????000000110000?1111011,0xb000307b,generator,sw/toolchain/riscv-opcodes/opcodes-xpulphwloop_CUSTOM,sw/toolchain/riscv-opcodes/opcodes-xpulphwloop_CUSTOM:20
custom-3_f3_f7_89,10110010000000000011?????1111011,ISLTIU,?????????????????011?????1111011,0xb200307b,generator,sw/toolchain/riscv-opcodes/opcodes-ipu_CUSTOM,sw/toolchain/riscv-opcodes/opcodes-ipu_CUSTOM:23
custom-3_f3_f7_89,10110010000000000011?????1111011,LP_COUNTI,????????????000000110000?1111011,0xb200307b,generator,sw/toolchain/riscv-opcodes/opcodes-xpulphwloop_CUSTOM,sw/toolchain/riscv-opcodes/opcodes-xpulphwloop_CUSTOM:20
custom-3_f3_f7_90,10110100000000000011?????1111011,ISLTIU,?????????????????011?????1111011,0xb400307b,generator,sw/toolchain/riscv-opcodes/opcodes-ipu_CUSTOM,sw/toolchain/riscv-opcodes/opcodes-ipu_CUSTOM:23
custom-3_f3_f7_90,10110100000000000011?????1111011,LP_COUNTI,????????????000000110000?1111011,0xb400307b,generator,sw/toolchain/riscv-opcodes/opcodes-xpulphwloop_CUSTOM,sw/toolchain/riscv-opcodes/opcodes-xpulphwloop_CUSTOM:20
custom-3_f3_f7_91,10110110000000000011?????1111011,ISLTIU,?????????????????011?????1111011,0xb600307b,generator,sw/toolchain/riscv-opcodes/opcodes-ipu_CUSTOM,sw/toolchain/riscv-opcodes/opcodes-ipu_CUSTOM:23
custom-3_f3_f7_91,10110110000000000011?????1111011,LP_COUNTI,????????????000000110000?1111011,0xb600307b,generator,sw/toolchain/riscv-opcodes/opcodes-xpulphwloop_CUSTOM,sw/toolchain/riscv-opcodes/opcodes-xpulphwloop_CUSTOM:20
custom-3_f3_f7_92,10111000000000000011?????1111011,ISLTIU,?????????????????011?????1111011,0xb800307b,generator,sw/toolchain/riscv-opcodes/opcodes-ipu_CUSTOM,sw/toolchain/riscv-opcodes/opcodes-ipu_CUSTOM:23
custom-3_f3_f7_92,10111000000000000011?????1111011,LP_COUNTI,????????????000000110000?1111011,0xb800307b,generator,sw/toolchain/riscv-opcodes/opcodes-xpulphwloop_CUSTOM,sw/toolchain/riscv-opcodes/opcodes-xpulphwloop_CUSTOM:20
custom-3_f3_f7_93,10111010000000000011?????1111011,ISLTIU,?????????????????011?????1111011,0xba00307b,generator,sw/toolchain/riscv-opcodes/opcodes-ipu_CUSTOM,sw/toolchain/riscv-opcodes/opcodes-ipu_CUSTOM:23
custom-3_f3_f7_93,10111010000000000011?????1111011,LP_COUNTI,????????????000000110000?1111011,0xba00307b,generator,sw/toolchain/riscv-opcodes/opcodes-xpulphwloop_CUSTOM,sw/toolchain/riscv-opcodes/opcodes-xpulphwloop_CUSTOM:20
custom-3_f3_f7_94,10111100000000000011?????1111011,ISLTIU,?????????????????011?????1111011,0xbc00307b,generator,sw/toolchain/riscv-opcodes/opcodes-ipu_CUSTOM,sw/toolchain/riscv-opcodes/opcodes-ipu_CUSTOM:23
custom-3_f3_f7_94,10111100000000000011?????1111011,LP_COUNTI,????????????000000110000?1111011,0xbc00307b,generator,sw/toolchain/riscv-opcodes/opcodes-xpulphwloop_CUSTOM,sw/toolchain/riscv-opcodes/opcodes-xpulphwloop_CUSTOM:20
custom-3_f3_f7_95,10111110000000000011?????1111011,ISLTIU,?????????????????011?????1111011,0xbe00307b,generator,sw/toolchain/riscv-opcodes/opcodes-ipu_CUSTOM,sw/toolchain/riscv-opcodes/opcodes-ipu_CUSTOM:23
custom-3_f3_f7_95,10111110000000000011?????1111011,LP_COUNTI,????????????000000110000?1111011,0xbe00307b,generator,sw/toolchain/riscv-opcodes/opcodes-xpulphwloop_CUSTOM,sw/toolchain/riscv-opcodes/opcodes-xpulphwloop_CUSTOM:20
custom-3_f3_f7_96,11000000000000000011?????1111011,ISLTIU,?????????????????011?????1111011,0xc000307b,generator,sw/toolchain/riscv-opcodes/opcodes-ipu_CUSTOM,sw/toolchain/riscv-opcodes/opcodes-ipu_CUSTOM:23
custom-3_f3_f7_96,11000000000000000011?????1111011,LP_COUNTI,????????????000000110000?1111011,0xc000307b,generator,sw/toolchain/riscv-opcodes/opcodes-xpulphwloop_CUSTOM,sw/toolchain/riscv-opcodes/opcodes-xpulphwloop_CUSTOM:20
custom-3_f3_f7_97,11000010000000000011?????1111011,ISLTIU,?????????????????011?????1111011,0xc200307b,generator,sw/toolchain/riscv-opcodes/opcodes-ipu_CUSTOM,sw/toolchain/riscv-opcodes/opcodes-ipu_CUSTOM:23
custom-3_f3_f7_97,11000010000000000011?????1111011,LP_COUNTI,????????????000000110000?1111011,0xc200307b,generator,sw/toolchain/riscv-opcodes/opcodes-xpulphwloop_CUSTOM,sw/toolchain/riscv-opcodes/opcodes-xpulphwloop_CUSTOM:20
custom-3_f3_f7_98,11000100000000000011?????1111011,ISLTIU,?????????????????011?????1111011,0xc400307b,generator,sw/toolchain/riscv-opcodes/opcodes-ipu_CUSTOM,sw/toolchain/riscv-opcodes/opcodes-ipu_CUSTOM:23
custom-3_f3_f7_98,11000100000000000011?????1111011,LP_COUNTI,????????????000000110000?1111011,0xc400307b,generator,sw/toolchain/riscv-opcodes/opcodes-xpulphwloop_CUSTOM,sw/toolchain/riscv-opcodes/opcodes-xpulphwloop_CUSTOM:20
custom-3_f3_f7_99,11000110000000000011?????1111011,ISLTIU,?????????????????011?????1111011,0xc600307b,generator,sw/toolchain/riscv-opcodes/opcodes-ipu_CUSTOM,sw/toolchain/riscv-opcodes/opcodes-ipu_CUSTOM:23
custom-3_f3_f7_99,11000110000000000011?????1111011,LP_COUNTI,????????????000000110000?1111011,0xc600307b,generator,sw/toolchain/riscv-opcodes/opcodes-xpulphwloop_CUSTOM,sw/toolchain/riscv-opcodes/opcodes-xpulphwloop_CUSTOM:20
custom-3_f3_f7_100,11001000000000000011?????1111011,ISLTIU,?????????????????011?????1111011,0xc800307b,generator,sw/toolchain/riscv-opcodes/opcodes-ipu_CUSTOM,sw/toolchain/riscv-opcodes/opcodes-ipu_CUSTOM:23
custom-3_f3_f7_100,11001000000000000011?????1111011,LP_COUNTI,????????????000000110000?1111011,0xc800307b,generator,sw/toolchain/riscv-opcodes/opcodes-xpulphwloop_CUSTOM,sw/toolchain/riscv-opcodes/opcodes-xpulphwloop_CUSTOM:20
custom-3_f3_f7_101,11001010000000000011?????1111011,ISLTIU,?????????????????011?????1111011,0xca00307b,generator,sw/toolchain/riscv-opcodes/opcodes-ipu_CUSTOM,sw/toolchain/riscv-opcodes/opcodes-ipu_CUSTOM:23
custom-3_f3_f7_101,11001010000000000011?????1111011,LP_COUNTI,????????????000000110000?1111011,0xca00307b,generator,sw/toolchain/riscv-opcodes/opcodes-xpulphwloop_CUSTOM,sw/toolchain/riscv-opcodes/opcodes-xpulphwloop_CUSTOM:20
custom-3_f3_f7_102,11001100000000000011?????1111011,ISLTIU,?????????????????011?????1111011,0xcc00307b,generator,sw/toolchain/riscv-opcodes/opcodes-ipu_CUSTOM,sw/toolchain/riscv-opcodes/opcodes-ipu_CUSTOM:23
custom-3_f3_f7_102,11001100000000000011?????1111011,LP_COUNTI,????????????000000110000?1111011,0xcc00307b,generator,sw/toolchain/riscv-opcodes/opcodes-xpulphwloop_CUSTOM,sw/toolchain/riscv-opcodes/opcodes-xpulphwloop_CUSTOM:20
custom-3_f3_f7_103,11001110000000000011?????1111011,ISLTIU,?????????????????011?????1111011,0xce00307b,generator,sw/toolchain/riscv-opcodes/opcodes-ipu_CUSTOM,sw/toolchain/riscv-opcodes/opcodes-ipu_CUSTOM:23
custom-3_f3_f7_103,11001110000000000011?????1111011,LP_COUNTI,????????????000000110000?1111011,0xce00307b,generator,sw/toolchain/riscv-opcodes/opcodes-xpulphwloop_CUSTOM,sw/toolchain/riscv-opcodes/opcodes-xpulphwloop_CUSTOM:20
custom-3_f3_f7_104,11010000000000000011?????1111011,ISLTIU,?????????????????011?????1111011,0xd000307b,generator,sw/toolchain/riscv-opcodes/opcodes-ipu_CUSTOM,sw/toolchain/riscv-opcodes/opcodes-ipu_CUSTOM:23
custom-3_f3_f7_104,11010000000000000011?????1111011,LP_COUNTI,????????????000000110000?1111011,0xd000307b,generator,sw/toolchain/riscv-opcodes/opcodes-xpulphwloop_CUSTOM,sw/toolchain/riscv-opcodes/opcodes-xpulphwloop_CUSTOM:20
custom-3_f3_f7_105,11010010000000000011?????1111011,ISLTIU,?????????????????011?????1111011,0xd200307b,generator,sw/toolchain/riscv-opcodes/opcodes-ipu_CUSTOM,sw/toolchain/riscv-opcodes/opcodes-ipu_CUSTOM:23
custom-3_f3_f7_105,11010010000000000011?????1111011,LP_COUNTI,????????????000000110000?1111011,0xd200307b,generator,sw/toolchain/riscv-opcodes/opcodes-xpulphwloop_CUSTOM,sw/toolchain/riscv-opcodes/opcodes-xpulphwloop_CUSTOM:20
custom-3_f3_f7_106,11010100000000000011?????1111011,ISLTIU,?????????????????011?????1111011,0xd400307b,generator,sw/toolchain/riscv-opcodes/opcodes-ipu_CUSTOM,sw/toolchain/riscv-opcodes/opcodes-ipu_CUSTOM:23
custom-3_f3_f7_106,11010100000000000011?????1111011,LP_COUNTI,????????????000000110000?1111011,0xd400307b,generator,sw/toolchain/riscv-opcodes/opcodes-xpulphwloop_CUSTOM,sw/toolchain/riscv-opcodes/opcodes-xpulphwloop_CUSTOM:20
custom-3_f3_f7_107,11010110000000000011?????1111011,ISLTIU,?????????????????011?????1111011,0xd600307b,generator,sw/toolchain/riscv-opcodes/opcodes-ipu_CUSTOM,sw/toolchain/riscv-opcodes/opcodes-ipu_CUSTOM:23
custom-3_f3_f7_107,11010110000000000011?????1111011,LP_COUNTI,????????????000000110000?1111011,0xd600307b,generator,sw/toolchain/riscv-opcodes/opcodes-xpulphwloop_CUSTOM,sw/toolchain/riscv-opcodes/opcodes-xpulphwloop_CUSTOM:20
custom-3_f3_f7_108,11011000000000000011?????1111011,ISLTIU,?????????????????011?????1111011,0xd800307b,generator,sw/toolchain/riscv-opcodes/opcodes-ipu_CUSTOM,sw/toolchain/riscv-opcodes/opcodes-ipu_CUSTOM:23
custom-3_f3_f7_108,11011000000000000011?????1111011,LP_COUNTI,????????????000000110000?1111011,0xd800307b,generator,sw/toolchain/riscv-opcodes/opcodes-xpulphwloop_CUSTOM,sw/toolchain/riscv-opcodes/opcodes-xpulphwloop_CUSTOM:20
custom-3_f3_f7_109,11011010000000000011?????1111011,ISLTIU,?????????????????011?????1111011,0xda00307b,generator,sw/toolchain/riscv-opcodes/opcodes-ipu_CUSTOM,sw/toolchain/riscv-opcodes/opcodes-ipu_CUSTOM:23
custom-3_f3_f7_109,11011010000000000011?????1111011,LP_COUNTI,????????????000000110000?1111011,0xda00307b,generator,sw/toolchain/riscv-opcodes/opcodes-xpulphwloop_CUSTOM,sw/toolchain/riscv-opcodes/opcodes-xpulphwloop_CUSTOM:20
custom-3_f3_f7_110,11011100000000000011?????1111011,ISLTIU,?????????????????011?????1111011,0xdc00307b,generator,sw/toolchain/riscv-opcodes/opcodes-ipu_CUSTOM,sw/toolchain/riscv-opcodes/opcodes-ipu_CUSTOM:23
custom-3_f3_f7_110,11011100000000000011?????1111011,LP_COUNTI,????????????000000110000?1111011,0xdc00307b,generator,sw/toolchain/riscv-opcodes/opcodes-xpulphwloop_CUSTOM,sw/toolchain/riscv-opcodes/opcodes-xpulphwloop_CUSTOM:20
custom-3_f3_f7_111,11011110000000000011?????1111011,ISLTIU,?????????????????011?????1111011,0xde00307b,generator,sw/toolchain/riscv-opcodes/opcodes-ipu_CUSTOM,sw/toolchain/riscv-opcodes/opcodes-ipu_CUSTOM:23
custom-3_f3_f7_111,11011110000000000011?????1111011,LP_COUNTI,????????????000000110000?1111011,0xde00307b,generator,sw/toolchain/riscv-opcodes/opcodes-xpulphwloop_CUSTOM,sw/toolchain/riscv-opcodes/opcodes-xpulphwloop_CUSTOM:20
custom-3_f3_f7_112,11100000000000000011?????1111011,ISLTIU,?????????????????011?????1111011,0xe000307b,generator,sw/toolchain/riscv-opcodes/opcodes-ipu_CUSTOM,sw/toolchain/riscv-opcodes/opcodes-ipu_CUSTOM:23
custom-3_f3_f7_112,11100000000000000011?????1111011,LP_COUNTI,????????????000000110000?1111011,0xe000307b,generator,sw/toolchain/riscv-opcodes/opcodes-xpulphwloop_CUSTOM,sw/toolchain/riscv-opcodes/opcodes-xpulphwloop_CUSTOM:20
custom-3_f3_f7_113,11100010000000000011?????1111011,ISLTIU,?????????????????011?????1111011,0xe200307b,generator,sw/toolchain/riscv-opcodes/opcodes-ipu_CUSTOM,sw/toolchain/riscv-opcodes/opcodes-ipu_CUSTOM:23
custom-3_f3_f7_113,11100010000000000011?????1111011,LP_COUNTI,????????????000000110000?1111011,0xe200307b,generator,sw/toolchain/riscv-opcodes/opcodes-xpulphwloop_CUSTOM,sw/toolchain/riscv-opcodes/opcodes-xpulphwloop_CUSTOM:20
custom-3_f3_f7_114,11100100000000000011?????1111011,ISLTIU,?????????????????011?????1111011,0xe400307b,generator,sw/toolchain/riscv-opcodes/opcodes-ipu_CUSTOM,sw/toolchain/riscv-opcodes/opcodes-ipu_CUSTOM:23
custom-3_f3_f7_114,11100100000000000011?????1111011,LP_COUNTI,????????????000000110000?1111011,0xe400307b,generator,sw/toolchain/riscv-opcodes/opcodes-xpulphwloop_CUSTOM,sw/toolchain/riscv-opcodes/opcodes-xpulphwloop_CUSTOM:20
custom-3_f3_f7_115,11100110000000000011?????1111011,ISLTIU,?????????????????011?????1111011,0xe600307b,generator,sw/toolchain/riscv-opcodes/opcodes-ipu_CUSTOM,sw/toolchain/riscv-opcodes/opcodes-ipu_CUSTOM:23
custom-3_f3_f7_115,11100110000000000011?????1111011,LP_COUNTI,????????????000000110000?1111011,0xe600307b,generator,sw/toolchain/riscv-opcodes/opcodes-xpulphwloop_CUSTOM,sw/toolchain/riscv-opcodes/opcodes-xpulphwloop_CUSTOM:20
custom-3_f3_f7_116,11101000000000000011?????1111011,ISLTIU,?????????????????011?????1111011,0xe800307b,generator,sw/toolchain/riscv-opcodes/opcodes-ipu_CUSTOM,sw/toolchain/riscv-opcodes/opcodes-ipu_CUSTOM:23
custom-3_f3_f7_116,11101000000000000011?????1111011,LP_COUNTI,????????????000000110000?1111011,0xe800307b,generator,sw/toolchain/riscv-opcodes/opcodes-xpulphwloop_CUSTOM,sw/toolchain/riscv-opcodes/opcodes-xpulphwloop_CUSTOM:20
custom-3_f3_f7_117,11101010000000000011?????1111011,ISLTIU,?????????????????011?????1111011,0xea00307b,generator,sw/toolchain/riscv-opcodes/opcodes-ipu_CUSTOM,sw/toolchain/riscv-opcodes/opcodes-ipu_CUSTOM:23
custom-3_f3_f7_117,11101010000000000011?????1111011,LP_COUNTI,????????????000000110000?1111011,0xea00307b,generator,sw/toolchain/riscv-opcodes/opcodes-xpulphwloop_CUSTOM,sw/toolchain/riscv-opcodes/opcodes-xpulphwloop_CUSTOM:20
custom-3_f3_f7_118,11101100000000000011?????1111011,ISLTIU,?????????????????011?????1111011,0xec00307b,generator,sw/toolchain/riscv-opcodes/opcodes-ipu_CUSTOM,sw/toolchain/riscv-opcodes/opcodes-ipu_CUSTOM:23
custom-3_f3_f7_118,11101100000000000011?????1111011,LP_COUNTI,????????????000000110000?1111011,0xec00307b,generator,sw/toolchain/riscv-opcodes/opcodes-xpulphwloop_CUSTOM,sw/toolchain/riscv-opcodes/opcodes-xpulphwloop_CUSTOM:20
custom-3_f3_f7_119,11101110000000000011?????1111011,ISLTIU,?????????????????011?????1111011,0xee00307b,generator,sw/toolchain/riscv-opcodes/opcodes-ipu_CUSTOM,sw/toolchain/riscv-opcodes/opcodes-ipu_CUSTOM:23
custom-3_f3_f7_119,11101110000000000011?????1111011,LP_COUNTI,????????????000000110000?1111011,0xee00307b,generator,sw/toolchain/riscv-opcodes/opcodes-xpulphwloop_CUSTOM,sw/toolchain/riscv-opcodes/opcodes-xpulphwloop_CUSTOM:20
custom-3_f3_f7_120,11110000000000000011?????1111011,ISLTIU,?????????????????011?????1111011,0xf000307b,generator,sw/toolchain/riscv-opcodes/opcodes-ipu_CUSTOM,sw/toolchain/riscv-opcodes/opcodes-ipu_CUSTOM:23
custom-3_f3_f7_120,11110000000000000011?????1111011,LP_COUNTI,????????????000000110000?1111011,0xf000307b,generator,sw/toolchain/riscv-opcodes/opcodes-xpulphwloop_CUSTOM,sw/toolchain/riscv-opcodes/opcodes-xpulphwloop_CUSTOM:20
custom-3_f3_f7_121,11110010000000000011?????1111011,ISLTIU,?????????????????011?????1111011,0xf200307b,generator,sw/toolchain/riscv-opcodes/opcodes-ipu_CUSTOM,sw/toolchain/riscv-opcodes/opcodes-ipu_CUSTOM:23
custom-3_f3_f7_121,11110010000000000011?????1111011,LP_COUNTI,????????????000000110000?1111011,0xf200307b,generator,sw/toolchain/riscv-opcodes/opcodes-xpulphwloop_CUSTOM,sw/toolchain/riscv-opcodes/opcodes-xpulphwloop_CUSTOM:20
custom-3_f3_f7_122,11110100000000000011?????1111011,ISLTIU,?????????????????011?????1111011,0xf400307b,generator,sw/toolchain/riscv-opcodes/opcodes-ipu_CUSTOM,sw/toolchain/riscv-opcodes/opcodes-ipu_CUSTOM:23
custom-3_f3_f7_122,11110100000000000011?????1111011,LP_COUNTI,????????????000000110000?1111011,0xf400307b,generator,sw/toolchain/riscv-opcodes/opcodes-xpulphwloop_CUSTOM,sw/toolchain/riscv-opcodes/opcodes-xpulphwloop_CUSTOM:20
custom-3_f3_f7_123,11110110000000000011?????1111011,ISLTIU,?????????????????011?????1111011,0xf600307b,generator,sw/toolchain/riscv-opcodes/opcodes-ipu_CUSTOM,sw/toolchain/riscv-opcodes/opcodes-ipu_CUSTOM:23
custom-3_f3_f7_123,11110110000000000011?????1111011,LP_COUNTI,????????????000000110000?1111011,0xf600307b,generator,sw/toolchain/riscv-opcodes/opcodes-xpulphwloop_CUSTOM,sw/toolchain/riscv-opcodes/opcodes-xpulphwloop_CUSTOM:20
custom-3_f3_f7_124,11111000000000000011?????1111011,ISLTIU,?????????????????011?????1111011,0xf800307b,generator,sw/toolchain/riscv-opcodes/opcodes-ipu_CUSTOM,sw/toolchain/riscv-opcodes/opcodes-ipu_CUSTOM:23
custom-3_f3_f7_124,11111000000000000011?????1111011,LP_COUNTI,????????????000000110000?1111011,0xf800307b,generator,sw/toolchain/riscv-opcodes/opcodes-xpulphwloop_CUSTOM,sw/toolchain/riscv-opcodes/opcodes-xpulphwloop_CUSTOM:20
custom-3_f3_f7_125,11111010000000000011?????1111011,ISLTIU,?????????????????011?????1111011,0xfa00307b,generator,sw/toolchain/riscv-opcodes/opcodes-ipu_CUSTOM,sw/toolchain/riscv-opcodes/opcodes-ipu_CUSTOM:23
custom-3_f3_f7_125,11111010000000000011?????1111011,LP_COUNTI,????????????000000110000?1111011,0xfa00307b,generator,sw/toolchain/riscv-opcodes/opcodes-xpulphwloop_CUSTOM,sw/toolchain/riscv-opcodes/opcodes-xpulphwloop_CUSTOM:20
custom-3_f3_f7_126,11111100000000000011?????1111011,ISLTIU,?????????????????011?????1111011,0xfc00307b,generator,sw/toolchain/riscv-opcodes/opcodes-ipu_CUSTOM,sw/toolchain/riscv-opcodes/opcodes-ipu_CUSTOM:23
custom-3_f3_f7_126,11111100000000000011?????1111011,LP_COUNTI,????????????000000110000?1111011,0xfc00307b,generator,sw/toolchain/riscv-opcodes/opcodes-xpulphwloop_CUSTOM,sw/toolchain/riscv-opcodes/opcodes-xpulphwloop_CUSTOM:20
custom-3_f3_f7_127,11111110000000000011?????1111011,ISLTIU,?????????????????011?????1111011,0xfe00307b,generator,sw/toolchain/riscv-opcodes/opcodes-ipu_CUSTOM,sw/toolchain/riscv-opcodes/opcodes-ipu_CUSTOM:23
custom-3_f3_f7_127,11111110000000000011?????1111011,LP_COUNTI,????????????000000110000?1111011,0xfe00307b,generator,sw/toolchain/riscv-opcodes/opcodes-xpulphwloop_CUSTOM,sw/toolchain/riscv-opcodes/opcodes-xpulphwloop_CUSTOM:20
custom-3_f4_f7_0,00000000000000000100?????1111011,IXORI,?????????????????100?????1111011,0x0000407b,generator,sw/toolchain/riscv-opcodes/opcodes-ipu_CUSTOM,sw/toolchain/riscv-opcodes/opcodes-ipu_CUSTOM:24
custom-3_f4_f7_0,00000000000000000100?????1111011,LP_SETUP,?????????????????1000000?1111011,0x0000407b,generator,sw/toolchain/riscv-opcodes/opcodes-xpulphwloop_CUSTOM,sw/toolchain/riscv-opcodes/opcodes-xpulphwloop_CUSTOM:21
custom-3_f4_f7_1,00000010000000000100?????1111011,IXORI,?????????????????100?????1111011,0x0200407b,generator,sw/toolchain/riscv-opcodes/opcodes-ipu_CUSTOM,sw/toolchain/riscv-opcodes/opcodes-ipu_CUSTOM:24
custom-3_f4_f7_1,00000010000000000100?????1111011,LP_SETUP,?????????????????1000000?1111011,0x0200407b,generator,sw/toolchain/riscv-opcodes/opcodes-xpulphwloop_CUSTOM,sw/toolchain/riscv-opcodes/opcodes-xpulphwloop_CUSTOM:21
custom-3_f4_f7_2,00000100000000000100?????1111011,IXORI,?????????????????100?????1111011,0x0400407b,generator,sw/toolchain/riscv-opcodes/opcodes-ipu_CUSTOM,sw/toolchain/riscv-opcodes/opcodes-ipu_CUSTOM:24
custom-3_f4_f7_2,00000100000000000100?????1111011,LP_SETUP,?????????????????1000000?1111011,0x0400407b,generator,sw/toolchain/riscv-opcodes/opcodes-xpulphwloop_CUSTOM,sw/toolchain/riscv-opcodes/opcodes-xpulphwloop_CUSTOM:21
custom-3_f4_f7_3,00000110000000000100?????1111011,IXORI,?????????????????100?????1111011,0x0600407b,generator,sw/toolchain/riscv-opcodes/opcodes-ipu_CUSTOM,sw/toolchain/riscv-opcodes/opcodes-ipu_CUSTOM:24
custom-3_f4_f7_3,00000110000000000100?????1111011,LP_SETUP,?????????????????1000000?1111011,0x0600407b,generator,sw/toolchain/riscv-opcodes/opcodes-xpulphwloop_CUSTOM,sw/toolchain/riscv-opcodes/opcodes-xpulphwloop_CUSTOM:21
custom-3_f4_f7_4,00001000000000000100?????1111011,IXORI,?????????????????100?????1111011,0x0800407b,generator,sw/toolchain/riscv-opcodes/opcodes-ipu_CUSTOM,sw/toolchain/riscv-opcodes/opcodes-ipu_CUSTOM:24
custom-3_f4_f7_4,00001000000000000100?????1111011,LP_SETUP,?????????????????1000000?1111011,0x0800407b,generator,sw/toolchain/riscv-opcodes/opcodes-xpulphwloop_CUSTOM,sw/toolchain/riscv-opcodes/opcodes-xpulphwloop_CUSTOM:21
custom-3_f4_f7_5,00001010000000000100?????1111011,IXORI,?????????????????100?????1111011,0x0a00407b,generator,sw/toolchain/riscv-opcodes/opcodes-ipu_CUSTOM,sw/toolchain/riscv-opcodes/opcodes-ipu_CUSTOM:24
custom-3_f4_f7_5,00001010000000000100?????1111011,LP_SETUP,?????????????????1000000?1111011,0x0a00407b,generator,sw/toolchain/riscv-opcodes/opcodes-xpulphwloop_CUSTOM,sw/toolchain/riscv-opcodes/opcodes-xpulphwloop_CUSTOM:21
custom-3_f4_f7_6,00001100000000000100?????1111011,IXORI,?????????????????100?????1111011,0x0c00407b,generator,sw/toolchain/riscv-opcodes/opcodes-ipu_CUSTOM,sw/toolchain/riscv-opcodes/opcodes-ipu_CUSTOM:24
custom-3_f4_f7_6,00001100000000000100?????1111011,LP_SETUP,?????????????????1000000?1111011,0x0c00407b,generator,sw/toolchain/riscv-opcodes/opcodes-xpulphwloop_CUSTOM,sw/toolchain/riscv-opcodes/opcodes-xpulphwloop_CUSTOM:21
custom-3_f4_f7_7,00001110000000000100?????1111011,IXORI,?????????????????100?????1111011,0x0e00407b,generator,sw/toolchain/riscv-opcodes/opcodes-ipu_CUSTOM,sw/toolchain/riscv-opcodes/opcodes-ipu_CUSTOM:24
custom-3_f4_f7_7,00001110000000000100?????1111011,LP_SETUP,?????????????????1000000?1111011,0x0e00407b,generator,sw/toolchain/riscv-opcodes/opcodes-xpulphwloop_CUSTOM,sw/toolchain/riscv-opcodes/opcodes-xpulphwloop_CUSTOM:21
custom-3_f4_f7_8,00010000000000000100?????1111011,IXORI,?????????????????100?????1111011,0x1000407b,generator,sw/toolchain/riscv-opcodes/opcodes-ipu_CUSTOM,sw/toolchain/riscv-opcodes/opcodes-ipu_CUSTOM:24
custom-3_f4_f7_8,00010000000000000100?????1111011,LP_SETUP,?????????????????1000000?1111011,0x1000407b,generator,sw/toolchain/riscv-opcodes/opcodes-xpulphwloop_CUSTOM,sw/toolchain/riscv-opcodes/opcodes-xpulphwloop_CUSTOM:21
custom-3_f4_f7_9,00010010000000000100?????1111011,IXORI,?????????????????100?????1111011,0x1200407b,generator,sw/toolchain/riscv-opcodes/opcodes-ipu_CUSTOM,sw/toolchain/riscv-opcodes/opcodes-ipu_CUSTOM:24
custom-3_f4_f7_9,00010010000000000100?????1111011,LP_SETUP,?????????????????1000000?1111011,0x1200407b,generator,sw/toolchain/riscv-opcodes/opcodes-xpulphwloop_CUSTOM,sw/toolchain/riscv-opcodes/opcodes-xpulphwloop_CUSTOM:21
custom-3_f4_f7_10,00010100000000000100?????1111011,IXORI,?????????????????100?????1111011,0x1400407b,generator,sw/toolchain/riscv-opcodes/opcodes-ipu_CUSTOM,sw/toolchain/riscv-opcodes/opcodes-ipu_CUSTOM:24
custom-3_f4_f7_10,00010100000000000100?????1111011,LP_SETUP,?????????????????1000000?1111011,0x1400407b,generator,sw/toolchain/riscv-opcodes/opcodes-xpulphwloop_CUSTOM,sw/toolchain/riscv-opcodes/opcodes-xpulphwloop_CUSTOM:21
custom-3_f4_f7_11,00010110000000000100?????1111011,IXORI,?????????????????100?????1111011,0x1600407b,generator,sw/toolchain/riscv-opcodes/opcodes-ipu_CUSTOM,sw/toolchain/riscv-opcodes/opcodes-ipu_CUSTOM:24
custom-3_f4_f7_11,00010110000000000100?????1111011,LP_SETUP,?????????????????1000000?1111011,0x1600407b,generator,sw/toolchain/riscv-opcodes/opcodes-xpulphwloop_CUSTOM,sw/toolchain/riscv-opcodes/opcodes-xpulphwloop_CUSTOM:21
custom-3_f4_f7_12,00011000000000000100?????1111011,IXORI,?????????????????100?????1111011,0x1800407b,generator,sw/toolchain/riscv-opcodes/opcodes-ipu_CUSTOM,sw/toolchain/riscv-opcodes/opcodes-ipu_CUSTOM:24
custom-3_f4_f7_12,00011000000000000100?????1111011,LP_SETUP,?????????????????1000000?1111011,0x1800407b,generator,sw/toolchain/riscv-opcodes/opcodes-xpulphwloop_CUSTOM,sw/toolchain/riscv-opcodes/opcodes-xpulphwloop_CUSTOM:21
custom-3_f4_f7_13,00011010000000000100?????1111011,IXORI,?????????????????100?????1111011,0x1a00407b,generator,sw/toolchain/riscv-opcodes/opcodes-ipu_CUSTOM,sw/toolchain/riscv-opcodes/opcodes-ipu_CUSTOM:24
custom-3_f4_f7_13,00011010000000000100?????1111011,LP_SETUP,?????????????????1000000?1111011,0x1a00407b,generator,sw/toolchain/riscv-opcodes/opcodes-xpulphwloop_CUSTOM,sw/toolchain/riscv-opcodes/opcodes-xpulphwloop_CUSTOM:21
custom-3_f4_f7_14,00011100000000000100?????1111011,IXORI,?????????????????100?????1111011,0x1c00407b,generator,sw/toolchain/riscv-opcodes/opcodes-ipu_CUSTOM,sw/toolchain/riscv-opcodes/opcodes-ipu_CUSTOM:24
custom-3_f4_f7_14,00011100000000000100?????1111011,LP_SETUP,?????????????????1000000?1111011,0x1c00407b,generator,sw/toolchain/riscv-opcodes/opcodes-xpulphwloop_CUSTOM,sw/toolchain/riscv-opcodes/opcodes-xpulphwloop_CUSTOM:21
custom-3_f4_f7_15,00011110000000000100?????1111011,IXORI,?????????????????100?????1111011,0x1e00407b,generator,sw/toolchain/riscv-opcodes/opcodes-ipu_CUSTOM,sw/toolchain/riscv-opcodes/opcodes-ipu_CUSTOM:24
custom-3_f4_f7_15,00011110000000000100?????1111011,LP_SETUP,?????????????????1000000?1111011,0x1e00407b,generator,sw/toolchain/riscv-opcodes/opcodes-xpulphwloop_CUSTOM,sw/toolchain/riscv-opcodes/opcodes-xpulphwloop_CUSTOM:21
custom-3_f4_f7_16,00100000000000000100?????1111011,IXORI,?????????????????100?????1111011,0x2000407b,generator,sw/toolchain/riscv-opcodes/opcodes-ipu_CUSTOM,sw/toolchain/riscv-opcodes/opcodes-ipu_CUSTOM:24
custom-3_f4_f7_16,00100000000000000100?????1111011,LP_SETUP,?????????????????1000000?1111011,0x2000407b,generator,sw/toolchain/riscv-opcodes/opcodes-xpulphwloop_CUSTOM,sw/toolchain/riscv-opcodes/opcodes-xpulphwloop_CUSTOM:21
custom-3_f4_f7_17,00100010000000000100?????1111011,IXORI,?????????????????100?????1111011,0x2200407b,generator,sw/toolchain/riscv-opcodes/opcodes-ipu_CUSTOM,sw/toolchain/riscv-opcodes/opcodes-ipu_CUSTOM:24
custom-3_f4_f7_17,00100010000000000100?????1111011,LP_SETUP,?????????????????1000000?1111011,0x2200407b,generator,sw/toolchain/riscv-opcodes/opcodes-xpulphwloop_CUSTOM,sw/toolchain/riscv-opcodes/opcodes-xpulphwloop_CUSTOM:21
custom-3_f4_f7_18,00100100000000000100?????1111011,IXORI,?????????????????100?????1111011,0x2400407b,generator,sw/toolchain/riscv-opcodes/opcodes-ipu_CUSTOM,sw/toolchain/riscv-opcodes/opcodes-ipu_CUSTOM:24
custom-3_f4_f7_18,00100100000000000100?????1111011,LP_SETUP,?????????????????1000000?1111011,0x2400407b,generator,sw/toolchain/riscv-opcodes/opcodes-xpulphwloop_CUSTOM,sw/toolchain/riscv-opcodes/opcodes-xpulphwloop_CUSTOM:21
custom-3_f4_f7_19,00100110000000000100?????1111011,IXORI,?????????????????100?????1111011,0x2600407b,generator,sw/toolchain/riscv-opcodes/opcodes-ipu_CUSTOM,sw/toolchain/riscv-opcodes/opcodes-ipu_CUSTOM:24
custom-3_f4_f7_19,00100110000000000100?????1111011,LP_SETUP,?????????????????1000000?1111011,0x2600407b,generator,sw/toolchain/riscv-opcodes/opcodes-xpulphwloop_CUSTOM,sw/toolchain/riscv-opcodes/opcodes-xpulphwloop_CUSTOM:21
custom-3_f4_f7_20,00101000000000000100?????1111011,IXORI,?????????????????100?????1111011,0x2800407b,generator,sw/toolchain/riscv-opcodes/opcodes-ipu_CUSTOM,sw/toolchain/riscv-opcodes/opcodes-ipu_CUSTOM:24
custom-3_f4_f7_20,00101000000000000100?????1111011,LP_SETUP,?????????????????1000000?1111011,0x2800407b,generator,sw/toolchain/riscv-opcodes/opcodes-xpulphwloop_CUSTOM,sw/toolchain/riscv-opcodes/opcodes-xpulphwloop_CUSTOM:21
custom-3_f4_f7_21,00101010000000000100?????1111011,IXORI,?????????????????100?????1111011,0x2a00407b,generator,sw/toolchain/riscv-opcodes/opcodes-ipu_CUSTOM,sw/toolchain/riscv-opcodes/opcodes-ipu_CUSTOM:24
custom-3_f4_f7_21,00101010000000000100?????1111011,LP_SETUP,?????????????????1000000?1111011,0x2a00407b,generator,sw/toolchain/riscv-opcodes/opcodes-xpulphwloop_CUSTOM,sw/toolchain/riscv-opcodes/opcodes-xpulphwloop_CUSTOM:21
custom-3_f4_f7_22,00101100000000000100?????1111011,IXORI,?????????????????100?????1111011,0x2c00407b,generator,sw/toolchain/riscv-opcodes/opcodes-ipu_CUSTOM,sw/toolchain/riscv-opcodes/opcodes-ipu_CUSTOM:24
custom-3_f4_f7_22,00101100000000000100?????1111011,LP_SETUP,?????????????????1000000?1111011,0x2c00407b,generator,sw/toolchain/riscv-opcodes/opcodes-xpulphwloop_CUSTOM,sw/toolchain/riscv-opcodes/opcodes-xpulphwloop_CUSTOM:21
custom-3_f4_f7_23,00101110000000000100?????1111011,IXORI,?????????????????100?????1111011,0x2e00407b,generator,sw/toolchain/riscv-opcodes/opcodes-ipu_CUSTOM,sw/toolchain/riscv-opcodes/opcodes-ipu_CUSTOM:24
custom-3_f4_f7_23,00101110000000000100?????1111011,LP_SETUP,?????????????????1000000?1111011,0x2e00407b,generator,sw/toolchain/riscv-opcodes/opcodes-xpulphwloop_CUSTOM,sw/toolchain/riscv-opcodes/opcodes-xpulphwloop_CUSTOM:21
custom-3_f4_f7_24,00110000000000000100?????1111011,IXORI,?????????????????100?????1111011,0x3000407b,generator,sw/toolchain/riscv-opcodes/opcodes-ipu_CUSTOM,sw/toolchain/riscv-opcodes/opcodes-ipu_CUSTOM:24
custom-3_f4_f7_24,00110000000000000100?????1111011,LP_SETUP,?????????????????1000000?1111011,0x3000407b,generator,sw/toolchain/riscv-opcodes/opcodes-xpulphwloop_CUSTOM,sw/toolchain/riscv-opcodes/opcodes-xpulphwloop_CUSTOM:21
custom-3_f4_f7_25,00110010000000000100?????1111011,IXORI,?????????????????100?????1111011,0x3200407b,generator,sw/toolchain/riscv-opcodes/opcodes-ipu_CUSTOM,sw/toolchain/riscv-opcodes/opcodes-ipu_CUSTOM:24
custom-3_f4_f7_25,00110010000000000100?????1111011,LP_SETUP,?????????????????1000000?1111011,0x3200407b,generator,sw/toolchain/riscv-opcodes/opcodes-xpulphwloop_CUSTOM,sw/toolchain/riscv-opcodes/opcodes-xpulphwloop_CUSTOM:21
custom-3_f4_f7_26,00110100000000000100?????1111011,IXORI,?????????????????100?????1111011,0x3400407b,generator,sw/toolchain/riscv-opcodes/opcodes-ipu_CUSTOM,sw/toolchain/riscv-opcodes/opcodes-ipu_CUSTOM:24
custom-3_f4_f7_26,00110100000000000100?????1111011,LP_SETUP,?????????????????1000000?1111011,0x3400407b,generator,sw/toolchain/riscv-opcodes/opcodes-xpulphwloop_CUSTOM,sw/toolchain/riscv-opcodes/opcodes-xpulphwloop_CUSTOM:21
custom-3_f4_f7_27,00110110000000000100?????1111011,IXORI,?????????????????100?????1111011,0x3600407b,generator,sw/toolchain/riscv-opcodes/opcodes-ipu_CUSTOM,sw/toolchain/riscv-opcodes/opcodes-ipu_CUSTOM:24
custom-3_f4_f7_27,00110110000000000100?????1111011,LP_SETUP,?????????????????1000000?1111011,0x3600407b,generator,sw/toolchain/riscv-opcodes/opcodes-xpulphwloop_CUSTOM,sw/toolchain/riscv-opcodes/opcodes-xpulphwloop_CUSTOM:21
custom-3_f4_f7_28,00111000000000000100?????1111011,IXORI,?????????????????100?????1111011,0x3800407b,generator,sw/toolchain/riscv-opcodes/opcodes-ipu_CUSTOM,sw/toolchain/riscv-opcodes/opcodes-ipu_CUSTOM:24
custom-3_f4_f7_28,00111000000000000100?????1111011,LP_SETUP,?????????????????1000000?1111011,0x3800407b,generator,sw/toolchain/riscv-opcodes/opcodes-xpulphwloop_CUSTOM,sw/toolchain/riscv-opcodes/opcodes-xpulphwloop_CUSTOM:21
custom-3_f4_f7_29,00111010000000000100?????1111011,IXORI,?????????????????100?????1111011,0x3a00407b,generator,sw/toolchain/riscv-opcodes/opcodes-ipu_CUSTOM,sw/toolchain/riscv-opcodes/opcodes-ipu_CUSTOM:24
custom-3_f4_f7_29,00111010000000000100?????1111011,LP_SETUP,?????????????????1000000?1111011,0x3a00407b,generator,sw/toolchain/riscv-opcodes/opcodes-xpulphwloop_CUSTOM,sw/toolchain/riscv-opcodes/opcodes-xpulphwloop_CUSTOM:21
custom-3_f4_f7_30,00111100000000000100?????1111011,IXORI,?????????????????100?????1111011,0x3c00407b,generator,sw/toolchain/riscv-opcodes/opcodes-ipu_CUSTOM,sw/toolchain/riscv-opcodes/opcodes-ipu_CUSTOM:24
custom-3_f4_f7_30,00111100000000000100?????1111011,LP_SETUP,?????????????????1000000?1111011,0x3c00407b,generator,sw/toolchain/riscv-opcodes/opcodes-xpulphwloop_CUSTOM,sw/toolchain/riscv-opcodes/opcodes-xpulphwloop_CUSTOM:21
custom-3_f4_f7_31,00111110000000000100?????1111011,IXORI,?????????????????100?????1111011,0x3e00407b,generator,sw/toolchain/riscv-opcodes/opcodes-ipu_CUSTOM,sw/toolchain/riscv-opcodes/opcodes-ipu_CUSTOM:24
custom-3_f4_f7_31,00111110000000000100?????1111011,LP_SETUP,?????????????????1000000?1111011,0x3e00407b,generator,sw/toolchain/riscv-opcodes/opcodes-xpulphwloop_CUSTOM,sw/toolchain/riscv-opcodes/opcodes-xpulphwloop_CUSTOM:21
custom-3_f4_f7_32,01000000000000000100?????1111011,IXORI,?????????????????100?????1111011,0x4000407b,generator,sw/toolchain/riscv-opcodes/opcodes-ipu_CUSTOM,sw/toolchain/riscv-opcodes/opcodes-ipu_CUSTOM:24
custom-3_f4_f7_32,01000000000000000100?????1111011,LP_SETUP,?????????????????1000000?1111011,0x4000407b,generator,sw/toolchain/riscv-opcodes/opcodes-xpulphwloop_CUSTOM,sw/toolchain/riscv-opcodes/opcodes-xpulphwloop_CUSTOM:21
custom-3_f4_f7_33,01000010000000000100?????1111011,IXORI,?????????????????100?????1111011,0x4200407b,generator,sw/toolchain/riscv-opcodes/opcodes-ipu_CUSTOM,sw/toolchain/riscv-opcodes/opcodes-ipu_CUSTOM:24
custom-3_f4_f7_33,01000010000000000100?????1111011,LP_SETUP,?????????????????1000000?1111011,0x4200407b,generator,sw/toolchain/riscv-opcodes/opcodes-xpulphwloop_CUSTOM,sw/toolchain/riscv-opcodes/opcodes-xpulphwloop_CUSTOM:21
custom-3_f4_f7_34,01000100000000000100?????1111011,IXORI,?????????????????100?????1111011,0x4400407b,generator,sw/toolchain/riscv-opcodes/opcodes-ipu_CUSTOM,sw/toolchain/riscv-opcodes/opcodes-ipu_CUSTOM:24
custom-3_f4_f7_34,01000100000000000100?????1111011,LP_SETUP,?????????????????1000000?1111011,0x4400407b,generator,sw/toolchain/riscv-opcodes/opcodes-xpulphwloop_CUSTOM,sw/toolchain/riscv-opcodes/opcodes-xpulphwloop_CUSTOM:21
custom-3_f4_f7_35,01000110000000000100?????1111011,IXORI,?????????????????100?????1111011,0x4600407b,generator,sw/toolchain/riscv-opcodes/opcodes-ipu_CUSTOM,sw/toolchain/riscv-opcodes/opcodes-ipu_CUSTOM:24
custom-3_f4_f7_35,01000110000000000100?????1111011,LP_SETUP,?????????????????1000000?1111011,0x4600407b,generator,sw/toolchain/riscv-opcodes/opcodes-xpulphwloop_CUSTOM,sw/toolchain/riscv-opcodes/opcodes-xpulphwloop_CUSTOM:21
custom-3_f4_f7_36,01001000000000000100?????1111011,IXORI,?????????????????100?????1111011,0x4800407b,generator,sw/toolchain/riscv-opcodes/opcodes-ipu_CUSTOM,sw/toolchain/riscv-opcodes/opcodes-ipu_CUSTOM:24
custom-3_f4_f7_36,01001000000000000100?????1111011,LP_SETUP,?????????????????1000000?1111011,0x4800407b,generator,sw/toolchain/riscv-opcodes/opcodes-xpulphwloop_CUSTOM,sw/toolchain/riscv-opcodes/opcodes-xpulphwloop_CUSTOM:21
custom-3_f4_f7_37,01001010000000000100?????1111011,IXORI,?????????????????100?????1111011,0x4a00407b,generator,sw/toolchain/riscv-opcodes/opcodes-ipu_CUSTOM,sw/toolchain/riscv-opcodes/opcodes-ipu_CUSTOM:24
custom-3_f4_f7_37,01001010000000000100?????1111011,LP_SETUP,?????????????????1000000?1111011,0x4a00407b,generator,sw/toolchain/riscv-opcodes/opcodes-xpulphwloop_CUSTOM,sw/toolchain/riscv-opcodes/opcodes-xpulphwloop_CUSTOM:21
custom-3_f4_f7_38,01001100000000000100?????1111011,IXORI,?????????????????100?????1111011,0x4c00407b,generator,sw/toolchain/riscv-opcodes/opcodes-ipu_CUSTOM,sw/toolchain/riscv-opcodes/opcodes-ipu_CUSTOM:24
custom-3_f4_f7_38,01001100000000000100?????1111011,LP_SETUP,?????????????????1000000?1111011,0x4c00407b,generator,sw/toolchain/riscv-opcodes/opcodes-xpulphwloop_CUSTOM,sw/toolchain/riscv-opcodes/opcodes-xpulphwloop_CUSTOM:21
custom-3_f4_f7_39,01001110000000000100?????1111011,IXORI,?????????????????100?????1111011,0x4e00407b,generator,sw/toolchain/riscv-opcodes/opcodes-ipu_CUSTOM,sw/toolchain/riscv-opcodes/opcodes-ipu_CUSTOM:24
custom-3_f4_f7_39,01001110000000000100?????1111011,LP_SETUP,?????????????????1000000?1111011,0x4e00407b,generator,sw/toolchain/riscv-opcodes/opcodes-xpulphwloop_CUSTOM,sw/toolchain/riscv-opcodes/opcodes-xpulphwloop_CUSTOM:21
custom-3_f4_f7_40,01010000000000000100?????1111011,IXORI,?????????????????100?????1111011,0x5000407b,generator,sw/toolchain/riscv-opcodes/opcodes-ipu_CUSTOM,sw/toolchain/riscv-opcodes/opcodes-ipu_CUSTOM:24
custom-3_f4_f7_40,01010000000000000100?????1111011,LP_SETUP,?????????????????1000000?1111011,0x5000407b,generator,sw/toolchain/riscv-opcodes/opcodes-xpulphwloop_CUSTOM,sw/toolchain/riscv-opcodes/opcodes-xpulphwloop_CUSTOM:21
custom-3_f4_f7_41,01010010000000000100?????1111011,IXORI,?????????????????100?????1111011,0x5200407b,generator,sw/toolchain/riscv-opcodes/opcodes-ipu_CUSTOM,sw/toolchain/riscv-opcodes/opcodes-ipu_CUSTOM:24
custom-3_f4_f7_41,01010010000000000100?????1111011,LP_SETUP,?????????????????1000000?1111011,0x5200407b,generator,sw/toolchain/riscv-opcodes/opcodes-xpulphwloop_CUSTOM,sw/toolchain/riscv-opcodes/opcodes-xpulphwloop_CUSTOM:21
custom-3_f4_f7_42,01010100000000000100?????1111011,IXORI,?????????????????100?????1111011,0x5400407b,generator,sw/toolchain/riscv-opcodes/opcodes-ipu_CUSTOM,sw/toolchain/riscv-opcodes/opcodes-ipu_CUSTOM:24
custom-3_f4_f7_42,01010100000000000100?????1111011,LP_SETUP,?????????????????1000000?1111011,0x5400407b,generator,sw/toolchain/riscv-opcodes/opcodes-xpulphwloop_CUSTOM,sw/toolchain/riscv-opcodes/opcodes-xpulphwloop_CUSTOM:21
custom-3_f4_f7_43,01010110000000000100?????1111011,IXORI,?????????????????100?????1111011,0x5600407b,generator,sw/toolchain/riscv-opcodes/opcodes-ipu_CUSTOM,sw/toolchain/riscv-opcodes/opcodes-ipu_CUSTOM:24
custom-3_f4_f7_43,01010110000000000100?????1111011,LP_SETUP,?????????????????1000000?1111011,0x5600407b,generator,sw/toolchain/riscv-opcodes/opcodes-xpulphwloop_CUSTOM,sw/toolchain/riscv-opcodes/opcodes-xpulphwloop_CUSTOM:21
custom-3_f4_f7_44,01011000000000000100?????1111011,IXORI,?????????????????100?????1111011,0x5800407b,generator,sw/toolchain/riscv-opcodes/opcodes-ipu_CUSTOM,sw/toolchain/riscv-opcodes/opcodes-ipu_CUSTOM:24
custom-3_f4_f7_44,01011000000000000100?????1111011,LP_SETUP,?????????????????1000000?1111011,0x5800407b,generator,sw/toolchain/riscv-opcodes/opcodes-xpulphwloop_CUSTOM,sw/toolchain/riscv-opcodes/opcodes-xpulphwloop_CUSTOM:21
custom-3_f4_f7_45,01011010000000000100?????1111011,IXORI,?????????????????100?????1111011,0x5a00407b,generator,sw/toolchain/riscv-opcodes/opcodes-ipu_CUSTOM,sw/toolchain/riscv-opcodes/opcodes-ipu_CUSTOM:24
custom-3_f4_f7_45,01011010000000000100?????1111011,LP_SETUP,?????????????????1000000?1111011,0x5a00407b,generator,sw/toolchain/riscv-opcodes/opcodes-xpulphwloop_CUSTOM,sw/toolchain/riscv-opcodes/opcodes-xpulphwloop_CUSTOM:21
custom-3_f4_f7_46,01011100000000000100?????1111011,IXORI,?????????????????100?????1111011,0x5c00407b,generator,sw/toolchain/riscv-opcodes/opcodes-ipu_CUSTOM,sw/toolchain/riscv-opcodes/opcodes-ipu_CUSTOM:24
custom-3_f4_f7_46,01011100000000000100?????1111011,LP_SETUP,?????????????????1000000?1111011,0x5c00407b,generator,sw/toolchain/riscv-opcodes/opcodes-xpulphwloop_CUSTOM,sw/toolchain/riscv-opcodes/opcodes-xpulphwloop_CUSTOM:21
custom-3_f4_f7_47,01011110000000000100?????1111011,IXORI,?????????????????100?????1111011,0x5e00407b,generator,sw/toolchain/riscv-opcodes/opcodes-ipu_CUSTOM,sw/toolchain/riscv-opcodes/opcodes-ipu_CUSTOM:24
custom-3_f4_f7_47,01011110000000000100?????1111011,LP_SETUP,?????????????????1000000?1111011,0x5e00407b,generator,sw/toolchain/riscv-opcodes/opcodes-xpulphwloop_CUSTOM,sw/toolchain/riscv-opcodes/opcodes-xpulphwloop_CUSTOM:21
custom-3_f4_f7_48,01100000000000000100?????1111011,IXORI,?????????????????100?????1111011,0x6000407b,generator,sw/toolchain/riscv-opcodes/opcodes-ipu_CUSTOM,sw/toolchain/riscv-opcodes/opcodes-ipu_CUSTOM:24
custom-3_f4_f7_48,01100000000000000100?????1111011,LP_SETUP,?????????????????1000000?1111011,0x6000407b,generator,sw/toolchain/riscv-opcodes/opcodes-xpulphwloop_CUSTOM,sw/toolchain/riscv-opcodes/opcodes-xpulphwloop_CUSTOM:21
custom-3_f4_f7_49,01100010000000000100?????1111011,IXORI,?????????????????100?????1111011,0x6200407b,generator,sw/toolchain/riscv-opcodes/opcodes-ipu_CUSTOM,sw/toolchain/riscv-opcodes/opcodes-ipu_CUSTOM:24
custom-3_f4_f7_49,01100010000000000100?????1111011,LP_SETUP,?????????????????1000000?1111011,0x6200407b,generator,sw/toolchain/riscv-opcodes/opcodes-xpulphwloop_CUSTOM,sw/toolchain/riscv-opcodes/opcodes-xpulphwloop_CUSTOM:21
custom-3_f4_f7_50,01100100000000000100?????1111011,IXORI,?????????????????100?????1111011,0x6400407b,generator,sw/toolchain/riscv-opcodes/opcodes-ipu_CUSTOM,sw/toolchain/riscv-opcodes/opcodes-ipu_CUSTOM:24
custom-3_f4_f7_50,01100100000000000100?????1111011,LP_SETUP,?????????????????1000000?1111011,0x6400407b,generator,sw/toolchain/riscv-opcodes/opcodes-xpulphwloop_CUSTOM,sw/toolchain/riscv-opcodes/opcodes-xpulphwloop_CUSTOM:21
custom-3_f4_f7_51,01100110000000000100?????1111011,IXORI,?????????????????100?????1111011,0x6600407b,generator,sw/toolchain/riscv-opcodes/opcodes-ipu_CUSTOM,sw/toolchain/riscv-opcodes/opcodes-ipu_CUSTOM:24
custom-3_f4_f7_51,01100110000000000100?????1111011,LP_SETUP,?????????????????1000000?1111011,0x6600407b,generator,sw/toolchain/riscv-opcodes/opcodes-xpulphwloop_CUSTOM,sw/toolchain/riscv-opcodes/opcodes-xpulphwloop_CUSTOM:21
custom-3_f4_f7_52,01101000000000000100?????1111011,IXORI,?????????????????100?????1111011,0x6800407b,generator,sw/toolchain/riscv-opcodes/opcodes-ipu_CUSTOM,sw/toolchain/riscv-opcodes/opcodes-ipu_CUSTOM:24
custom-3_f4_f7_52,01101000000000000100?????1111011,LP_SETUP,?????????????????1000000?1111011,0x6800407b,generator,sw/toolchain/riscv-opcodes/opcodes-xpulphwloop_CUSTOM,sw/toolchain/riscv-opcodes/opcodes-xpulphwloop_CUSTOM:21
custom-3_f4_f7_53,01101010000000000100?????1111011,IXORI,?????????????????100?????1111011,0x6a00407b,generator,sw/toolchain/riscv-opcodes/opcodes-ipu_CUSTOM,sw/toolchain/riscv-opcodes/opcodes-ipu_CUSTOM:24
custom-3_f4_f7_53,01101010000000000100?????1111011,LP_SETUP,?????????????????1000000?1111011,0x6a00407b,generator,sw/toolchain/riscv-opcodes/opcodes-xpulphwloop_CUSTOM,sw/toolchain/riscv-opcodes/opcodes-xpulphwloop_CUSTOM:21
custom-3_f4_f7_54,01101100000000000100?????1111011,IXORI,?????????????????100?????1111011,0x6c00407b,generator,sw/toolchain/riscv-opcodes/opcodes-ipu_CUSTOM,sw/toolchain/riscv-opcodes/opcodes-ipu_CUSTOM:24
custom-3_f4_f7_54,01101100000000000100?????1111011,LP_SETUP,?????????????????1000000?1111011,0x6c00407b,generator,sw/toolchain/riscv-opcodes/opcodes-xpulphwloop_CUSTOM,sw/toolchain/riscv-opcodes/opcodes-xpulphwloop_CUSTOM:21
custom-3_f4_f7_55,01101110000000000100?????1111011,IXORI,?????????????????100?????1111011,0x6e00407b,generator,sw/toolchain/riscv-opcodes/opcodes-ipu_CUSTOM,sw/toolchain/riscv-opcodes/opcodes-ipu_CUSTOM:24
custom-3_f4_f7_55,01101110000000000100?????1111011,LP_SETUP,?????????????????1000000?1111011,0x6e00407b,generator,sw/toolchain/riscv-opcodes/opcodes-xpulphwloop_CUSTOM,sw/toolchain/riscv-opcodes/opcodes-xpulphwloop_CUSTOM:21
custom-3_f4_f7_56,01110000000000000100?????1111011,IXORI,?????????????????100?????1111011,0x7000407b,generator,sw/toolchain/riscv-opcodes/opcodes-ipu_CUSTOM,sw/toolchain/riscv-opcodes/opcodes-ipu_CUSTOM:24
custom-3_f4_f7_56,01110000000000000100?????1111011,LP_SETUP,?????????????????1000000?1111011,0x7000407b,generator,sw/toolchain/riscv-opcodes/opcodes-xpulphwloop_CUSTOM,sw/toolchain/riscv-opcodes/opcodes-xpulphwloop_CUSTOM:21
custom-3_f4_f7_57,01110010000000000100?????1111011,IXORI,?????????????????100?????1111011,0x7200407b,generator,sw/toolchain/riscv-opcodes/opcodes-ipu_CUSTOM,sw/toolchain/riscv-opcodes/opcodes-ipu_CUSTOM:24
custom-3_f4_f7_57,01110010000000000100?????1111011,LP_SETUP,?????????????????1000000?1111011,0x7200407b,generator,sw/toolchain/riscv-opcodes/opcodes-xpulphwloop_CUSTOM,sw/toolchain/riscv-opcodes/opcodes-xpulphwloop_CUSTOM:21
custom-3_f4_f7_58,01110100000000000100?????1111011,IXORI,?????????????????100?????1111011,0x7400407b,generator,sw/toolchain/riscv-opcodes/opcodes-ipu_CUSTOM,sw/toolchain/riscv-opcodes/opcodes-ipu_CUSTOM:24
custom-3_f4_f7_58,01110100000000000100?????1111011,LP_SETUP,?????????????????1000000?1111011,0x7400407b,generator,sw/toolchain/riscv-opcodes/opcodes-xpulphwloop_CUSTOM,sw/toolchain/riscv-opcodes/opcodes-xpulphwloop_CUSTOM:21
custom-3_f4_f7_59,01110110000000000100?????1111011,IXORI,?????????????????100?????1111011,0x7600407b,generator,sw/toolchain/riscv-opcodes/opcodes-ipu_CUSTOM,sw/toolchain/riscv-opcodes/opcodes-ipu_CUSTOM:24
custom-3_f4_f7_59,01110110000000000100?????1111011,LP_SETUP,?????????????????1000000?1111011,0x7600407b,generator,sw/toolchain/riscv-opcodes/opcodes-xpulphwloop_CUSTOM,sw/toolchain/riscv-opcodes/opcodes-xpulphwloop_CUSTOM:21
custom-3_f4_f7_60,01111000000000000100?????1111011,IXORI,?????????????????100?????1111011,0x7800407b,generator,sw/toolchain/riscv-opcodes/opcodes-ipu_CUSTOM,sw/toolchain/riscv-opcodes/opcodes-ipu_CUSTOM:24
custom-3_f4_f7_60,01111000000000000100?????1111011,LP_SETUP,?????????????????1000000?1111011,0x7800407b,generator,sw/toolchain/riscv-opcodes/opcodes-xpulphwloop_CUSTOM,sw/toolchain/riscv-opcodes/opcodes-xpulphwloop_CUSTOM:21
custom-3_f4_f7_61,01111010000000000100?????1111011,IXORI,?????????????????100?????1111011,0x7a00407b,generator,sw/toolchain/riscv-opcodes/opcodes-ipu_CUSTOM,sw/toolchain/riscv-opcodes/opcodes-ipu_CUSTOM:24
custom-3_f4_f7_61,01111010000000000100?????1111011,LP_SETUP,?????????????????1000000?1111011,0x7a00407b,generator,sw/toolchain/riscv-opcodes/opcodes-xpulphwloop_CUSTOM,sw/toolchain/riscv-opcodes/opcodes-xpulphwloop_CUSTOM:21
custom-3_f4_f7_62,01111100000000000100?????1111011,IXORI,?????????????????100?????1111011,0x7c00407b,generator,sw/toolchain/riscv-opcodes/opcodes-ipu_CUSTOM,sw/toolchain/riscv-opcodes/opcodes-ipu_CUSTOM:24
custom-3_f4_f7_62,01111100000000000100?????1111011,LP_SETUP,?????????????????1000000?1111011,0x7c00407b,generator,sw/toolchain/riscv-opcodes/opcodes-xpulphwloop_CUSTOM,sw/toolchain/riscv-opcodes/opcodes-xpulphwloop_CUSTOM:21
custom-3_f4_f7_63,01111110000000000100?????1111011,IXORI,?????????????????100?????1111011,0x7e00407b,generator,sw/toolchain/riscv-opcodes/opcodes-ipu_CUSTOM,sw/toolchain/riscv-opcodes/opcodes-ipu_CUSTOM:24
custom-3_f4_f7_63,01111110000000000100?????1111011,LP_SETUP,?????????????????1000000?1111011,0x7e00407b,generator,sw/toolchain/riscv-opcodes/opcodes-xpulphwloop_CUSTOM,sw/toolchain/riscv-opcodes/opcodes-xpulphwloop_CUSTOM:21
custom-3_f4_f7_64,10000000000000000100?????1111011,IXORI,?????????????????100?????1111011,0x8000407b,generator,sw/toolchain/riscv-opcodes/opcodes-ipu_CUSTOM,sw/toolchain/riscv-opcodes/opcodes-ipu_CUSTOM:24
custom-3_f4_f7_64,10000000000000000100?????1111011,LP_SETUP,?????????????????1000000?1111011,0x8000407b,generator,sw/toolchain/riscv-opcodes/opcodes-xpulphwloop_CUSTOM,sw/toolchain/riscv-opcodes/opcodes-xpulphwloop_CUSTOM:21
custom-3_f4_f7_65,10000010000000000100?????1111011,IXORI,?????????????????100?????1111011,0x8200407b,generator,sw/toolchain/riscv-opcodes/opcodes-ipu_CUSTOM,sw/toolchain/riscv-opcodes/opcodes-ipu_CUSTOM:24
custom-3_f4_f7_65,10000010000000000100?????1111011,LP_SETUP,?????????????????1000000?1111011,0x8200407b,generator,sw/toolchain/riscv-opcodes/opcodes-xpulphwloop_CUSTOM,sw/toolchain/riscv-opcodes/opcodes-xpulphwloop_CUSTOM:21
custom-3_f4_f7_66,10000100000000000100?????1111011,IXORI,?????????????????100?????1111011,0x8400407b,generator,sw/toolchain/riscv-opcodes/opcodes-ipu_CUSTOM,sw/toolchain/riscv-opcodes/opcodes-ipu_CUSTOM:24
custom-3_f4_f7_66,10000100000000000100?????1111011,LP_SETUP,?????????????????1000000?1111011,0x8400407b,generator,sw/toolchain/riscv-opcodes/opcodes-xpulphwloop_CUSTOM,sw/toolchain/riscv-opcodes/opcodes-xpulphwloop_CUSTOM:21
custom-3_f4_f7_67,10000110000000000100?????1111011,IXORI,?????????????????100?????1111011,0x8600407b,generator,sw/toolchain/riscv-opcodes/opcodes-ipu_CUSTOM,sw/toolchain/riscv-opcodes/opcodes-ipu_CUSTOM:24
custom-3_f4_f7_67,10000110000000000100?????1111011,LP_SETUP,?????????????????1000000?1111011,0x8600407b,generator,sw/toolchain/riscv-opcodes/opcodes-xpulphwloop_CUSTOM,sw/toolchain/riscv-opcodes/opcodes-xpulphwloop_CUSTOM:21
custom-3_f4_f7_68,10001000000000000100?????1111011,IXORI,?????????????????100?????1111011,0x8800407b,generator,sw/toolchain/riscv-opcodes/opcodes-ipu_CUSTOM,sw/toolchain/riscv-opcodes/opcodes-ipu_CUSTOM:24
custom-3_f4_f7_68,10001000000000000100?????1111011,LP_SETUP,?????????????????1000000?1111011,0x8800407b,generator,sw/toolchain/riscv-opcodes/opcodes-xpulphwloop_CUSTOM,sw/toolchain/riscv-opcodes/opcodes-xpulphwloop_CUSTOM:21
custom-3_f4_f7_69,10001010000000000100?????1111011,IXORI,?????????????????100?????1111011,0x8a00407b,generator,sw/toolchain/riscv-opcodes/opcodes-ipu_CUSTOM,sw/toolchain/riscv-opcodes/opcodes-ipu_CUSTOM:24
custom-3_f4_f7_69,10001010000000000100?????1111011,LP_SETUP,?????????????????1000000?1111011,0x8a00407b,generator,sw/toolchain/riscv-opcodes/opcodes-xpulphwloop_CUSTOM,sw/toolchain/riscv-opcodes/opcodes-xpulphwloop_CUSTOM:21
custom-3_f4_f7_70,10001100000000000100?????1111011,IXORI,?????????????????100?????1111011,0x8c00407b,generator,sw/toolchain/riscv-opcodes/opcodes-ipu_CUSTOM,sw/toolchain/riscv-opcodes/opcodes-ipu_CUSTOM:24
custom-3_f4_f7_70,10001100000000000100?????1111011,LP_SETUP,?????????????????1000000?1111011,0x8c00407b,generator,sw/toolchain/riscv-opcodes/opcodes-xpulphwloop_CUSTOM,sw/toolchain/riscv-opcodes/opcodes-xpulphwloop_CUSTOM:21
custom-3_f4_f7_71,10001110000000000100?????1111011,IXORI,?????????????????100?????1111011,0x8e00407b,generator,sw/toolchain/riscv-opcodes/opcodes-ipu_CUSTOM,sw/toolchain/riscv-opcodes/opcodes-ipu_CUSTOM:24
custom-3_f4_f7_71,10001110000000000100?????1111011,LP_SETUP,?????????????????1000000?1111011,0x8e00407b,generator,sw/toolchain/riscv-opcodes/opcodes-xpulphwloop_CUSTOM,sw/toolchain/riscv-opcodes/opcodes-xpulphwloop_CUSTOM:21
custom-3_f4_f7_72,10010000000000000100?????1111011,IXORI,?????????????????100?????1111011,0x9000407b,generator,sw/toolchain/riscv-opcodes/opcodes-ipu_CUSTOM,sw/toolchain/riscv-opcodes/opcodes-ipu_CUSTOM:24
custom-3_f4_f7_72,10010000000000000100?????1111011,LP_SETUP,?????????????????1000000?1111011,0x9000407b,generator,sw/toolchain/riscv-opcodes/opcodes-xpulphwloop_CUSTOM,sw/toolchain/riscv-opcodes/opcodes-xpulphwloop_CUSTOM:21
custom-3_f4_f7_73,10010010000000000100?????1111011,IXORI,?????????????????100?????1111011,0x9200407b,generator,sw/toolchain/riscv-opcodes/opcodes-ipu_CUSTOM,sw/toolchain/riscv-opcodes/opcodes-ipu_CUSTOM:24
custom-3_f4_f7_73,10010010000000000100?????1111011,LP_SETUP,?????????????????1000000?1111011,0x9200407b,generator,sw/toolchain/riscv-opcodes/opcodes-xpulphwloop_CUSTOM,sw/toolchain/riscv-opcodes/opcodes-xpulphwloop_CUSTOM:21
custom-3_f4_f7_74,10010100000000000100?????1111011,IXORI,?????????????????100?????1111011,0x9400407b,generator,sw/toolchain/riscv-opcodes/opcodes-ipu_CUSTOM,sw/toolchain/riscv-opcodes/opcodes-ipu_CUSTOM:24
custom-3_f4_f7_74,10010100000000000100?????1111011,LP_SETUP,?????????????????1000000?1111011,0x9400407b,generator,sw/toolchain/riscv-opcodes/opcodes-xpulphwloop_CUSTOM,sw/toolchain/riscv-opcodes/opcodes-xpulphwloop_CUSTOM:21
custom-3_f4_f7_75,10010110000000000100?????1111011,IXORI,?????????????????100?????1111011,0x9600407b,generator,sw/toolchain/riscv-opcodes/opcodes-ipu_CUSTOM,sw/toolchain/riscv-opcodes/opcodes-ipu_CUSTOM:24
custom-3_f4_f7_75,10010110000000000100?????1111011,LP_SETUP,?????????????????1000000?1111011,0x9600407b,generator,sw/toolchain/riscv-opcodes/opcodes-xpulphwloop_CUSTOM,sw/toolchain/riscv-opcodes/opcodes-xpulphwloop_CUSTOM:21
custom-3_f4_f7_76,10011000000000000100?????1111011,IXORI,?????????????????100?????1111011,0x9800407b,generator,sw/toolchain/riscv-opcodes/opcodes-ipu_CUSTOM,sw/toolchain/riscv-opcodes/opcodes-ipu_CUSTOM:24
custom-3_f4_f7_76,10011000000000000100?????1111011,LP_SETUP,?????????????????1000000?1111011,0x9800407b,generator,sw/toolchain/riscv-opcodes/opcodes-xpulphwloop_CUSTOM,sw/toolchain/riscv-opcodes/opcodes-xpulphwloop_CUSTOM:21
custom-3_f4_f7_77,10011010000000000100?????1111011,IXORI,?????????????????100?????1111011,0x9a00407b,generator,sw/toolchain/riscv-opcodes/opcodes-ipu_CUSTOM,sw/toolchain/riscv-opcodes/opcodes-ipu_CUSTOM:24
custom-3_f4_f7_77,10011010000000000100?????1111011,LP_SETUP,?????????????????1000000?1111011,0x9a00407b,generator,sw/toolchain/riscv-opcodes/opcodes-xpulphwloop_CUSTOM,sw/toolchain/riscv-opcodes/opcodes-xpulphwloop_CUSTOM:21
custom-3_f4_f7_78,10011100000000000100?????1111011,IXORI,?????????????????100?????1111011,0x9c00407b,generator,sw/toolchain/riscv-opcodes/opcodes-ipu_CUSTOM,sw/toolchain/riscv-opcodes/opcodes-ipu_CUSTOM:24
custom-3_f4_f7_78,10011100000000000100?????1111011,LP_SETUP,?????????????????1000000?1111011,0x9c00407b,generator,sw/toolchain/riscv-opcodes/opcodes-xpulphwloop_CUSTOM,sw/toolchain/riscv-opcodes/opcodes-xpulphwloop_CUSTOM:21
custom-3_f4_f7_79,10011110000000000100?????1111011,IXORI,?????????????????100?????1111011,0x9e00407b,generator,sw/toolchain/riscv-opcodes/opcodes-ipu_CUSTOM,sw/toolchain/riscv-opcodes/opcodes-ipu_CUSTOM:24
custom-3_f4_f7_79,10011110000000000100?????1111011,LP_SETUP,?????????????????1000000?1111011,0x9e00407b,generator,sw/toolchain/riscv-opcodes/opcodes-xpulphwloop_CUSTOM,sw/toolchain/riscv-opcodes/opcodes-xpulphwloop_CUSTOM:21
custom-3_f4_f7_80,10100000000000000100?????1111011,IXORI,?????????????????100?????1111011,0xa000407b,generator,sw/toolchain/riscv-opcodes/opcodes-ipu_CUSTOM,sw/toolchain/riscv-opcodes/opcodes-ipu_CUSTOM:24
custom-3_f4_f7_80,10100000000000000100?????1111011,LP_SETUP,?????????????????1000000?1111011,0xa000407b,generator,sw/toolchain/riscv-opcodes/opcodes-xpulphwloop_CUSTOM,sw/toolchain/riscv-opcodes/opcodes-xpulphwloop_CUSTOM:21
custom-3_f4_f7_81,10100010000000000100?????1111011,IXORI,?????????????????100?????1111011,0xa200407b,generator,sw/toolchain/riscv-opcodes/opcodes-ipu_CUSTOM,sw/toolchain/riscv-opcodes/opcodes-ipu_CUSTOM:24
custom-3_f4_f7_81,10100010000000000100?????1111011,LP_SETUP,?????????????????1000000?1111011,0xa200407b,generator,sw/toolchain/riscv-opcodes/opcodes-xpulphwloop_CUSTOM,sw/toolchain/riscv-opcodes/opcodes-xpulphwloop_CUSTOM:21
custom-3_f4_f7_82,10100100000000000100?????1111011,IXORI,?????????????????100?????1111011,0xa400407b,generator,sw/toolchain/riscv-opcodes/opcodes-ipu_CUSTOM,sw/toolchain/riscv-opcodes/opcodes-ipu_CUSTOM:24
custom-3_f4_f7_82,10100100000000000100?????1111011,LP_SETUP,?????????????????1000000?1111011,0xa400407b,generator,sw/toolchain/riscv-opcodes/opcodes-xpulphwloop_CUSTOM,sw/toolchain/riscv-opcodes/opcodes-xpulphwloop_CUSTOM:21
custom-3_f4_f7_83,10100110000000000100?????1111011,IXORI,?????????????????100?????1111011,0xa600407b,generator,sw/toolchain/riscv-opcodes/opcodes-ipu_CUSTOM,sw/toolchain/riscv-opcodes/opcodes-ipu_CUSTOM:24
custom-3_f4_f7_83,10100110000000000100?????1111011,LP_SETUP,?????????????????1000000?1111011,0xa600407b,generator,sw/toolchain/riscv-opcodes/opcodes-xpulphwloop_CUSTOM,sw/toolchain/riscv-opcodes/opcodes-xpulphwloop_CUSTOM:21
custom-3_f4_f7_84,10101000000000000100?????1111011,IXORI,?????????????????100?????1111011,0xa800407b,generator,sw/toolchain/riscv-opcodes/opcodes-ipu_CUSTOM,sw/toolchain/riscv-opcodes/opcodes-ipu_CUSTOM:24
custom-3_f4_f7_84,10101000000000000100?????1111011,LP_SETUP,?????????????????1000000?1111011,0xa800407b,generator,sw/toolchain/riscv-opcodes/opcodes-xpulphwloop_CUSTOM,sw/toolchain/riscv-opcodes/opcodes-xpulphwloop_CUSTOM:21
custom-3_f4_f7_85,10101010000000000100?????1111011,IXORI,?????????????????100?????1111011,0xaa00407b,generator,sw/toolchain/riscv-opcodes/opcodes-ipu_CUSTOM,sw/toolchain/riscv-opcodes/opcodes-ipu_CUSTOM:24
custom-3_f4_f7_85,10101010000000000100?????1111011,LP_SETUP,?????????????????1000000?1111011,0xaa00407b,generator,sw/toolchain/riscv-opcodes/opcodes-xpulphwloop_CUSTOM,sw/toolchain/riscv-opcodes/opcodes-xpulphwloop_CUSTOM:21
custom-3_f4_f7_86,10101100000000000100?????1111011,IXORI,?????????????????100?????1111011,0xac00407b,generator,sw/toolchain/riscv-opcodes/opcodes-ipu_CUSTOM,sw/toolchain/riscv-opcodes/opcodes-ipu_CUSTOM:24
custom-3_f4_f7_86,10101100000000000100?????1111011,LP_SETUP,?????????????????1000000?1111011,0xac00407b,generator,sw/toolchain/riscv-opcodes/opcodes-xpulphwloop_CUSTOM,sw/toolchain/riscv-opcodes/opcodes-xpulphwloop_CUSTOM:21
custom-3_f4_f7_87,10101110000000000100?????1111011,IXORI,?????????????????100?????1111011,0xae00407b,generator,sw/toolchain/riscv-opcodes/opcodes-ipu_CUSTOM,sw/toolchain/riscv-opcodes/opcodes-ipu_CUSTOM:24
custom-3_f4_f7_87,10101110000000000100?????1111011,LP_SETUP,?????????????????1000000?1111011,0xae00407b,generator,sw/toolchain/riscv-opcodes/opcodes-xpulphwloop_CUSTOM,sw/toolchain/riscv-opcodes/opcodes-xpulphwloop_CUSTOM:21
custom-3_f4_f7_88,10110000000000000100?????1111011,IXORI,?????????????????100?????1111011,0xb000407b,generator,sw/toolchain/riscv-opcodes/opcodes-ipu_CUSTOM,sw/toolchain/riscv-opcodes/opcodes-ipu_CUSTOM:24
custom-3_f4_f7_88,10110000000000000100?????1111011,LP_SETUP,?????????????????1000000?1111011,0xb000407b,generator,sw/toolchain/riscv-opcodes/opcodes-xpulphwloop_CUSTOM,sw/toolchain/riscv-opcodes/opcodes-xpulphwloop_CUSTOM:21
custom-3_f4_f7_89,10110010000000000100?????1111011,IXORI,?????????????????100?????1111011,0xb200407b,generator,sw/toolchain/riscv-opcodes/opcodes-ipu_CUSTOM,sw/toolchain/riscv-opcodes/opcodes-ipu_CUSTOM:24
custom-3_f4_f7_89,10110010000000000100?????1111011,LP_SETUP,?????????????????1000000?1111011,0xb200407b,generator,sw/toolchain/riscv-opcodes/opcodes-xpulphwloop_CUSTOM,sw/toolchain/riscv-opcodes/opcodes-xpulphwloop_CUSTOM:21
custom-3_f4_f7_90,10110100000000000100?????1111011,IXORI,?????????????????100?????1111011,0xb400407b,generator,sw/toolchain/riscv-opcodes/opcodes-ipu_CUSTOM,sw/toolchain/riscv-opcodes/opcodes-ipu_CUSTOM:24
custom-3_f4_f7_90,10110100000000000100?????1111011,LP_SETUP,?????????????????1000000?1111011,0xb400407b,generator,sw/toolchain/riscv-opcodes/opcodes-xpulphwloop_CUSTOM,sw/toolchain/riscv-opcodes/opcodes-xpulphwloop_CUSTOM:21
custom-3_f4_f7_91,10110110000000000100?????1111011,IXORI,?????????????????100?????1111011,0xb600407b,generator,sw/toolchain/riscv-opcodes/opcodes-ipu_CUSTOM,sw/toolchain/riscv-opcodes/opcodes-ipu_CUSTOM:24
custom-3_f4_f7_91,10110110000000000100?????1111011,LP_SETUP,?????????????????1000000?1111011,0xb600407b,generator,sw/toolchain/riscv-opcodes/opcodes-xpulphwloop_CUSTOM,sw/toolchain/riscv-opcodes/opcodes-xpulphwloop_CUSTOM:21
custom-3_f4_f7_92,10111000000000000100?????1111011,IXORI,?????????????????100?????1111011,0xb800407b,generator,sw/toolchain/riscv-opcodes/opcodes-ipu_CUSTOM,sw/toolchain/riscv-opcodes/opcodes-ipu_CUSTOM:24
custom-3_f4_f7_92,10111000000000000100?????1111011,LP_SETUP,?????????????????1000000?1111011,0xb800407b,generator,sw/toolchain/riscv-opcodes/opcodes-xpulphwloop_CUSTOM,sw/toolchain/riscv-opcodes/opcodes-xpulphwloop_CUSTOM:21
custom-3_f4_f7_93,10111010000000000100?????1111011,IXORI,?????????????????100?????1111011,0xba00407b,generator,sw/toolchain/riscv-opcodes/opcodes-ipu_CUSTOM,sw/toolchain/riscv-opcodes/opcodes-ipu_CUSTOM:24
custom-3_f4_f7_93,10111010000000000100?????1111011,LP_SETUP,?????????????????1000000?1111011,0xba00407b,generator,sw/toolchain/riscv-opcodes/opcodes-xpulphwloop_CUSTOM,sw/toolchain/riscv-opcodes/opcodes-xpulphwloop_CUSTOM:21
custom-3_f4_f7_94,10111100000000000100?????1111011,IXORI,?????????????????100?????1111011,0xbc00407b,generator,sw/toolchain/riscv-opcodes/opcodes-ipu_CUSTOM,sw/toolchain/riscv-opcodes/opcodes-ipu_CUSTOM:24
custom-3_f4_f7_94,10111100000000000100?????1111011,LP_SETUP,?????????????????1000000?1111011,0xbc00407b,generator,sw/toolchain/riscv-opcodes/opcodes-xpulphwloop_CUSTOM,sw/toolchain/riscv-opcodes/opcodes-xpulphwloop_CUSTOM:21
custom-3_f4_f7_95,10111110000000000100?????1111011,IXORI,?????????????????100?????1111011,0xbe00407b,generator,sw/toolchain/riscv-opcodes/opcodes-ipu_CUSTOM,sw/toolchain/riscv-opcodes/opcodes-ipu_CUSTOM:24
custom-3_f4_f7_95,10111110000000000100?????1111011,LP_SETUP,?????????????????1000000?1111011,0xbe00407b,generator,sw/toolchain/riscv-opcodes/opcodes-xpulphwloop_CUSTOM,sw/toolchain/riscv-opcodes/opcodes-xpulphwloop_CUSTOM:21
custom-3_f4_f7_96,11000000000000000100?????1111011,IXORI,?????????????????100?????1111011,0xc000407b,generator,sw/toolchain/riscv-opcodes/opcodes-ipu_CUSTOM,sw/toolchain/riscv-opcodes/opcodes-ipu_CUSTOM:24
custom-3_f4_f7_96,11000000000000000100?????1111011,LP_SETUP,?????????????????1000000?1111011,0xc000407b,generator,sw/toolchain/riscv-opcodes/opcodes-xpulphwloop_CUSTOM,sw/toolchain/riscv-opcodes/opcodes-xpulphwloop_CUSTOM:21
custom-3_f4_f7_97,11000010000000000100?????1111011,IXORI,?????????????????100?????1111011,0xc200407b,generator,sw/toolchain/riscv-opcodes/opcodes-ipu_CUSTOM,sw/toolchain/riscv-opcodes/opcodes-ipu_CUSTOM:24
custom-3_f4_f7_97,11000010000000000100?????1111011,LP_SETUP,?????????????????1000000?1111011,0xc200407b,generator,sw/toolchain/riscv-opcodes/opcodes-xpulphwloop_CUSTOM,sw/toolchain/riscv-opcodes/opcodes-xpulphwloop_CUSTOM:21
custom-3_f4_f7_98,11000100000000000100?????1111011,IXORI,?????????????????100?????1111011,0xc400407b,generator,sw/toolchain/riscv-opcodes/opcodes-ipu_CUSTOM,sw/toolchain/riscv-opcodes/opcodes-ipu_CUSTOM:24
custom-3_f4_f7_98,11000100000000000100?????1111011,LP_SETUP,?????????????????1000000?1111011,0xc400407b,generator,sw/toolchain/riscv-opcodes/opcodes-xpulphwloop_CUSTOM,sw/toolchain/riscv-opcodes/opcodes-xpulphwloop_CUSTOM:21
custom-3_f4_f7_99,11000110000000000100?????1111011,IXORI,?????????????????100?????1111011,0xc600407b,generator,sw/toolchain/riscv-opcodes/opcodes-ipu_CUSTOM,sw/toolchain/riscv-opcodes/opcodes-ipu_CUSTOM:24
custom-3_f4_f7_99,11000110000000000100?????1111011,LP_SETUP,?????????????????1000000?1111011,0xc600407b,generator,sw/toolchain/riscv-opcodes/opcodes-xpulphwloop_CUSTOM,sw/toolchain/riscv-opcodes/opcodes-xpulphwloop_CUSTOM:21
custom-3_f4_f7_100,11001000000000000100?????1111011,IXORI,?????????????????100?????1111011,0xc800407b,generator,sw/toolchain/riscv-opcodes/opcodes-ipu_CUSTOM,sw/toolchain/riscv-opcodes/opcodes-ipu_CUSTOM:24
custom-3_f4_f7_100,11001000000000000100?????1111011,LP_SETUP,?????????????????1000000?1111011,0xc800407b,generator,sw/toolchain/riscv-opcodes/opcodes-xpulphwloop_CUSTOM,sw/toolchain/riscv-opcodes/opcodes-xpulphwloop_CUSTOM:21
custom-3_f4_f7_101,11001010000000000100?????1111011,IXORI,?????????????????100?????1111011,0xca00407b,generator,sw/toolchain/riscv-opcodes/opcodes-ipu_CUSTOM,sw/toolchain/riscv-opcodes/opcodes-ipu_CUSTOM:24
custom-3_f4_f7_101,11001010000000000100?????1111011,LP_SETUP,?????????????????1000000?1111011,0xca00407b,generator,sw/toolchain/riscv-opcodes/opcodes-xpulphwloop_CUSTOM,sw/toolchain/riscv-opcodes/opcodes-xpulphwloop_CUSTOM:21
custom-3_f4_f7_102,11001100000000000100?????1111011,IXORI,?????????????????100?????1111011,0xcc00407b,generator,sw/toolchain/riscv-opcodes/opcodes-ipu_CUSTOM,sw/toolchain/riscv-opcodes/opcodes-ipu_CUSTOM:24
custom-3_f4_f7_102,11001100000000000100?????1111011,LP_SETUP,?????????????????1000000?1111011,0xcc00407b,generator,sw/toolchain/riscv-opcodes/opcodes-xpulphwloop_CUSTOM,sw/toolchain/riscv-opcodes/opcodes-xpulphwloop_CUSTOM:21
custom-3_f4_f7_103,11001110000000000100?????1111011,IXORI,?????????????????100?????1111011,0xce00407b,generator,sw/toolchain/riscv-opcodes/opcodes-ipu_CUSTOM,sw/toolchain/riscv-opcodes/opcodes-ipu_CUSTOM:24
custom-3_f4_f7_103,11001110000000000100?????1111011,LP_SETUP,?????????????????1000000?1111011,0xce00407b,generator,sw/toolchain/riscv-opcodes/opcodes-xpulphwloop_CUSTOM,sw/toolchain/riscv-opcodes/opcodes-xpulphwloop_CUSTOM:21
custom-3_f4_f7_104,11010000000000000100?????1111011,IXORI,?????????????????100?????1111011,0xd000407b,generator,sw/toolchain/riscv-opcodes/opcodes-ipu_CUSTOM,sw/toolchain/riscv-opcodes/opcodes-ipu_CUSTOM:24
custom-3_f4_f7_104,11010000000000000100?????1111011,LP_SETUP,?????????????????1000000?1111011,0xd000407b,generator,sw/toolchain/riscv-opcodes/opcodes-xpulphwloop_CUSTOM,sw/toolchain/riscv-opcodes/opcodes-xpulphwloop_CUSTOM:21
custom-3_f4_f7_105,11010010000000000100?????1111011,IXORI,?????????????????100?????1111011,0xd200407b,generator,sw/toolchain/riscv-opcodes/opcodes-ipu_CUSTOM,sw/toolchain/riscv-opcodes/opcodes-ipu_CUSTOM:24
custom-3_f4_f7_105,11010010000000000100?????1111011,LP_SETUP,?????????????????1000000?1111011,0xd200407b,generator,sw/toolchain/riscv-opcodes/opcodes-xpulphwloop_CUSTOM,sw/toolchain/riscv-opcodes/opcodes-xpulphwloop_CUSTOM:21
custom-3_f4_f7_106,11010100000000000100?????1111011,IXORI,?????????????????100?????1111011,0xd400407b,generator,sw/toolchain/riscv-opcodes/opcodes-ipu_CUSTOM,sw/toolchain/riscv-opcodes/opcodes-ipu_CUSTOM:24
custom-3_f4_f7_106,11010100000000000100?????1111011,LP_SETUP,?????????????????1000000?1111011,0xd400407b,generator,sw/toolchain/riscv-opcodes/opcodes-xpulphwloop_CUSTOM,sw/toolchain/riscv-opcodes/opcodes-xpulphwloop_CUSTOM:21
custom-3_f4_f7_107,11010110000000000100?????1111011,IXORI,?????????????????100?????1111011,0xd600407b,generator,sw/toolchain/riscv-opcodes/opcodes-ipu_CUSTOM,sw/toolchain/riscv-opcodes/opcodes-ipu_CUSTOM:24
custom-3_f4_f7_107,11010110000000000100?????1111011,LP_SETUP,?????????????????1000000?1111011,0xd600407b,generator,sw/toolchain/riscv-opcodes/opcodes-xpulphwloop_CUSTOM,sw/toolchain/riscv-opcodes/opcodes-xpulphwloop_CUSTOM:21
custom-3_f4_f7_108,11011000000000000100?????1111011,IXORI,?????????????????100?????1111011,0xd800407b,generator,sw/toolchain/riscv-opcodes/opcodes-ipu_CUSTOM,sw/toolchain/riscv-opcodes/opcodes-ipu_CUSTOM:24
custom-3_f4_f7_108,11011000000000000100?????1111011,LP_SETUP,?????????????????1000000?1111011,0xd800407b,generator,sw/toolchain/riscv-opcodes/opcodes-xpulphwloop_CUSTOM,sw/toolchain/riscv-opcodes/opcodes-xpulphwloop_CUSTOM:21
custom-3_f4_f7_109,11011010000000000100?????1111011,IXORI,?????????????????100?????1111011,0xda00407b,generator,sw/toolchain/riscv-opcodes/opcodes-ipu_CUSTOM,sw/toolchain/riscv-opcodes/opcodes-ipu_CUSTOM:24
custom-3_f4_f7_109,11011010000000000100?????1111011,LP_SETUP,?????????????????1000000?1111011,0xda00407b,generator,sw/toolchain/riscv-opcodes/opcodes-xpulphwloop_CUSTOM,sw/toolchain/riscv-opcodes/opcodes-xpulphwloop_CUSTOM:21
custom-3_f4_f7_110,11011100000000000100?????1111011,IXORI,?????????????????100?????1111011,0xdc00407b,generator,sw/toolchain/riscv-opcodes/opcodes-ipu_CUSTOM,sw/toolchain/riscv-opcodes/opcodes-ipu_CUSTOM:24
custom-3_f4_f7_110,11011100000000000100?????1111011,LP_SETUP,?????????????????1000000?1111011,0xdc00407b,generator,sw/toolchain/riscv-opcodes/opcodes-xpulphwloop_CUSTOM,sw/toolchain/riscv-opcodes/opcodes-xpulphwloop_CUSTOM:21
custom-3_f4_f7_111,11011110000000000100?????1111011,IXORI,?????????????????100?????1111011,0xde00407b,generator,sw/toolchain/riscv-opcodes/opcodes-ipu_CUSTOM,sw/toolchain/riscv-opcodes/opcodes-ipu_CUSTOM:24
custom-3_f4_f7_111,11011110000000000100?????1111011,LP_SETUP,?????????????????1000000?1111011,0xde00407b,generator,sw/toolchain/riscv-opcodes/opcodes-xpulphwloop_CUSTOM,sw/toolchain/riscv-opcodes/opcodes-xpulphwloop_CUSTOM:21
custom-3_f4_f7_112,11100000000000000100?????1111011,IXORI,?????????????????100?????1111011,0xe000407b,generator,sw/toolchain/riscv-opcodes/opcodes-ipu_CUSTOM,sw/toolchain/riscv-opcodes/opcodes-ipu_CUSTOM:24
custom-3_f4_f7_112,11100000000000000100?????1111011,LP_SETUP,?????????????????1000000?1111011,0xe000407b,generator,sw/toolchain/riscv-opcodes/opcodes-xpulphwloop_CUSTOM,sw/toolchain/riscv-opcodes/opcodes-xpulphwloop_CUSTOM:21
custom-3_f4_f7_113,11100010000000000100?????1111011,IXORI,?????????????????100?????1111011,0xe200407b,generator,sw/toolchain/riscv-opcodes/opcodes-ipu_CUSTOM,sw/toolchain/riscv-opcodes/opcodes-ipu_CUSTOM:24
custom-3_f4_f7_113,11100010000000000100?????1111011,LP_SETUP,?????????????????1000000?1111011,0xe200407b,generator,sw/toolchain/riscv-opcodes/opcodes-xpulphwloop_CUSTOM,sw/toolchain/riscv-opcodes/opcodes-xpulphwloop_CUSTOM:21
custom-3_f4_f7_114,11100100000000000100?????1111011,IXORI,?????????????????100?????1111011,0xe400407b,generator,sw/toolchain/riscv-opcodes/opcodes-ipu_CUSTOM,sw/toolchain/riscv-opcodes/opcodes-ipu_CUSTOM:24
custom-3_f4_f7_114,11100100000000000100?????1111011,LP_SETUP,?????????????????1000000?1111011,0xe400407b,generator,sw/toolchain/riscv-opcodes/opcodes-xpulphwloop_CUSTOM,sw/toolchain/riscv-opcodes/opcodes-xpulphwloop_CUSTOM:21
custom-3_f4_f7_115,11100110000000000100?????1111011,IXORI,?????????????????100?????1111011,0xe600407b,generator,sw/toolchain/riscv-opcodes/opcodes-ipu_CUSTOM,sw/toolchain/riscv-opcodes/opcodes-ipu_CUSTOM:24
custom-3_f4_f7_115,11100110000000000100?????1111011,LP_SETUP,?????????????????1000000?1111011,0xe600407b,generator,sw/toolchain/riscv-opcodes/opcodes-xpulphwloop_CUSTOM,sw/toolchain/riscv-opcodes/opcodes-xpulphwloop_CUSTOM:21
custom-3_f4_f7_116,11101000000000000100?????1111011,IXORI,?????????????????100?????1111011,0xe800407b,generator,sw/toolchain/riscv-opcodes/opcodes-ipu_CUSTOM,sw/toolchain/riscv-opcodes/opcodes-ipu_CUSTOM:24
custom-3_f4_f7_116,11101000000000000100?????1111011,LP_SETUP,?????????????????1000000?1111011,0xe800407b,generator,sw/toolchain/riscv-opcodes/opcodes-xpulphwloop_CUSTOM,sw/toolchain/riscv-opcodes/opcodes-xpulphwloop_CUSTOM:21
custom-3_f4_f7_117,11101010000000000100?????1111011,IXORI,?????????????????100?????1111011,0xea00407b,generator,sw/toolchain/riscv-opcodes/opcodes-ipu_CUSTOM,sw/toolchain/riscv-opcodes/opcodes-ipu_CUSTOM:24
custom-3_f4_f7_117,11101010000000000100?????1111011,LP_SETUP,?????????????????1000000?1111011,0xea00407b,generator,sw/toolchain/riscv-opcodes/opcodes-xpulphwloop_CUSTOM,sw/toolchain/riscv-opcodes/opcodes-xpulphwloop_CUSTOM:21
custom-3_f4_f7_118,11101100000000000100?????1111011,IXORI,?????????????????100?????1111011,0xec00407b,generator,sw/toolchain/riscv-opcodes/opcodes-ipu_CUSTOM,sw/toolchain/riscv-opcodes/opcodes-ipu_CUSTOM:24
custom-3_f4_f7_118,11101100000000000100?????1111011,LP_SETUP,?????????????????1000000?1111011,0xec00407b,generator,sw/toolchain/riscv-opcodes/opcodes-xpulphwloop_CUSTOM,sw/toolchain/riscv-opcodes/opcodes-xpulphwloop_CUSTOM:21
custom-3_f4_f7_119,11101110000000000100?????1111011,IXORI,?????????????????100?????1111011,0xee00407b,generator,sw/toolchain/riscv-opcodes/opcodes-ipu_CUSTOM,sw/toolchain/riscv-opcodes/opcodes-ipu_CUSTOM:24
custom-3_f4_f7_119,11101110000000000100?????1111011,LP_SETUP,?????????????????1000000?1111011,0xee00407b,generator,sw/toolchain/riscv-opcodes/opcodes-xpulphwloop_CUSTOM,sw/toolchain/riscv-opcodes/opcodes-xpulphwloop_CUSTOM:21
custom-3_f4_f7_120,11110000000000000100?????1111011,IXORI,?????????????????100?????1111011,0xf000407b,generator,sw/toolchain/riscv-opcodes/opcodes-ipu_CUSTOM,sw/toolchain/riscv-opcodes/opcodes-ipu_CUSTOM:24
custom-3_f4_f7_120,11110000000000000100?????1111011,LP_SETUP,?????????????????1000000?1111011,0xf000407b,generator,sw/toolchain/riscv-opcodes/opcodes-xpulphwloop_CUSTOM,sw/toolchain/riscv-opcodes/opcodes-xpulphwloop_CUSTOM:21
custom-3_f4_f7_121,11110010000000000100?????1111011,IXORI,?????????????????100?????1111011,0xf200407b,generator,sw/toolchain/riscv-opcodes/opcodes-ipu_CUSTOM,sw/toolchain/riscv-opcodes/opcodes-ipu_CUSTOM:24
custom-3_f4_f7_121,11110010000000000100?????1111011,LP_SETUP,?????????????????1000000?1111011,0xf200407b,generator,sw/toolchain/riscv-opcodes/opcodes-xpulphwloop_CUSTOM,sw/toolchain/riscv-opcodes/opcodes-xpulphwloop_CUSTOM:21
custom-3_f4_f7_122,11110100000000000100?????1111011,IXORI,?????????????????100?????1111011,0xf400407b,generator,sw/toolchain/riscv-opcodes/opcodes-ipu_CUSTOM,sw/toolchain/riscv-opcodes/opcodes-ipu_CUSTOM:24
custom-3_f4_f7_122,11110100000000000100?????1111011,LP_SETUP,?????????????????1000000?1111011,0xf400407b,generator,sw/toolchain/riscv-opcodes/opcodes-xpulphwloop_CUSTOM,sw/toolchain/riscv-opcodes/opcodes-xpulphwloop_CUSTOM:21
custom-3_f4_f7_123,11110110000000000100?????1111011,IXORI,?????????????????100?????1111011,0xf600407b,generator,sw/toolchain/riscv-opcodes/opcodes-ipu_CUSTOM,sw/toolchain/riscv-opcodes/opcodes-ipu_CUSTOM:24
custom-3_f4_f7_123,11110110000000000100?????1111011,LP_SETUP,?????????????????1000000?1111011,0xf600407b,generator,sw/toolchain/riscv-opcodes/opcodes-xpulphwloop_CUSTOM,sw/toolchain/riscv-opcodes/opcodes-xpulphwloop_CUSTOM:21
custom-3_f4_f7_124,11111000000000000100?????1111011,IXORI,?????????????????100?????1111011,0xf800407b,generator,sw/toolchain/riscv-opcodes/opcodes-ipu_CUSTOM,sw/toolchain/riscv-opcodes/opcodes-ipu_CUSTOM:24
custom-3_f4_f7_124,11111000000000000100?????1111011,LP_SETUP,?????????????????1000000?1111011,0xf800407b,generator,sw/toolchain/riscv-opcodes/opcodes-xpulphwloop_CUSTOM,sw/toolchain/riscv-opcodes/opcodes-xpulphwloop_CUSTOM:21
custom-3_f4_f7_125,11111010000000000100?????1111011,IXORI,?????????????????100?????1111011,0xfa00407b,generator,sw/toolchain/riscv-opcodes/opcodes-ipu_CUSTOM,sw/toolchain/riscv-opcodes/opcodes-ipu_CUSTOM:24
custom-3_f4_f7_125,11111010000000000100?????1111011,LP_SETUP,?????????????????1000000?1111011,0xfa00407b,generator,sw/toolchain/riscv-opcodes/opcodes-xpulphwloop_CUSTOM,sw/toolchain/riscv-opcodes/opcodes-xpulphwloop_CUSTOM:21
custom-3_f4_f7_126,11111100000000000100?????1111011,IXORI,?????????????????100?????1111011,0xfc00407b,generator,sw/toolchain/riscv-opcodes/opcodes-ipu_CUSTOM,sw/toolchain/riscv-opcodes/opcodes-ipu_CUSTOM:24
custom-3_f4_f7_126,11111100000000000100?????1111011,LP_SETUP,?????????????????1000000?1111011,0xfc00407b,generator,sw/toolchain/riscv-opcodes/opcodes-xpulphwloop_CUSTOM,sw/toolchain/riscv-opcodes/opcodes-xpulphwloop_CUSTOM:21
custom-3_f4_f7_127,11111110000000000100?????1111011,IXORI,?????????????????100?????1111011,0xfe00407b,generator,sw/toolchain/riscv-opcodes/opcodes-ipu_CUSTOM,sw/toolchain/riscv-opcodes/opcodes-ipu_CUSTOM:24
custom-3_f4_f7_127,11111110000000000100?????1111011,LP_SETUP,?????????????????1000000?1111011,0xfe00407b,generator,sw/toolchain/riscv-opcodes/opcodes-xpulphwloop_CUSTOM,sw/toolchain/riscv-opcodes/opcodes-xpulphwloop_CUSTOM:21
custom-3_f5_f7_0,00000000000000000101?????1111011,ISRLI,000000???????????101?????1111011,0x0000507b,generator,sw/toolchain/riscv-opcodes/opcodes-ipu_CUSTOM,sw/toolchain/riscv-opcodes/opcodes-ipu_CUSTOM:25
custom-3_f5_f7_0,00000000000000000101?????1111011,LP_SETUPI,?????????????????1010000?1111011,0x0000507b,generator,sw/toolchain/riscv-opcodes/opcodes-xpulphwloop_CUSTOM,sw/toolchain/riscv-opcodes/opcodes-xpulphwloop_CUSTOM:22
custom-3_f5_f7_1,00000010000000000101?????1111011,ISRLI,000000???????????101?????1111011,0x0200507b,generator,sw/toolchain/riscv-opcodes/opcodes-ipu_CUSTOM,sw/toolchain/riscv-opcodes/opcodes-ipu_CUSTOM:25
custom-3_f5_f7_1,00000010000000000101?????1111011,LP_SETUPI,?????????????????1010000?1111011,0x0200507b,generator,sw/toolchain/riscv-opcodes/opcodes-xpulphwloop_CUSTOM,sw/toolchain/riscv-opcodes/opcodes-xpulphwloop_CUSTOM:22
custom-3_f5_f7_2,00000100000000000101?????1111011,LP_SETUPI,?????????????????1010000?1111011,0x0400507b,generator,sw/toolchain/riscv-opcodes/opcodes-xpulphwloop_CUSTOM,sw/toolchain/riscv-opcodes/opcodes-xpulphwloop_CUSTOM:22
custom-3_f5_f7_3,00000110000000000101?????1111011,LP_SETUPI,?????????????????1010000?1111011,0x0600507b,generator,sw/toolchain/riscv-opcodes/opcodes-xpulphwloop_CUSTOM,sw/toolchain/riscv-opcodes/opcodes-xpulphwloop_CUSTOM:22
custom-3_f5_f7_4,00001000000000000101?????1111011,IUNSHFLI,0000100??????????101?????1111011,0x0800507b,generator,sw/toolchain/riscv-opcodes/opcodes-ipu_CUSTOM,sw/toolchain/riscv-opcodes/opcodes-ipu_CUSTOM:113
custom-3_f5_f7_4,00001000000000000101?????1111011,LP_SETUPI,?????????????????1010000?1111011,0x0800507b,generator,sw/toolchain/riscv-opcodes/opcodes-xpulphwloop_CUSTOM,sw/toolchain/riscv-opcodes/opcodes-xpulphwloop_CUSTOM:22
custom-3_f5_f7_5,00001010000000000101?????1111011,LP_SETUPI,?????????????????1010000?1111011,0x0a00507b,generator,sw/toolchain/riscv-opcodes/opcodes-xpulphwloop_CUSTOM,sw/toolchain/riscv-opcodes/opcodes-xpulphwloop_CUSTOM:22
custom-3_f5_f7_6,00001100000000000101?????1111011,LP_SETUPI,?????????????????1010000?1111011,0x0c00507b,generator,sw/toolchain/riscv-opcodes/opcodes-xpulphwloop_CUSTOM,sw/toolchain/riscv-opcodes/opcodes-xpulphwloop_CUSTOM:22
custom-3_f5_f7_7,00001110000000000101?????1111011,LP_SETUPI,?????????????????1010000?1111011,0x0e00507b,generator,sw/toolchain/riscv-opcodes/opcodes-xpulphwloop_CUSTOM,sw/toolchain/riscv-opcodes/opcodes-xpulphwloop_CUSTOM:22
custom-3_f5_f7_8,00010000000000000101?????1111011,LP_SETUPI,?????????????????1010000?1111011,0x1000507b,generator,sw/toolchain/riscv-opcodes/opcodes-xpulphwloop_CUSTOM,sw/toolchain/riscv-opcodes/opcodes-xpulphwloop_CUSTOM:22
custom-3_f5_f7_9,00010010000000000101?????1111011,LP_SETUPI,?????????????????1010000?1111011,0x1200507b,generator,sw/toolchain/riscv-opcodes/opcodes-xpulphwloop_CUSTOM,sw/toolchain/riscv-opcodes/opcodes-xpulphwloop_CUSTOM:22
custom-3_f5_f7_10,00010100000000000101?????1111011,LP_SETUPI,?????????????????1010000?1111011,0x1400507b,generator,sw/toolchain/riscv-opcodes/opcodes-xpulphwloop_CUSTOM,sw/toolchain/riscv-opcodes/opcodes-xpulphwloop_CUSTOM:22
custom-3_f5_f7_11,00010110000000000101?????1111011,LP_SETUPI,?????????????????1010000?1111011,0x1600507b,generator,sw/toolchain/riscv-opcodes/opcodes-xpulphwloop_CUSTOM,sw/toolchain/riscv-opcodes/opcodes-xpulphwloop_CUSTOM:22
custom-3_f5_f7_12,00011000000000000101?????1111011,LP_SETUPI,?????????????????1010000?1111011,0x1800507b,generator,sw/toolchain/riscv-opcodes/opcodes-xpulphwloop_CUSTOM,sw/toolchain/riscv-opcodes/opcodes-xpulphwloop_CUSTOM:22
custom-3_f5_f7_13,00011010000000000101?????1111011,LP_SETUPI,?????????????????1010000?1111011,0x1a00507b,generator,sw/toolchain/riscv-opcodes/opcodes-xpulphwloop_CUSTOM,sw/toolchain/riscv-opcodes/opcodes-xpulphwloop_CUSTOM:22
custom-3_f5_f7_14,00011100000000000101?????1111011,LP_SETUPI,?????????????????1010000?1111011,0x1c00507b,generator,sw/toolchain/riscv-opcodes/opcodes-xpulphwloop_CUSTOM,sw/toolchain/riscv-opcodes/opcodes-xpulphwloop_CUSTOM:22
custom-3_f5_f7_15,00011110000000000101?????1111011,LP_SETUPI,?????????????????1010000?1111011,0x1e00507b,generator,sw/toolchain/riscv-opcodes/opcodes-xpulphwloop_CUSTOM,sw/toolchain/riscv-opcodes/opcodes-xpulphwloop_CUSTOM:22
custom-3_f5_f7_16,00100000000000000101?????1111011,ISROI,001000???????????101?????1111011,0x2000507b,generator,sw/toolchain/riscv-opcodes/opcodes-ipu_CUSTOM,sw/toolchain/riscv-opcodes/opcodes-ipu_CUSTOM:68
custom-3_f5_f7_16,00100000000000000101?????1111011,LP_SETUPI,?????????????????1010000?1111011,0x2000507b,generator,sw/toolchain/riscv-opcodes/opcodes-xpulphwloop_CUSTOM,sw/toolchain/riscv-opcodes/opcodes-xpulphwloop_CUSTOM:22
custom-3_f5_f7_17,00100010000000000101?????1111011,ISROI,001000???????????101?????1111011,0x2200507b,generator,sw/toolchain/riscv-opcodes/opcodes-ipu_CUSTOM,sw/toolchain/riscv-opcodes/opcodes-ipu_CUSTOM:68
custom-3_f5_f7_17,00100010000000000101?????1111011,LP_SETUPI,?????????????????1010000?1111011,0x2200507b,generator,sw/toolchain/riscv-opcodes/opcodes-xpulphwloop_CUSTOM,sw/toolchain/riscv-opcodes/opcodes-xpulphwloop_CUSTOM:22
custom-3_f5_f7_18,00100100000000000101?????1111011,LP_SETUPI,?????????????????1010000?1111011,0x2400507b,generator,sw/toolchain/riscv-opcodes/opcodes-xpulphwloop_CUSTOM,sw/toolchain/riscv-opcodes/opcodes-xpulphwloop_CUSTOM:22
custom-3_f5_f7_19,00100110000000000101?????1111011,LP_SETUPI,?????????????????1010000?1111011,0x2600507b,generator,sw/toolchain/riscv-opcodes/opcodes-xpulphwloop_CUSTOM,sw/toolchain/riscv-opcodes/opcodes-xpulphwloop_CUSTOM:22
custom-3_f5_f7_20,00101000000000000101?????1111011,IGORCI,001010???????????101?????1111011,0x2800507b,generator,sw/toolchain/riscv-opcodes/opcodes-ipu_CUSTOM,sw/toolchain/riscv-opcodes/opcodes-ipu_CUSTOM:75
custom-3_f5_f7_20,00101000000000000101?????1111011,LP_SETUPI,?????????????????1010000?1111011,0x2800507b,generator,sw/toolchain/riscv-opcodes/opcodes-xpulphwloop_CUSTOM,sw/toolchain/riscv-opcodes/opcodes-xpulphwloop_CUSTOM:22
custom-3_f5_f7_21,00101010000000000101?????1111011,IGORCI,001010???????????101?????1111011,0x2a00507b,generator,sw/toolchain/riscv-opcodes/opcodes-ipu_CUSTOM,sw/toolchain/riscv-opcodes/opcodes-ipu_CUSTOM:75
custom-3_f5_f7_21,00101010000000000101?????1111011,LP_SETUPI,?????????????????1010000?1111011,0x2a00507b,generator,sw/toolchain/riscv-opcodes/opcodes-xpulphwloop_CUSTOM,sw/toolchain/riscv-opcodes/opcodes-xpulphwloop_CUSTOM:22
custom-3_f5_f7_22,00101100000000000101?????1111011,LP_SETUPI,?????????????????1010000?1111011,0x2c00507b,generator,sw/toolchain/riscv-opcodes/opcodes-xpulphwloop_CUSTOM,sw/toolchain/riscv-opcodes/opcodes-xpulphwloop_CUSTOM:22
custom-3_f5_f7_23,00101110000000000101?????1111011,LP_SETUPI,?????????????????1010000?1111011,0x2e00507b,generator,sw/toolchain/riscv-opcodes/opcodes-xpulphwloop_CUSTOM,sw/toolchain/riscv-opcodes/opcodes-xpulphwloop_CUSTOM:22
custom-3_f5_f7_24,00110000000000000101?????1111011,LP_SETUPI,?????????????????1010000?1111011,0x3000507b,generator,sw/toolchain/riscv-opcodes/opcodes-xpulphwloop_CUSTOM,sw/toolchain/riscv-opcodes/opcodes-xpulphwloop_CUSTOM:22
custom-3_f5_f7_25,00110010000000000101?????1111011,LP_SETUPI,?????????????????1010000?1111011,0x3200507b,generator,sw/toolchain/riscv-opcodes/opcodes-xpulphwloop_CUSTOM,sw/toolchain/riscv-opcodes/opcodes-xpulphwloop_CUSTOM:22
custom-3_f5_f7_26,00110100000000000101?????1111011,LP_SETUPI,?????????????????1010000?1111011,0x3400507b,generator,sw/toolchain/riscv-opcodes/opcodes-xpulphwloop_CUSTOM,sw/toolchain/riscv-opcodes/opcodes-xpulphwloop_CUSTOM:22
custom-3_f5_f7_27,00110110000000000101?????1111011,LP_SETUPI,?????????????????1010000?1111011,0x3600507b,generator,sw/toolchain/riscv-opcodes/opcodes-xpulphwloop_CUSTOM,sw/toolchain/riscv-opcodes/opcodes-xpulphwloop_CUSTOM:22
custom-3_f5_f7_28,00111000000000000101?????1111011,LP_SETUPI,?????????????????1010000?1111011,0x3800507b,generator,sw/toolchain/riscv-opcodes/opcodes-xpulphwloop_CUSTOM,sw/toolchain/riscv-opcodes/opcodes-xpulphwloop_CUSTOM:22
custom-3_f5_f7_29,00111010000000000101?????1111011,LP_SETUPI,?????????????????1010000?1111011,0x3a00507b,generator,sw/toolchain/riscv-opcodes/opcodes-xpulphwloop_CUSTOM,sw/toolchain/riscv-opcodes/opcodes-xpulphwloop_CUSTOM:22
custom-3_f5_f7_30,00111100000000000101?????1111011,LP_SETUPI,?????????????????1010000?1111011,0x3c00507b,generator,sw/toolchain/riscv-opcodes/opcodes-xpulphwloop_CUSTOM,sw/toolchain/riscv-opcodes/opcodes-xpulphwloop_CUSTOM:22
custom-3_f5_f7_31,00111110000000000101?????1111011,LP_SETUPI,?????????????????1010000?1111011,0x3e00507b,generator,sw/toolchain/riscv-opcodes/opcodes-xpulphwloop_CUSTOM,sw/toolchain/riscv-opcodes/opcodes-xpulphwloop_CUSTOM:22
custom-3_f5_f7_32,01000000000000000101?????1111011,ISRAI,010000???????????101?????1111011,0x4000507b,generator,sw/toolchain/riscv-opcodes/opcodes-ipu_CUSTOM,sw/toolchain/riscv-opcodes/opcodes-ipu_CUSTOM:26
custom-3_f5_f7_32,01000000000000000101?????1111011,LP_SETUPI,?????????????????1010000?1111011,0x4000507b,generator,sw/toolchain/riscv-opcodes/opcodes-xpulphwloop_CUSTOM,sw/toolchain/riscv-opcodes/opcodes-xpulphwloop_CUSTOM:22
custom-3_f5_f7_33,01000010000000000101?????1111011,ISRAI,010000???????????101?????1111011,0x4200507b,generator,sw/toolchain/riscv-opcodes/opcodes-ipu_CUSTOM,sw/toolchain/riscv-opcodes/opcodes-ipu_CUSTOM:26
custom-3_f5_f7_33,01000010000000000101?????1111011,LP_SETUPI,?????????????????1010000?1111011,0x4200507b,generator,sw/toolchain/riscv-opcodes/opcodes-xpulphwloop_CUSTOM,sw/toolchain/riscv-opcodes/opcodes-xpulphwloop_CUSTOM:22
custom-3_f5_f7_34,01000100000000000101?????1111011,LP_SETUPI,?????????????????1010000?1111011,0x4400507b,generator,sw/toolchain/riscv-opcodes/opcodes-xpulphwloop_CUSTOM,sw/toolchain/riscv-opcodes/opcodes-xpulphwloop_CUSTOM:22
custom-3_f5_f7_35,01000110000000000101?????1111011,LP_SETUPI,?????????????????1010000?1111011,0x4600507b,generator,sw/toolchain/riscv-opcodes/opcodes-xpulphwloop_CUSTOM,sw/toolchain/riscv-opcodes/opcodes-xpulphwloop_CUSTOM:22
custom-3_f5_f7_36,01001000000000000101?????1111011,ISBEXTI,010010???????????101?????1111011,0x4800507b,generator,sw/toolchain/riscv-opcodes/opcodes-ipu_CUSTOM,sw/toolchain/riscv-opcodes/opcodes-ipu_CUSTOM:74
custom-3_f5_f7_36,01001000000000000101?????1111011,LP_SETUPI,?????????????????1010000?1111011,0x4800507b,generator,sw/toolchain/riscv-opcodes/opcodes-xpulphwloop_CUSTOM,sw/toolchain/riscv-opcodes/opcodes-xpulphwloop_CUSTOM:22
custom-3_f5_f7_37,01001010000000000101?????1111011,ISBEXTI,010010???????????101?????1111011,0x4a00507b,generator,sw/toolchain/riscv-opcodes/opcodes-ipu_CUSTOM,sw/toolchain/riscv-opcodes/opcodes-ipu_CUSTOM:74
custom-3_f5_f7_37,01001010000000000101?????1111011,LP_SETUPI,?????????????????1010000?1111011,0x4a00507b,generator,sw/toolchain/riscv-opcodes/opcodes-xpulphwloop_CUSTOM,sw/toolchain/riscv-opcodes/opcodes-xpulphwloop_CUSTOM:22
custom-3_f5_f7_38,01001100000000000101?????1111011,LP_SETUPI,?????????????????1010000?1111011,0x4c00507b,generator,sw/toolchain/riscv-opcodes/opcodes-xpulphwloop_CUSTOM,sw/toolchain/riscv-opcodes/opcodes-xpulphwloop_CUSTOM:22
custom-3_f5_f7_39,01001110000000000101?????1111011,LP_SETUPI,?????????????????1010000?1111011,0x4e00507b,generator,sw/toolchain/riscv-opcodes/opcodes-xpulphwloop_CUSTOM,sw/toolchain/riscv-opcodes/opcodes-xpulphwloop_CUSTOM:22
custom-3_f5_f7_40,01010000000000000101?????1111011,LP_SETUPI,?????????????????1010000?1111011,0x5000507b,generator,sw/toolchain/riscv-opcodes/opcodes-xpulphwloop_CUSTOM,sw/toolchain/riscv-opcodes/opcodes-xpulphwloop_CUSTOM:22
custom-3_f5_f7_41,01010010000000000101?????1111011,LP_SETUPI,?????????????????1010000?1111011,0x5200507b,generator,sw/toolchain/riscv-opcodes/opcodes-xpulphwloop_CUSTOM,sw/toolchain/riscv-opcodes/opcodes-xpulphwloop_CUSTOM:22
custom-3_f5_f7_42,01010100000000000101?????1111011,LP_SETUPI,?????????????????1010000?1111011,0x5400507b,generator,sw/toolchain/riscv-opcodes/opcodes-xpulphwloop_CUSTOM,sw/toolchain/riscv-opcodes/opcodes-xpulphwloop_CUSTOM:22
custom-3_f5_f7_43,01010110000000000101?????1111011,LP_SETUPI,?????????????????1010000?1111011,0x5600507b,generator,sw/toolchain/riscv-opcodes/opcodes-xpulphwloop_CUSTOM,sw/toolchain/riscv-opcodes/opcodes-xpulphwloop_CUSTOM:22
custom-3_f5_f7_44,01011000000000000101?????1111011,LP_SETUPI,?????????????????1010000?1111011,0x5800507b,generator,sw/toolchain/riscv-opcodes/opcodes-xpulphwloop_CUSTOM,sw/toolchain/riscv-opcodes/opcodes-xpulphwloop_CUSTOM:22
custom-3_f5_f7_45,01011010000000000101?????1111011,LP_SETUPI,?????????????????1010000?1111011,0x5a00507b,generator,sw/toolchain/riscv-opcodes/opcodes-xpulphwloop_CUSTOM,sw/toolchain/riscv-opcodes/opcodes-xpulphwloop_CUSTOM:22
custom-3_f5_f7_46,01011100000000000101?????1111011,LP_SETUPI,?????????????????1010000?1111011,0x5c00507b,generator,sw/toolchain/riscv-opcodes/opcodes-xpulphwloop_CUSTOM,sw/toolchain/riscv-opcodes/opcodes-xpulphwloop_CUSTOM:22
custom-3_f5_f7_47,01011110000000000101?????1111011,LP_SETUPI,?????????????????1010000?1111011,0x5e00507b,generator,sw/toolchain/riscv-opcodes/opcodes-xpulphwloop_CUSTOM,sw/toolchain/riscv-opcodes/opcodes-xpulphwloop_CUSTOM:22
custom-3_f5_f7_48,01100000000000000101?????1111011,IRORI,011000???????????101?????1111011,0x6000507b,generator,sw/toolchain/riscv-opcodes/opcodes-ipu_CUSTOM,sw/toolchain/riscv-opcodes/opcodes-ipu_CUSTOM:69
custom-3_f5_f7_48,01100000000000000101?????1111011,LP_SETUPI,?????????????????1010000?1111011,0x6000507b,generator,sw/toolchain/riscv-opcodes/opcodes-xpulphwloop_CUSTOM,sw/toolchain/riscv-opcodes/opcodes-xpulphwloop_CUSTOM:22
custom-3_f5_f7_49,01100010000000000101?????1111011,IRORI,011000???????????101?????1111011,0x6200507b,generator,sw/toolchain/riscv-opcodes/opcodes-ipu_CUSTOM,sw/toolchain/riscv-opcodes/opcodes-ipu_CUSTOM:69
custom-3_f5_f7_49,01100010000000000101?????1111011,LP_SETUPI,?????????????????1010000?1111011,0x6200507b,generator,sw/toolchain/riscv-opcodes/opcodes-xpulphwloop_CUSTOM,sw/toolchain/riscv-opcodes/opcodes-xpulphwloop_CUSTOM:22
custom-3_f5_f7_50,01100100000000000101?????1111011,LP_SETUPI,?????????????????1010000?1111011,0x6400507b,generator,sw/toolchain/riscv-opcodes/opcodes-xpulphwloop_CUSTOM,sw/toolchain/riscv-opcodes/opcodes-xpulphwloop_CUSTOM:22
custom-3_f5_f7_51,01100110000000000101?????1111011,LP_SETUPI,?????????????????1010000?1111011,0x6600507b,generator,sw/toolchain/riscv-opcodes/opcodes-xpulphwloop_CUSTOM,sw/toolchain/riscv-opcodes/opcodes-xpulphwloop_CUSTOM:22
custom-3_f5_f7_52,01101000000000000101?????1111011,IGREVI,011010???????????101?????1111011,0x6800507b,generator,sw/toolchain/riscv-opcodes/opcodes-ipu_CUSTOM,sw/toolchain/riscv-opcodes/opcodes-ipu_CUSTOM:76
custom-3_f5_f7_52,01101000000000000101?????1111011,LP_SETUPI,?????????????????1010000?1111011,0x6800507b,generator,sw/toolchain/riscv-opcodes/opcodes-xpulphwloop_CUSTOM,sw/toolchain/riscv-opcodes/opcodes-xpulphwloop_CUSTOM:22
custom-3_f5_f7_53,01101010000000000101?????1111011,IGREVI,011010???????????101?????1111011,0x6a00507b,generator,sw/toolchain/riscv-opcodes/opcodes-ipu_CUSTOM,sw/toolchain/riscv-opcodes/opcodes-ipu_CUSTOM:76
custom-3_f5_f7_53,01101010000000000101?????1111011,LP_SETUPI,?????????????????1010000?1111011,0x6a00507b,generator,sw/toolchain/riscv-opcodes/opcodes-xpulphwloop_CUSTOM,sw/toolchain/riscv-opcodes/opcodes-xpulphwloop_CUSTOM:22
custom-3_f5_f7_54,01101100000000000101?????1111011,LP_SETUPI,?????????????????1010000?1111011,0x6c00507b,generator,sw/toolchain/riscv-opcodes/opcodes-xpulphwloop_CUSTOM,sw/toolchain/riscv-opcodes/opcodes-xpulphwloop_CUSTOM:22
custom-3_f5_f7_55,01101110000000000101?????1111011,LP_SETUPI,?????????????????1010000?1111011,0x6e00507b,generator,sw/toolchain/riscv-opcodes/opcodes-xpulphwloop_CUSTOM,sw/toolchain/riscv-opcodes/opcodes-xpulphwloop_CUSTOM:22
custom-3_f5_f7_56,01110000000000000101?????1111011,LP_SETUPI,?????????????????1010000?1111011,0x7000507b,generator,sw/toolchain/riscv-opcodes/opcodes-xpulphwloop_CUSTOM,sw/toolchain/riscv-opcodes/opcodes-xpulphwloop_CUSTOM:22
custom-3_f5_f7_57,01110010000000000101?????1111011,LP_SETUPI,?????????????????1010000?1111011,0x7200507b,generator,sw/toolchain/riscv-opcodes/opcodes-xpulphwloop_CUSTOM,sw/toolchain/riscv-opcodes/opcodes-xpulphwloop_CUSTOM:22
custom-3_f5_f7_58,01110100000000000101?????1111011,LP_SETUPI,?????????????????1010000?1111011,0x7400507b,generator,sw/toolchain/riscv-opcodes/opcodes-xpulphwloop_CUSTOM,sw/toolchain/riscv-opcodes/opcodes-xpulphwloop_CUSTOM:22
custom-3_f5_f7_59,01110110000000000101?????1111011,LP_SETUPI,?????????????????1010000?1111011,0x7600507b,generator,sw/toolchain/riscv-opcodes/opcodes-xpulphwloop_CUSTOM,sw/toolchain/riscv-opcodes/opcodes-xpulphwloop_CUSTOM:22
custom-3_f5_f7_60,01111000000000000101?????1111011,LP_SETUPI,?????????????????1010000?1111011,0x7800507b,generator,sw/toolchain/riscv-opcodes/opcodes-xpulphwloop_CUSTOM,sw/toolchain/riscv-opcodes/opcodes-xpulphwloop_CUSTOM:22
custom-3_f5_f7_61,01111010000000000101?????1111011,LP_SETUPI,?????????????????1010000?1111011,0x7a00507b,generator,sw/toolchain/riscv-opcodes/opcodes-xpulphwloop_CUSTOM,sw/toolchain/riscv-opcodes/opcodes-xpulphwloop_CUSTOM:22
custom-3_f5_f7_62,01111100000000000101?????1111011,LP_SETUPI,?????????????????1010000?1111011,0x7c00507b,generator,sw/toolchain/riscv-opcodes/opcodes-xpulphwloop_CUSTOM,sw/toolchain/riscv-opcodes/opcodes-xpulphwloop_CUSTOM:22
custom-3_f5_f7_63,01111110000000000101?????1111011,LP_SETUPI,?????????????????1010000?1111011,0x7e00507b,generator,sw/toolchain/riscv-opcodes/opcodes-xpulphwloop_CUSTOM,sw/toolchain/riscv-opcodes/opcodes-xpulphwloop_CUSTOM:22
custom-3_f5_f7_64,10000000000000000101?????1111011,LP_SETUPI,?????????????????1010000?1111011,0x8000507b,generator,sw/toolchain/riscv-opcodes/opcodes-xpulphwloop_CUSTOM,sw/toolchain/riscv-opcodes/opcodes-xpulphwloop_CUSTOM:22
custom-3_f5_f7_65,10000010000000000101?????1111011,LP_SETUPI,?????????????????1010000?1111011,0x8200507b,generator,sw/toolchain/riscv-opcodes/opcodes-xpulphwloop_CUSTOM,sw/toolchain/riscv-opcodes/opcodes-xpulphwloop_CUSTOM:22
custom-3_f5_f7_66,10000100000000000101?????1111011,LP_SETUPI,?????????????????1010000?1111011,0x8400507b,generator,sw/toolchain/riscv-opcodes/opcodes-xpulphwloop_CUSTOM,sw/toolchain/riscv-opcodes/opcodes-xpulphwloop_CUSTOM:22
custom-3_f5_f7_67,10000110000000000101?????1111011,LP_SETUPI,?????????????????1010000?1111011,0x8600507b,generator,sw/toolchain/riscv-opcodes/opcodes-xpulphwloop_CUSTOM,sw/toolchain/riscv-opcodes/opcodes-xpulphwloop_CUSTOM:22
custom-3_f5_f7_68,10001000000000000101?????1111011,LP_SETUPI,?????????????????1010000?1111011,0x8800507b,generator,sw/toolchain/riscv-opcodes/opcodes-xpulphwloop_CUSTOM,sw/toolchain/riscv-opcodes/opcodes-xpulphwloop_CUSTOM:22
custom-3_f5_f7_69,10001010000000000101?????1111011,LP_SETUPI,?????????????????1010000?1111011,0x8a00507b,generator,sw/toolchain/riscv-opcodes/opcodes-xpulphwloop_CUSTOM,sw/toolchain/riscv-opcodes/opcodes-xpulphwloop_CUSTOM:22
custom-3_f5_f7_70,10001100000000000101?????1111011,LP_SETUPI,?????????????????1010000?1111011,0x8c00507b,generator,sw/toolchain/riscv-opcodes/opcodes-xpulphwloop_CUSTOM,sw/toolchain/riscv-opcodes/opcodes-xpulphwloop_CUSTOM:22
custom-3_f5_f7_71,10001110000000000101?????1111011,LP_SETUPI,?????????????????1010000?1111011,0x8e00507b,generator,sw/toolchain/riscv-opcodes/opcodes-xpulphwloop_CUSTOM,sw/toolchain/riscv-opcodes/opcodes-xpulphwloop_CUSTOM:22
custom-3_f5_f7_72,10010000000000000101?????1111011,LP_SETUPI,?????????????????1010000?1111011,0x9000507b,generator,sw/toolchain/riscv-opcodes/opcodes-xpulphwloop_CUSTOM,sw/toolchain/riscv-opcodes/opcodes-xpulphwloop_CUSTOM:22
custom-3_f5_f7_73,10010010000000000101?????1111011,LP_SETUPI,?????????????????1010000?1111011,0x9200507b,generator,sw/toolchain/riscv-opcodes/opcodes-xpulphwloop_CUSTOM,sw/toolchain/riscv-opcodes/opcodes-xpulphwloop_CUSTOM:22
custom-3_f5_f7_74,10010100000000000101?????1111011,LP_SETUPI,?????????????????1010000?1111011,0x9400507b,generator,sw/toolchain/riscv-opcodes/opcodes-xpulphwloop_CUSTOM,sw/toolchain/riscv-opcodes/opcodes-xpulphwloop_CUSTOM:22
custom-3_f5_f7_75,10010110000000000101?????1111011,LP_SETUPI,?????????????????1010000?1111011,0x9600507b,generator,sw/toolchain/riscv-opcodes/opcodes-xpulphwloop_CUSTOM,sw/toolchain/riscv-opcodes/opcodes-xpulphwloop_CUSTOM:22
custom-3_f5_f7_76,10011000000000000101?????1111011,LP_SETUPI,?????????????????1010000?1111011,0x9800507b,generator,sw/toolchain/riscv-opcodes/opcodes-xpulphwloop_CUSTOM,sw/toolchain/riscv-opcodes/opcodes-xpulphwloop_CUSTOM:22
custom-3_f5_f7_77,10011010000000000101?????1111011,LP_SETUPI,?????????????????1010000?1111011,0x9a00507b,generator,sw/toolchain/riscv-opcodes/opcodes-xpulphwloop_CUSTOM,sw/toolchain/riscv-opcodes/opcodes-xpulphwloop_CUSTOM:22
custom-3_f5_f7_78,10011100000000000101?????1111011,LP_SETUPI,?????????????????1010000?1111011,0x9c00507b,generator,sw/toolchain/riscv-opcodes/opcodes-xpulphwloop_CUSTOM,sw/toolchain/riscv-opcodes/opcodes-xpulphwloop_CUSTOM:22
custom-3_f5_f7_79,10011110000000000101?????1111011,LP_SETUPI,?????????????????1010000?1111011,0x9e00507b,generator,sw/toolchain/riscv-opcodes/opcodes-xpulphwloop_CUSTOM,sw/toolchain/riscv-opcodes/opcodes-xpulphwloop_CUSTOM:22
custom-3_f5_f7_80,10100000000000000101?????1111011,LP_SETUPI,?????????????????1010000?1111011,0xa000507b,generator,sw/toolchain/riscv-opcodes/opcodes-xpulphwloop_CUSTOM,sw/toolchain/riscv-opcodes/opcodes-xpulphwloop_CUSTOM:22
custom-3_f5_f7_81,10100010000000000101?????1111011,LP_SETUPI,?????????????????1010000?1111011,0xa200507b,generator,sw/toolchain/riscv-opcodes/opcodes-xpulphwloop_CUSTOM,sw/toolchain/riscv-opcodes/opcodes-xpulphwloop_CUSTOM:22
custom-3_f5_f7_82,10100100000000000101?????1111011,LP_SETUPI,?????????????????1010000?1111011,0xa400507b,generator,sw/toolchain/riscv-opcodes/opcodes-xpulphwloop_CUSTOM,sw/toolchain/riscv-opcodes/opcodes-xpulphwloop_CUSTOM:22
custom-3_f5_f7_83,10100110000000000101?????1111011,LP_SETUPI,?????????????????1010000?1111011,0xa600507b,generator,sw/toolchain/riscv-opcodes/opcodes-xpulphwloop_CUSTOM,sw/toolchain/riscv-opcodes/opcodes-xpulphwloop_CUSTOM:22
custom-3_f5_f7_84,10101000000000000101?????1111011,LP_SETUPI,?????????????????1010000?1111011,0xa800507b,generator,sw/toolchain/riscv-opcodes/opcodes-xpulphwloop_CUSTOM,sw/toolchain/riscv-opcodes/opcodes-xpulphwloop_CUSTOM:22
custom-3_f5_f7_85,10101010000000000101?????1111011,LP_SETUPI,?????????????????1010000?1111011,0xaa00507b,generator,sw/toolchain/riscv-opcodes/opcodes-xpulphwloop_CUSTOM,sw/toolchain/riscv-opcodes/opcodes-xpulphwloop_CUSTOM:22
custom-3_f5_f7_86,10101100000000000101?????1111011,LP_SETUPI,?????????????????1010000?1111011,0xac00507b,generator,sw/toolchain/riscv-opcodes/opcodes-xpulphwloop_CUSTOM,sw/toolchain/riscv-opcodes/opcodes-xpulphwloop_CUSTOM:22
custom-3_f5_f7_87,10101110000000000101?????1111011,LP_SETUPI,?????????????????1010000?1111011,0xae00507b,generator,sw/toolchain/riscv-opcodes/opcodes-xpulphwloop_CUSTOM,sw/toolchain/riscv-opcodes/opcodes-xpulphwloop_CUSTOM:22
custom-3_f5_f7_88,10110000000000000101?????1111011,LP_SETUPI,?????????????????1010000?1111011,0xb000507b,generator,sw/toolchain/riscv-opcodes/opcodes-xpulphwloop_CUSTOM,sw/toolchain/riscv-opcodes/opcodes-xpulphwloop_CUSTOM:22
custom-3_f5_f7_89,10110010000000000101?????1111011,LP_SETUPI,?????????????????1010000?1111011,0xb200507b,generator,sw/toolchain/riscv-opcodes/opcodes-xpulphwloop_CUSTOM,sw/toolchain/riscv-opcodes/opcodes-xpulphwloop_CUSTOM:22
custom-3_f5_f7_90,10110100000000000101?????1111011,LP_SETUPI,?????????????????1010000?1111011,0xb400507b,generator,sw/toolchain/riscv-opcodes/opcodes-xpulphwloop_CUSTOM,sw/toolchain/riscv-opcodes/opcodes-xpulphwloop_CUSTOM:22
custom-3_f5_f7_91,10110110000000000101?????1111011,LP_SETUPI,?????????????????1010000?1111011,0xb600507b,generator,sw/toolchain/riscv-opcodes/opcodes-xpulphwloop_CUSTOM,sw/toolchain/riscv-opcodes/opcodes-xpulphwloop_CUSTOM:22
custom-3_f5_f7_92,10111000000000000101?????1111011,LP_SETUPI,?????????????????1010000?1111011,0xb800507b,generator,sw/toolchain/riscv-opcodes/opcodes-xpulphwloop_CUSTOM,sw/toolchain/riscv-opcodes/opcodes-xpulphwloop_CUSTOM:22
custom-3_f5_f7_93,10111010000000000101?????1111011,LP_SETUPI,?????????????????1010000?1111011,0xba00507b,generator,sw/toolchain/riscv-opcodes/opcodes-xpulphwloop_CUSTOM,sw/toolchain/riscv-opcodes/opcodes-xpulphwloop_CUSTOM:22
custom-3_f5_f7_94,10111100000000000101?????1111011,LP_SETUPI,?????????????????1010000?1111011,0xbc00507b,generator,sw/toolchain/riscv-opcodes/opcodes-xpulphwloop_CUSTOM,sw/toolchain/riscv-opcodes/opcodes-xpulphwloop_CUSTOM:22
custom-3_f5_f7_95,10111110000000000101?????1111011,LP_SETUPI,?????????????????1010000?1111011,0xbe00507b,generator,sw/toolchain/riscv-opcodes/opcodes-xpulphwloop_CUSTOM,sw/toolchain/riscv-opcodes/opcodes-xpulphwloop_CUSTOM:22
custom-3_f5_f7_96,11000000000000000101?????1111011,LP_SETUPI,?????????????????1010000?1111011,0xc000507b,generator,sw/toolchain/riscv-opcodes/opcodes-xpulphwloop_CUSTOM,sw/toolchain/riscv-opcodes/opcodes-xpulphwloop_CUSTOM:22
custom-3_f5_f7_97,11000010000000000101?????1111011,LP_SETUPI,?????????????????1010000?1111011,0xc200507b,generator,sw/toolchain/riscv-opcodes/opcodes-xpulphwloop_CUSTOM,sw/toolchain/riscv-opcodes/opcodes-xpulphwloop_CUSTOM:22
custom-3_f5_f7_98,11000100000000000101?????1111011,LP_SETUPI,?????????????????1010000?1111011,0xc400507b,generator,sw/toolchain/riscv-opcodes/opcodes-xpulphwloop_CUSTOM,sw/toolchain/riscv-opcodes/opcodes-xpulphwloop_CUSTOM:22
custom-3_f5_f7_99,11000110000000000101?????1111011,LP_SETUPI,?????????????????1010000?1111011,0xc600507b,generator,sw/toolchain/riscv-opcodes/opcodes-xpulphwloop_CUSTOM,sw/toolchain/riscv-opcodes/opcodes-xpulphwloop_CUSTOM:22
custom-3_f5_f7_100,11001000000000000101?????1111011,LP_SETUPI,?????????????????1010000?1111011,0xc800507b,generator,sw/toolchain/riscv-opcodes/opcodes-xpulphwloop_CUSTOM,sw/toolchain/riscv-opcodes/opcodes-xpulphwloop_CUSTOM:22
custom-3_f5_f7_101,11001010000000000101?????1111011,LP_SETUPI,?????????????????1010000?1111011,0xca00507b,generator,sw/toolchain/riscv-opcodes/opcodes-xpulphwloop_CUSTOM,sw/toolchain/riscv-opcodes/opcodes-xpulphwloop_CUSTOM:22
custom-3_f5_f7_102,11001100000000000101?????1111011,LP_SETUPI,?????????????????1010000?1111011,0xcc00507b,generator,sw/toolchain/riscv-opcodes/opcodes-xpulphwloop_CUSTOM,sw/toolchain/riscv-opcodes/opcodes-xpulphwloop_CUSTOM:22
custom-3_f5_f7_103,11001110000000000101?????1111011,LP_SETUPI,?????????????????1010000?1111011,0xce00507b,generator,sw/toolchain/riscv-opcodes/opcodes-xpulphwloop_CUSTOM,sw/toolchain/riscv-opcodes/opcodes-xpulphwloop_CUSTOM:22
custom-3_f5_f7_104,11010000000000000101?????1111011,LP_SETUPI,?????????????????1010000?1111011,0xd000507b,generator,sw/toolchain/riscv-opcodes/opcodes-xpulphwloop_CUSTOM,sw/toolchain/riscv-opcodes/opcodes-xpulphwloop_CUSTOM:22
custom-3_f5_f7_105,11010010000000000101?????1111011,LP_SETUPI,?????????????????1010000?1111011,0xd200507b,generator,sw/toolchain/riscv-opcodes/opcodes-xpulphwloop_CUSTOM,sw/toolchain/riscv-opcodes/opcodes-xpulphwloop_CUSTOM:22
custom-3_f5_f7_106,11010100000000000101?????1111011,LP_SETUPI,?????????????????1010000?1111011,0xd400507b,generator,sw/toolchain/riscv-opcodes/opcodes-xpulphwloop_CUSTOM,sw/toolchain/riscv-opcodes/opcodes-xpulphwloop_CUSTOM:22
custom-3_f5_f7_107,11010110000000000101?????1111011,LP_SETUPI,?????????????????1010000?1111011,0xd600507b,generator,sw/toolchain/riscv-opcodes/opcodes-xpulphwloop_CUSTOM,sw/toolchain/riscv-opcodes/opcodes-xpulphwloop_CUSTOM:22
custom-3_f5_f7_108,11011000000000000101?????1111011,LP_SETUPI,?????????????????1010000?1111011,0xd800507b,generator,sw/toolchain/riscv-opcodes/opcodes-xpulphwloop_CUSTOM,sw/toolchain/riscv-opcodes/opcodes-xpulphwloop_CUSTOM:22
custom-3_f5_f7_109,11011010000000000101?????1111011,LP_SETUPI,?????????????????1010000?1111011,0xda00507b,generator,sw/toolchain/riscv-opcodes/opcodes-xpulphwloop_CUSTOM,sw/toolchain/riscv-opcodes/opcodes-xpulphwloop_CUSTOM:22
custom-3_f5_f7_110,11011100000000000101?????1111011,LP_SETUPI,?????????????????1010000?1111011,0xdc00507b,generator,sw/toolchain/riscv-opcodes/opcodes-xpulphwloop_CUSTOM,sw/toolchain/riscv-opcodes/opcodes-xpulphwloop_CUSTOM:22
custom-3_f5_f7_111,11011110000000000101?????1111011,LP_SETUPI,?????????????????1010000?1111011,0xde00507b,generator,sw/toolchain/riscv-opcodes/opcodes-xpulphwloop_CUSTOM,sw/toolchain/riscv-opcodes/opcodes-xpulphwloop_CUSTOM:22
custom-3_f5_f7_112,11100000000000000101?????1111011,LP_SETUPI,?????????????????1010000?1111011,0xe000507b,generator,sw/toolchain/riscv-opcodes/opcodes-xpulphwloop_CUSTOM,sw/toolchain/riscv-opcodes/opcodes-xpulphwloop_CUSTOM:22
custom-3_f5_f7_113,11100010000000000101?????1111011,LP_SETUPI,?????????????????1010000?1111011,0xe200507b,generator,sw/toolchain/riscv-opcodes/opcodes-xpulphwloop_CUSTOM,sw/toolchain/riscv-opcodes/opcodes-xpulphwloop_CUSTOM:22
custom-3_f5_f7_114,11100100000000000101?????1111011,LP_SETUPI,?????????????????1010000?1111011,0xe400507b,generator,sw/toolchain/riscv-opcodes/opcodes-xpulphwloop_CUSTOM,sw/toolchain/riscv-opcodes/opcodes-xpulphwloop_CUSTOM:22
custom-3_f5_f7_115,11100110000000000101?????1111011,LP_SETUPI,?????????????????1010000?1111011,0xe600507b,generator,sw/toolchain/riscv-opcodes/opcodes-xpulphwloop_CUSTOM,sw/toolchain/riscv-opcodes/opcodes-xpulphwloop_CUSTOM:22
custom-3_f5_f7_116,11101000000000000101?????1111011,LP_SETUPI,?????????????????1010000?1111011,0xe800507b,generator,sw/toolchain/riscv-opcodes/opcodes-xpulphwloop_CUSTOM,sw/toolchain/riscv-opcodes/opcodes-xpulphwloop_CUSTOM:22
custom-3_f5_f7_117,11101010000000000101?????1111011,LP_SETUPI,?????????????????1010000?1111011,0xea00507b,generator,sw/toolchain/riscv-opcodes/opcodes-xpulphwloop_CUSTOM,sw/toolchain/riscv-opcodes/opcodes-xpulphwloop_CUSTOM:22
custom-3_f5_f7_118,11101100000000000101?????1111011,LP_SETUPI,?????????????????1010000?1111011,0xec00507b,generator,sw/toolchain/riscv-opcodes/opcodes-xpulphwloop_CUSTOM,sw/toolchain/riscv-opcodes/opcodes-xpulphwloop_CUSTOM:22
custom-3_f5_f7_119,11101110000000000101?????1111011,LP_SETUPI,?????????????????1010000?1111011,0xee00507b,generator,sw/toolchain/riscv-opcodes/opcodes-xpulphwloop_CUSTOM,sw/toolchain/riscv-opcodes/opcodes-xpulphwloop_CUSTOM:22
custom-3_f5_f7_120,11110000000000000101?????1111011,LP_SETUPI,?????????????????1010000?1111011,0xf000507b,generator,sw/toolchain/riscv-opcodes/opcodes-xpulphwloop_CUSTOM,sw/toolchain/riscv-opcodes/opcodes-xpulphwloop_CUSTOM:22
custom-3_f5_f7_121,11110010000000000101?????1111011,LP_SETUPI,?????????????????1010000?1111011,0xf200507b,generator,sw/toolchain/riscv-opcodes/opcodes-xpulphwloop_CUSTOM,sw/toolchain/riscv-opcodes/opcodes-xpulphwloop_CUSTOM:22
custom-3_f5_f7_122,11110100000000000101?????1111011,LP_SETUPI,?????????????????1010000?1111011,0xf400507b,generator,sw/toolchain/riscv-opcodes/opcodes-xpulphwloop_CUSTOM,sw/toolchain/riscv-opcodes/opcodes-xpulphwloop_CUSTOM:22
custom-3_f5_f7_123,11110110000000000101?????1111011,LP_SETUPI,?????????????????1010000?1111011,0xf600507b,generator,sw/toolchain/riscv-opcodes/opcodes-xpulphwloop_CUSTOM,sw/toolchain/riscv-opcodes/opcodes-xpulphwloop_CUSTOM:22
custom-3_f5_f7_124,11111000000000000101?????1111011,LP_SETUPI,?????????????????1010000?1111011,0xf800507b,generator,sw/toolchain/riscv-opcodes/opcodes-xpulphwloop_CUSTOM,sw/toolchain/riscv-opcodes/opcodes-xpulphwloop_CUSTOM:22
custom-3_f5_f7_125,11111010000000000101?????1111011,LP_SETUPI,?????????????????1010000?1111011,0xfa00507b,generator,sw/toolchain/riscv-opcodes/opcodes-xpulphwloop_CUSTOM,sw/toolchain/riscv-opcodes/opcodes-xpulphwloop_CUSTOM:22
custom-3_f5_f7_126,11111100000000000101?????1111011,LP_SETUPI,?????????????????1010000?1111011,0xfc00507b,generator,sw/toolchain/riscv-opcodes/opcodes-xpulphwloop_CUSTOM,sw/toolchain/riscv-opcodes/opcodes-xpulphwloop_CUSTOM:22
custom-3_f5_f7_127,11111110000000000101?????1111011,LP_SETUPI,?????????????????1010000?1111011,0xfe00507b,generator,sw/toolchain/riscv-opcodes/opcodes-xpulphwloop_CUSTOM,sw/toolchain/riscv-opcodes/opcodes-xpulphwloop_CUSTOM:22
custom-3_f6_f7_0,00000000000000000110?????1111011,IORI,?????????????????110?????1111011,0x0000607b,generator,sw/toolchain/riscv-opcodes/opcodes-ipu_CUSTOM,sw/toolchain/riscv-opcodes/opcodes-ipu_CUSTOM:27
custom-3_f6_f7_1,00000010000000000110?????1111011,IORI,?????????????????110?????1111011,0x0200607b,generator,sw/toolchain/riscv-opcodes/opcodes-ipu_CUSTOM,sw/toolchain/riscv-opcodes/opcodes-ipu_CUSTOM:27
custom-3_f6_f7_2,00000100000000000110?????1111011,IORI,?????????????????110?????1111011,0x0400607b,generator,sw/toolchain/riscv-opcodes/opcodes-ipu_CUSTOM,sw/toolchain/riscv-opcodes/opcodes-ipu_CUSTOM:27
custom-3_f6_f7_3,00000110000000000110?????1111011,IORI,?????????????????110?????1111011,0x0600607b,generator,sw/toolchain/riscv-opcodes/opcodes-ipu_CUSTOM,sw/toolchain/riscv-opcodes/opcodes-ipu_CUSTOM:27
custom-3_f6_f7_4,00001000000000000110?????1111011,IORI,?????????????????110?????1111011,0x0800607b,generator,sw/toolchain/riscv-opcodes/opcodes-ipu_CUSTOM,sw/toolchain/riscv-opcodes/opcodes-ipu_CUSTOM:27
custom-3_f6_f7_5,00001010000000000110?????1111011,IORI,?????????????????110?????1111011,0x0a00607b,generator,sw/toolchain/riscv-opcodes/opcodes-ipu_CUSTOM,sw/toolchain/riscv-opcodes/opcodes-ipu_CUSTOM:27
custom-3_f6_f7_6,00001100000000000110?????1111011,IORI,?????????????????110?????1111011,0x0c00607b,generator,sw/toolchain/riscv-opcodes/opcodes-ipu_CUSTOM,sw/toolchain/riscv-opcodes/opcodes-ipu_CUSTOM:27
custom-3_f6_f7_7,00001110000000000110?????1111011,IORI,?????????????????110?????1111011,0x0e00607b,generator,sw/toolchain/riscv-opcodes/opcodes-ipu_CUSTOM,sw/toolchain/riscv-opcodes/opcodes-ipu_CUSTOM:27
custom-3_f6_f7_8,00010000000000000110?????1111011,IORI,?????????????????110?????1111011,0x1000607b,generator,sw/toolchain/riscv-opcodes/opcodes-ipu_CUSTOM,sw/toolchain/riscv-opcodes/opcodes-ipu_CUSTOM:27
custom-3_f6_f7_9,00010010000000000110?????1111011,IORI,?????????????????110?????1111011,0x1200607b,generator,sw/toolchain/riscv-opcodes/opcodes-ipu_CUSTOM,sw/toolchain/riscv-opcodes/opcodes-ipu_CUSTOM:27
custom-3_f6_f7_10,00010100000000000110?????1111011,IORI,?????????????????110?????1111011,0x1400607b,generator,sw/toolchain/riscv-opcodes/opcodes-ipu_CUSTOM,sw/toolchain/riscv-opcodes/opcodes-ipu_CUSTOM:27
custom-3_f6_f7_11,00010110000000000110?????1111011,IORI,?????????????????110?????1111011,0x1600607b,generator,sw/toolchain/riscv-opcodes/opcodes-ipu_CUSTOM,sw/toolchain/riscv-opcodes/opcodes-ipu_CUSTOM:27
custom-3_f6_f7_12,00011000000000000110?????1111011,IORI,?????????????????110?????1111011,0x1800607b,generator,sw/toolchain/riscv-opcodes/opcodes-ipu_CUSTOM,sw/toolchain/riscv-opcodes/opcodes-ipu_CUSTOM:27
custom-3_f6_f7_13,00011010000000000110?????1111011,IORI,?????????????????110?????1111011,0x1a00607b,generator,sw/toolchain/riscv-opcodes/opcodes-ipu_CUSTOM,sw/toolchain/riscv-opcodes/opcodes-ipu_CUSTOM:27
custom-3_f6_f7_14,00011100000000000110?????1111011,IORI,?????????????????110?????1111011,0x1c00607b,generator,sw/toolchain/riscv-opcodes/opcodes-ipu_CUSTOM,sw/toolchain/riscv-opcodes/opcodes-ipu_CUSTOM:27
custom-3_f6_f7_15,00011110000000000110?????1111011,IORI,?????????????????110?????1111011,0x1e00607b,generator,sw/toolchain/riscv-opcodes/opcodes-ipu_CUSTOM,sw/toolchain/riscv-opcodes/opcodes-ipu_CUSTOM:27
custom-3_f6_f7_16,00100000000000000110?????1111011,IORI,?????????????????110?????1111011,0x2000607b,generator,sw/toolchain/riscv-opcodes/opcodes-ipu_CUSTOM,sw/toolchain/riscv-opcodes/opcodes-ipu_CUSTOM:27
custom-3_f6_f7_17,00100010000000000110?????1111011,IORI,?????????????????110?????1111011,0x2200607b,generator,sw/toolchain/riscv-opcodes/opcodes-ipu_CUSTOM,sw/toolchain/riscv-opcodes/opcodes-ipu_CUSTOM:27
custom-3_f6_f7_18,00100100000000000110?????1111011,IORI,?????????????????110?????1111011,0x2400607b,generator,sw/toolchain/riscv-opcodes/opcodes-ipu_CUSTOM,sw/toolchain/riscv-opcodes/opcodes-ipu_CUSTOM:27
custom-3_f6_f7_19,00100110000000000110?????1111011,IORI,?????????????????110?????1111011,0x2600607b,generator,sw/toolchain/riscv-opcodes/opcodes-ipu_CUSTOM,sw/toolchain/riscv-opcodes/opcodes-ipu_CUSTOM:27
custom-3_f6_f7_20,00101000000000000110?????1111011,IORI,?????????????????110?????1111011,0x2800607b,generator,sw/toolchain/riscv-opcodes/opcodes-ipu_CUSTOM,sw/toolchain/riscv-opcodes/opcodes-ipu_CUSTOM:27
custom-3_f6_f7_21,00101010000000000110?????1111011,IORI,?????????????????110?????1111011,0x2a00607b,generator,sw/toolchain/riscv-opcodes/opcodes-ipu_CUSTOM,sw/toolchain/riscv-opcodes/opcodes-ipu_CUSTOM:27
custom-3_f6_f7_22,00101100000000000110?????1111011,IORI,?????????????????110?????1111011,0x2c00607b,generator,sw/toolchain/riscv-opcodes/opcodes-ipu_CUSTOM,sw/toolchain/riscv-opcodes/opcodes-ipu_CUSTOM:27
custom-3_f6_f7_23,00101110000000000110?????1111011,IORI,?????????????????110?????1111011,0x2e00607b,generator,sw/toolchain/riscv-opcodes/opcodes-ipu_CUSTOM,sw/toolchain/riscv-opcodes/opcodes-ipu_CUSTOM:27
custom-3_f6_f7_24,00110000000000000110?????1111011,IORI,?????????????????110?????1111011,0x3000607b,generator,sw/toolchain/riscv-opcodes/opcodes-ipu_CUSTOM,sw/toolchain/riscv-opcodes/opcodes-ipu_CUSTOM:27
custom-3_f6_f7_25,00110010000000000110?????1111011,IORI,?????????????????110?????1111011,0x3200607b,generator,sw/toolchain/riscv-opcodes/opcodes-ipu_CUSTOM,sw/toolchain/riscv-opcodes/opcodes-ipu_CUSTOM:27
custom-3_f6_f7_26,00110100000000000110?????1111011,IORI,?????????????????110?????1111011,0x3400607b,generator,sw/toolchain/riscv-opcodes/opcodes-ipu_CUSTOM,sw/toolchain/riscv-opcodes/opcodes-ipu_CUSTOM:27
custom-3_f6_f7_27,00110110000000000110?????1111011,IORI,?????????????????110?????1111011,0x3600607b,generator,sw/toolchain/riscv-opcodes/opcodes-ipu_CUSTOM,sw/toolchain/riscv-opcodes/opcodes-ipu_CUSTOM:27
custom-3_f6_f7_28,00111000000000000110?????1111011,IORI,?????????????????110?????1111011,0x3800607b,generator,sw/toolchain/riscv-opcodes/opcodes-ipu_CUSTOM,sw/toolchain/riscv-opcodes/opcodes-ipu_CUSTOM:27
custom-3_f6_f7_29,00111010000000000110?????1111011,IORI,?????????????????110?????1111011,0x3a00607b,generator,sw/toolchain/riscv-opcodes/opcodes-ipu_CUSTOM,sw/toolchain/riscv-opcodes/opcodes-ipu_CUSTOM:27
custom-3_f6_f7_30,00111100000000000110?????1111011,IORI,?????????????????110?????1111011,0x3c00607b,generator,sw/toolchain/riscv-opcodes/opcodes-ipu_CUSTOM,sw/toolchain/riscv-opcodes/opcodes-ipu_CUSTOM:27
custom-3_f6_f7_31,00111110000000000110?????1111011,IORI,?????????????????110?????1111011,0x3e00607b,generator,sw/toolchain/riscv-opcodes/opcodes-ipu_CUSTOM,sw/toolchain/riscv-opcodes/opcodes-ipu_CUSTOM:27
custom-3_f6_f7_32,01000000000000000110?????1111011,IORI,?????????????????110?????1111011,0x4000607b,generator,sw/toolchain/riscv-opcodes/opcodes-ipu_CUSTOM,sw/toolchain/riscv-opcodes/opcodes-ipu_CUSTOM:27
custom-3_f6_f7_33,01000010000000000110?????1111011,IORI,?????????????????110?????1111011,0x4200607b,generator,sw/toolchain/riscv-opcodes/opcodes-ipu_CUSTOM,sw/toolchain/riscv-opcodes/opcodes-ipu_CUSTOM:27
custom-3_f6_f7_34,01000100000000000110?????1111011,IORI,?????????????????110?????1111011,0x4400607b,generator,sw/toolchain/riscv-opcodes/opcodes-ipu_CUSTOM,sw/toolchain/riscv-opcodes/opcodes-ipu_CUSTOM:27
custom-3_f6_f7_35,01000110000000000110?????1111011,IORI,?????????????????110?????1111011,0x4600607b,generator,sw/toolchain/riscv-opcodes/opcodes-ipu_CUSTOM,sw/toolchain/riscv-opcodes/opcodes-ipu_CUSTOM:27
custom-3_f6_f7_36,01001000000000000110?????1111011,IORI,?????????????????110?????1111011,0x4800607b,generator,sw/toolchain/riscv-opcodes/opcodes-ipu_CUSTOM,sw/toolchain/riscv-opcodes/opcodes-ipu_CUSTOM:27
custom-3_f6_f7_37,01001010000000000110?????1111011,IORI,?????????????????110?????1111011,0x4a00607b,generator,sw/toolchain/riscv-opcodes/opcodes-ipu_CUSTOM,sw/toolchain/riscv-opcodes/opcodes-ipu_CUSTOM:27
custom-3_f6_f7_38,01001100000000000110?????1111011,IORI,?????????????????110?????1111011,0x4c00607b,generator,sw/toolchain/riscv-opcodes/opcodes-ipu_CUSTOM,sw/toolchain/riscv-opcodes/opcodes-ipu_CUSTOM:27
custom-3_f6_f7_39,01001110000000000110?????1111011,IORI,?????????????????110?????1111011,0x4e00607b,generator,sw/toolchain/riscv-opcodes/opcodes-ipu_CUSTOM,sw/toolchain/riscv-opcodes/opcodes-ipu_CUSTOM:27
custom-3_f6_f7_40,01010000000000000110?????1111011,IORI,?????????????????110?????1111011,0x5000607b,generator,sw/toolchain/riscv-opcodes/opcodes-ipu_CUSTOM,sw/toolchain/riscv-opcodes/opcodes-ipu_CUSTOM:27
custom-3_f6_f7_41,01010010000000000110?????1111011,IORI,?????????????????110?????1111011,0x5200607b,generator,sw/toolchain/riscv-opcodes/opcodes-ipu_CUSTOM,sw/toolchain/riscv-opcodes/opcodes-ipu_CUSTOM:27
custom-3_f6_f7_42,01010100000000000110?????1111011,IORI,?????????????????110?????1111011,0x5400607b,generator,sw/toolchain/riscv-opcodes/opcodes-ipu_CUSTOM,sw/toolchain/riscv-opcodes/opcodes-ipu_CUSTOM:27
custom-3_f6_f7_43,01010110000000000110?????1111011,IORI,?????????????????110?????1111011,0x5600607b,generator,sw/toolchain/riscv-opcodes/opcodes-ipu_CUSTOM,sw/toolchain/riscv-opcodes/opcodes-ipu_CUSTOM:27
custom-3_f6_f7_44,01011000000000000110?????1111011,IORI,?????????????????110?????1111011,0x5800607b,generator,sw/toolchain/riscv-opcodes/opcodes-ipu_CUSTOM,sw/toolchain/riscv-opcodes/opcodes-ipu_CUSTOM:27
custom-3_f6_f7_45,01011010000000000110?????1111011,IORI,?????????????????110?????1111011,0x5a00607b,generator,sw/toolchain/riscv-opcodes/opcodes-ipu_CUSTOM,sw/toolchain/riscv-opcodes/opcodes-ipu_CUSTOM:27
custom-3_f6_f7_46,01011100000000000110?????1111011,IORI,?????????????????110?????1111011,0x5c00607b,generator,sw/toolchain/riscv-opcodes/opcodes-ipu_CUSTOM,sw/toolchain/riscv-opcodes/opcodes-ipu_CUSTOM:27
custom-3_f6_f7_47,01011110000000000110?????1111011,IORI,?????????????????110?????1111011,0x5e00607b,generator,sw/toolchain/riscv-opcodes/opcodes-ipu_CUSTOM,sw/toolchain/riscv-opcodes/opcodes-ipu_CUSTOM:27
custom-3_f6_f7_48,01100000000000000110?????1111011,IORI,?????????????????110?????1111011,0x6000607b,generator,sw/toolchain/riscv-opcodes/opcodes-ipu_CUSTOM,sw/toolchain/riscv-opcodes/opcodes-ipu_CUSTOM:27
custom-3_f6_f7_49,01100010000000000110?????1111011,IORI,?????????????????110?????1111011,0x6200607b,generator,sw/toolchain/riscv-opcodes/opcodes-ipu_CUSTOM,sw/toolchain/riscv-opcodes/opcodes-ipu_CUSTOM:27
custom-3_f6_f7_50,01100100000000000110?????1111011,IORI,?????????????????110?????1111011,0x6400607b,generator,sw/toolchain/riscv-opcodes/opcodes-ipu_CUSTOM,sw/toolchain/riscv-opcodes/opcodes-ipu_CUSTOM:27
custom-3_f6_f7_51,01100110000000000110?????1111011,IORI,?????????????????110?????1111011,0x6600607b,generator,sw/toolchain/riscv-opcodes/opcodes-ipu_CUSTOM,sw/toolchain/riscv-opcodes/opcodes-ipu_CUSTOM:27
custom-3_f6_f7_52,01101000000000000110?????1111011,IORI,?????????????????110?????1111011,0x6800607b,generator,sw/toolchain/riscv-opcodes/opcodes-ipu_CUSTOM,sw/toolchain/riscv-opcodes/opcodes-ipu_CUSTOM:27
custom-3_f6_f7_53,01101010000000000110?????1111011,IORI,?????????????????110?????1111011,0x6a00607b,generator,sw/toolchain/riscv-opcodes/opcodes-ipu_CUSTOM,sw/toolchain/riscv-opcodes/opcodes-ipu_CUSTOM:27
custom-3_f6_f7_54,01101100000000000110?????1111011,IORI,?????????????????110?????1111011,0x6c00607b,generator,sw/toolchain/riscv-opcodes/opcodes-ipu_CUSTOM,sw/toolchain/riscv-opcodes/opcodes-ipu_CUSTOM:27
custom-3_f6_f7_55,01101110000000000110?????1111011,IORI,?????????????????110?????1111011,0x6e00607b,generator,sw/toolchain/riscv-opcodes/opcodes-ipu_CUSTOM,sw/toolchain/riscv-opcodes/opcodes-ipu_CUSTOM:27
custom-3_f6_f7_56,01110000000000000110?????1111011,IORI,?????????????????110?????1111011,0x7000607b,generator,sw/toolchain/riscv-opcodes/opcodes-ipu_CUSTOM,sw/toolchain/riscv-opcodes/opcodes-ipu_CUSTOM:27
custom-3_f6_f7_57,01110010000000000110?????1111011,IORI,?????????????????110?????1111011,0x7200607b,generator,sw/toolchain/riscv-opcodes/opcodes-ipu_CUSTOM,sw/toolchain/riscv-opcodes/opcodes-ipu_CUSTOM:27
custom-3_f6_f7_58,01110100000000000110?????1111011,IORI,?????????????????110?????1111011,0x7400607b,generator,sw/toolchain/riscv-opcodes/opcodes-ipu_CUSTOM,sw/toolchain/riscv-opcodes/opcodes-ipu_CUSTOM:27
custom-3_f6_f7_59,01110110000000000110?????1111011,IORI,?????????????????110?????1111011,0x7600607b,generator,sw/toolchain/riscv-opcodes/opcodes-ipu_CUSTOM,sw/toolchain/riscv-opcodes/opcodes-ipu_CUSTOM:27
custom-3_f6_f7_60,01111000000000000110?????1111011,IORI,?????????????????110?????1111011,0x7800607b,generator,sw/toolchain/riscv-opcodes/opcodes-ipu_CUSTOM,sw/toolchain/riscv-opcodes/opcodes-ipu_CUSTOM:27
custom-3_f6_f7_61,01111010000000000110?????1111011,IORI,?????????????????110?????1111011,0x7a00607b,generator,sw/toolchain/riscv-opcodes/opcodes-ipu_CUSTOM,sw/toolchain/riscv-opcodes/opcodes-ipu_CUSTOM:27
custom-3_f6_f7_62,01111100000000000110?????1111011,IORI,?????????????????110?????1111011,0x7c00607b,generator,sw/toolchain/riscv-opcodes/opcodes-ipu_CUSTOM,sw/toolchain/riscv-opcodes/opcodes-ipu_CUSTOM:27
custom-3_f6_f7_63,01111110000000000110?????1111011,IORI,?????????????????110?????1111011,0x7e00607b,generator,sw/toolchain/riscv-opcodes/opcodes-ipu_CUSTOM,sw/toolchain/riscv-opcodes/opcodes-ipu_CUSTOM:27
custom-3_f6_f7_64,10000000000000000110?????1111011,IORI,?????????????????110?????1111011,0x8000607b,generator,sw/toolchain/riscv-opcodes/opcodes-ipu_CUSTOM,sw/toolchain/riscv-opcodes/opcodes-ipu_CUSTOM:27
custom-3_f6_f7_65,10000010000000000110?????1111011,IORI,?????????????????110?????1111011,0x8200607b,generator,sw/toolchain/riscv-opcodes/opcodes-ipu_CUSTOM,sw/toolchain/riscv-opcodes/opcodes-ipu_CUSTOM:27
custom-3_f6_f7_66,10000100000000000110?????1111011,IORI,?????????????????110?????1111011,0x8400607b,generator,sw/toolchain/riscv-opcodes/opcodes-ipu_CUSTOM,sw/toolchain/riscv-opcodes/opcodes-ipu_CUSTOM:27
custom-3_f6_f7_67,10000110000000000110?????1111011,IORI,?????????????????110?????1111011,0x8600607b,generator,sw/toolchain/riscv-opcodes/opcodes-ipu_CUSTOM,sw/toolchain/riscv-opcodes/opcodes-ipu_CUSTOM:27
custom-3_f6_f7_68,10001000000000000110?????1111011,IORI,?????????????????110?????1111011,0x8800607b,generator,sw/toolchain/riscv-opcodes/opcodes-ipu_CUSTOM,sw/toolchain/riscv-opcodes/opcodes-ipu_CUSTOM:27
custom-3_f6_f7_69,10001010000000000110?????1111011,IORI,?????????????????110?????1111011,0x8a00607b,generator,sw/toolchain/riscv-opcodes/opcodes-ipu_CUSTOM,sw/toolchain/riscv-opcodes/opcodes-ipu_CUSTOM:27
custom-3_f6_f7_70,10001100000000000110?????1111011,IORI,?????????????????110?????1111011,0x8c00607b,generator,sw/toolchain/riscv-opcodes/opcodes-ipu_CUSTOM,sw/toolchain/riscv-opcodes/opcodes-ipu_CUSTOM:27
custom-3_f6_f7_71,10001110000000000110?????1111011,IORI,?????????????????110?????1111011,0x8e00607b,generator,sw/toolchain/riscv-opcodes/opcodes-ipu_CUSTOM,sw/toolchain/riscv-opcodes/opcodes-ipu_CUSTOM:27
custom-3_f6_f7_72,10010000000000000110?????1111011,IORI,?????????????????110?????1111011,0x9000607b,generator,sw/toolchain/riscv-opcodes/opcodes-ipu_CUSTOM,sw/toolchain/riscv-opcodes/opcodes-ipu_CUSTOM:27
custom-3_f6_f7_73,10010010000000000110?????1111011,IORI,?????????????????110?????1111011,0x9200607b,generator,sw/toolchain/riscv-opcodes/opcodes-ipu_CUSTOM,sw/toolchain/riscv-opcodes/opcodes-ipu_CUSTOM:27
custom-3_f6_f7_74,10010100000000000110?????1111011,IORI,?????????????????110?????1111011,0x9400607b,generator,sw/toolchain/riscv-opcodes/opcodes-ipu_CUSTOM,sw/toolchain/riscv-opcodes/opcodes-ipu_CUSTOM:27
custom-3_f6_f7_75,10010110000000000110?????1111011,IORI,?????????????????110?????1111011,0x9600607b,generator,sw/toolchain/riscv-opcodes/opcodes-ipu_CUSTOM,sw/toolchain/riscv-opcodes/opcodes-ipu_CUSTOM:27
custom-3_f6_f7_76,10011000000000000110?????1111011,IORI,?????????????????110?????1111011,0x9800607b,generator,sw/toolchain/riscv-opcodes/opcodes-ipu_CUSTOM,sw/toolchain/riscv-opcodes/opcodes-ipu_CUSTOM:27
custom-3_f6_f7_77,10011010000000000110?????1111011,IORI,?????????????????110?????1111011,0x9a00607b,generator,sw/toolchain/riscv-opcodes/opcodes-ipu_CUSTOM,sw/toolchain/riscv-opcodes/opcodes-ipu_CUSTOM:27
custom-3_f6_f7_78,10011100000000000110?????1111011,IORI,?????????????????110?????1111011,0x9c00607b,generator,sw/toolchain/riscv-opcodes/opcodes-ipu_CUSTOM,sw/toolchain/riscv-opcodes/opcodes-ipu_CUSTOM:27
custom-3_f6_f7_79,10011110000000000110?????1111011,IORI,?????????????????110?????1111011,0x9e00607b,generator,sw/toolchain/riscv-opcodes/opcodes-ipu_CUSTOM,sw/toolchain/riscv-opcodes/opcodes-ipu_CUSTOM:27
custom-3_f6_f7_80,10100000000000000110?????1111011,IORI,?????????????????110?????1111011,0xa000607b,generator,sw/toolchain/riscv-opcodes/opcodes-ipu_CUSTOM,sw/toolchain/riscv-opcodes/opcodes-ipu_CUSTOM:27
custom-3_f6_f7_81,10100010000000000110?????1111011,IORI,?????????????????110?????1111011,0xa200607b,generator,sw/toolchain/riscv-opcodes/opcodes-ipu_CUSTOM,sw/toolchain/riscv-opcodes/opcodes-ipu_CUSTOM:27
custom-3_f6_f7_82,10100100000000000110?????1111011,IORI,?????????????????110?????1111011,0xa400607b,generator,sw/toolchain/riscv-opcodes/opcodes-ipu_CUSTOM,sw/toolchain/riscv-opcodes/opcodes-ipu_CUSTOM:27
custom-3_f6_f7_83,10100110000000000110?????1111011,IORI,?????????????????110?????1111011,0xa600607b,generator,sw/toolchain/riscv-opcodes/opcodes-ipu_CUSTOM,sw/toolchain/riscv-opcodes/opcodes-ipu_CUSTOM:27
custom-3_f6_f7_84,10101000000000000110?????1111011,IORI,?????????????????110?????1111011,0xa800607b,generator,sw/toolchain/riscv-opcodes/opcodes-ipu_CUSTOM,sw/toolchain/riscv-opcodes/opcodes-ipu_CUSTOM:27
custom-3_f6_f7_85,10101010000000000110?????1111011,IORI,?????????????????110?????1111011,0xaa00607b,generator,sw/toolchain/riscv-opcodes/opcodes-ipu_CUSTOM,sw/toolchain/riscv-opcodes/opcodes-ipu_CUSTOM:27
custom-3_f6_f7_86,10101100000000000110?????1111011,IORI,?????????????????110?????1111011,0xac00607b,generator,sw/toolchain/riscv-opcodes/opcodes-ipu_CUSTOM,sw/toolchain/riscv-opcodes/opcodes-ipu_CUSTOM:27
custom-3_f6_f7_87,10101110000000000110?????1111011,IORI,?????????????????110?????1111011,0xae00607b,generator,sw/toolchain/riscv-opcodes/opcodes-ipu_CUSTOM,sw/toolchain/riscv-opcodes/opcodes-ipu_CUSTOM:27
custom-3_f6_f7_88,10110000000000000110?????1111011,IORI,?????????????????110?????1111011,0xb000607b,generator,sw/toolchain/riscv-opcodes/opcodes-ipu_CUSTOM,sw/toolchain/riscv-opcodes/opcodes-ipu_CUSTOM:27
custom-3_f6_f7_89,10110010000000000110?????1111011,IORI,?????????????????110?????1111011,0xb200607b,generator,sw/toolchain/riscv-opcodes/opcodes-ipu_CUSTOM,sw/toolchain/riscv-opcodes/opcodes-ipu_CUSTOM:27
custom-3_f6_f7_90,10110100000000000110?????1111011,IORI,?????????????????110?????1111011,0xb400607b,generator,sw/toolchain/riscv-opcodes/opcodes-ipu_CUSTOM,sw/toolchain/riscv-opcodes/opcodes-ipu_CUSTOM:27
custom-3_f6_f7_91,10110110000000000110?????1111011,IORI,?????????????????110?????1111011,0xb600607b,generator,sw/toolchain/riscv-opcodes/opcodes-ipu_CUSTOM,sw/toolchain/riscv-opcodes/opcodes-ipu_CUSTOM:27
custom-3_f6_f7_92,10111000000000000110?????1111011,IORI,?????????????????110?????1111011,0xb800607b,generator,sw/toolchain/riscv-opcodes/opcodes-ipu_CUSTOM,sw/toolchain/riscv-opcodes/opcodes-ipu_CUSTOM:27
custom-3_f6_f7_93,10111010000000000110?????1111011,IORI,?????????????????110?????1111011,0xba00607b,generator,sw/toolchain/riscv-opcodes/opcodes-ipu_CUSTOM,sw/toolchain/riscv-opcodes/opcodes-ipu_CUSTOM:27
custom-3_f6_f7_94,10111100000000000110?????1111011,IORI,?????????????????110?????1111011,0xbc00607b,generator,sw/toolchain/riscv-opcodes/opcodes-ipu_CUSTOM,sw/toolchain/riscv-opcodes/opcodes-ipu_CUSTOM:27
custom-3_f6_f7_95,10111110000000000110?????1111011,IORI,?????????????????110?????1111011,0xbe00607b,generator,sw/toolchain/riscv-opcodes/opcodes-ipu_CUSTOM,sw/toolchain/riscv-opcodes/opcodes-ipu_CUSTOM:27
custom-3_f6_f7_96,11000000000000000110?????1111011,IORI,?????????????????110?????1111011,0xc000607b,generator,sw/toolchain/riscv-opcodes/opcodes-ipu_CUSTOM,sw/toolchain/riscv-opcodes/opcodes-ipu_CUSTOM:27
custom-3_f6_f7_97,11000010000000000110?????1111011,IORI,?????????????????110?????1111011,0xc200607b,generator,sw/toolchain/riscv-opcodes/opcodes-ipu_CUSTOM,sw/toolchain/riscv-opcodes/opcodes-ipu_CUSTOM:27
custom-3_f6_f7_98,11000100000000000110?????1111011,IORI,?????????????????110?????1111011,0xc400607b,generator,sw/toolchain/riscv-opcodes/opcodes-ipu_CUSTOM,sw/toolchain/riscv-opcodes/opcodes-ipu_CUSTOM:27
custom-3_f6_f7_99,11000110000000000110?????1111011,IORI,?????????????????110?????1111011,0xc600607b,generator,sw/toolchain/riscv-opcodes/opcodes-ipu_CUSTOM,sw/toolchain/riscv-opcodes/opcodes-ipu_CUSTOM:27
custom-3_f6_f7_100,11001000000000000110?????1111011,IORI,?????????????????110?????1111011,0xc800607b,generator,sw/toolchain/riscv-opcodes/opcodes-ipu_CUSTOM,sw/toolchain/riscv-opcodes/opcodes-ipu_CUSTOM:27
custom-3_f6_f7_101,11001010000000000110?????1111011,IORI,?????????????????110?????1111011,0xca00607b,generator,sw/toolchain/riscv-opcodes/opcodes-ipu_CUSTOM,sw/toolchain/riscv-opcodes/opcodes-ipu_CUSTOM:27
custom-3_f6_f7_102,11001100000000000110?????1111011,IORI,?????????????????110?????1111011,0xcc00607b,generator,sw/toolchain/riscv-opcodes/opcodes-ipu_CUSTOM,sw/toolchain/riscv-opcodes/opcodes-ipu_CUSTOM:27
custom-3_f6_f7_103,11001110000000000110?????1111011,IORI,?????????????????110?????1111011,0xce00607b,generator,sw/toolchain/riscv-opcodes/opcodes-ipu_CUSTOM,sw/toolchain/riscv-opcodes/opcodes-ipu_CUSTOM:27
custom-3_f6_f7_104,11010000000000000110?????1111011,IORI,?????????????????110?????1111011,0xd000607b,generator,sw/toolchain/riscv-opcodes/opcodes-ipu_CUSTOM,sw/toolchain/riscv-opcodes/opcodes-ipu_CUSTOM:27
custom-3_f6_f7_105,11010010000000000110?????1111011,IORI,?????????????????110?????1111011,0xd200607b,generator,sw/toolchain/riscv-opcodes/opcodes-ipu_CUSTOM,sw/toolchain/riscv-opcodes/opcodes-ipu_CUSTOM:27
custom-3_f6_f7_106,11010100000000000110?????1111011,IORI,?????????????????110?????1111011,0xd400607b,generator,sw/toolchain/riscv-opcodes/opcodes-ipu_CUSTOM,sw/toolchain/riscv-opcodes/opcodes-ipu_CUSTOM:27
custom-3_f6_f7_107,11010110000000000110?????1111011,IORI,?????????????????110?????1111011,0xd600607b,generator,sw/toolchain/riscv-opcodes/opcodes-ipu_CUSTOM,sw/toolchain/riscv-opcodes/opcodes-ipu_CUSTOM:27
custom-3_f6_f7_108,11011000000000000110?????1111011,IORI,?????????????????110?????1111011,0xd800607b,generator,sw/toolchain/riscv-opcodes/opcodes-ipu_CUSTOM,sw/toolchain/riscv-opcodes/opcodes-ipu_CUSTOM:27
custom-3_f6_f7_109,11011010000000000110?????1111011,IORI,?????????????????110?????1111011,0xda00607b,generator,sw/toolchain/riscv-opcodes/opcodes-ipu_CUSTOM,sw/toolchain/riscv-opcodes/opcodes-ipu_CUSTOM:27
custom-3_f6_f7_110,11011100000000000110?????1111011,IORI,?????????????????110?????1111011,0xdc00607b,generator,sw/toolchain/riscv-opcodes/opcodes-ipu_CUSTOM,sw/toolchain/riscv-opcodes/opcodes-ipu_CUSTOM:27
custom-3_f6_f7_111,11011110000000000110?????1111011,IORI,?????????????????110?????1111011,0xde00607b,generator,sw/toolchain/riscv-opcodes/opcodes-ipu_CUSTOM,sw/toolchain/riscv-opcodes/opcodes-ipu_CUSTOM:27
custom-3_f6_f7_112,11100000000000000110?????1111011,IORI,?????????????????110?????1111011,0xe000607b,generator,sw/toolchain/riscv-opcodes/opcodes-ipu_CUSTOM,sw/toolchain/riscv-opcodes/opcodes-ipu_CUSTOM:27
custom-3_f6_f7_113,11100010000000000110?????1111011,IORI,?????????????????110?????1111011,0xe200607b,generator,sw/toolchain/riscv-opcodes/opcodes-ipu_CUSTOM,sw/toolchain/riscv-opcodes/opcodes-ipu_CUSTOM:27
custom-3_f6_f7_114,11100100000000000110?????1111011,IORI,?????????????????110?????1111011,0xe400607b,generator,sw/toolchain/riscv-opcodes/opcodes-ipu_CUSTOM,sw/toolchain/riscv-opcodes/opcodes-ipu_CUSTOM:27
custom-3_f6_f7_115,11100110000000000110?????1111011,IORI,?????????????????110?????1111011,0xe600607b,generator,sw/toolchain/riscv-opcodes/opcodes-ipu_CUSTOM,sw/toolchain/riscv-opcodes/opcodes-ipu_CUSTOM:27
custom-3_f6_f7_116,11101000000000000110?????1111011,IORI,?????????????????110?????1111011,0xe800607b,generator,sw/toolchain/riscv-opcodes/opcodes-ipu_CUSTOM,sw/toolchain/riscv-opcodes/opcodes-ipu_CUSTOM:27
custom-3_f6_f7_117,11101010000000000110?????1111011,IORI,?????????????????110?????1111011,0xea00607b,generator,sw/toolchain/riscv-opcodes/opcodes-ipu_CUSTOM,sw/toolchain/riscv-opcodes/opcodes-ipu_CUSTOM:27
custom-3_f6_f7_118,11101100000000000110?????1111011,IORI,?????????????????110?????1111011,0xec00607b,generator,sw/toolchain/riscv-opcodes/opcodes-ipu_CUSTOM,sw/toolchain/riscv-opcodes/opcodes-ipu_CUSTOM:27
custom-3_f6_f7_119,11101110000000000110?????1111011,IORI,?????????????????110?????1111011,0xee00607b,generator,sw/toolchain/riscv-opcodes/opcodes-ipu_CUSTOM,sw/toolchain/riscv-opcodes/opcodes-ipu_CUSTOM:27
custom-3_f6_f7_120,11110000000000000110?????1111011,IORI,?????????????????110?????1111011,0xf000607b,generator,sw/toolchain/riscv-opcodes/opcodes-ipu_CUSTOM,sw/toolchain/riscv-opcodes/opcodes-ipu_CUSTOM:27
custom-3_f6_f7_121,11110010000000000110?????1111011,IORI,?????????????????110?????1111011,0xf200607b,generator,sw/toolchain/riscv-opcodes/opcodes-ipu_CUSTOM,sw/toolchain/riscv-opcodes/opcodes-ipu_CUSTOM:27
custom-3_f6_f7_122,11110100000000000110?????1111011,IORI,?????????????????110?????1111011,0xf400607b,generator,sw/toolchain/riscv-opcodes/opcodes-ipu_CUSTOM,sw/toolchain/riscv-opcodes/opcodes-ipu_CUSTOM:27
custom-3_f6_f7_123,11110110000000000110?????1111011,IORI,?????????????????110?????1111011,0xf600607b,generator,sw/toolchain/riscv-opcodes/opcodes-ipu_CUSTOM,sw/toolchain/riscv-opcodes/opcodes-ipu_CUSTOM:27
custom-3_f6_f7_124,11111000000000000110?????1111011,IORI,?????????????????110?????1111011,0xf800607b,generator,sw/toolchain/riscv-opcodes/opcodes-ipu_CUSTOM,sw/toolchain/riscv-opcodes/opcodes-ipu_CUSTOM:27
custom-3_f6_f7_125,11111010000000000110?????1111011,IORI,?????????????????110?????1111011,0xfa00607b,generator,sw/toolchain/riscv-opcodes/opcodes-ipu_CUSTOM,sw/toolchain/riscv-opcodes/opcodes-ipu_CUSTOM:27
custom-3_f6_f7_126,11111100000000000110?????1111011,IORI,?????????????????110?????1111011,0xfc00607b,generator,sw/toolchain/riscv-opcodes/opcodes-ipu_CUSTOM,sw/toolchain/riscv-opcodes/opcodes-ipu_CUSTOM:27
custom-3_f6_f7_127,11111110000000000110?????1111011,IORI,?????????????????110?????1111011,0xfe00607b,generator,sw/toolchain/riscv-opcodes/opcodes-ipu_CUSTOM,sw/toolchain/riscv-opcodes/opcodes-ipu_CUSTOM:27
custom-3_f7_f7_0,00000000000000000111?????1111011,IANDI,?????????????????111?????1111011,0x0000707b,generator,sw/toolchain/riscv-opcodes/opcodes-ipu_CUSTOM,sw/toolchain/riscv-opcodes/opcodes-ipu_CUSTOM:28
custom-3_f7_f7_1,00000010000000000111?????1111011,IANDI,?????????????????111?????1111011,0x0200707b,generator,sw/toolchain/riscv-opcodes/opcodes-ipu_CUSTOM,sw/toolchain/riscv-opcodes/opcodes-ipu_CUSTOM:28
custom-3_f7_f7_2,00000100000000000111?????1111011,IANDI,?????????????????111?????1111011,0x0400707b,generator,sw/toolchain/riscv-opcodes/opcodes-ipu_CUSTOM,sw/toolchain/riscv-opcodes/opcodes-ipu_CUSTOM:28
custom-3_f7_f7_3,00000110000000000111?????1111011,IANDI,?????????????????111?????1111011,0x0600707b,generator,sw/toolchain/riscv-opcodes/opcodes-ipu_CUSTOM,sw/toolchain/riscv-opcodes/opcodes-ipu_CUSTOM:28
custom-3_f7_f7_4,00001000000000000111?????1111011,IANDI,?????????????????111?????1111011,0x0800707b,generator,sw/toolchain/riscv-opcodes/opcodes-ipu_CUSTOM,sw/toolchain/riscv-opcodes/opcodes-ipu_CUSTOM:28
custom-3_f7_f7_5,00001010000000000111?????1111011,IANDI,?????????????????111?????1111011,0x0a00707b,generator,sw/toolchain/riscv-opcodes/opcodes-ipu_CUSTOM,sw/toolchain/riscv-opcodes/opcodes-ipu_CUSTOM:28
custom-3_f7_f7_6,00001100000000000111?????1111011,IANDI,?????????????????111?????1111011,0x0c00707b,generator,sw/toolchain/riscv-opcodes/opcodes-ipu_CUSTOM,sw/toolchain/riscv-opcodes/opcodes-ipu_CUSTOM:28
custom-3_f7_f7_7,00001110000000000111?????1111011,IANDI,?????????????????111?????1111011,0x0e00707b,generator,sw/toolchain/riscv-opcodes/opcodes-ipu_CUSTOM,sw/toolchain/riscv-opcodes/opcodes-ipu_CUSTOM:28
custom-3_f7_f7_8,00010000000000000111?????1111011,IANDI,?????????????????111?????1111011,0x1000707b,generator,sw/toolchain/riscv-opcodes/opcodes-ipu_CUSTOM,sw/toolchain/riscv-opcodes/opcodes-ipu_CUSTOM:28
custom-3_f7_f7_9,00010010000000000111?????1111011,IANDI,?????????????????111?????1111011,0x1200707b,generator,sw/toolchain/riscv-opcodes/opcodes-ipu_CUSTOM,sw/toolchain/riscv-opcodes/opcodes-ipu_CUSTOM:28
custom-3_f7_f7_10,00010100000000000111?????1111011,IANDI,?????????????????111?????1111011,0x1400707b,generator,sw/toolchain/riscv-opcodes/opcodes-ipu_CUSTOM,sw/toolchain/riscv-opcodes/opcodes-ipu_CUSTOM:28
custom-3_f7_f7_11,00010110000000000111?????1111011,IANDI,?????????????????111?????1111011,0x1600707b,generator,sw/toolchain/riscv-opcodes/opcodes-ipu_CUSTOM,sw/toolchain/riscv-opcodes/opcodes-ipu_CUSTOM:28
custom-3_f7_f7_12,00011000000000000111?????1111011,IANDI,?????????????????111?????1111011,0x1800707b,generator,sw/toolchain/riscv-opcodes/opcodes-ipu_CUSTOM,sw/toolchain/riscv-opcodes/opcodes-ipu_CUSTOM:28
custom-3_f7_f7_13,00011010000000000111?????1111011,IANDI,?????????????????111?????1111011,0x1a00707b,generator,sw/toolchain/riscv-opcodes/opcodes-ipu_CUSTOM,sw/toolchain/riscv-opcodes/opcodes-ipu_CUSTOM:28
custom-3_f7_f7_14,00011100000000000111?????1111011,IANDI,?????????????????111?????1111011,0x1c00707b,generator,sw/toolchain/riscv-opcodes/opcodes-ipu_CUSTOM,sw/toolchain/riscv-opcodes/opcodes-ipu_CUSTOM:28
custom-3_f7_f7_15,00011110000000000111?????1111011,IANDI,?????????????????111?????1111011,0x1e00707b,generator,sw/toolchain/riscv-opcodes/opcodes-ipu_CUSTOM,sw/toolchain/riscv-opcodes/opcodes-ipu_CUSTOM:28
custom-3_f7_f7_16,00100000000000000111?????1111011,IANDI,?????????????????111?????1111011,0x2000707b,generator,sw/toolchain/riscv-opcodes/opcodes-ipu_CUSTOM,sw/toolchain/riscv-opcodes/opcodes-ipu_CUSTOM:28
custom-3_f7_f7_17,00100010000000000111?????1111011,IANDI,?????????????????111?????1111011,0x2200707b,generator,sw/toolchain/riscv-opcodes/opcodes-ipu_CUSTOM,sw/toolchain/riscv-opcodes/opcodes-ipu_CUSTOM:28
custom-3_f7_f7_18,00100100000000000111?????1111011,IANDI,?????????????????111?????1111011,0x2400707b,generator,sw/toolchain/riscv-opcodes/opcodes-ipu_CUSTOM,sw/toolchain/riscv-opcodes/opcodes-ipu_CUSTOM:28
custom-3_f7_f7_19,00100110000000000111?????1111011,IANDI,?????????????????111?????1111011,0x2600707b,generator,sw/toolchain/riscv-opcodes/opcodes-ipu_CUSTOM,sw/toolchain/riscv-opcodes/opcodes-ipu_CUSTOM:28
custom-3_f7_f7_20,00101000000000000111?????1111011,IANDI,?????????????????111?????1111011,0x2800707b,generator,sw/toolchain/riscv-opcodes/opcodes-ipu_CUSTOM,sw/toolchain/riscv-opcodes/opcodes-ipu_CUSTOM:28
custom-3_f7_f7_21,00101010000000000111?????1111011,IANDI,?????????????????111?????1111011,0x2a00707b,generator,sw/toolchain/riscv-opcodes/opcodes-ipu_CUSTOM,sw/toolchain/riscv-opcodes/opcodes-ipu_CUSTOM:28
custom-3_f7_f7_22,00101100000000000111?????1111011,IANDI,?????????????????111?????1111011,0x2c00707b,generator,sw/toolchain/riscv-opcodes/opcodes-ipu_CUSTOM,sw/toolchain/riscv-opcodes/opcodes-ipu_CUSTOM:28
custom-3_f7_f7_23,00101110000000000111?????1111011,IANDI,?????????????????111?????1111011,0x2e00707b,generator,sw/toolchain/riscv-opcodes/opcodes-ipu_CUSTOM,sw/toolchain/riscv-opcodes/opcodes-ipu_CUSTOM:28
custom-3_f7_f7_24,00110000000000000111?????1111011,IANDI,?????????????????111?????1111011,0x3000707b,generator,sw/toolchain/riscv-opcodes/opcodes-ipu_CUSTOM,sw/toolchain/riscv-opcodes/opcodes-ipu_CUSTOM:28
custom-3_f7_f7_25,00110010000000000111?????1111011,IANDI,?????????????????111?????1111011,0x3200707b,generator,sw/toolchain/riscv-opcodes/opcodes-ipu_CUSTOM,sw/toolchain/riscv-opcodes/opcodes-ipu_CUSTOM:28
custom-3_f7_f7_26,00110100000000000111?????1111011,IANDI,?????????????????111?????1111011,0x3400707b,generator,sw/toolchain/riscv-opcodes/opcodes-ipu_CUSTOM,sw/toolchain/riscv-opcodes/opcodes-ipu_CUSTOM:28
custom-3_f7_f7_27,00110110000000000111?????1111011,IANDI,?????????????????111?????1111011,0x3600707b,generator,sw/toolchain/riscv-opcodes/opcodes-ipu_CUSTOM,sw/toolchain/riscv-opcodes/opcodes-ipu_CUSTOM:28
custom-3_f7_f7_28,00111000000000000111?????1111011,IANDI,?????????????????111?????1111011,0x3800707b,generator,sw/toolchain/riscv-opcodes/opcodes-ipu_CUSTOM,sw/toolchain/riscv-opcodes/opcodes-ipu_CUSTOM:28
custom-3_f7_f7_29,00111010000000000111?????1111011,IANDI,?????????????????111?????1111011,0x3a00707b,generator,sw/toolchain/riscv-opcodes/opcodes-ipu_CUSTOM,sw/toolchain/riscv-opcodes/opcodes-ipu_CUSTOM:28
custom-3_f7_f7_30,00111100000000000111?????1111011,IANDI,?????????????????111?????1111011,0x3c00707b,generator,sw/toolchain/riscv-opcodes/opcodes-ipu_CUSTOM,sw/toolchain/riscv-opcodes/opcodes-ipu_CUSTOM:28
custom-3_f7_f7_31,00111110000000000111?????1111011,IANDI,?????????????????111?????1111011,0x3e00707b,generator,sw/toolchain/riscv-opcodes/opcodes-ipu_CUSTOM,sw/toolchain/riscv-opcodes/opcodes-ipu_CUSTOM:28
custom-3_f7_f7_32,01000000000000000111?????1111011,IANDI,?????????????????111?????1111011,0x4000707b,generator,sw/toolchain/riscv-opcodes/opcodes-ipu_CUSTOM,sw/toolchain/riscv-opcodes/opcodes-ipu_CUSTOM:28
custom-3_f7_f7_33,01000010000000000111?????1111011,IANDI,?????????????????111?????1111011,0x4200707b,generator,sw/toolchain/riscv-opcodes/opcodes-ipu_CUSTOM,sw/toolchain/riscv-opcodes/opcodes-ipu_CUSTOM:28
custom-3_f7_f7_34,01000100000000000111?????1111011,IANDI,?????????????????111?????1111011,0x4400707b,generator,sw/toolchain/riscv-opcodes/opcodes-ipu_CUSTOM,sw/toolchain/riscv-opcodes/opcodes-ipu_CUSTOM:28
custom-3_f7_f7_35,01000110000000000111?????1111011,IANDI,?????????????????111?????1111011,0x4600707b,generator,sw/toolchain/riscv-opcodes/opcodes-ipu_CUSTOM,sw/toolchain/riscv-opcodes/opcodes-ipu_CUSTOM:28
custom-3_f7_f7_36,01001000000000000111?????1111011,IANDI,?????????????????111?????1111011,0x4800707b,generator,sw/toolchain/riscv-opcodes/opcodes-ipu_CUSTOM,sw/toolchain/riscv-opcodes/opcodes-ipu_CUSTOM:28
custom-3_f7_f7_37,01001010000000000111?????1111011,IANDI,?????????????????111?????1111011,0x4a00707b,generator,sw/toolchain/riscv-opcodes/opcodes-ipu_CUSTOM,sw/toolchain/riscv-opcodes/opcodes-ipu_CUSTOM:28
custom-3_f7_f7_38,01001100000000000111?????1111011,IANDI,?????????????????111?????1111011,0x4c00707b,generator,sw/toolchain/riscv-opcodes/opcodes-ipu_CUSTOM,sw/toolchain/riscv-opcodes/opcodes-ipu_CUSTOM:28
custom-3_f7_f7_39,01001110000000000111?????1111011,IANDI,?????????????????111?????1111011,0x4e00707b,generator,sw/toolchain/riscv-opcodes/opcodes-ipu_CUSTOM,sw/toolchain/riscv-opcodes/opcodes-ipu_CUSTOM:28
custom-3_f7_f7_40,01010000000000000111?????1111011,IANDI,?????????????????111?????1111011,0x5000707b,generator,sw/toolchain/riscv-opcodes/opcodes-ipu_CUSTOM,sw/toolchain/riscv-opcodes/opcodes-ipu_CUSTOM:28
custom-3_f7_f7_41,01010010000000000111?????1111011,IANDI,?????????????????111?????1111011,0x5200707b,generator,sw/toolchain/riscv-opcodes/opcodes-ipu_CUSTOM,sw/toolchain/riscv-opcodes/opcodes-ipu_CUSTOM:28
custom-3_f7_f7_42,01010100000000000111?????1111011,IANDI,?????????????????111?????1111011,0x5400707b,generator,sw/toolchain/riscv-opcodes/opcodes-ipu_CUSTOM,sw/toolchain/riscv-opcodes/opcodes-ipu_CUSTOM:28
custom-3_f7_f7_43,01010110000000000111?????1111011,IANDI,?????????????????111?????1111011,0x5600707b,generator,sw/toolchain/riscv-opcodes/opcodes-ipu_CUSTOM,sw/toolchain/riscv-opcodes/opcodes-ipu_CUSTOM:28
custom-3_f7_f7_44,01011000000000000111?????1111011,IANDI,?????????????????111?????1111011,0x5800707b,generator,sw/toolchain/riscv-opcodes/opcodes-ipu_CUSTOM,sw/toolchain/riscv-opcodes/opcodes-ipu_CUSTOM:28
custom-3_f7_f7_45,01011010000000000111?????1111011,IANDI,?????????????????111?????1111011,0x5a00707b,generator,sw/toolchain/riscv-opcodes/opcodes-ipu_CUSTOM,sw/toolchain/riscv-opcodes/opcodes-ipu_CUSTOM:28
custom-3_f7_f7_46,01011100000000000111?????1111011,IANDI,?????????????????111?????1111011,0x5c00707b,generator,sw/toolchain/riscv-opcodes/opcodes-ipu_CUSTOM,sw/toolchain/riscv-opcodes/opcodes-ipu_CUSTOM:28
custom-3_f7_f7_47,01011110000000000111?????1111011,IANDI,?????????????????111?????1111011,0x5e00707b,generator,sw/toolchain/riscv-opcodes/opcodes-ipu_CUSTOM,sw/toolchain/riscv-opcodes/opcodes-ipu_CUSTOM:28
custom-3_f7_f7_48,01100000000000000111?????1111011,IANDI,?????????????????111?????1111011,0x6000707b,generator,sw/toolchain/riscv-opcodes/opcodes-ipu_CUSTOM,sw/toolchain/riscv-opcodes/opcodes-ipu_CUSTOM:28
custom-3_f7_f7_49,01100010000000000111?????1111011,IANDI,?????????????????111?????1111011,0x6200707b,generator,sw/toolchain/riscv-opcodes/opcodes-ipu_CUSTOM,sw/toolchain/riscv-opcodes/opcodes-ipu_CUSTOM:28
custom-3_f7_f7_50,01100100000000000111?????1111011,IANDI,?????????????????111?????1111011,0x6400707b,generator,sw/toolchain/riscv-opcodes/opcodes-ipu_CUSTOM,sw/toolchain/riscv-opcodes/opcodes-ipu_CUSTOM:28
custom-3_f7_f7_51,01100110000000000111?????1111011,IANDI,?????????????????111?????1111011,0x6600707b,generator,sw/toolchain/riscv-opcodes/opcodes-ipu_CUSTOM,sw/toolchain/riscv-opcodes/opcodes-ipu_CUSTOM:28
custom-3_f7_f7_52,01101000000000000111?????1111011,IANDI,?????????????????111?????1111011,0x6800707b,generator,sw/toolchain/riscv-opcodes/opcodes-ipu_CUSTOM,sw/toolchain/riscv-opcodes/opcodes-ipu_CUSTOM:28
custom-3_f7_f7_53,01101010000000000111?????1111011,IANDI,?????????????????111?????1111011,0x6a00707b,generator,sw/toolchain/riscv-opcodes/opcodes-ipu_CUSTOM,sw/toolchain/riscv-opcodes/opcodes-ipu_CUSTOM:28
custom-3_f7_f7_54,01101100000000000111?????1111011,IANDI,?????????????????111?????1111011,0x6c00707b,generator,sw/toolchain/riscv-opcodes/opcodes-ipu_CUSTOM,sw/toolchain/riscv-opcodes/opcodes-ipu_CUSTOM:28
custom-3_f7_f7_55,01101110000000000111?????1111011,IANDI,?????????????????111?????1111011,0x6e00707b,generator,sw/toolchain/riscv-opcodes/opcodes-ipu_CUSTOM,sw/toolchain/riscv-opcodes/opcodes-ipu_CUSTOM:28
custom-3_f7_f7_56,01110000000000000111?????1111011,IANDI,?????????????????111?????1111011,0x7000707b,generator,sw/toolchain/riscv-opcodes/opcodes-ipu_CUSTOM,sw/toolchain/riscv-opcodes/opcodes-ipu_CUSTOM:28
custom-3_f7_f7_57,01110010000000000111?????1111011,IANDI,?????????????????111?????1111011,0x7200707b,generator,sw/toolchain/riscv-opcodes/opcodes-ipu_CUSTOM,sw/toolchain/riscv-opcodes/opcodes-ipu_CUSTOM:28
custom-3_f7_f7_58,01110100000000000111?????1111011,IANDI,?????????????????111?????1111011,0x7400707b,generator,sw/toolchain/riscv-opcodes/opcodes-ipu_CUSTOM,sw/toolchain/riscv-opcodes/opcodes-ipu_CUSTOM:28
custom-3_f7_f7_59,01110110000000000111?????1111011,IANDI,?????????????????111?????1111011,0x7600707b,generator,sw/toolchain/riscv-opcodes/opcodes-ipu_CUSTOM,sw/toolchain/riscv-opcodes/opcodes-ipu_CUSTOM:28
custom-3_f7_f7_60,01111000000000000111?????1111011,IANDI,?????????????????111?????1111011,0x7800707b,generator,sw/toolchain/riscv-opcodes/opcodes-ipu_CUSTOM,sw/toolchain/riscv-opcodes/opcodes-ipu_CUSTOM:28
custom-3_f7_f7_61,01111010000000000111?????1111011,IANDI,?????????????????111?????1111011,0x7a00707b,generator,sw/toolchain/riscv-opcodes/opcodes-ipu_CUSTOM,sw/toolchain/riscv-opcodes/opcodes-ipu_CUSTOM:28
custom-3_f7_f7_62,01111100000000000111?????1111011,IANDI,?????????????????111?????1111011,0x7c00707b,generator,sw/toolchain/riscv-opcodes/opcodes-ipu_CUSTOM,sw/toolchain/riscv-opcodes/opcodes-ipu_CUSTOM:28
custom-3_f7_f7_63,01111110000000000111?????1111011,IANDI,?????????????????111?????1111011,0x7e00707b,generator,sw/toolchain/riscv-opcodes/opcodes-ipu_CUSTOM,sw/toolchain/riscv-opcodes/opcodes-ipu_CUSTOM:28
custom-3_f7_f7_64,10000000000000000111?????1111011,IANDI,?????????????????111?????1111011,0x8000707b,generator,sw/toolchain/riscv-opcodes/opcodes-ipu_CUSTOM,sw/toolchain/riscv-opcodes/opcodes-ipu_CUSTOM:28
custom-3_f7_f7_65,10000010000000000111?????1111011,IANDI,?????????????????111?????1111011,0x8200707b,generator,sw/toolchain/riscv-opcodes/opcodes-ipu_CUSTOM,sw/toolchain/riscv-opcodes/opcodes-ipu_CUSTOM:28
custom-3_f7_f7_66,10000100000000000111?????1111011,IANDI,?????????????????111?????1111011,0x8400707b,generator,sw/toolchain/riscv-opcodes/opcodes-ipu_CUSTOM,sw/toolchain/riscv-opcodes/opcodes-ipu_CUSTOM:28
custom-3_f7_f7_67,10000110000000000111?????1111011,IANDI,?????????????????111?????1111011,0x8600707b,generator,sw/toolchain/riscv-opcodes/opcodes-ipu_CUSTOM,sw/toolchain/riscv-opcodes/opcodes-ipu_CUSTOM:28
custom-3_f7_f7_68,10001000000000000111?????1111011,IANDI,?????????????????111?????1111011,0x8800707b,generator,sw/toolchain/riscv-opcodes/opcodes-ipu_CUSTOM,sw/toolchain/riscv-opcodes/opcodes-ipu_CUSTOM:28
custom-3_f7_f7_69,10001010000000000111?????1111011,IANDI,?????????????????111?????1111011,0x8a00707b,generator,sw/toolchain/riscv-opcodes/opcodes-ipu_CUSTOM,sw/toolchain/riscv-opcodes/opcodes-ipu_CUSTOM:28
custom-3_f7_f7_70,10001100000000000111?????1111011,IANDI,?????????????????111?????1111011,0x8c00707b,generator,sw/toolchain/riscv-opcodes/opcodes-ipu_CUSTOM,sw/toolchain/riscv-opcodes/opcodes-ipu_CUSTOM:28
custom-3_f7_f7_71,10001110000000000111?????1111011,IANDI,?????????????????111?????1111011,0x8e00707b,generator,sw/toolchain/riscv-opcodes/opcodes-ipu_CUSTOM,sw/toolchain/riscv-opcodes/opcodes-ipu_CUSTOM:28
custom-3_f7_f7_72,10010000000000000111?????1111011,IANDI,?????????????????111?????1111011,0x9000707b,generator,sw/toolchain/riscv-opcodes/opcodes-ipu_CUSTOM,sw/toolchain/riscv-opcodes/opcodes-ipu_CUSTOM:28
custom-3_f7_f7_73,10010010000000000111?????1111011,IANDI,?????????????????111?????1111011,0x9200707b,generator,sw/toolchain/riscv-opcodes/opcodes-ipu_CUSTOM,sw/toolchain/riscv-opcodes/opcodes-ipu_CUSTOM:28
custom-3_f7_f7_74,10010100000000000111?????1111011,IANDI,?????????????????111?????1111011,0x9400707b,generator,sw/toolchain/riscv-opcodes/opcodes-ipu_CUSTOM,sw/toolchain/riscv-opcodes/opcodes-ipu_CUSTOM:28
custom-3_f7_f7_75,10010110000000000111?????1111011,IANDI,?????????????????111?????1111011,0x9600707b,generator,sw/toolchain/riscv-opcodes/opcodes-ipu_CUSTOM,sw/toolchain/riscv-opcodes/opcodes-ipu_CUSTOM:28
custom-3_f7_f7_76,10011000000000000111?????1111011,IANDI,?????????????????111?????1111011,0x9800707b,generator,sw/toolchain/riscv-opcodes/opcodes-ipu_CUSTOM,sw/toolchain/riscv-opcodes/opcodes-ipu_CUSTOM:28
custom-3_f7_f7_77,10011010000000000111?????1111011,IANDI,?????????????????111?????1111011,0x9a00707b,generator,sw/toolchain/riscv-opcodes/opcodes-ipu_CUSTOM,sw/toolchain/riscv-opcodes/opcodes-ipu_CUSTOM:28
custom-3_f7_f7_78,10011100000000000111?????1111011,IANDI,?????????????????111?????1111011,0x9c00707b,generator,sw/toolchain/riscv-opcodes/opcodes-ipu_CUSTOM,sw/toolchain/riscv-opcodes/opcodes-ipu_CUSTOM:28
custom-3_f7_f7_79,10011110000000000111?????1111011,IANDI,?????????????????111?????1111011,0x9e00707b,generator,sw/toolchain/riscv-opcodes/opcodes-ipu_CUSTOM,sw/toolchain/riscv-opcodes/opcodes-ipu_CUSTOM:28
custom-3_f7_f7_80,10100000000000000111?????1111011,IANDI,?????????????????111?????1111011,0xa000707b,generator,sw/toolchain/riscv-opcodes/opcodes-ipu_CUSTOM,sw/toolchain/riscv-opcodes/opcodes-ipu_CUSTOM:28
custom-3_f7_f7_81,10100010000000000111?????1111011,IANDI,?????????????????111?????1111011,0xa200707b,generator,sw/toolchain/riscv-opcodes/opcodes-ipu_CUSTOM,sw/toolchain/riscv-opcodes/opcodes-ipu_CUSTOM:28
custom-3_f7_f7_82,10100100000000000111?????1111011,IANDI,?????????????????111?????1111011,0xa400707b,generator,sw/toolchain/riscv-opcodes/opcodes-ipu_CUSTOM,sw/toolchain/riscv-opcodes/opcodes-ipu_CUSTOM:28
custom-3_f7_f7_83,10100110000000000111?????1111011,IANDI,?????????????????111?????1111011,0xa600707b,generator,sw/toolchain/riscv-opcodes/opcodes-ipu_CUSTOM,sw/toolchain/riscv-opcodes/opcodes-ipu_CUSTOM:28
custom-3_f7_f7_84,10101000000000000111?????1111011,IANDI,?????????????????111?????1111011,0xa800707b,generator,sw/toolchain/riscv-opcodes/opcodes-ipu_CUSTOM,sw/toolchain/riscv-opcodes/opcodes-ipu_CUSTOM:28
custom-3_f7_f7_85,10101010000000000111?????1111011,IANDI,?????????????????111?????1111011,0xaa00707b,generator,sw/toolchain/riscv-opcodes/opcodes-ipu_CUSTOM,sw/toolchain/riscv-opcodes/opcodes-ipu_CUSTOM:28
custom-3_f7_f7_86,10101100000000000111?????1111011,IANDI,?????????????????111?????1111011,0xac00707b,generator,sw/toolchain/riscv-opcodes/opcodes-ipu_CUSTOM,sw/toolchain/riscv-opcodes/opcodes-ipu_CUSTOM:28
custom-3_f7_f7_87,10101110000000000111?????1111011,IANDI,?????????????????111?????1111011,0xae00707b,generator,sw/toolchain/riscv-opcodes/opcodes-ipu_CUSTOM,sw/toolchain/riscv-opcodes/opcodes-ipu_CUSTOM:28
custom-3_f7_f7_88,10110000000000000111?????1111011,IANDI,?????????????????111?????1111011,0xb000707b,generator,sw/toolchain/riscv-opcodes/opcodes-ipu_CUSTOM,sw/toolchain/riscv-opcodes/opcodes-ipu_CUSTOM:28
custom-3_f7_f7_89,10110010000000000111?????1111011,IANDI,?????????????????111?????1111011,0xb200707b,generator,sw/toolchain/riscv-opcodes/opcodes-ipu_CUSTOM,sw/toolchain/riscv-opcodes/opcodes-ipu_CUSTOM:28
custom-3_f7_f7_90,10110100000000000111?????1111011,IANDI,?????????????????111?????1111011,0xb400707b,generator,sw/toolchain/riscv-opcodes/opcodes-ipu_CUSTOM,sw/toolchain/riscv-opcodes/opcodes-ipu_CUSTOM:28
custom-3_f7_f7_91,10110110000000000111?????1111011,IANDI,?????????????????111?????1111011,0xb600707b,generator,sw/toolchain/riscv-opcodes/opcodes-ipu_CUSTOM,sw/toolchain/riscv-opcodes/opcodes-ipu_CUSTOM:28
custom-3_f7_f7_92,10111000000000000111?????1111011,IANDI,?????????????????111?????1111011,0xb800707b,generator,sw/toolchain/riscv-opcodes/opcodes-ipu_CUSTOM,sw/toolchain/riscv-opcodes/opcodes-ipu_CUSTOM:28
custom-3_f7_f7_93,10111010000000000111?????1111011,IANDI,?????????????????111?????1111011,0xba00707b,generator,sw/toolchain/riscv-opcodes/opcodes-ipu_CUSTOM,sw/toolchain/riscv-opcodes/opcodes-ipu_CUSTOM:28
custom-3_f7_f7_94,10111100000000000111?????1111011,IANDI,?????????????????111?????1111011,0xbc00707b,generator,sw/toolchain/riscv-opcodes/opcodes-ipu_CUSTOM,sw/toolchain/riscv-opcodes/opcodes-ipu_CUSTOM:28
custom-3_f7_f7_95,10111110000000000111?????1111011,IANDI,?????????????????111?????1111011,0xbe00707b,generator,sw/toolchain/riscv-opcodes/opcodes-ipu_CUSTOM,sw/toolchain/riscv-opcodes/opcodes-ipu_CUSTOM:28
custom-3_f7_f7_96,11000000000000000111?????1111011,IANDI,?????????????????111?????1111011,0xc000707b,generator,sw/toolchain/riscv-opcodes/opcodes-ipu_CUSTOM,sw/toolchain/riscv-opcodes/opcodes-ipu_CUSTOM:28
custom-3_f7_f7_97,11000010000000000111?????1111011,IANDI,?????????????????111?????1111011,0xc200707b,generator,sw/toolchain/riscv-opcodes/opcodes-ipu_CUSTOM,sw/toolchain/riscv-opcodes/opcodes-ipu_CUSTOM:28
custom-3_f7_f7_98,11000100000000000111?????1111011,IANDI,?????????????????111?????1111011,0xc400707b,generator,sw/toolchain/riscv-opcodes/opcodes-ipu_CUSTOM,sw/toolchain/riscv-opcodes/opcodes-ipu_CUSTOM:28
custom-3_f7_f7_99,11000110000000000111?????1111011,IANDI,?????????????????111?????1111011,0xc600707b,generator,sw/toolchain/riscv-opcodes/opcodes-ipu_CUSTOM,sw/toolchain/riscv-opcodes/opcodes-ipu_CUSTOM:28
custom-3_f7_f7_100,11001000000000000111?????1111011,IANDI,?????????????????111?????1111011,0xc800707b,generator,sw/toolchain/riscv-opcodes/opcodes-ipu_CUSTOM,sw/toolchain/riscv-opcodes/opcodes-ipu_CUSTOM:28
custom-3_f7_f7_101,11001010000000000111?????1111011,IANDI,?????????????????111?????1111011,0xca00707b,generator,sw/toolchain/riscv-opcodes/opcodes-ipu_CUSTOM,sw/toolchain/riscv-opcodes/opcodes-ipu_CUSTOM:28
custom-3_f7_f7_102,11001100000000000111?????1111011,IANDI,?????????????????111?????1111011,0xcc00707b,generator,sw/toolchain/riscv-opcodes/opcodes-ipu_CUSTOM,sw/toolchain/riscv-opcodes/opcodes-ipu_CUSTOM:28
custom-3_f7_f7_103,11001110000000000111?????1111011,IANDI,?????????????????111?????1111011,0xce00707b,generator,sw/toolchain/riscv-opcodes/opcodes-ipu_CUSTOM,sw/toolchain/riscv-opcodes/opcodes-ipu_CUSTOM:28
custom-3_f7_f7_104,11010000000000000111?????1111011,IANDI,?????????????????111?????1111011,0xd000707b,generator,sw/toolchain/riscv-opcodes/opcodes-ipu_CUSTOM,sw/toolchain/riscv-opcodes/opcodes-ipu_CUSTOM:28
custom-3_f7_f7_105,11010010000000000111?????1111011,IANDI,?????????????????111?????1111011,0xd200707b,generator,sw/toolchain/riscv-opcodes/opcodes-ipu_CUSTOM,sw/toolchain/riscv-opcodes/opcodes-ipu_CUSTOM:28
custom-3_f7_f7_106,11010100000000000111?????1111011,IANDI,?????????????????111?????1111011,0xd400707b,generator,sw/toolchain/riscv-opcodes/opcodes-ipu_CUSTOM,sw/toolchain/riscv-opcodes/opcodes-ipu_CUSTOM:28
custom-3_f7_f7_107,11010110000000000111?????1111011,IANDI,?????????????????111?????1111011,0xd600707b,generator,sw/toolchain/riscv-opcodes/opcodes-ipu_CUSTOM,sw/toolchain/riscv-opcodes/opcodes-ipu_CUSTOM:28
custom-3_f7_f7_108,11011000000000000111?????1111011,IANDI,?????????????????111?????1111011,0xd800707b,generator,sw/toolchain/riscv-opcodes/opcodes-ipu_CUSTOM,sw/toolchain/riscv-opcodes/opcodes-ipu_CUSTOM:28
custom-3_f7_f7_109,11011010000000000111?????1111011,IANDI,?????????????????111?????1111011,0xda00707b,generator,sw/toolchain/riscv-opcodes/opcodes-ipu_CUSTOM,sw/toolchain/riscv-opcodes/opcodes-ipu_CUSTOM:28
custom-3_f7_f7_110,11011100000000000111?????1111011,IANDI,?????????????????111?????1111011,0xdc00707b,generator,sw/toolchain/riscv-opcodes/opcodes-ipu_CUSTOM,sw/toolchain/riscv-opcodes/opcodes-ipu_CUSTOM:28
custom-3_f7_f7_111,11011110000000000111?????1111011,IANDI,?????????????????111?????1111011,0xde00707b,generator,sw/toolchain/riscv-opcodes/opcodes-ipu_CUSTOM,sw/toolchain/riscv-opcodes/opcodes-ipu_CUSTOM:28
custom-3_f7_f7_112,11100000000000000111?????1111011,IANDI,?????????????????111?????1111011,0xe000707b,generator,sw/toolchain/riscv-opcodes/opcodes-ipu_CUSTOM,sw/toolchain/riscv-opcodes/opcodes-ipu_CUSTOM:28
custom-3_f7_f7_113,11100010000000000111?????1111011,IANDI,?????????????????111?????1111011,0xe200707b,generator,sw/toolchain/riscv-opcodes/opcodes-ipu_CUSTOM,sw/toolchain/riscv-opcodes/opcodes-ipu_CUSTOM:28
custom-3_f7_f7_114,11100100000000000111?????1111011,IANDI,?????????????????111?????1111011,0xe400707b,generator,sw/toolchain/riscv-opcodes/opcodes-ipu_CUSTOM,sw/toolchain/riscv-opcodes/opcodes-ipu_CUSTOM:28
custom-3_f7_f7_115,11100110000000000111?????1111011,IANDI,?????????????????111?????1111011,0xe600707b,generator,sw/toolchain/riscv-opcodes/opcodes-ipu_CUSTOM,sw/toolchain/riscv-opcodes/opcodes-ipu_CUSTOM:28
custom-3_f7_f7_116,11101000000000000111?????1111011,IANDI,?????????????????111?????1111011,0xe800707b,generator,sw/toolchain/riscv-opcodes/opcodes-ipu_CUSTOM,sw/toolchain/riscv-opcodes/opcodes-ipu_CUSTOM:28
custom-3_f7_f7_117,11101010000000000111?????1111011,IANDI,?????????????????111?????1111011,0xea00707b,generator,sw/toolchain/riscv-opcodes/opcodes-ipu_CUSTOM,sw/toolchain/riscv-opcodes/opcodes-ipu_CUSTOM:28
custom-3_f7_f7_118,11101100000000000111?????1111011,IANDI,?????????????????111?????1111011,0xec00707b,generator,sw/toolchain/riscv-opcodes/opcodes-ipu_CUSTOM,sw/toolchain/riscv-opcodes/opcodes-ipu_CUSTOM:28
custom-3_f7_f7_119,11101110000000000111?????1111011,IANDI,?????????????????111?????1111011,0xee00707b,generator,sw/toolchain/riscv-opcodes/opcodes-ipu_CUSTOM,sw/toolchain/riscv-opcodes/opcodes-ipu_CUSTOM:28
custom-3_f7_f7_120,11110000000000000111?????1111011,IANDI,?????????????????111?????1111011,0xf000707b,generator,sw/toolchain/riscv-opcodes/opcodes-ipu_CUSTOM,sw/toolchain/riscv-opcodes/opcodes-ipu_CUSTOM:28
custom-3_f7_f7_121,11110010000000000111?????1111011,IANDI,?????????????????111?????1111011,0xf200707b,generator,sw/toolchain/riscv-opcodes/opcodes-ipu_CUSTOM,sw/toolchain/riscv-opcodes/opcodes-ipu_CUSTOM:28
custom-3_f7_f7_122,11110100000000000111?????1111011,IANDI,?????????????????111?????1111011,0xf400707b,generator,sw/toolchain/riscv-opcodes/opcodes-ipu_CUSTOM,sw/toolchain/riscv-opcodes/opcodes-ipu_CUSTOM:28
custom-3_f7_f7_123,11110110000000000111?????1111011,IANDI,?????????????????111?????1111011,0xf600707b,generator,sw/toolchain/riscv-opcodes/opcodes-ipu_CUSTOM,sw/toolchain/riscv-opcodes/opcodes-ipu_CUSTOM:28
custom-3_f7_f7_124,11111000000000000111?????1111011,IANDI,?????????????????111?????1111011,0xf800707b,generator,sw/toolchain/riscv-opcodes/opcodes-ipu_CUSTOM,sw/toolchain/riscv-opcodes/opcodes-ipu_CUSTOM:28
custom-3_f7_f7_125,11111010000000000111?????1111011,IANDI,?????????????????111?????1111011,0xfa00707b,generator,sw/toolchain/riscv-opcodes/opcodes-ipu_CUSTOM,sw/toolchain/riscv-opcodes/opcodes-ipu_CUSTOM:28
custom-3_f7_f7_126,11111100000000000111?????1111011,IANDI,?????????????????111?????1111011,0xfc00707b,generator,sw/toolchain/riscv-opcodes/opcodes-ipu_CUSTOM,sw/toolchain/riscv-opcodes/opcodes-ipu_CUSTOM:28
custom-3_f7_f7_127,11111110000000000111?????1111011,IANDI,?????????????????111?????1111011,0xfe00707b,generator,sw/toolchain/riscv-opcodes/opcodes-ipu_CUSTOM,sw/toolchain/riscv-opcodes/opcodes-ipu_CUSTOM:28
