instruction_name,source_name,pattern,source_file,source_location,generation_input
DMSRC,dmsrc,0000000??????????000000000101011,sw/toolchain/riscv-opcodes/opcodes-dma_CUSTOM,sw/toolchain/riscv-opcodes/opcodes-dma_CUSTOM:18,Yes
DMDST,dmdst,0000001??????????000000000101011,sw/toolchain/riscv-opcodes/opcodes-dma_CUSTOM,sw/toolchain/riscv-opcodes/opcodes-dma_CUSTOM:19,Yes
DMCPYI,dmcpyi,0000010??????????000?????0101011,sw/toolchain/riscv-opcodes/opcodes-dma_CUSTOM,sw/toolchain/riscv-opcodes/opcodes-dma_CUSTOM:20,Yes
DMCPY,dmcpy,0000011??????????000?????0101011,sw/toolchain/riscv-opcodes/opcodes-dma_CUSTOM,sw/toolchain/riscv-opcodes/opcodes-dma_CUSTOM:21,Yes
DMSTATI,dmstati,0000100?????00000000?????0101011,sw/toolchain/riscv-opcodes/opcodes-dma_CUSTOM,sw/toolchain/riscv-opcodes/opcodes-dma_CUSTOM:22,Yes
DMSTAT,dmstat,0000101?????00000000?????0101011,sw/toolchain/riscv-opcodes/opcodes-dma_CUSTOM,sw/toolchain/riscv-opcodes/opcodes-dma_CUSTOM:23,Yes
DMSTR,dmstr,0000110??????????000000000101011,sw/toolchain/riscv-opcodes/opcodes-dma_CUSTOM,sw/toolchain/riscv-opcodes/opcodes-dma_CUSTOM:24,Yes
DMREP,dmrep,000011100000?????000000000101011,sw/toolchain/riscv-opcodes/opcodes-dma_CUSTOM,sw/toolchain/riscv-opcodes/opcodes-dma_CUSTOM:25,Yes
FLH,flh,?????????????????001?????0000111,sw/toolchain/riscv-opcodes/opcodes-flt-occamy_CUSTOM,sw/toolchain/riscv-opcodes/opcodes-flt-occamy_CUSTOM:36,No
FSH,fsh,?????????????????001?????0100111,sw/toolchain/riscv-opcodes/opcodes-flt-occamy_CUSTOM,sw/toolchain/riscv-opcodes/opcodes-flt-occamy_CUSTOM:37,No
FMADD_H,fmadd.h,?????10??????????????????1000011,sw/toolchain/riscv-opcodes/opcodes-flt-occamy_CUSTOM,sw/toolchain/riscv-opcodes/opcodes-flt-occamy_CUSTOM:38,No
FMSUB_H,fmsub.h,?????10??????????????????1000111,sw/toolchain/riscv-opcodes/opcodes-flt-occamy_CUSTOM,sw/toolchain/riscv-opcodes/opcodes-flt-occamy_CUSTOM:39,No
FNMSUB_H,fnmsub.h,?????10??????????????????1001011,sw/toolchain/riscv-opcodes/opcodes-flt-occamy_CUSTOM,sw/toolchain/riscv-opcodes/opcodes-flt-occamy_CUSTOM:40,No
FNMADD_H,fnmadd.h,?????10??????????????????1001111,sw/toolchain/riscv-opcodes/opcodes-flt-occamy_CUSTOM,sw/toolchain/riscv-opcodes/opcodes-flt-occamy_CUSTOM:41,No
FADD_H,fadd.h,0000010??????????????????1010011,sw/toolchain/riscv-opcodes/opcodes-flt-occamy_CUSTOM,sw/toolchain/riscv-opcodes/opcodes-flt-occamy_CUSTOM:42,No
FSUB_H,fsub.h,0000110??????????????????1010011,sw/toolchain/riscv-opcodes/opcodes-flt-occamy_CUSTOM,sw/toolchain/riscv-opcodes/opcodes-flt-occamy_CUSTOM:43,No
FMUL_H,fmul.h,0001010??????????????????1010011,sw/toolchain/riscv-opcodes/opcodes-flt-occamy_CUSTOM,sw/toolchain/riscv-opcodes/opcodes-flt-occamy_CUSTOM:44,No
FDIV_H,fdiv.h,0001110??????????????????1010011,sw/toolchain/riscv-opcodes/opcodes-flt-occamy_CUSTOM,sw/toolchain/riscv-opcodes/opcodes-flt-occamy_CUSTOM:45,No
FSQRT_H,fsqrt.h,010111000000?????????????1010011,sw/toolchain/riscv-opcodes/opcodes-flt-occamy_CUSTOM,sw/toolchain/riscv-opcodes/opcodes-flt-occamy_CUSTOM:46,No
FSGNJ_H,fsgnj.h,0010010??????????000?????1010011,sw/toolchain/riscv-opcodes/opcodes-flt-occamy_CUSTOM,sw/toolchain/riscv-opcodes/opcodes-flt-occamy_CUSTOM:47,No
FSGNJN_H,fsgnjn.h,0010010??????????001?????1010011,sw/toolchain/riscv-opcodes/opcodes-flt-occamy_CUSTOM,sw/toolchain/riscv-opcodes/opcodes-flt-occamy_CUSTOM:48,No
FSGNJX_H,fsgnjx.h,0010010??????????010?????1010011,sw/toolchain/riscv-opcodes/opcodes-flt-occamy_CUSTOM,sw/toolchain/riscv-opcodes/opcodes-flt-occamy_CUSTOM:49,No
FMIN_H,fmin.h,0010110??????????000?????1010011,sw/toolchain/riscv-opcodes/opcodes-flt-occamy_CUSTOM,sw/toolchain/riscv-opcodes/opcodes-flt-occamy_CUSTOM:50,No
FMAX_H,fmax.h,0010110??????????001?????1010011,sw/toolchain/riscv-opcodes/opcodes-flt-occamy_CUSTOM,sw/toolchain/riscv-opcodes/opcodes-flt-occamy_CUSTOM:51,No
FEQ_H,feq.h,1010010??????????010?????1010011,sw/toolchain/riscv-opcodes/opcodes-flt-occamy_CUSTOM,sw/toolchain/riscv-opcodes/opcodes-flt-occamy_CUSTOM:52,No
FLT_H,flt.h,1010010??????????001?????1010011,sw/toolchain/riscv-opcodes/opcodes-flt-occamy_CUSTOM,sw/toolchain/riscv-opcodes/opcodes-flt-occamy_CUSTOM:53,No
FLE_H,fle.h,1010010??????????000?????1010011,sw/toolchain/riscv-opcodes/opcodes-flt-occamy_CUSTOM,sw/toolchain/riscv-opcodes/opcodes-flt-occamy_CUSTOM:54,No
FCVT_W_H,fcvt.w.h,110001000000?????????????1010011,sw/toolchain/riscv-opcodes/opcodes-flt-occamy_CUSTOM,sw/toolchain/riscv-opcodes/opcodes-flt-occamy_CUSTOM:55,No
FCVT_WU_H,fcvt.wu.h,110001000001?????????????1010011,sw/toolchain/riscv-opcodes/opcodes-flt-occamy_CUSTOM,sw/toolchain/riscv-opcodes/opcodes-flt-occamy_CUSTOM:56,No
FCVT_H_W,fcvt.h.w,110101000000?????????????1010011,sw/toolchain/riscv-opcodes/opcodes-flt-occamy_CUSTOM,sw/toolchain/riscv-opcodes/opcodes-flt-occamy_CUSTOM:57,No
FCVT_H_WU,fcvt.h.wu,110101000001?????????????1010011,sw/toolchain/riscv-opcodes/opcodes-flt-occamy_CUSTOM,sw/toolchain/riscv-opcodes/opcodes-flt-occamy_CUSTOM:58,No
FMV_X_H,fmv.x.h,111001000000?????000?????1010011,sw/toolchain/riscv-opcodes/opcodes-flt-occamy_CUSTOM,sw/toolchain/riscv-opcodes/opcodes-flt-occamy_CUSTOM:59,No
FCLASS_H,fclass.h,111001000000?????001?????1010011,sw/toolchain/riscv-opcodes/opcodes-flt-occamy_CUSTOM,sw/toolchain/riscv-opcodes/opcodes-flt-occamy_CUSTOM:60,No
FMV_H_X,fmv.h.x,111101000000?????000?????1010011,sw/toolchain/riscv-opcodes/opcodes-flt-occamy_CUSTOM,sw/toolchain/riscv-opcodes/opcodes-flt-occamy_CUSTOM:61,No
FCVT_L_H,fcvt.l.h,110001000010?????????????1010011,sw/toolchain/riscv-opcodes/opcodes-flt-occamy_CUSTOM,sw/toolchain/riscv-opcodes/opcodes-flt-occamy_CUSTOM:63,No
FCVT_LU_H,fcvt.lu.h,110001000011?????????????1010011,sw/toolchain/riscv-opcodes/opcodes-flt-occamy_CUSTOM,sw/toolchain/riscv-opcodes/opcodes-flt-occamy_CUSTOM:64,No
FCVT_H_L,fcvt.h.l,110101000010?????????????1010011,sw/toolchain/riscv-opcodes/opcodes-flt-occamy_CUSTOM,sw/toolchain/riscv-opcodes/opcodes-flt-occamy_CUSTOM:65,No
FCVT_H_LU,fcvt.h.lu,110101000011?????????????1010011,sw/toolchain/riscv-opcodes/opcodes-flt-occamy_CUSTOM,sw/toolchain/riscv-opcodes/opcodes-flt-occamy_CUSTOM:66,No
FCVT_S_H,fcvt.s.h,010000000010?????000?????1010011,sw/toolchain/riscv-opcodes/opcodes-flt-occamy_CUSTOM,sw/toolchain/riscv-opcodes/opcodes-flt-occamy_CUSTOM:68,No
FCVT_H_S,fcvt.h.s,010001000000?????????????1010011,sw/toolchain/riscv-opcodes/opcodes-flt-occamy_CUSTOM,sw/toolchain/riscv-opcodes/opcodes-flt-occamy_CUSTOM:69,No
FCVT_D_H,fcvt.d.h,010000100010?????000?????1010011,sw/toolchain/riscv-opcodes/opcodes-flt-occamy_CUSTOM,sw/toolchain/riscv-opcodes/opcodes-flt-occamy_CUSTOM:71,No
FCVT_H_D,fcvt.h.d,010001000001?????????????1010011,sw/toolchain/riscv-opcodes/opcodes-flt-occamy_CUSTOM,sw/toolchain/riscv-opcodes/opcodes-flt-occamy_CUSTOM:72,No
FCVT_H_H,fcvt.h.h,010001000010?????????????1010011,sw/toolchain/riscv-opcodes/opcodes-flt-occamy_CUSTOM,sw/toolchain/riscv-opcodes/opcodes-flt-occamy_CUSTOM:118,No
FLB,flb,?????????????????000?????0000111,sw/toolchain/riscv-opcodes/opcodes-flt-occamy_CUSTOM,sw/toolchain/riscv-opcodes/opcodes-flt-occamy_CUSTOM:130,No
FSB,fsb,?????????????????000?????0100111,sw/toolchain/riscv-opcodes/opcodes-flt-occamy_CUSTOM,sw/toolchain/riscv-opcodes/opcodes-flt-occamy_CUSTOM:131,No
FCVT_H_B,fcvt.h.b,010001000011?????000?????1010011,sw/toolchain/riscv-opcodes/opcodes-flt-occamy_CUSTOM,sw/toolchain/riscv-opcodes/opcodes-flt-occamy_CUSTOM:168,No
FCVT_B_H,fcvt.b.h,010001100010?????????????1010011,sw/toolchain/riscv-opcodes/opcodes-flt-occamy_CUSTOM,sw/toolchain/riscv-opcodes/opcodes-flt-occamy_CUSTOM:169,No
FCVT_B_B,fcvt.b.b,010001100011?????000?????1010011,sw/toolchain/riscv-opcodes/opcodes-flt-occamy_CUSTOM,sw/toolchain/riscv-opcodes/opcodes-flt-occamy_CUSTOM:226,No
VFADD_S,vfadd.s,1000001??????????000?????0110011,sw/toolchain/riscv-opcodes/opcodes-flt-occamy_CUSTOM,sw/toolchain/riscv-opcodes/opcodes-flt-occamy_CUSTOM:250,No
VFADD_R_S,vfadd.r.s,1000001??????????100?????0110011,sw/toolchain/riscv-opcodes/opcodes-flt-occamy_CUSTOM,sw/toolchain/riscv-opcodes/opcodes-flt-occamy_CUSTOM:251,No
VFSUB_S,vfsub.s,1000010??????????000?????0110011,sw/toolchain/riscv-opcodes/opcodes-flt-occamy_CUSTOM,sw/toolchain/riscv-opcodes/opcodes-flt-occamy_CUSTOM:252,No
VFSUB_R_S,vfsub.r.s,1000010??????????100?????0110011,sw/toolchain/riscv-opcodes/opcodes-flt-occamy_CUSTOM,sw/toolchain/riscv-opcodes/opcodes-flt-occamy_CUSTOM:253,No
VFMUL_S,vfmul.s,1000011??????????000?????0110011,sw/toolchain/riscv-opcodes/opcodes-flt-occamy_CUSTOM,sw/toolchain/riscv-opcodes/opcodes-flt-occamy_CUSTOM:254,No
VFMUL_R_S,vfmul.r.s,1000011??????????100?????0110011,sw/toolchain/riscv-opcodes/opcodes-flt-occamy_CUSTOM,sw/toolchain/riscv-opcodes/opcodes-flt-occamy_CUSTOM:255,No
VFDIV_S,vfdiv.s,1000100??????????000?????0110011,sw/toolchain/riscv-opcodes/opcodes-flt-occamy_CUSTOM,sw/toolchain/riscv-opcodes/opcodes-flt-occamy_CUSTOM:256,No
VFDIV_R_S,vfdiv.r.s,1000100??????????100?????0110011,sw/toolchain/riscv-opcodes/opcodes-flt-occamy_CUSTOM,sw/toolchain/riscv-opcodes/opcodes-flt-occamy_CUSTOM:257,No
VFMIN_S,vfmin.s,1000101??????????000?????0110011,sw/toolchain/riscv-opcodes/opcodes-flt-occamy_CUSTOM,sw/toolchain/riscv-opcodes/opcodes-flt-occamy_CUSTOM:258,No
VFMIN_R_S,vfmin.r.s,1000101??????????100?????0110011,sw/toolchain/riscv-opcodes/opcodes-flt-occamy_CUSTOM,sw/toolchain/riscv-opcodes/opcodes-flt-occamy_CUSTOM:259,No
VFMAX_S,vfmax.s,1000110??????????000?????0110011,sw/toolchain/riscv-opcodes/opcodes-flt-occamy_CUSTOM,sw/toolchain/riscv-opcodes/opcodes-flt-occamy_CUSTOM:260,No
VFMAX_R_S,vfmax.r.s,1000110??????????100?????0110011,sw/toolchain/riscv-opcodes/opcodes-flt-occamy_CUSTOM,sw/toolchain/riscv-opcodes/opcodes-flt-occamy_CUSTOM:261,No
VFSQRT_S,vfsqrt.s,100011100000?????000?????0110011,sw/toolchain/riscv-opcodes/opcodes-flt-occamy_CUSTOM,sw/toolchain/riscv-opcodes/opcodes-flt-occamy_CUSTOM:262,No
VFMAC_S,vfmac.s,1001000??????????000?????0110011,sw/toolchain/riscv-opcodes/opcodes-flt-occamy_CUSTOM,sw/toolchain/riscv-opcodes/opcodes-flt-occamy_CUSTOM:263,No
VFMAC_R_S,vfmac.r.s,1001000??????????100?????0110011,sw/toolchain/riscv-opcodes/opcodes-flt-occamy_CUSTOM,sw/toolchain/riscv-opcodes/opcodes-flt-occamy_CUSTOM:264,No
VFMRE_S,vfmre.s,1001001??????????000?????0110011,sw/toolchain/riscv-opcodes/opcodes-flt-occamy_CUSTOM,sw/toolchain/riscv-opcodes/opcodes-flt-occamy_CUSTOM:265,No
VFMRE_R_S,vfmre.r.s,1001001??????????100?????0110011,sw/toolchain/riscv-opcodes/opcodes-flt-occamy_CUSTOM,sw/toolchain/riscv-opcodes/opcodes-flt-occamy_CUSTOM:266,No
VFCLASS_S,vfclass.s,100110000001?????000?????0110011,sw/toolchain/riscv-opcodes/opcodes-flt-occamy_CUSTOM,sw/toolchain/riscv-opcodes/opcodes-flt-occamy_CUSTOM:267,No
VFSGNJ_S,vfsgnj.s,1001101??????????000?????0110011,sw/toolchain/riscv-opcodes/opcodes-flt-occamy_CUSTOM,sw/toolchain/riscv-opcodes/opcodes-flt-occamy_CUSTOM:268,No
VFSGNJ_R_S,vfsgnj.r.s,1001101??????????100?????0110011,sw/toolchain/riscv-opcodes/opcodes-flt-occamy_CUSTOM,sw/toolchain/riscv-opcodes/opcodes-flt-occamy_CUSTOM:269,No
VFSGNJN_S,vfsgnjn.s,1001110??????????000?????0110011,sw/toolchain/riscv-opcodes/opcodes-flt-occamy_CUSTOM,sw/toolchain/riscv-opcodes/opcodes-flt-occamy_CUSTOM:270,No
VFSGNJN_R_S,vfsgnjn.r.s,1001110??????????100?????0110011,sw/toolchain/riscv-opcodes/opcodes-flt-occamy_CUSTOM,sw/toolchain/riscv-opcodes/opcodes-flt-occamy_CUSTOM:271,No
VFSGNJX_S,vfsgnjx.s,1001111??????????000?????0110011,sw/toolchain/riscv-opcodes/opcodes-flt-occamy_CUSTOM,sw/toolchain/riscv-opcodes/opcodes-flt-occamy_CUSTOM:272,No
VFSGNJX_R_S,vfsgnjx.r.s,1001111??????????100?????0110011,sw/toolchain/riscv-opcodes/opcodes-flt-occamy_CUSTOM,sw/toolchain/riscv-opcodes/opcodes-flt-occamy_CUSTOM:273,No
VFEQ_S,vfeq.s,1010000??????????000?????0110011,sw/toolchain/riscv-opcodes/opcodes-flt-occamy_CUSTOM,sw/toolchain/riscv-opcodes/opcodes-flt-occamy_CUSTOM:274,No
VFEQ_R_S,vfeq.r.s,1010000??????????100?????0110011,sw/toolchain/riscv-opcodes/opcodes-flt-occamy_CUSTOM,sw/toolchain/riscv-opcodes/opcodes-flt-occamy_CUSTOM:275,No
VFNE_S,vfne.s,1010001??????????000?????0110011,sw/toolchain/riscv-opcodes/opcodes-flt-occamy_CUSTOM,sw/toolchain/riscv-opcodes/opcodes-flt-occamy_CUSTOM:276,No
VFNE_R_S,vfne.r.s,1010001??????????100?????0110011,sw/toolchain/riscv-opcodes/opcodes-flt-occamy_CUSTOM,sw/toolchain/riscv-opcodes/opcodes-flt-occamy_CUSTOM:277,No
VFLT_S,vflt.s,1010010??????????000?????0110011,sw/toolchain/riscv-opcodes/opcodes-flt-occamy_CUSTOM,sw/toolchain/riscv-opcodes/opcodes-flt-occamy_CUSTOM:278,No
VFLT_R_S,vflt.r.s,1010010??????????100?????0110011,sw/toolchain/riscv-opcodes/opcodes-flt-occamy_CUSTOM,sw/toolchain/riscv-opcodes/opcodes-flt-occamy_CUSTOM:279,No
VFGE_S,vfge.s,1010011??????????000?????0110011,sw/toolchain/riscv-opcodes/opcodes-flt-occamy_CUSTOM,sw/toolchain/riscv-opcodes/opcodes-flt-occamy_CUSTOM:280,No
VFGE_R_S,vfge.r.s,1010011??????????100?????0110011,sw/toolchain/riscv-opcodes/opcodes-flt-occamy_CUSTOM,sw/toolchain/riscv-opcodes/opcodes-flt-occamy_CUSTOM:281,No
VFLE_S,vfle.s,1010100??????????000?????0110011,sw/toolchain/riscv-opcodes/opcodes-flt-occamy_CUSTOM,sw/toolchain/riscv-opcodes/opcodes-flt-occamy_CUSTOM:282,No
VFLE_R_S,vfle.r.s,1010100??????????100?????0110011,sw/toolchain/riscv-opcodes/opcodes-flt-occamy_CUSTOM,sw/toolchain/riscv-opcodes/opcodes-flt-occamy_CUSTOM:283,No
VFGT_S,vfgt.s,1010101??????????000?????0110011,sw/toolchain/riscv-opcodes/opcodes-flt-occamy_CUSTOM,sw/toolchain/riscv-opcodes/opcodes-flt-occamy_CUSTOM:284,No
VFGT_R_S,vfgt.r.s,1010101??????????100?????0110011,sw/toolchain/riscv-opcodes/opcodes-flt-occamy_CUSTOM,sw/toolchain/riscv-opcodes/opcodes-flt-occamy_CUSTOM:285,No
VFMV_X_S,vfmv.x.s,100110000000?????000?????0110011,sw/toolchain/riscv-opcodes/opcodes-flt-occamy_CUSTOM,sw/toolchain/riscv-opcodes/opcodes-flt-occamy_CUSTOM:287,No
VFMV_S_X,vfmv.s.x,100110000000?????100?????0110011,sw/toolchain/riscv-opcodes/opcodes-flt-occamy_CUSTOM,sw/toolchain/riscv-opcodes/opcodes-flt-occamy_CUSTOM:288,No
VFCVT_X_S,vfcvt.x.s,100110000010?????000?????0110011,sw/toolchain/riscv-opcodes/opcodes-flt-occamy_CUSTOM,sw/toolchain/riscv-opcodes/opcodes-flt-occamy_CUSTOM:289,No
VFCVT_XU_S,vfcvt.xu.s,100110000010?????100?????0110011,sw/toolchain/riscv-opcodes/opcodes-flt-occamy_CUSTOM,sw/toolchain/riscv-opcodes/opcodes-flt-occamy_CUSTOM:290,No
VFCVT_S_X,vfcvt.s.x,100110000011?????000?????0110011,sw/toolchain/riscv-opcodes/opcodes-flt-occamy_CUSTOM,sw/toolchain/riscv-opcodes/opcodes-flt-occamy_CUSTOM:291,No
VFCVT_S_XU,vfcvt.s.xu,100110000011?????100?????0110011,sw/toolchain/riscv-opcodes/opcodes-flt-occamy_CUSTOM,sw/toolchain/riscv-opcodes/opcodes-flt-occamy_CUSTOM:292,No
VFCPKA_S_S,vfcpka.s.s,1011000??????????000?????0110011,sw/toolchain/riscv-opcodes/opcodes-flt-occamy_CUSTOM,sw/toolchain/riscv-opcodes/opcodes-flt-occamy_CUSTOM:294,No
VFCPKB_S_S,vfcpkb.s.s,1011000??????????100?????0110011,sw/toolchain/riscv-opcodes/opcodes-flt-occamy_CUSTOM,sw/toolchain/riscv-opcodes/opcodes-flt-occamy_CUSTOM:295,No
VFCPKC_S_S,vfcpkc.s.s,1011001??????????000?????0110011,sw/toolchain/riscv-opcodes/opcodes-flt-occamy_CUSTOM,sw/toolchain/riscv-opcodes/opcodes-flt-occamy_CUSTOM:296,No
VFCPKD_S_S,vfcpkd.s.s,1011001??????????100?????0110011,sw/toolchain/riscv-opcodes/opcodes-flt-occamy_CUSTOM,sw/toolchain/riscv-opcodes/opcodes-flt-occamy_CUSTOM:297,No
VFCPKA_S_D,vfcpka.s.d,1011010??????????000?????0110011,sw/toolchain/riscv-opcodes/opcodes-flt-occamy_CUSTOM,sw/toolchain/riscv-opcodes/opcodes-flt-occamy_CUSTOM:299,No
VFCPKB_S_D,vfcpkb.s.d,1011010??????????100?????0110011,sw/toolchain/riscv-opcodes/opcodes-flt-occamy_CUSTOM,sw/toolchain/riscv-opcodes/opcodes-flt-occamy_CUSTOM:300,No
VFCPKC_S_D,vfcpkc.s.d,1011011??????????000?????0110011,sw/toolchain/riscv-opcodes/opcodes-flt-occamy_CUSTOM,sw/toolchain/riscv-opcodes/opcodes-flt-occamy_CUSTOM:301,No
VFCPKD_S_D,vfcpkd.s.d,1011011??????????100?????0110011,sw/toolchain/riscv-opcodes/opcodes-flt-occamy_CUSTOM,sw/toolchain/riscv-opcodes/opcodes-flt-occamy_CUSTOM:302,No
VFCVT_H_H,vfcvt.h.h,100110000101?????010?????0110011,sw/toolchain/riscv-opcodes/opcodes-flt-occamy_CUSTOM,sw/toolchain/riscv-opcodes/opcodes-flt-occamy_CUSTOM:304,No
VFCVTU_H_H,vfcvtu.h.h,100110000101?????110?????0110011,sw/toolchain/riscv-opcodes/opcodes-flt-occamy_CUSTOM,sw/toolchain/riscv-opcodes/opcodes-flt-occamy_CUSTOM:307,No
VFADD_H,vfadd.h,1000001??????????010?????0110011,sw/toolchain/riscv-opcodes/opcodes-flt-occamy_CUSTOM,sw/toolchain/riscv-opcodes/opcodes-flt-occamy_CUSTOM:317,No
VFADD_R_H,vfadd.r.h,1000001??????????110?????0110011,sw/toolchain/riscv-opcodes/opcodes-flt-occamy_CUSTOM,sw/toolchain/riscv-opcodes/opcodes-flt-occamy_CUSTOM:318,No
VFSUB_H,vfsub.h,1000010??????????010?????0110011,sw/toolchain/riscv-opcodes/opcodes-flt-occamy_CUSTOM,sw/toolchain/riscv-opcodes/opcodes-flt-occamy_CUSTOM:319,No
VFSUB_R_H,vfsub.r.h,1000010??????????110?????0110011,sw/toolchain/riscv-opcodes/opcodes-flt-occamy_CUSTOM,sw/toolchain/riscv-opcodes/opcodes-flt-occamy_CUSTOM:320,No
VFMUL_H,vfmul.h,1000011??????????010?????0110011,sw/toolchain/riscv-opcodes/opcodes-flt-occamy_CUSTOM,sw/toolchain/riscv-opcodes/opcodes-flt-occamy_CUSTOM:321,No
VFMUL_R_H,vfmul.r.h,1000011??????????110?????0110011,sw/toolchain/riscv-opcodes/opcodes-flt-occamy_CUSTOM,sw/toolchain/riscv-opcodes/opcodes-flt-occamy_CUSTOM:322,No
VFDIV_H,vfdiv.h,1000100??????????010?????0110011,sw/toolchain/riscv-opcodes/opcodes-flt-occamy_CUSTOM,sw/toolchain/riscv-opcodes/opcodes-flt-occamy_CUSTOM:323,No
VFDIV_R_H,vfdiv.r.h,1000100??????????110?????0110011,sw/toolchain/riscv-opcodes/opcodes-flt-occamy_CUSTOM,sw/toolchain/riscv-opcodes/opcodes-flt-occamy_CUSTOM:324,No
VFMIN_H,vfmin.h,1000101??????????010?????0110011,sw/toolchain/riscv-opcodes/opcodes-flt-occamy_CUSTOM,sw/toolchain/riscv-opcodes/opcodes-flt-occamy_CUSTOM:325,No
VFMIN_R_H,vfmin.r.h,1000101??????????110?????0110011,sw/toolchain/riscv-opcodes/opcodes-flt-occamy_CUSTOM,sw/toolchain/riscv-opcodes/opcodes-flt-occamy_CUSTOM:326,No
VFMAX_H,vfmax.h,1000110??????????010?????0110011,sw/toolchain/riscv-opcodes/opcodes-flt-occamy_CUSTOM,sw/toolchain/riscv-opcodes/opcodes-flt-occamy_CUSTOM:327,No
VFMAX_R_H,vfmax.r.h,1000110??????????110?????0110011,sw/toolchain/riscv-opcodes/opcodes-flt-occamy_CUSTOM,sw/toolchain/riscv-opcodes/opcodes-flt-occamy_CUSTOM:328,No
VFSQRT_H,vfsqrt.h,100011100000?????010?????0110011,sw/toolchain/riscv-opcodes/opcodes-flt-occamy_CUSTOM,sw/toolchain/riscv-opcodes/opcodes-flt-occamy_CUSTOM:329,No
VFMAC_H,vfmac.h,1001000??????????010?????0110011,sw/toolchain/riscv-opcodes/opcodes-flt-occamy_CUSTOM,sw/toolchain/riscv-opcodes/opcodes-flt-occamy_CUSTOM:330,No
VFMAC_R_H,vfmac.r.h,1001000??????????110?????0110011,sw/toolchain/riscv-opcodes/opcodes-flt-occamy_CUSTOM,sw/toolchain/riscv-opcodes/opcodes-flt-occamy_CUSTOM:331,No
VFMRE_H,vfmre.h,1001001??????????010?????0110011,sw/toolchain/riscv-opcodes/opcodes-flt-occamy_CUSTOM,sw/toolchain/riscv-opcodes/opcodes-flt-occamy_CUSTOM:332,No
VFMRE_R_H,vfmre.r.h,1001001??????????110?????0110011,sw/toolchain/riscv-opcodes/opcodes-flt-occamy_CUSTOM,sw/toolchain/riscv-opcodes/opcodes-flt-occamy_CUSTOM:333,No
VFCLASS_H,vfclass.h,100110000001?????010?????0110011,sw/toolchain/riscv-opcodes/opcodes-flt-occamy_CUSTOM,sw/toolchain/riscv-opcodes/opcodes-flt-occamy_CUSTOM:334,No
VFSGNJ_H,vfsgnj.h,1001101??????????010?????0110011,sw/toolchain/riscv-opcodes/opcodes-flt-occamy_CUSTOM,sw/toolchain/riscv-opcodes/opcodes-flt-occamy_CUSTOM:335,No
VFSGNJ_R_H,vfsgnj.r.h,1001101??????????110?????0110011,sw/toolchain/riscv-opcodes/opcodes-flt-occamy_CUSTOM,sw/toolchain/riscv-opcodes/opcodes-flt-occamy_CUSTOM:336,No
VFSGNJN_H,vfsgnjn.h,1001110??????????010?????0110011,sw/toolchain/riscv-opcodes/opcodes-flt-occamy_CUSTOM,sw/toolchain/riscv-opcodes/opcodes-flt-occamy_CUSTOM:337,No
VFSGNJN_R_H,vfsgnjn.r.h,1001110??????????110?????0110011,sw/toolchain/riscv-opcodes/opcodes-flt-occamy_CUSTOM,sw/toolchain/riscv-opcodes/opcodes-flt-occamy_CUSTOM:338,No
VFSGNJX_H,vfsgnjx.h,1001111??????????010?????0110011,sw/toolchain/riscv-opcodes/opcodes-flt-occamy_CUSTOM,sw/toolchain/riscv-opcodes/opcodes-flt-occamy_CUSTOM:339,No
VFSGNJX_R_H,vfsgnjx.r.h,1001111??????????110?????0110011,sw/toolchain/riscv-opcodes/opcodes-flt-occamy_CUSTOM,sw/toolchain/riscv-opcodes/opcodes-flt-occamy_CUSTOM:340,No
VFEQ_H,vfeq.h,1010000??????????010?????0110011,sw/toolchain/riscv-opcodes/opcodes-flt-occamy_CUSTOM,sw/toolchain/riscv-opcodes/opcodes-flt-occamy_CUSTOM:341,No
VFEQ_R_H,vfeq.r.h,1010000??????????110?????0110011,sw/toolchain/riscv-opcodes/opcodes-flt-occamy_CUSTOM,sw/toolchain/riscv-opcodes/opcodes-flt-occamy_CUSTOM:342,No
VFNE_H,vfne.h,1010001??????????010?????0110011,sw/toolchain/riscv-opcodes/opcodes-flt-occamy_CUSTOM,sw/toolchain/riscv-opcodes/opcodes-flt-occamy_CUSTOM:343,No
VFNE_R_H,vfne.r.h,1010001??????????110?????0110011,sw/toolchain/riscv-opcodes/opcodes-flt-occamy_CUSTOM,sw/toolchain/riscv-opcodes/opcodes-flt-occamy_CUSTOM:344,No
VFLT_H,vflt.h,1010010??????????010?????0110011,sw/toolchain/riscv-opcodes/opcodes-flt-occamy_CUSTOM,sw/toolchain/riscv-opcodes/opcodes-flt-occamy_CUSTOM:345,No
VFLT_R_H,vflt.r.h,1010010??????????110?????0110011,sw/toolchain/riscv-opcodes/opcodes-flt-occamy_CUSTOM,sw/toolchain/riscv-opcodes/opcodes-flt-occamy_CUSTOM:346,No
VFGE_H,vfge.h,1010011??????????010?????0110011,sw/toolchain/riscv-opcodes/opcodes-flt-occamy_CUSTOM,sw/toolchain/riscv-opcodes/opcodes-flt-occamy_CUSTOM:347,No
VFGE_R_H,vfge.r.h,1010011??????????110?????0110011,sw/toolchain/riscv-opcodes/opcodes-flt-occamy_CUSTOM,sw/toolchain/riscv-opcodes/opcodes-flt-occamy_CUSTOM:348,No
VFLE_H,vfle.h,1010100??????????010?????0110011,sw/toolchain/riscv-opcodes/opcodes-flt-occamy_CUSTOM,sw/toolchain/riscv-opcodes/opcodes-flt-occamy_CUSTOM:349,No
VFLE_R_H,vfle.r.h,1010100??????????110?????0110011,sw/toolchain/riscv-opcodes/opcodes-flt-occamy_CUSTOM,sw/toolchain/riscv-opcodes/opcodes-flt-occamy_CUSTOM:350,No
VFGT_H,vfgt.h,1010101??????????010?????0110011,sw/toolchain/riscv-opcodes/opcodes-flt-occamy_CUSTOM,sw/toolchain/riscv-opcodes/opcodes-flt-occamy_CUSTOM:351,No
VFGT_R_H,vfgt.r.h,1010101??????????110?????0110011,sw/toolchain/riscv-opcodes/opcodes-flt-occamy_CUSTOM,sw/toolchain/riscv-opcodes/opcodes-flt-occamy_CUSTOM:352,No
VFMV_X_H,vfmv.x.h,100110000000?????010?????0110011,sw/toolchain/riscv-opcodes/opcodes-flt-occamy_CUSTOM,sw/toolchain/riscv-opcodes/opcodes-flt-occamy_CUSTOM:354,No
VFMV_H_X,vfmv.h.x,100110000000?????110?????0110011,sw/toolchain/riscv-opcodes/opcodes-flt-occamy_CUSTOM,sw/toolchain/riscv-opcodes/opcodes-flt-occamy_CUSTOM:355,No
VFCVT_X_H,vfcvt.x.h,100110000010?????010?????0110011,sw/toolchain/riscv-opcodes/opcodes-flt-occamy_CUSTOM,sw/toolchain/riscv-opcodes/opcodes-flt-occamy_CUSTOM:356,No
VFCVT_XU_H,vfcvt.xu.h,100110000010?????110?????0110011,sw/toolchain/riscv-opcodes/opcodes-flt-occamy_CUSTOM,sw/toolchain/riscv-opcodes/opcodes-flt-occamy_CUSTOM:357,No
VFCVT_H_X,vfcvt.h.x,100110000011?????010?????0110011,sw/toolchain/riscv-opcodes/opcodes-flt-occamy_CUSTOM,sw/toolchain/riscv-opcodes/opcodes-flt-occamy_CUSTOM:358,No
VFCVT_H_XU,vfcvt.h.xu,100110000011?????110?????0110011,sw/toolchain/riscv-opcodes/opcodes-flt-occamy_CUSTOM,sw/toolchain/riscv-opcodes/opcodes-flt-occamy_CUSTOM:359,No
VFCPKA_H_S,vfcpka.h.s,1011000??????????010?????0110011,sw/toolchain/riscv-opcodes/opcodes-flt-occamy_CUSTOM,sw/toolchain/riscv-opcodes/opcodes-flt-occamy_CUSTOM:361,No
VFCPKB_H_S,vfcpkb.h.s,1011000??????????110?????0110011,sw/toolchain/riscv-opcodes/opcodes-flt-occamy_CUSTOM,sw/toolchain/riscv-opcodes/opcodes-flt-occamy_CUSTOM:362,No
VFCPKC_H_S,vfcpkc.h.s,1011001??????????010?????0110011,sw/toolchain/riscv-opcodes/opcodes-flt-occamy_CUSTOM,sw/toolchain/riscv-opcodes/opcodes-flt-occamy_CUSTOM:363,No
VFCPKD_H_S,vfcpkd.h.s,1011001??????????110?????0110011,sw/toolchain/riscv-opcodes/opcodes-flt-occamy_CUSTOM,sw/toolchain/riscv-opcodes/opcodes-flt-occamy_CUSTOM:364,No
VFCPKA_H_D,vfcpka.h.d,1011010??????????010?????0110011,sw/toolchain/riscv-opcodes/opcodes-flt-occamy_CUSTOM,sw/toolchain/riscv-opcodes/opcodes-flt-occamy_CUSTOM:366,No
VFCPKB_H_D,vfcpkb.h.d,1011010??????????110?????0110011,sw/toolchain/riscv-opcodes/opcodes-flt-occamy_CUSTOM,sw/toolchain/riscv-opcodes/opcodes-flt-occamy_CUSTOM:367,No
VFCPKC_H_D,vfcpkc.h.d,1011011??????????010?????0110011,sw/toolchain/riscv-opcodes/opcodes-flt-occamy_CUSTOM,sw/toolchain/riscv-opcodes/opcodes-flt-occamy_CUSTOM:368,No
VFCPKD_H_D,vfcpkd.h.d,1011011??????????110?????0110011,sw/toolchain/riscv-opcodes/opcodes-flt-occamy_CUSTOM,sw/toolchain/riscv-opcodes/opcodes-flt-occamy_CUSTOM:369,No
VFCVT_S_H,vfcvt.s.h,100110000110?????000?????0110011,sw/toolchain/riscv-opcodes/opcodes-flt-occamy_CUSTOM,sw/toolchain/riscv-opcodes/opcodes-flt-occamy_CUSTOM:371,No
VFCVTU_S_H,vfcvtu.s.h,100110000110?????100?????0110011,sw/toolchain/riscv-opcodes/opcodes-flt-occamy_CUSTOM,sw/toolchain/riscv-opcodes/opcodes-flt-occamy_CUSTOM:372,No
VFCVT_H_S,vfcvt.h.s,100110000100?????010?????0110011,sw/toolchain/riscv-opcodes/opcodes-flt-occamy_CUSTOM,sw/toolchain/riscv-opcodes/opcodes-flt-occamy_CUSTOM:373,No
VFCVTU_H_S,vfcvtu.h.s,100110000100?????110?????0110011,sw/toolchain/riscv-opcodes/opcodes-flt-occamy_CUSTOM,sw/toolchain/riscv-opcodes/opcodes-flt-occamy_CUSTOM:374,No
VFADD_B,vfadd.b,1000001??????????011?????0110011,sw/toolchain/riscv-opcodes/opcodes-flt-occamy_CUSTOM,sw/toolchain/riscv-opcodes/opcodes-flt-occamy_CUSTOM:447,No
VFADD_R_B,vfadd.r.b,1000001??????????111?????0110011,sw/toolchain/riscv-opcodes/opcodes-flt-occamy_CUSTOM,sw/toolchain/riscv-opcodes/opcodes-flt-occamy_CUSTOM:448,No
VFSUB_B,vfsub.b,1000010??????????011?????0110011,sw/toolchain/riscv-opcodes/opcodes-flt-occamy_CUSTOM,sw/toolchain/riscv-opcodes/opcodes-flt-occamy_CUSTOM:449,No
VFSUB_R_B,vfsub.r.b,1000010??????????111?????0110011,sw/toolchain/riscv-opcodes/opcodes-flt-occamy_CUSTOM,sw/toolchain/riscv-opcodes/opcodes-flt-occamy_CUSTOM:450,No
VFMUL_B,vfmul.b,1000011??????????011?????0110011,sw/toolchain/riscv-opcodes/opcodes-flt-occamy_CUSTOM,sw/toolchain/riscv-opcodes/opcodes-flt-occamy_CUSTOM:451,No
VFMUL_R_B,vfmul.r.b,1000011??????????111?????0110011,sw/toolchain/riscv-opcodes/opcodes-flt-occamy_CUSTOM,sw/toolchain/riscv-opcodes/opcodes-flt-occamy_CUSTOM:452,No
VFDIV_B,vfdiv.b,1000100??????????011?????0110011,sw/toolchain/riscv-opcodes/opcodes-flt-occamy_CUSTOM,sw/toolchain/riscv-opcodes/opcodes-flt-occamy_CUSTOM:453,No
VFDIV_R_B,vfdiv.r.b,1000100??????????111?????0110011,sw/toolchain/riscv-opcodes/opcodes-flt-occamy_CUSTOM,sw/toolchain/riscv-opcodes/opcodes-flt-occamy_CUSTOM:454,No
VFMIN_B,vfmin.b,1000101??????????011?????0110011,sw/toolchain/riscv-opcodes/opcodes-flt-occamy_CUSTOM,sw/toolchain/riscv-opcodes/opcodes-flt-occamy_CUSTOM:455,No
VFMIN_R_B,vfmin.r.b,1000101??????????111?????0110011,sw/toolchain/riscv-opcodes/opcodes-flt-occamy_CUSTOM,sw/toolchain/riscv-opcodes/opcodes-flt-occamy_CUSTOM:456,No
VFMAX_B,vfmax.b,1000110??????????011?????0110011,sw/toolchain/riscv-opcodes/opcodes-flt-occamy_CUSTOM,sw/toolchain/riscv-opcodes/opcodes-flt-occamy_CUSTOM:457,No
VFMAX_R_B,vfmax.r.b,1000110??????????111?????0110011,sw/toolchain/riscv-opcodes/opcodes-flt-occamy_CUSTOM,sw/toolchain/riscv-opcodes/opcodes-flt-occamy_CUSTOM:458,No
VFSQRT_B,vfsqrt.b,100011100000?????011?????0110011,sw/toolchain/riscv-opcodes/opcodes-flt-occamy_CUSTOM,sw/toolchain/riscv-opcodes/opcodes-flt-occamy_CUSTOM:459,No
VFMAC_B,vfmac.b,1001000??????????011?????0110011,sw/toolchain/riscv-opcodes/opcodes-flt-occamy_CUSTOM,sw/toolchain/riscv-opcodes/opcodes-flt-occamy_CUSTOM:460,No
VFMAC_R_B,vfmac.r.b,1001000??????????111?????0110011,sw/toolchain/riscv-opcodes/opcodes-flt-occamy_CUSTOM,sw/toolchain/riscv-opcodes/opcodes-flt-occamy_CUSTOM:461,No
VFMRE_B,vfmre.b,1001001??????????011?????0110011,sw/toolchain/riscv-opcodes/opcodes-flt-occamy_CUSTOM,sw/toolchain/riscv-opcodes/opcodes-flt-occamy_CUSTOM:462,No
VFMRE_R_B,vfmre.r.b,1001001??????????111?????0110011,sw/toolchain/riscv-opcodes/opcodes-flt-occamy_CUSTOM,sw/toolchain/riscv-opcodes/opcodes-flt-occamy_CUSTOM:463,No
VFSGNJ_B,vfsgnj.b,1001101??????????011?????0110011,sw/toolchain/riscv-opcodes/opcodes-flt-occamy_CUSTOM,sw/toolchain/riscv-opcodes/opcodes-flt-occamy_CUSTOM:464,No
VFSGNJ_R_B,vfsgnj.r.b,1001101??????????111?????0110011,sw/toolchain/riscv-opcodes/opcodes-flt-occamy_CUSTOM,sw/toolchain/riscv-opcodes/opcodes-flt-occamy_CUSTOM:465,No
VFSGNJN_B,vfsgnjn.b,1001110??????????011?????0110011,sw/toolchain/riscv-opcodes/opcodes-flt-occamy_CUSTOM,sw/toolchain/riscv-opcodes/opcodes-flt-occamy_CUSTOM:466,No
VFSGNJN_R_B,vfsgnjn.r.b,1001110??????????111?????0110011,sw/toolchain/riscv-opcodes/opcodes-flt-occamy_CUSTOM,sw/toolchain/riscv-opcodes/opcodes-flt-occamy_CUSTOM:467,No
VFSGNJX_B,vfsgnjx.b,1001111??????????011?????0110011,sw/toolchain/riscv-opcodes/opcodes-flt-occamy_CUSTOM,sw/toolchain/riscv-opcodes/opcodes-flt-occamy_CUSTOM:468,No
VFSGNJX_R_B,vfsgnjx.r.b,1001111??????????111?????0110011,sw/toolchain/riscv-opcodes/opcodes-flt-occamy_CUSTOM,sw/toolchain/riscv-opcodes/opcodes-flt-occamy_CUSTOM:469,No
VFEQ_B,vfeq.b,1010000??????????011?????0110011,sw/toolchain/riscv-opcodes/opcodes-flt-occamy_CUSTOM,sw/toolchain/riscv-opcodes/opcodes-flt-occamy_CUSTOM:470,No
VFEQ_R_B,vfeq.r.b,1010000??????????111?????0110011,sw/toolchain/riscv-opcodes/opcodes-flt-occamy_CUSTOM,sw/toolchain/riscv-opcodes/opcodes-flt-occamy_CUSTOM:471,No
VFNE_B,vfne.b,1010001??????????011?????0110011,sw/toolchain/riscv-opcodes/opcodes-flt-occamy_CUSTOM,sw/toolchain/riscv-opcodes/opcodes-flt-occamy_CUSTOM:472,No
VFNE_R_B,vfne.r.b,1010001??????????111?????0110011,sw/toolchain/riscv-opcodes/opcodes-flt-occamy_CUSTOM,sw/toolchain/riscv-opcodes/opcodes-flt-occamy_CUSTOM:473,No
VFLT_B,vflt.b,1010010??????????011?????0110011,sw/toolchain/riscv-opcodes/opcodes-flt-occamy_CUSTOM,sw/toolchain/riscv-opcodes/opcodes-flt-occamy_CUSTOM:474,No
VFLT_R_B,vflt.r.b,1010010??????????111?????0110011,sw/toolchain/riscv-opcodes/opcodes-flt-occamy_CUSTOM,sw/toolchain/riscv-opcodes/opcodes-flt-occamy_CUSTOM:475,No
VFGE_B,vfge.b,1010011??????????011?????0110011,sw/toolchain/riscv-opcodes/opcodes-flt-occamy_CUSTOM,sw/toolchain/riscv-opcodes/opcodes-flt-occamy_CUSTOM:476,No
VFGE_R_B,vfge.r.b,1010011??????????111?????0110011,sw/toolchain/riscv-opcodes/opcodes-flt-occamy_CUSTOM,sw/toolchain/riscv-opcodes/opcodes-flt-occamy_CUSTOM:477,No
VFLE_B,vfle.b,1010100??????????011?????0110011,sw/toolchain/riscv-opcodes/opcodes-flt-occamy_CUSTOM,sw/toolchain/riscv-opcodes/opcodes-flt-occamy_CUSTOM:478,No
VFLE_R_B,vfle.r.b,1010100??????????111?????0110011,sw/toolchain/riscv-opcodes/opcodes-flt-occamy_CUSTOM,sw/toolchain/riscv-opcodes/opcodes-flt-occamy_CUSTOM:479,No
VFGT_B,vfgt.b,1010101??????????011?????0110011,sw/toolchain/riscv-opcodes/opcodes-flt-occamy_CUSTOM,sw/toolchain/riscv-opcodes/opcodes-flt-occamy_CUSTOM:480,No
VFGT_R_B,vfgt.r.b,1010101??????????111?????0110011,sw/toolchain/riscv-opcodes/opcodes-flt-occamy_CUSTOM,sw/toolchain/riscv-opcodes/opcodes-flt-occamy_CUSTOM:481,No
VFMV_X_B,vfmv.x.b,100110000000?????011?????0110011,sw/toolchain/riscv-opcodes/opcodes-flt-occamy_CUSTOM,sw/toolchain/riscv-opcodes/opcodes-flt-occamy_CUSTOM:483,No
VFMV_B_X,vfmv.b.x,100110000000?????111?????0110011,sw/toolchain/riscv-opcodes/opcodes-flt-occamy_CUSTOM,sw/toolchain/riscv-opcodes/opcodes-flt-occamy_CUSTOM:484,No
VFCLASS_B,vfclass.b,100110000001?????011?????0110011,sw/toolchain/riscv-opcodes/opcodes-flt-occamy_CUSTOM,sw/toolchain/riscv-opcodes/opcodes-flt-occamy_CUSTOM:485,No
VFCVT_X_B,vfcvt.x.b,100110000010?????011?????0110011,sw/toolchain/riscv-opcodes/opcodes-flt-occamy_CUSTOM,sw/toolchain/riscv-opcodes/opcodes-flt-occamy_CUSTOM:486,No
VFCVT_XU_B,vfcvt.xu.b,100110000010?????111?????0110011,sw/toolchain/riscv-opcodes/opcodes-flt-occamy_CUSTOM,sw/toolchain/riscv-opcodes/opcodes-flt-occamy_CUSTOM:487,No
VFCVT_B_X,vfcvt.b.x,100110000011?????011?????0110011,sw/toolchain/riscv-opcodes/opcodes-flt-occamy_CUSTOM,sw/toolchain/riscv-opcodes/opcodes-flt-occamy_CUSTOM:488,No
VFCVT_B_XU,vfcvt.b.xu,100110000011?????111?????0110011,sw/toolchain/riscv-opcodes/opcodes-flt-occamy_CUSTOM,sw/toolchain/riscv-opcodes/opcodes-flt-occamy_CUSTOM:489,No
VFCPKA_B_S,vfcpka.b.s,1011000??????????011?????0110011,sw/toolchain/riscv-opcodes/opcodes-flt-occamy_CUSTOM,sw/toolchain/riscv-opcodes/opcodes-flt-occamy_CUSTOM:491,No
VFCPKB_B_S,vfcpkb.b.s,1011000??????????111?????0110011,sw/toolchain/riscv-opcodes/opcodes-flt-occamy_CUSTOM,sw/toolchain/riscv-opcodes/opcodes-flt-occamy_CUSTOM:492,No
VFCPKC_B_S,vfcpkc.b.s,1011001??????????011?????0110011,sw/toolchain/riscv-opcodes/opcodes-flt-occamy_CUSTOM,sw/toolchain/riscv-opcodes/opcodes-flt-occamy_CUSTOM:493,No
VFCPKD_B_S,vfcpkd.b.s,1011001??????????111?????0110011,sw/toolchain/riscv-opcodes/opcodes-flt-occamy_CUSTOM,sw/toolchain/riscv-opcodes/opcodes-flt-occamy_CUSTOM:494,No
VFCPKA_B_D,vfcpka.b.d,1011010??????????011?????0110011,sw/toolchain/riscv-opcodes/opcodes-flt-occamy_CUSTOM,sw/toolchain/riscv-opcodes/opcodes-flt-occamy_CUSTOM:496,No
VFCPKB_B_D,vfcpkb.b.d,1011010??????????111?????0110011,sw/toolchain/riscv-opcodes/opcodes-flt-occamy_CUSTOM,sw/toolchain/riscv-opcodes/opcodes-flt-occamy_CUSTOM:497,No
VFCPKC_B_D,vfcpkc.b.d,1011011??????????011?????0110011,sw/toolchain/riscv-opcodes/opcodes-flt-occamy_CUSTOM,sw/toolchain/riscv-opcodes/opcodes-flt-occamy_CUSTOM:498,No
VFCPKD_B_D,vfcpkd.b.d,1011011??????????111?????0110011,sw/toolchain/riscv-opcodes/opcodes-flt-occamy_CUSTOM,sw/toolchain/riscv-opcodes/opcodes-flt-occamy_CUSTOM:499,No
VFCVT_S_B,vfcvt.s.b,100110000111?????000?????0110011,sw/toolchain/riscv-opcodes/opcodes-flt-occamy_CUSTOM,sw/toolchain/riscv-opcodes/opcodes-flt-occamy_CUSTOM:501,No
VFCVTU_S_B,vfcvtu.s.b,100110000111?????100?????0110011,sw/toolchain/riscv-opcodes/opcodes-flt-occamy_CUSTOM,sw/toolchain/riscv-opcodes/opcodes-flt-occamy_CUSTOM:502,No
VFCVT_B_S,vfcvt.b.s,100110000100?????011?????0110011,sw/toolchain/riscv-opcodes/opcodes-flt-occamy_CUSTOM,sw/toolchain/riscv-opcodes/opcodes-flt-occamy_CUSTOM:503,No
VFCVTU_B_S,vfcvtu.b.s,100110000100?????111?????0110011,sw/toolchain/riscv-opcodes/opcodes-flt-occamy_CUSTOM,sw/toolchain/riscv-opcodes/opcodes-flt-occamy_CUSTOM:504,No
VFCVT_H_B,vfcvt.h.b,100110000111?????010?????0110011,sw/toolchain/riscv-opcodes/opcodes-flt-occamy_CUSTOM,sw/toolchain/riscv-opcodes/opcodes-flt-occamy_CUSTOM:506,No
VFCVTU_H_B,vfcvtu.h.b,100110000111?????110?????0110011,sw/toolchain/riscv-opcodes/opcodes-flt-occamy_CUSTOM,sw/toolchain/riscv-opcodes/opcodes-flt-occamy_CUSTOM:507,No
VFCVT_B_H,vfcvt.b.h,100110000110?????011?????0110011,sw/toolchain/riscv-opcodes/opcodes-flt-occamy_CUSTOM,sw/toolchain/riscv-opcodes/opcodes-flt-occamy_CUSTOM:508,No
VFCVTU_B_H,vfcvtu.b.h,100110000110?????111?????0110011,sw/toolchain/riscv-opcodes/opcodes-flt-occamy_CUSTOM,sw/toolchain/riscv-opcodes/opcodes-flt-occamy_CUSTOM:509,No
VFCVT_B_B,vfcvt.b.b,100110000111?????011?????0110011,sw/toolchain/riscv-opcodes/opcodes-flt-occamy_CUSTOM,sw/toolchain/riscv-opcodes/opcodes-flt-occamy_CUSTOM:516,No
VFCVTU_B_B,vfcvtu.b.b,100110000111?????111?????0110011,sw/toolchain/riscv-opcodes/opcodes-flt-occamy_CUSTOM,sw/toolchain/riscv-opcodes/opcodes-flt-occamy_CUSTOM:519,No
FMULEX_S_H,fmulex.s.h,0100110??????????????????1010011,sw/toolchain/riscv-opcodes/opcodes-flt-occamy_CUSTOM,sw/toolchain/riscv-opcodes/opcodes-flt-occamy_CUSTOM:623,No
FMACEX_S_H,fmacex.s.h,0101010??????????????????1010011,sw/toolchain/riscv-opcodes/opcodes-flt-occamy_CUSTOM,sw/toolchain/riscv-opcodes/opcodes-flt-occamy_CUSTOM:624,No
FMULEX_S_B,fmulex.s.b,0100111??????????????????1010011,sw/toolchain/riscv-opcodes/opcodes-flt-occamy_CUSTOM,sw/toolchain/riscv-opcodes/opcodes-flt-occamy_CUSTOM:641,No
FMACEX_S_B,fmacex.s.b,0101011??????????????????1010011,sw/toolchain/riscv-opcodes/opcodes-flt-occamy_CUSTOM,sw/toolchain/riscv-opcodes/opcodes-flt-occamy_CUSTOM:642,No
VFSUM_S,vfsum.s,100011111100?????000?????0110011,sw/toolchain/riscv-opcodes/opcodes-flt-occamy_CUSTOM,sw/toolchain/riscv-opcodes/opcodes-flt-occamy_CUSTOM:665,No
VFNSUM_S,vfnsum.s,101011111100?????000?????0110011,sw/toolchain/riscv-opcodes/opcodes-flt-occamy_CUSTOM,sw/toolchain/riscv-opcodes/opcodes-flt-occamy_CUSTOM:666,No
VFSUM_H,vfsum.h,100011111110?????010?????0110011,sw/toolchain/riscv-opcodes/opcodes-flt-occamy_CUSTOM,sw/toolchain/riscv-opcodes/opcodes-flt-occamy_CUSTOM:678,No
VFNSUM_H,vfnsum.h,101011111110?????010?????0110011,sw/toolchain/riscv-opcodes/opcodes-flt-occamy_CUSTOM,sw/toolchain/riscv-opcodes/opcodes-flt-occamy_CUSTOM:679,No
VFSUM_B,vfsum.b,100011100111?????011?????0110011,sw/toolchain/riscv-opcodes/opcodes-flt-occamy_CUSTOM,sw/toolchain/riscv-opcodes/opcodes-flt-occamy_CUSTOM:704,No
VFNSUM_B,vfnsum.b,101011100111?????011?????0110011,sw/toolchain/riscv-opcodes/opcodes-flt-occamy_CUSTOM,sw/toolchain/riscv-opcodes/opcodes-flt-occamy_CUSTOM:705,No
VFSUMEX_S_H,vfsumex.s.h,100011110110?????000?????0110011,sw/toolchain/riscv-opcodes/opcodes-flt-occamy_CUSTOM,sw/toolchain/riscv-opcodes/opcodes-flt-occamy_CUSTOM:737,No
VFNSUMEX_S_H,vfnsumex.s.h,101011110110?????000?????0110011,sw/toolchain/riscv-opcodes/opcodes-flt-occamy_CUSTOM,sw/toolchain/riscv-opcodes/opcodes-flt-occamy_CUSTOM:738,No
VFDOTPEX_S_H,vfdotpex.s.h,1001011??????????000?????0110011,sw/toolchain/riscv-opcodes/opcodes-flt-occamy_CUSTOM,sw/toolchain/riscv-opcodes/opcodes-flt-occamy_CUSTOM:739,No
VFDOTPEX_S_R_H,vfdotpex.s.r.h,1001011??????????100?????0110011,sw/toolchain/riscv-opcodes/opcodes-flt-occamy_CUSTOM,sw/toolchain/riscv-opcodes/opcodes-flt-occamy_CUSTOM:740,No
VFNDOTPEX_S_H,vfndotpex.s.h,1011101??????????000?????0110011,sw/toolchain/riscv-opcodes/opcodes-flt-occamy_CUSTOM,sw/toolchain/riscv-opcodes/opcodes-flt-occamy_CUSTOM:741,No
VFNDOTPEX_S_R_H,vfndotpex.s.r.h,1011101??????????100?????0110011,sw/toolchain/riscv-opcodes/opcodes-flt-occamy_CUSTOM,sw/toolchain/riscv-opcodes/opcodes-flt-occamy_CUSTOM:742,No
VFSUMEX_H_B,vfsumex.h.b,100011110111?????010?????0110011,sw/toolchain/riscv-opcodes/opcodes-flt-occamy_CUSTOM,sw/toolchain/riscv-opcodes/opcodes-flt-occamy_CUSTOM:763,No
VFNSUMEX_H_B,vfnsumex.h.b,101011110111?????010?????0110011,sw/toolchain/riscv-opcodes/opcodes-flt-occamy_CUSTOM,sw/toolchain/riscv-opcodes/opcodes-flt-occamy_CUSTOM:764,No
VFDOTPEX_H_B,vfdotpex.h.b,1001011??????????010?????0110011,sw/toolchain/riscv-opcodes/opcodes-flt-occamy_CUSTOM,sw/toolchain/riscv-opcodes/opcodes-flt-occamy_CUSTOM:765,No
VFDOTPEX_H_R_B,vfdotpex.h.r.b,1001011??????????110?????0110011,sw/toolchain/riscv-opcodes/opcodes-flt-occamy_CUSTOM,sw/toolchain/riscv-opcodes/opcodes-flt-occamy_CUSTOM:766,No
VFNDOTPEX_H_B,vfndotpex.h.b,1011101??????????010?????0110011,sw/toolchain/riscv-opcodes/opcodes-flt-occamy_CUSTOM,sw/toolchain/riscv-opcodes/opcodes-flt-occamy_CUSTOM:767,No
VFNDOTPEX_H_R_B,vfndotpex.h.r.b,1011101??????????110?????0110011,sw/toolchain/riscv-opcodes/opcodes-flt-occamy_CUSTOM,sw/toolchain/riscv-opcodes/opcodes-flt-occamy_CUSTOM:768,No
FREP_O,frep.o,????????????????????????10001011,sw/toolchain/riscv-opcodes/opcodes-frep_CUSTOM,sw/toolchain/riscv-opcodes/opcodes-frep_CUSTOM:17,Yes
FREP_I,frep.i,????????????????????????00001011,sw/toolchain/riscv-opcodes/opcodes-frep_CUSTOM,sw/toolchain/riscv-opcodes/opcodes-frep_CUSTOM:18,Yes
IREP,irep,?????????????????????????0111111,sw/toolchain/riscv-opcodes/opcodes-frep_CUSTOM,sw/toolchain/riscv-opcodes/opcodes-frep_CUSTOM:19,Yes
IMV_X_W,imv.x.w,111000000000?????000?????1011011,sw/toolchain/riscv-opcodes/opcodes-ipu_CUSTOM,sw/toolchain/riscv-opcodes/opcodes-ipu_CUSTOM:17,Yes
IMV_W_X,imv.w.x,111100000000?????000?????1011011,sw/toolchain/riscv-opcodes/opcodes-ipu_CUSTOM,sw/toolchain/riscv-opcodes/opcodes-ipu_CUSTOM:18,Yes
IADDI,iaddi,?????????????????000?????1111011,sw/toolchain/riscv-opcodes/opcodes-ipu_CUSTOM,sw/toolchain/riscv-opcodes/opcodes-ipu_CUSTOM:20,Yes
ISLLI,islli,000000???????????001?????1111011,sw/toolchain/riscv-opcodes/opcodes-ipu_CUSTOM,sw/toolchain/riscv-opcodes/opcodes-ipu_CUSTOM:21,Yes
ISLTI,islti,?????????????????010?????1111011,sw/toolchain/riscv-opcodes/opcodes-ipu_CUSTOM,sw/toolchain/riscv-opcodes/opcodes-ipu_CUSTOM:22,Yes
ISLTIU,isltiu,?????????????????011?????1111011,sw/toolchain/riscv-opcodes/opcodes-ipu_CUSTOM,sw/toolchain/riscv-opcodes/opcodes-ipu_CUSTOM:23,Yes
IXORI,ixori,?????????????????100?????1111011,sw/toolchain/riscv-opcodes/opcodes-ipu_CUSTOM,sw/toolchain/riscv-opcodes/opcodes-ipu_CUSTOM:24,Yes
ISRLI,isrli,000000???????????101?????1111011,sw/toolchain/riscv-opcodes/opcodes-ipu_CUSTOM,sw/toolchain/riscv-opcodes/opcodes-ipu_CUSTOM:25,Yes
ISRAI,israi,010000???????????101?????1111011,sw/toolchain/riscv-opcodes/opcodes-ipu_CUSTOM,sw/toolchain/riscv-opcodes/opcodes-ipu_CUSTOM:26,Yes
IORI,iori,?????????????????110?????1111011,sw/toolchain/riscv-opcodes/opcodes-ipu_CUSTOM,sw/toolchain/riscv-opcodes/opcodes-ipu_CUSTOM:27,Yes
IANDI,iandi,?????????????????111?????1111011,sw/toolchain/riscv-opcodes/opcodes-ipu_CUSTOM,sw/toolchain/riscv-opcodes/opcodes-ipu_CUSTOM:28,Yes
IADD,iadd,0000000??????????000?????1011011,sw/toolchain/riscv-opcodes/opcodes-ipu_CUSTOM,sw/toolchain/riscv-opcodes/opcodes-ipu_CUSTOM:30,Yes
ISUB,isub,0100000??????????000?????1011011,sw/toolchain/riscv-opcodes/opcodes-ipu_CUSTOM,sw/toolchain/riscv-opcodes/opcodes-ipu_CUSTOM:31,Yes
ISLL,isll,0000000??????????001?????1011011,sw/toolchain/riscv-opcodes/opcodes-ipu_CUSTOM,sw/toolchain/riscv-opcodes/opcodes-ipu_CUSTOM:32,Yes
ISLT,islt,0000000??????????010?????1011011,sw/toolchain/riscv-opcodes/opcodes-ipu_CUSTOM,sw/toolchain/riscv-opcodes/opcodes-ipu_CUSTOM:33,Yes
ISLTU,isltu,0000000??????????011?????1011011,sw/toolchain/riscv-opcodes/opcodes-ipu_CUSTOM,sw/toolchain/riscv-opcodes/opcodes-ipu_CUSTOM:34,Yes
IXOR,ixor,0000000??????????100?????1011011,sw/toolchain/riscv-opcodes/opcodes-ipu_CUSTOM,sw/toolchain/riscv-opcodes/opcodes-ipu_CUSTOM:35,Yes
ISRL,isrl,0000000??????????101?????1011011,sw/toolchain/riscv-opcodes/opcodes-ipu_CUSTOM,sw/toolchain/riscv-opcodes/opcodes-ipu_CUSTOM:36,Yes
ISRA,isra,0100000??????????101?????1011011,sw/toolchain/riscv-opcodes/opcodes-ipu_CUSTOM,sw/toolchain/riscv-opcodes/opcodes-ipu_CUSTOM:37,Yes
IOR,ior,0000000??????????110?????1011011,sw/toolchain/riscv-opcodes/opcodes-ipu_CUSTOM,sw/toolchain/riscv-opcodes/opcodes-ipu_CUSTOM:38,Yes
IAND,iand,0000000??????????111?????1011011,sw/toolchain/riscv-opcodes/opcodes-ipu_CUSTOM,sw/toolchain/riscv-opcodes/opcodes-ipu_CUSTOM:39,Yes
IMADD,imadd,?????01??????????000?????1011011,sw/toolchain/riscv-opcodes/opcodes-ipu_CUSTOM,sw/toolchain/riscv-opcodes/opcodes-ipu_CUSTOM:41,Yes
IMSUB,imsub,?????01??????????001?????1011011,sw/toolchain/riscv-opcodes/opcodes-ipu_CUSTOM,sw/toolchain/riscv-opcodes/opcodes-ipu_CUSTOM:42,Yes
INMSUB,inmsub,?????01??????????010?????1011011,sw/toolchain/riscv-opcodes/opcodes-ipu_CUSTOM,sw/toolchain/riscv-opcodes/opcodes-ipu_CUSTOM:43,Yes
INMADD,inmadd,?????01??????????011?????1011011,sw/toolchain/riscv-opcodes/opcodes-ipu_CUSTOM,sw/toolchain/riscv-opcodes/opcodes-ipu_CUSTOM:44,Yes
IMUL,imul,0000010??????????000?????1011011,sw/toolchain/riscv-opcodes/opcodes-ipu_CUSTOM,sw/toolchain/riscv-opcodes/opcodes-ipu_CUSTOM:46,Yes
IMULH,imulh,0000010??????????001?????1011011,sw/toolchain/riscv-opcodes/opcodes-ipu_CUSTOM,sw/toolchain/riscv-opcodes/opcodes-ipu_CUSTOM:47,Yes
IMULHSU,imulhsu,0000010??????????010?????1011011,sw/toolchain/riscv-opcodes/opcodes-ipu_CUSTOM,sw/toolchain/riscv-opcodes/opcodes-ipu_CUSTOM:48,Yes
IMULHU,imulhu,0000010??????????011?????1011011,sw/toolchain/riscv-opcodes/opcodes-ipu_CUSTOM,sw/toolchain/riscv-opcodes/opcodes-ipu_CUSTOM:49,Yes
IANDN,iandn,0100000??????????111?????1011011,sw/toolchain/riscv-opcodes/opcodes-ipu_CUSTOM,sw/toolchain/riscv-opcodes/opcodes-ipu_CUSTOM:51,Yes
IORN,iorn,0100000??????????110?????1011011,sw/toolchain/riscv-opcodes/opcodes-ipu_CUSTOM,sw/toolchain/riscv-opcodes/opcodes-ipu_CUSTOM:52,Yes
IXNOR,ixnor,0100000??????????100?????1011011,sw/toolchain/riscv-opcodes/opcodes-ipu_CUSTOM,sw/toolchain/riscv-opcodes/opcodes-ipu_CUSTOM:53,Yes
ISLO,islo,0010000??????????001?????1011011,sw/toolchain/riscv-opcodes/opcodes-ipu_CUSTOM,sw/toolchain/riscv-opcodes/opcodes-ipu_CUSTOM:55,Yes
ISRO,isro,0010000??????????101?????1011011,sw/toolchain/riscv-opcodes/opcodes-ipu_CUSTOM,sw/toolchain/riscv-opcodes/opcodes-ipu_CUSTOM:56,Yes
IROL,irol,0110000??????????001?????1011011,sw/toolchain/riscv-opcodes/opcodes-ipu_CUSTOM,sw/toolchain/riscv-opcodes/opcodes-ipu_CUSTOM:57,Yes
IROR,iror,0110000??????????101?????1011011,sw/toolchain/riscv-opcodes/opcodes-ipu_CUSTOM,sw/toolchain/riscv-opcodes/opcodes-ipu_CUSTOM:58,Yes
ISBCLR,isbclr,0100100??????????001?????1011011,sw/toolchain/riscv-opcodes/opcodes-ipu_CUSTOM,sw/toolchain/riscv-opcodes/opcodes-ipu_CUSTOM:60,Yes
ISBSET,isbset,0010100??????????001?????1011011,sw/toolchain/riscv-opcodes/opcodes-ipu_CUSTOM,sw/toolchain/riscv-opcodes/opcodes-ipu_CUSTOM:61,Yes
ISBINV,isbinv,0110100??????????001?????1011011,sw/toolchain/riscv-opcodes/opcodes-ipu_CUSTOM,sw/toolchain/riscv-opcodes/opcodes-ipu_CUSTOM:62,Yes
ISBEXT,isbext,0100100??????????101?????1011011,sw/toolchain/riscv-opcodes/opcodes-ipu_CUSTOM,sw/toolchain/riscv-opcodes/opcodes-ipu_CUSTOM:63,Yes
IGORC,igorc,0010100??????????101?????1011011,sw/toolchain/riscv-opcodes/opcodes-ipu_CUSTOM,sw/toolchain/riscv-opcodes/opcodes-ipu_CUSTOM:64,Yes
IGREV,igrev,0110100??????????101?????1011011,sw/toolchain/riscv-opcodes/opcodes-ipu_CUSTOM,sw/toolchain/riscv-opcodes/opcodes-ipu_CUSTOM:65,Yes
ISLOI,isloi,001000???????????001?????1111011,sw/toolchain/riscv-opcodes/opcodes-ipu_CUSTOM,sw/toolchain/riscv-opcodes/opcodes-ipu_CUSTOM:67,Yes
ISROI,isroi,001000???????????101?????1111011,sw/toolchain/riscv-opcodes/opcodes-ipu_CUSTOM,sw/toolchain/riscv-opcodes/opcodes-ipu_CUSTOM:68,Yes
IRORI,irori,011000???????????101?????1111011,sw/toolchain/riscv-opcodes/opcodes-ipu_CUSTOM,sw/toolchain/riscv-opcodes/opcodes-ipu_CUSTOM:69,Yes
ISBCLRI,isbclri,010010???????????001?????1111011,sw/toolchain/riscv-opcodes/opcodes-ipu_CUSTOM,sw/toolchain/riscv-opcodes/opcodes-ipu_CUSTOM:71,Yes
ISBSETI,isbseti,001010???????????001?????1111011,sw/toolchain/riscv-opcodes/opcodes-ipu_CUSTOM,sw/toolchain/riscv-opcodes/opcodes-ipu_CUSTOM:72,Yes
ISBINVI,isbinvi,011010???????????001?????1111011,sw/toolchain/riscv-opcodes/opcodes-ipu_CUSTOM,sw/toolchain/riscv-opcodes/opcodes-ipu_CUSTOM:73,Yes
ISBEXTI,isbexti,010010???????????101?????1111011,sw/toolchain/riscv-opcodes/opcodes-ipu_CUSTOM,sw/toolchain/riscv-opcodes/opcodes-ipu_CUSTOM:74,Yes
IGORCI,igorci,001010???????????101?????1111011,sw/toolchain/riscv-opcodes/opcodes-ipu_CUSTOM,sw/toolchain/riscv-opcodes/opcodes-ipu_CUSTOM:75,Yes
IGREVI,igrevi,011010???????????101?????1111011,sw/toolchain/riscv-opcodes/opcodes-ipu_CUSTOM,sw/toolchain/riscv-opcodes/opcodes-ipu_CUSTOM:76,Yes
ICLZ,iclz,011000000000?????010?????1011011,sw/toolchain/riscv-opcodes/opcodes-ipu_CUSTOM,sw/toolchain/riscv-opcodes/opcodes-ipu_CUSTOM:78,Yes
ICTZ,ictz,011000000001?????010?????1011011,sw/toolchain/riscv-opcodes/opcodes-ipu_CUSTOM,sw/toolchain/riscv-opcodes/opcodes-ipu_CUSTOM:79,Yes
IPCNT,ipcnt,011000000010?????010?????1011011,sw/toolchain/riscv-opcodes/opcodes-ipu_CUSTOM,sw/toolchain/riscv-opcodes/opcodes-ipu_CUSTOM:80,Yes
ISEXT_B,isext.b,011000000100?????010?????1011011,sw/toolchain/riscv-opcodes/opcodes-ipu_CUSTOM,sw/toolchain/riscv-opcodes/opcodes-ipu_CUSTOM:81,Yes
ISEXT_H,isext.h,011000000101?????010?????1011011,sw/toolchain/riscv-opcodes/opcodes-ipu_CUSTOM,sw/toolchain/riscv-opcodes/opcodes-ipu_CUSTOM:82,Yes
ICRC32_B,icrc32.b,011000010000?????001?????1011011,sw/toolchain/riscv-opcodes/opcodes-ipu_CUSTOM,sw/toolchain/riscv-opcodes/opcodes-ipu_CUSTOM:84,Yes
ICRC32_H,icrc32.h,011000010001?????001?????1011011,sw/toolchain/riscv-opcodes/opcodes-ipu_CUSTOM,sw/toolchain/riscv-opcodes/opcodes-ipu_CUSTOM:85,Yes
ICRC32_W,icrc32.w,011000010010?????001?????1011011,sw/toolchain/riscv-opcodes/opcodes-ipu_CUSTOM,sw/toolchain/riscv-opcodes/opcodes-ipu_CUSTOM:86,Yes
ICRC32C_B,icrc32c.b,011000011000?????001?????1011011,sw/toolchain/riscv-opcodes/opcodes-ipu_CUSTOM,sw/toolchain/riscv-opcodes/opcodes-ipu_CUSTOM:87,Yes
ICRC32C_H,icrc32c.h,011000011001?????001?????1011011,sw/toolchain/riscv-opcodes/opcodes-ipu_CUSTOM,sw/toolchain/riscv-opcodes/opcodes-ipu_CUSTOM:88,Yes
ICRC32C_W,icrc32c.w,011000011010?????001?????1011011,sw/toolchain/riscv-opcodes/opcodes-ipu_CUSTOM,sw/toolchain/riscv-opcodes/opcodes-ipu_CUSTOM:89,Yes
ISH1ADD,ish1add,0010000??????????010?????1011011,sw/toolchain/riscv-opcodes/opcodes-ipu_CUSTOM,sw/toolchain/riscv-opcodes/opcodes-ipu_CUSTOM:91,Yes
ISH2ADD,ish2add,0010000??????????100?????1011011,sw/toolchain/riscv-opcodes/opcodes-ipu_CUSTOM,sw/toolchain/riscv-opcodes/opcodes-ipu_CUSTOM:92,Yes
ISH3ADD,ish3add,0010000??????????110?????1011011,sw/toolchain/riscv-opcodes/opcodes-ipu_CUSTOM,sw/toolchain/riscv-opcodes/opcodes-ipu_CUSTOM:93,Yes
ICLMUL,iclmul,0000101??????????001?????1011011,sw/toolchain/riscv-opcodes/opcodes-ipu_CUSTOM,sw/toolchain/riscv-opcodes/opcodes-ipu_CUSTOM:95,Yes
ICLMULR,iclmulr,0000101??????????010?????1011011,sw/toolchain/riscv-opcodes/opcodes-ipu_CUSTOM,sw/toolchain/riscv-opcodes/opcodes-ipu_CUSTOM:96,Yes
ICLMULH,iclmulh,0000101??????????011?????1011011,sw/toolchain/riscv-opcodes/opcodes-ipu_CUSTOM,sw/toolchain/riscv-opcodes/opcodes-ipu_CUSTOM:97,Yes
IMIN,imin,0000101??????????100?????1011011,sw/toolchain/riscv-opcodes/opcodes-ipu_CUSTOM,sw/toolchain/riscv-opcodes/opcodes-ipu_CUSTOM:98,Yes
IMAX,imax,0000101??????????101?????1011011,sw/toolchain/riscv-opcodes/opcodes-ipu_CUSTOM,sw/toolchain/riscv-opcodes/opcodes-ipu_CUSTOM:99,Yes
IMINU,iminu,0000101??????????110?????1011011,sw/toolchain/riscv-opcodes/opcodes-ipu_CUSTOM,sw/toolchain/riscv-opcodes/opcodes-ipu_CUSTOM:100,Yes
IMAXU,imaxu,0000101??????????111?????1011011,sw/toolchain/riscv-opcodes/opcodes-ipu_CUSTOM,sw/toolchain/riscv-opcodes/opcodes-ipu_CUSTOM:101,Yes
ISHFL,ishfl,0000100??????????001?????1011011,sw/toolchain/riscv-opcodes/opcodes-ipu_CUSTOM,sw/toolchain/riscv-opcodes/opcodes-ipu_CUSTOM:103,Yes
IUNSHFL,iunshfl,0000100??????????101?????1011011,sw/toolchain/riscv-opcodes/opcodes-ipu_CUSTOM,sw/toolchain/riscv-opcodes/opcodes-ipu_CUSTOM:104,Yes
IBEXT,ibext,0000100??????????110?????1011011,sw/toolchain/riscv-opcodes/opcodes-ipu_CUSTOM,sw/toolchain/riscv-opcodes/opcodes-ipu_CUSTOM:105,Yes
IBDEP,ibdep,0100100??????????110?????1011011,sw/toolchain/riscv-opcodes/opcodes-ipu_CUSTOM,sw/toolchain/riscv-opcodes/opcodes-ipu_CUSTOM:106,Yes
IPACK,ipack,0000100??????????100?????1011011,sw/toolchain/riscv-opcodes/opcodes-ipu_CUSTOM,sw/toolchain/riscv-opcodes/opcodes-ipu_CUSTOM:107,Yes
IPACKU,ipacku,0100100??????????100?????1011011,sw/toolchain/riscv-opcodes/opcodes-ipu_CUSTOM,sw/toolchain/riscv-opcodes/opcodes-ipu_CUSTOM:108,Yes
IPACKH,ipackh,0000100??????????111?????1011011,sw/toolchain/riscv-opcodes/opcodes-ipu_CUSTOM,sw/toolchain/riscv-opcodes/opcodes-ipu_CUSTOM:109,Yes
IBFP,ibfp,0100100??????????111?????1011011,sw/toolchain/riscv-opcodes/opcodes-ipu_CUSTOM,sw/toolchain/riscv-opcodes/opcodes-ipu_CUSTOM:110,Yes
ISHFLI,ishfli,0000100??????????001?????1111011,sw/toolchain/riscv-opcodes/opcodes-ipu_CUSTOM,sw/toolchain/riscv-opcodes/opcodes-ipu_CUSTOM:112,Yes
IUNSHFLI,iunshfli,0000100??????????101?????1111011,sw/toolchain/riscv-opcodes/opcodes-ipu_CUSTOM,sw/toolchain/riscv-opcodes/opcodes-ipu_CUSTOM:113,Yes
AMOADD_W,amoadd.w,00000????????????010?????0101111,sw/toolchain/riscv-opcodes/opcodes-rv32a,sw/toolchain/riscv-opcodes/opcodes-rv32a:1,No
AMOXOR_W,amoxor.w,00100????????????010?????0101111,sw/toolchain/riscv-opcodes/opcodes-rv32a,sw/toolchain/riscv-opcodes/opcodes-rv32a:2,No
AMOOR_W,amoor.w,01000????????????010?????0101111,sw/toolchain/riscv-opcodes/opcodes-rv32a,sw/toolchain/riscv-opcodes/opcodes-rv32a:3,No
AMOAND_W,amoand.w,01100????????????010?????0101111,sw/toolchain/riscv-opcodes/opcodes-rv32a,sw/toolchain/riscv-opcodes/opcodes-rv32a:4,No
AMOMIN_W,amomin.w,10000????????????010?????0101111,sw/toolchain/riscv-opcodes/opcodes-rv32a,sw/toolchain/riscv-opcodes/opcodes-rv32a:5,No
AMOMAX_W,amomax.w,10100????????????010?????0101111,sw/toolchain/riscv-opcodes/opcodes-rv32a,sw/toolchain/riscv-opcodes/opcodes-rv32a:6,No
AMOMINU_W,amominu.w,11000????????????010?????0101111,sw/toolchain/riscv-opcodes/opcodes-rv32a,sw/toolchain/riscv-opcodes/opcodes-rv32a:7,No
AMOMAXU_W,amomaxu.w,11100????????????010?????0101111,sw/toolchain/riscv-opcodes/opcodes-rv32a,sw/toolchain/riscv-opcodes/opcodes-rv32a:8,No
AMOSWAP_W,amoswap.w,00001????????????010?????0101111,sw/toolchain/riscv-opcodes/opcodes-rv32a,sw/toolchain/riscv-opcodes/opcodes-rv32a:9,No
LR_W,lr.w,00010??00000?????010?????0101111,sw/toolchain/riscv-opcodes/opcodes-rv32a,sw/toolchain/riscv-opcodes/opcodes-rv32a:10,No
SC_W,sc.w,00011????????????010?????0101111,sw/toolchain/riscv-opcodes/opcodes-rv32a,sw/toolchain/riscv-opcodes/opcodes-rv32a:11,No
ANDN,andn,0100000??????????111?????0110011,sw/toolchain/riscv-opcodes/opcodes-rv32b_CUSTOM,sw/toolchain/riscv-opcodes/opcodes-rv32b_CUSTOM:19,Yes
ORN,orn,0100000??????????110?????0110011,sw/toolchain/riscv-opcodes/opcodes-rv32b_CUSTOM,sw/toolchain/riscv-opcodes/opcodes-rv32b_CUSTOM:20,Yes
XNOR,xnor,0100000??????????100?????0110011,sw/toolchain/riscv-opcodes/opcodes-rv32b_CUSTOM,sw/toolchain/riscv-opcodes/opcodes-rv32b_CUSTOM:21,Yes
SLO,slo,0010000??????????001?????0110011,sw/toolchain/riscv-opcodes/opcodes-rv32b_CUSTOM,sw/toolchain/riscv-opcodes/opcodes-rv32b_CUSTOM:23,Yes
SRO,sro,0010000??????????101?????0110011,sw/toolchain/riscv-opcodes/opcodes-rv32b_CUSTOM,sw/toolchain/riscv-opcodes/opcodes-rv32b_CUSTOM:24,Yes
ROL,rol,0110000??????????001?????0110011,sw/toolchain/riscv-opcodes/opcodes-rv32b_CUSTOM,sw/toolchain/riscv-opcodes/opcodes-rv32b_CUSTOM:25,Yes
ROR,ror,0110000??????????101?????0110011,sw/toolchain/riscv-opcodes/opcodes-rv32b_CUSTOM,sw/toolchain/riscv-opcodes/opcodes-rv32b_CUSTOM:26,Yes
SBCLR,sbclr,0100100??????????001?????0110011,sw/toolchain/riscv-opcodes/opcodes-rv32b_CUSTOM,sw/toolchain/riscv-opcodes/opcodes-rv32b_CUSTOM:28,Yes
SBSET,sbset,0010100??????????001?????0110011,sw/toolchain/riscv-opcodes/opcodes-rv32b_CUSTOM,sw/toolchain/riscv-opcodes/opcodes-rv32b_CUSTOM:29,Yes
SBINV,sbinv,0110100??????????001?????0110011,sw/toolchain/riscv-opcodes/opcodes-rv32b_CUSTOM,sw/toolchain/riscv-opcodes/opcodes-rv32b_CUSTOM:30,Yes
SBEXT,sbext,0100100??????????101?????0110011,sw/toolchain/riscv-opcodes/opcodes-rv32b_CUSTOM,sw/toolchain/riscv-opcodes/opcodes-rv32b_CUSTOM:31,Yes
GORC,gorc,0010100??????????101?????0110011,sw/toolchain/riscv-opcodes/opcodes-rv32b_CUSTOM,sw/toolchain/riscv-opcodes/opcodes-rv32b_CUSTOM:32,Yes
GREV,grev,0110100??????????101?????0110011,sw/toolchain/riscv-opcodes/opcodes-rv32b_CUSTOM,sw/toolchain/riscv-opcodes/opcodes-rv32b_CUSTOM:33,Yes
SLOI,sloi,001000???????????001?????0010011,sw/toolchain/riscv-opcodes/opcodes-rv32b_CUSTOM,sw/toolchain/riscv-opcodes/opcodes-rv32b_CUSTOM:35,Yes
SROI,sroi,001000???????????101?????0010011,sw/toolchain/riscv-opcodes/opcodes-rv32b_CUSTOM,sw/toolchain/riscv-opcodes/opcodes-rv32b_CUSTOM:36,Yes
RORI,rori,011000???????????101?????0010011,sw/toolchain/riscv-opcodes/opcodes-rv32b_CUSTOM,sw/toolchain/riscv-opcodes/opcodes-rv32b_CUSTOM:37,Yes
SBCLRI,sbclri,010010???????????001?????0010011,sw/toolchain/riscv-opcodes/opcodes-rv32b_CUSTOM,sw/toolchain/riscv-opcodes/opcodes-rv32b_CUSTOM:39,Yes
SBSETI,sbseti,001010???????????001?????0010011,sw/toolchain/riscv-opcodes/opcodes-rv32b_CUSTOM,sw/toolchain/riscv-opcodes/opcodes-rv32b_CUSTOM:40,Yes
SBINVI,sbinvi,011010???????????001?????0010011,sw/toolchain/riscv-opcodes/opcodes-rv32b_CUSTOM,sw/toolchain/riscv-opcodes/opcodes-rv32b_CUSTOM:41,Yes
SBEXTI,sbexti,010010???????????101?????0010011,sw/toolchain/riscv-opcodes/opcodes-rv32b_CUSTOM,sw/toolchain/riscv-opcodes/opcodes-rv32b_CUSTOM:42,Yes
GORCI,gorci,001010???????????101?????0010011,sw/toolchain/riscv-opcodes/opcodes-rv32b_CUSTOM,sw/toolchain/riscv-opcodes/opcodes-rv32b_CUSTOM:43,Yes
GREVI,grevi,011010???????????101?????0010011,sw/toolchain/riscv-opcodes/opcodes-rv32b_CUSTOM,sw/toolchain/riscv-opcodes/opcodes-rv32b_CUSTOM:44,Yes
CMIX,cmix,?????11??????????001?????0110011,sw/toolchain/riscv-opcodes/opcodes-rv32b_CUSTOM,sw/toolchain/riscv-opcodes/opcodes-rv32b_CUSTOM:46,Yes
CMOV,cmov,?????11??????????101?????0110011,sw/toolchain/riscv-opcodes/opcodes-rv32b_CUSTOM,sw/toolchain/riscv-opcodes/opcodes-rv32b_CUSTOM:47,Yes
FSL,fsl,?????10??????????001?????0110011,sw/toolchain/riscv-opcodes/opcodes-rv32b_CUSTOM,sw/toolchain/riscv-opcodes/opcodes-rv32b_CUSTOM:49,Yes
FSR,fsr,?????10??????????101?????0110011,sw/toolchain/riscv-opcodes/opcodes-rv32b_CUSTOM,sw/toolchain/riscv-opcodes/opcodes-rv32b_CUSTOM:50,Yes
FSRI,fsri,?????1???????????101?????0010011,sw/toolchain/riscv-opcodes/opcodes-rv32b_CUSTOM,sw/toolchain/riscv-opcodes/opcodes-rv32b_CUSTOM:51,Yes
CLZ,clz,011000000000?????001?????0010011,sw/toolchain/riscv-opcodes/opcodes-rv32b_CUSTOM,sw/toolchain/riscv-opcodes/opcodes-rv32b_CUSTOM:53,Yes
CTZ,ctz,011000000001?????001?????0010011,sw/toolchain/riscv-opcodes/opcodes-rv32b_CUSTOM,sw/toolchain/riscv-opcodes/opcodes-rv32b_CUSTOM:54,Yes
PCNT,pcnt,011000000010?????001?????0010011,sw/toolchain/riscv-opcodes/opcodes-rv32b_CUSTOM,sw/toolchain/riscv-opcodes/opcodes-rv32b_CUSTOM:55,Yes
SEXT_B,sext.b,011000000100?????001?????0010011,sw/toolchain/riscv-opcodes/opcodes-rv32b_CUSTOM,sw/toolchain/riscv-opcodes/opcodes-rv32b_CUSTOM:56,Yes
SEXT_H,sext.h,011000000101?????001?????0010011,sw/toolchain/riscv-opcodes/opcodes-rv32b_CUSTOM,sw/toolchain/riscv-opcodes/opcodes-rv32b_CUSTOM:57,Yes
CRC32_B,crc32.b,011000010000?????001?????0010011,sw/toolchain/riscv-opcodes/opcodes-rv32b_CUSTOM,sw/toolchain/riscv-opcodes/opcodes-rv32b_CUSTOM:59,Yes
CRC32_H,crc32.h,011000010001?????001?????0010011,sw/toolchain/riscv-opcodes/opcodes-rv32b_CUSTOM,sw/toolchain/riscv-opcodes/opcodes-rv32b_CUSTOM:60,Yes
CRC32_W,crc32.w,011000010010?????001?????0010011,sw/toolchain/riscv-opcodes/opcodes-rv32b_CUSTOM,sw/toolchain/riscv-opcodes/opcodes-rv32b_CUSTOM:61,Yes
CRC32C_B,crc32c.b,011000011000?????001?????0010011,sw/toolchain/riscv-opcodes/opcodes-rv32b_CUSTOM,sw/toolchain/riscv-opcodes/opcodes-rv32b_CUSTOM:62,Yes
CRC32C_H,crc32c.h,011000011001?????001?????0010011,sw/toolchain/riscv-opcodes/opcodes-rv32b_CUSTOM,sw/toolchain/riscv-opcodes/opcodes-rv32b_CUSTOM:63,Yes
CRC32C_W,crc32c.w,011000011010?????001?????0010011,sw/toolchain/riscv-opcodes/opcodes-rv32b_CUSTOM,sw/toolchain/riscv-opcodes/opcodes-rv32b_CUSTOM:64,Yes
SH1ADD,sh1add,0010000??????????010?????0110011,sw/toolchain/riscv-opcodes/opcodes-rv32b_CUSTOM,sw/toolchain/riscv-opcodes/opcodes-rv32b_CUSTOM:66,Yes
SH2ADD,sh2add,0010000??????????100?????0110011,sw/toolchain/riscv-opcodes/opcodes-rv32b_CUSTOM,sw/toolchain/riscv-opcodes/opcodes-rv32b_CUSTOM:67,Yes
SH3ADD,sh3add,0010000??????????110?????0110011,sw/toolchain/riscv-opcodes/opcodes-rv32b_CUSTOM,sw/toolchain/riscv-opcodes/opcodes-rv32b_CUSTOM:68,Yes
CLMUL,clmul,0000101??????????001?????0110011,sw/toolchain/riscv-opcodes/opcodes-rv32b_CUSTOM,sw/toolchain/riscv-opcodes/opcodes-rv32b_CUSTOM:70,Yes
CLMULR,clmulr,0000101??????????010?????0110011,sw/toolchain/riscv-opcodes/opcodes-rv32b_CUSTOM,sw/toolchain/riscv-opcodes/opcodes-rv32b_CUSTOM:71,Yes
CLMULH,clmulh,0000101??????????011?????0110011,sw/toolchain/riscv-opcodes/opcodes-rv32b_CUSTOM,sw/toolchain/riscv-opcodes/opcodes-rv32b_CUSTOM:72,Yes
MIN,min,0000101??????????100?????0110011,sw/toolchain/riscv-opcodes/opcodes-rv32b_CUSTOM,sw/toolchain/riscv-opcodes/opcodes-rv32b_CUSTOM:73,Yes
MAX,max,0000101??????????101?????0110011,sw/toolchain/riscv-opcodes/opcodes-rv32b_CUSTOM,sw/toolchain/riscv-opcodes/opcodes-rv32b_CUSTOM:74,Yes
MINU,minu,0000101??????????110?????0110011,sw/toolchain/riscv-opcodes/opcodes-rv32b_CUSTOM,sw/toolchain/riscv-opcodes/opcodes-rv32b_CUSTOM:75,Yes
MAXU,maxu,0000101??????????111?????0110011,sw/toolchain/riscv-opcodes/opcodes-rv32b_CUSTOM,sw/toolchain/riscv-opcodes/opcodes-rv32b_CUSTOM:76,Yes
SHFL,shfl,0000100??????????001?????0110011,sw/toolchain/riscv-opcodes/opcodes-rv32b_CUSTOM,sw/toolchain/riscv-opcodes/opcodes-rv32b_CUSTOM:78,Yes
UNSHFL,unshfl,0000100??????????101?????0110011,sw/toolchain/riscv-opcodes/opcodes-rv32b_CUSTOM,sw/toolchain/riscv-opcodes/opcodes-rv32b_CUSTOM:79,Yes
BEXT,bext,0000100??????????110?????0110011,sw/toolchain/riscv-opcodes/opcodes-rv32b_CUSTOM,sw/toolchain/riscv-opcodes/opcodes-rv32b_CUSTOM:80,Yes
BDEP,bdep,0100100??????????110?????0110011,sw/toolchain/riscv-opcodes/opcodes-rv32b_CUSTOM,sw/toolchain/riscv-opcodes/opcodes-rv32b_CUSTOM:81,Yes
PACK,pack,0000100??????????100?????0110011,sw/toolchain/riscv-opcodes/opcodes-rv32b_CUSTOM,sw/toolchain/riscv-opcodes/opcodes-rv32b_CUSTOM:82,Yes
PACKU,packu,0100100??????????100?????0110011,sw/toolchain/riscv-opcodes/opcodes-rv32b_CUSTOM,sw/toolchain/riscv-opcodes/opcodes-rv32b_CUSTOM:83,Yes
PACKH,packh,0000100??????????111?????0110011,sw/toolchain/riscv-opcodes/opcodes-rv32b_CUSTOM,sw/toolchain/riscv-opcodes/opcodes-rv32b_CUSTOM:84,Yes
BFP,bfp,0100100??????????111?????0110011,sw/toolchain/riscv-opcodes/opcodes-rv32b_CUSTOM,sw/toolchain/riscv-opcodes/opcodes-rv32b_CUSTOM:85,Yes
SHFLI,shfli,0000100??????????001?????0010011,sw/toolchain/riscv-opcodes/opcodes-rv32b_CUSTOM,sw/toolchain/riscv-opcodes/opcodes-rv32b_CUSTOM:87,Yes
UNSHFLI,unshfli,0000100??????????101?????0010011,sw/toolchain/riscv-opcodes/opcodes-rv32b_CUSTOM,sw/toolchain/riscv-opcodes/opcodes-rv32b_CUSTOM:88,Yes
FADD_D,fadd.d,0000001??????????????????1010011,sw/toolchain/riscv-opcodes/opcodes-rv32d,sw/toolchain/riscv-opcodes/opcodes-rv32d:1,No
FSUB_D,fsub.d,0000101??????????????????1010011,sw/toolchain/riscv-opcodes/opcodes-rv32d,sw/toolchain/riscv-opcodes/opcodes-rv32d:2,No
FMUL_D,fmul.d,0001001??????????????????1010011,sw/toolchain/riscv-opcodes/opcodes-rv32d,sw/toolchain/riscv-opcodes/opcodes-rv32d:3,No
FDIV_D,fdiv.d,0001101??????????????????1010011,sw/toolchain/riscv-opcodes/opcodes-rv32d,sw/toolchain/riscv-opcodes/opcodes-rv32d:4,No
FSGNJ_D,fsgnj.d,0010001??????????000?????1010011,sw/toolchain/riscv-opcodes/opcodes-rv32d,sw/toolchain/riscv-opcodes/opcodes-rv32d:5,No
FSGNJN_D,fsgnjn.d,0010001??????????001?????1010011,sw/toolchain/riscv-opcodes/opcodes-rv32d,sw/toolchain/riscv-opcodes/opcodes-rv32d:6,No
FSGNJX_D,fsgnjx.d,0010001??????????010?????1010011,sw/toolchain/riscv-opcodes/opcodes-rv32d,sw/toolchain/riscv-opcodes/opcodes-rv32d:7,No
FMIN_D,fmin.d,0010101??????????000?????1010011,sw/toolchain/riscv-opcodes/opcodes-rv32d,sw/toolchain/riscv-opcodes/opcodes-rv32d:8,No
FMAX_D,fmax.d,0010101??????????001?????1010011,sw/toolchain/riscv-opcodes/opcodes-rv32d,sw/toolchain/riscv-opcodes/opcodes-rv32d:9,No
FCVT_S_D,fcvt.s.d,010000000001?????????????1010011,sw/toolchain/riscv-opcodes/opcodes-rv32d,sw/toolchain/riscv-opcodes/opcodes-rv32d:10,No
FCVT_D_S,fcvt.d.s,010000100000?????????????1010011,sw/toolchain/riscv-opcodes/opcodes-rv32d,sw/toolchain/riscv-opcodes/opcodes-rv32d:11,No
FSQRT_D,fsqrt.d,010110100000?????????????1010011,sw/toolchain/riscv-opcodes/opcodes-rv32d,sw/toolchain/riscv-opcodes/opcodes-rv32d:12,No
FLE_D,fle.d,1010001??????????000?????1010011,sw/toolchain/riscv-opcodes/opcodes-rv32d,sw/toolchain/riscv-opcodes/opcodes-rv32d:14,No
FLT_D,flt.d,1010001??????????001?????1010011,sw/toolchain/riscv-opcodes/opcodes-rv32d,sw/toolchain/riscv-opcodes/opcodes-rv32d:15,No
FEQ_D,feq.d,1010001??????????010?????1010011,sw/toolchain/riscv-opcodes/opcodes-rv32d,sw/toolchain/riscv-opcodes/opcodes-rv32d:16,No
FCVT_W_D,fcvt.w.d,110000100000?????????????1010011,sw/toolchain/riscv-opcodes/opcodes-rv32d,sw/toolchain/riscv-opcodes/opcodes-rv32d:18,No
FCVT_WU_D,fcvt.wu.d,110000100001?????????????1010011,sw/toolchain/riscv-opcodes/opcodes-rv32d,sw/toolchain/riscv-opcodes/opcodes-rv32d:19,No
FCLASS_D,fclass.d,111000100000?????001?????1010011,sw/toolchain/riscv-opcodes/opcodes-rv32d,sw/toolchain/riscv-opcodes/opcodes-rv32d:20,No
FCVT_D_W,fcvt.d.w,110100100000?????????????1010011,sw/toolchain/riscv-opcodes/opcodes-rv32d,sw/toolchain/riscv-opcodes/opcodes-rv32d:22,No
FCVT_D_WU,fcvt.d.wu,110100100001?????????????1010011,sw/toolchain/riscv-opcodes/opcodes-rv32d,sw/toolchain/riscv-opcodes/opcodes-rv32d:23,No
FLD,fld,?????????????????011?????0000111,sw/toolchain/riscv-opcodes/opcodes-rv32d,sw/toolchain/riscv-opcodes/opcodes-rv32d:25,No
FSD,fsd,?????????????????011?????0100111,sw/toolchain/riscv-opcodes/opcodes-rv32d,sw/toolchain/riscv-opcodes/opcodes-rv32d:27,No
FMADD_D,fmadd.d,?????01??????????????????1000011,sw/toolchain/riscv-opcodes/opcodes-rv32d,sw/toolchain/riscv-opcodes/opcodes-rv32d:29,No
FMSUB_D,fmsub.d,?????01??????????????????1000111,sw/toolchain/riscv-opcodes/opcodes-rv32d,sw/toolchain/riscv-opcodes/opcodes-rv32d:30,No
FNMSUB_D,fnmsub.d,?????01??????????????????1001011,sw/toolchain/riscv-opcodes/opcodes-rv32d,sw/toolchain/riscv-opcodes/opcodes-rv32d:31,No
FNMADD_D,fnmadd.d,?????01??????????????????1001111,sw/toolchain/riscv-opcodes/opcodes-rv32d,sw/toolchain/riscv-opcodes/opcodes-rv32d:32,No
FCVT_H_D,fcvt.h.d,010001000001?????????????1010011,sw/toolchain/riscv-opcodes/opcodes-rv32d-zfh_DRAFT,sw/toolchain/riscv-opcodes/opcodes-rv32d-zfh_DRAFT:3,No
FCVT_D_H,fcvt.d.h,010000100010?????????????1010011,sw/toolchain/riscv-opcodes/opcodes-rv32d-zfh_DRAFT,sw/toolchain/riscv-opcodes/opcodes-rv32d-zfh_DRAFT:4,No
FADD_S,fadd.s,0000000??????????????????1010011,sw/toolchain/riscv-opcodes/opcodes-rv32f,sw/toolchain/riscv-opcodes/opcodes-rv32f:1,No
FSUB_S,fsub.s,0000100??????????????????1010011,sw/toolchain/riscv-opcodes/opcodes-rv32f,sw/toolchain/riscv-opcodes/opcodes-rv32f:2,No
FMUL_S,fmul.s,0001000??????????????????1010011,sw/toolchain/riscv-opcodes/opcodes-rv32f,sw/toolchain/riscv-opcodes/opcodes-rv32f:3,No
FDIV_S,fdiv.s,0001100??????????????????1010011,sw/toolchain/riscv-opcodes/opcodes-rv32f,sw/toolchain/riscv-opcodes/opcodes-rv32f:4,No
FSGNJ_S,fsgnj.s,0010000??????????000?????1010011,sw/toolchain/riscv-opcodes/opcodes-rv32f,sw/toolchain/riscv-opcodes/opcodes-rv32f:5,No
FSGNJN_S,fsgnjn.s,0010000??????????001?????1010011,sw/toolchain/riscv-opcodes/opcodes-rv32f,sw/toolchain/riscv-opcodes/opcodes-rv32f:6,No
FSGNJX_S,fsgnjx.s,0010000??????????010?????1010011,sw/toolchain/riscv-opcodes/opcodes-rv32f,sw/toolchain/riscv-opcodes/opcodes-rv32f:7,No
FMIN_S,fmin.s,0010100??????????000?????1010011,sw/toolchain/riscv-opcodes/opcodes-rv32f,sw/toolchain/riscv-opcodes/opcodes-rv32f:8,No
FMAX_S,fmax.s,0010100??????????001?????1010011,sw/toolchain/riscv-opcodes/opcodes-rv32f,sw/toolchain/riscv-opcodes/opcodes-rv32f:9,No
FSQRT_S,fsqrt.s,010110000000?????????????1010011,sw/toolchain/riscv-opcodes/opcodes-rv32f,sw/toolchain/riscv-opcodes/opcodes-rv32f:10,No
FLE_S,fle.s,1010000??????????000?????1010011,sw/toolchain/riscv-opcodes/opcodes-rv32f,sw/toolchain/riscv-opcodes/opcodes-rv32f:12,No
FLT_S,flt.s,1010000??????????001?????1010011,sw/toolchain/riscv-opcodes/opcodes-rv32f,sw/toolchain/riscv-opcodes/opcodes-rv32f:13,No
FEQ_S,feq.s,1010000??????????010?????1010011,sw/toolchain/riscv-opcodes/opcodes-rv32f,sw/toolchain/riscv-opcodes/opcodes-rv32f:14,No
FCVT_W_S,fcvt.w.s,110000000000?????????????1010011,sw/toolchain/riscv-opcodes/opcodes-rv32f,sw/toolchain/riscv-opcodes/opcodes-rv32f:16,No
FCVT_WU_S,fcvt.wu.s,110000000001?????????????1010011,sw/toolchain/riscv-opcodes/opcodes-rv32f,sw/toolchain/riscv-opcodes/opcodes-rv32f:17,No
FMV_X_W,fmv.x.w,111000000000?????000?????1010011,sw/toolchain/riscv-opcodes/opcodes-rv32f,sw/toolchain/riscv-opcodes/opcodes-rv32f:18,No
FCLASS_S,fclass.s,111000000000?????001?????1010011,sw/toolchain/riscv-opcodes/opcodes-rv32f,sw/toolchain/riscv-opcodes/opcodes-rv32f:19,No
FCVT_S_W,fcvt.s.w,110100000000?????????????1010011,sw/toolchain/riscv-opcodes/opcodes-rv32f,sw/toolchain/riscv-opcodes/opcodes-rv32f:21,No
FCVT_S_WU,fcvt.s.wu,110100000001?????????????1010011,sw/toolchain/riscv-opcodes/opcodes-rv32f,sw/toolchain/riscv-opcodes/opcodes-rv32f:22,No
FMV_W_X,fmv.w.x,111100000000?????000?????1010011,sw/toolchain/riscv-opcodes/opcodes-rv32f,sw/toolchain/riscv-opcodes/opcodes-rv32f:23,No
FLW,flw,?????????????????010?????0000111,sw/toolchain/riscv-opcodes/opcodes-rv32f,sw/toolchain/riscv-opcodes/opcodes-rv32f:25,No
FSW,fsw,?????????????????010?????0100111,sw/toolchain/riscv-opcodes/opcodes-rv32f,sw/toolchain/riscv-opcodes/opcodes-rv32f:27,No
FMADD_S,fmadd.s,?????00??????????????????1000011,sw/toolchain/riscv-opcodes/opcodes-rv32f,sw/toolchain/riscv-opcodes/opcodes-rv32f:29,No
FMSUB_S,fmsub.s,?????00??????????????????1000111,sw/toolchain/riscv-opcodes/opcodes-rv32f,sw/toolchain/riscv-opcodes/opcodes-rv32f:30,No
FNMSUB_S,fnmsub.s,?????00??????????????????1001011,sw/toolchain/riscv-opcodes/opcodes-rv32f,sw/toolchain/riscv-opcodes/opcodes-rv32f:31,No
FNMADD_S,fnmadd.s,?????00??????????????????1001111,sw/toolchain/riscv-opcodes/opcodes-rv32f,sw/toolchain/riscv-opcodes/opcodes-rv32f:32,No
HFENCE_VVMA,hfence.vvma,0010001??????????000000001110011,sw/toolchain/riscv-opcodes/opcodes-rv32h,sw/toolchain/riscv-opcodes/opcodes-rv32h:3,No
HFENCE_GVMA,hfence.gvma,0110001??????????000000001110011,sw/toolchain/riscv-opcodes/opcodes-rv32h,sw/toolchain/riscv-opcodes/opcodes-rv32h:4,No
HLV_B,hlv.b,011000000000?????100?????1110011,sw/toolchain/riscv-opcodes/opcodes-rv32h,sw/toolchain/riscv-opcodes/opcodes-rv32h:6,No
HLV_BU,hlv.bu,011000000001?????100?????1110011,sw/toolchain/riscv-opcodes/opcodes-rv32h,sw/toolchain/riscv-opcodes/opcodes-rv32h:7,No
HLV_H,hlv.h,011001000000?????100?????1110011,sw/toolchain/riscv-opcodes/opcodes-rv32h,sw/toolchain/riscv-opcodes/opcodes-rv32h:8,No
HLV_HU,hlv.hu,011001000001?????100?????1110011,sw/toolchain/riscv-opcodes/opcodes-rv32h,sw/toolchain/riscv-opcodes/opcodes-rv32h:9,No
HLVX_HU,hlvx.hu,011001000011?????100?????1110011,sw/toolchain/riscv-opcodes/opcodes-rv32h,sw/toolchain/riscv-opcodes/opcodes-rv32h:10,No
HLV_W,hlv.w,011010000000?????100?????1110011,sw/toolchain/riscv-opcodes/opcodes-rv32h,sw/toolchain/riscv-opcodes/opcodes-rv32h:11,No
HLVX_WU,hlvx.wu,011010000011?????100?????1110011,sw/toolchain/riscv-opcodes/opcodes-rv32h,sw/toolchain/riscv-opcodes/opcodes-rv32h:12,No
HSV_B,hsv.b,0110001??????????100000001110011,sw/toolchain/riscv-opcodes/opcodes-rv32h,sw/toolchain/riscv-opcodes/opcodes-rv32h:13,No
HSV_H,hsv.h,0110011??????????100000001110011,sw/toolchain/riscv-opcodes/opcodes-rv32h,sw/toolchain/riscv-opcodes/opcodes-rv32h:14,No
HSV_W,hsv.w,0110101??????????100000001110011,sw/toolchain/riscv-opcodes/opcodes-rv32h,sw/toolchain/riscv-opcodes/opcodes-rv32h:15,No
BEQ,beq,?????????????????000?????1100011,sw/toolchain/riscv-opcodes/opcodes-rv32i,sw/toolchain/riscv-opcodes/opcodes-rv32i:10,No
BNE,bne,?????????????????001?????1100011,sw/toolchain/riscv-opcodes/opcodes-rv32i,sw/toolchain/riscv-opcodes/opcodes-rv32i:11,No
BLT,blt,?????????????????100?????1100011,sw/toolchain/riscv-opcodes/opcodes-rv32i,sw/toolchain/riscv-opcodes/opcodes-rv32i:12,No
BGE,bge,?????????????????101?????1100011,sw/toolchain/riscv-opcodes/opcodes-rv32i,sw/toolchain/riscv-opcodes/opcodes-rv32i:13,No
BLTU,bltu,?????????????????110?????1100011,sw/toolchain/riscv-opcodes/opcodes-rv32i,sw/toolchain/riscv-opcodes/opcodes-rv32i:14,No
BGEU,bgeu,?????????????????111?????1100011,sw/toolchain/riscv-opcodes/opcodes-rv32i,sw/toolchain/riscv-opcodes/opcodes-rv32i:15,No
JALR,jalr,?????????????????000?????1100111,sw/toolchain/riscv-opcodes/opcodes-rv32i,sw/toolchain/riscv-opcodes/opcodes-rv32i:17,No
JAL,jal,?????????????????????????1101111,sw/toolchain/riscv-opcodes/opcodes-rv32i,sw/toolchain/riscv-opcodes/opcodes-rv32i:19,No
LUI,lui,?????????????????????????0110111,sw/toolchain/riscv-opcodes/opcodes-rv32i,sw/toolchain/riscv-opcodes/opcodes-rv32i:21,No
AUIPC,auipc,?????????????????????????0010111,sw/toolchain/riscv-opcodes/opcodes-rv32i,sw/toolchain/riscv-opcodes/opcodes-rv32i:22,No
ADDI,addi,?????????????????000?????0010011,sw/toolchain/riscv-opcodes/opcodes-rv32i,sw/toolchain/riscv-opcodes/opcodes-rv32i:24,No
SLLI,slli,000000???????????001?????0010011,sw/toolchain/riscv-opcodes/opcodes-rv32i,sw/toolchain/riscv-opcodes/opcodes-rv32i:25,No
SLTI,slti,?????????????????010?????0010011,sw/toolchain/riscv-opcodes/opcodes-rv32i,sw/toolchain/riscv-opcodes/opcodes-rv32i:26,No
SLTIU,sltiu,?????????????????011?????0010011,sw/toolchain/riscv-opcodes/opcodes-rv32i,sw/toolchain/riscv-opcodes/opcodes-rv32i:27,No
XORI,xori,?????????????????100?????0010011,sw/toolchain/riscv-opcodes/opcodes-rv32i,sw/toolchain/riscv-opcodes/opcodes-rv32i:28,No
SRLI,srli,000000???????????101?????0010011,sw/toolchain/riscv-opcodes/opcodes-rv32i,sw/toolchain/riscv-opcodes/opcodes-rv32i:29,No
SRAI,srai,010000???????????101?????0010011,sw/toolchain/riscv-opcodes/opcodes-rv32i,sw/toolchain/riscv-opcodes/opcodes-rv32i:30,No
ORI,ori,?????????????????110?????0010011,sw/toolchain/riscv-opcodes/opcodes-rv32i,sw/toolchain/riscv-opcodes/opcodes-rv32i:31,No
ANDI,andi,?????????????????111?????0010011,sw/toolchain/riscv-opcodes/opcodes-rv32i,sw/toolchain/riscv-opcodes/opcodes-rv32i:32,No
ADD,add,0000000??????????000?????0110011,sw/toolchain/riscv-opcodes/opcodes-rv32i,sw/toolchain/riscv-opcodes/opcodes-rv32i:34,No
SUB,sub,0100000??????????000?????0110011,sw/toolchain/riscv-opcodes/opcodes-rv32i,sw/toolchain/riscv-opcodes/opcodes-rv32i:35,No
SLL,sll,0000000??????????001?????0110011,sw/toolchain/riscv-opcodes/opcodes-rv32i,sw/toolchain/riscv-opcodes/opcodes-rv32i:36,No
SLT,slt,0000000??????????010?????0110011,sw/toolchain/riscv-opcodes/opcodes-rv32i,sw/toolchain/riscv-opcodes/opcodes-rv32i:37,No
SLTU,sltu,0000000??????????011?????0110011,sw/toolchain/riscv-opcodes/opcodes-rv32i,sw/toolchain/riscv-opcodes/opcodes-rv32i:38,No
XOR,xor,0000000??????????100?????0110011,sw/toolchain/riscv-opcodes/opcodes-rv32i,sw/toolchain/riscv-opcodes/opcodes-rv32i:39,No
SRL,srl,0000000??????????101?????0110011,sw/toolchain/riscv-opcodes/opcodes-rv32i,sw/toolchain/riscv-opcodes/opcodes-rv32i:40,No
SRA,sra,0100000??????????101?????0110011,sw/toolchain/riscv-opcodes/opcodes-rv32i,sw/toolchain/riscv-opcodes/opcodes-rv32i:41,No
OR,or,0000000??????????110?????0110011,sw/toolchain/riscv-opcodes/opcodes-rv32i,sw/toolchain/riscv-opcodes/opcodes-rv32i:42,No
AND,and,0000000??????????111?????0110011,sw/toolchain/riscv-opcodes/opcodes-rv32i,sw/toolchain/riscv-opcodes/opcodes-rv32i:43,No
LB,lb,?????????????????000?????0000011,sw/toolchain/riscv-opcodes/opcodes-rv32i,sw/toolchain/riscv-opcodes/opcodes-rv32i:45,No
LH,lh,?????????????????001?????0000011,sw/toolchain/riscv-opcodes/opcodes-rv32i,sw/toolchain/riscv-opcodes/opcodes-rv32i:46,No
LW,lw,?????????????????010?????0000011,sw/toolchain/riscv-opcodes/opcodes-rv32i,sw/toolchain/riscv-opcodes/opcodes-rv32i:47,No
LBU,lbu,?????????????????100?????0000011,sw/toolchain/riscv-opcodes/opcodes-rv32i,sw/toolchain/riscv-opcodes/opcodes-rv32i:48,No
LHU,lhu,?????????????????101?????0000011,sw/toolchain/riscv-opcodes/opcodes-rv32i,sw/toolchain/riscv-opcodes/opcodes-rv32i:49,No
SB,sb,?????????????????000?????0100011,sw/toolchain/riscv-opcodes/opcodes-rv32i,sw/toolchain/riscv-opcodes/opcodes-rv32i:51,No
SH,sh,?????????????????001?????0100011,sw/toolchain/riscv-opcodes/opcodes-rv32i,sw/toolchain/riscv-opcodes/opcodes-rv32i:52,No
SW,sw,?????????????????010?????0100011,sw/toolchain/riscv-opcodes/opcodes-rv32i,sw/toolchain/riscv-opcodes/opcodes-rv32i:53,No
FENCE,fence,?????????????????000?????0001111,sw/toolchain/riscv-opcodes/opcodes-rv32i,sw/toolchain/riscv-opcodes/opcodes-rv32i:55,No
FENCE_I,fence.i,?????????????????001?????0001111,sw/toolchain/riscv-opcodes/opcodes-rv32i,sw/toolchain/riscv-opcodes/opcodes-rv32i:56,No
MUL,mul,0000001??????????000?????0110011,sw/toolchain/riscv-opcodes/opcodes-rv32m,sw/toolchain/riscv-opcodes/opcodes-rv32m:1,No
MULH,mulh,0000001??????????001?????0110011,sw/toolchain/riscv-opcodes/opcodes-rv32m,sw/toolchain/riscv-opcodes/opcodes-rv32m:2,No
MULHSU,mulhsu,0000001??????????010?????0110011,sw/toolchain/riscv-opcodes/opcodes-rv32m,sw/toolchain/riscv-opcodes/opcodes-rv32m:3,No
MULHU,mulhu,0000001??????????011?????0110011,sw/toolchain/riscv-opcodes/opcodes-rv32m,sw/toolchain/riscv-opcodes/opcodes-rv32m:4,No
DIV,div,0000001??????????100?????0110011,sw/toolchain/riscv-opcodes/opcodes-rv32m,sw/toolchain/riscv-opcodes/opcodes-rv32m:5,No
DIVU,divu,0000001??????????101?????0110011,sw/toolchain/riscv-opcodes/opcodes-rv32m,sw/toolchain/riscv-opcodes/opcodes-rv32m:6,No
REM,rem,0000001??????????110?????0110011,sw/toolchain/riscv-opcodes/opcodes-rv32m,sw/toolchain/riscv-opcodes/opcodes-rv32m:7,No
REMU,remu,0000001??????????111?????0110011,sw/toolchain/riscv-opcodes/opcodes-rv32m,sw/toolchain/riscv-opcodes/opcodes-rv32m:8,No
FADD_Q,fadd.q,0000011??????????????????1010011,sw/toolchain/riscv-opcodes/opcodes-rv32q,sw/toolchain/riscv-opcodes/opcodes-rv32q:1,No
FSUB_Q,fsub.q,0000111??????????????????1010011,sw/toolchain/riscv-opcodes/opcodes-rv32q,sw/toolchain/riscv-opcodes/opcodes-rv32q:2,No
FMUL_Q,fmul.q,0001011??????????????????1010011,sw/toolchain/riscv-opcodes/opcodes-rv32q,sw/toolchain/riscv-opcodes/opcodes-rv32q:3,No
FDIV_Q,fdiv.q,0001111??????????????????1010011,sw/toolchain/riscv-opcodes/opcodes-rv32q,sw/toolchain/riscv-opcodes/opcodes-rv32q:4,No
FSGNJ_Q,fsgnj.q,0010011??????????000?????1010011,sw/toolchain/riscv-opcodes/opcodes-rv32q,sw/toolchain/riscv-opcodes/opcodes-rv32q:5,No
FSGNJN_Q,fsgnjn.q,0010011??????????001?????1010011,sw/toolchain/riscv-opcodes/opcodes-rv32q,sw/toolchain/riscv-opcodes/opcodes-rv32q:6,No
FSGNJX_Q,fsgnjx.q,0010011??????????010?????1010011,sw/toolchain/riscv-opcodes/opcodes-rv32q,sw/toolchain/riscv-opcodes/opcodes-rv32q:7,No
FMIN_Q,fmin.q,0010111??????????000?????1010011,sw/toolchain/riscv-opcodes/opcodes-rv32q,sw/toolchain/riscv-opcodes/opcodes-rv32q:8,No
FMAX_Q,fmax.q,0010111??????????001?????1010011,sw/toolchain/riscv-opcodes/opcodes-rv32q,sw/toolchain/riscv-opcodes/opcodes-rv32q:9,No
FCVT_S_Q,fcvt.s.q,010000000011?????????????1010011,sw/toolchain/riscv-opcodes/opcodes-rv32q,sw/toolchain/riscv-opcodes/opcodes-rv32q:10,No
FCVT_Q_S,fcvt.q.s,010001100000?????????????1010011,sw/toolchain/riscv-opcodes/opcodes-rv32q,sw/toolchain/riscv-opcodes/opcodes-rv32q:11,No
FCVT_D_Q,fcvt.d.q,010000100011?????????????1010011,sw/toolchain/riscv-opcodes/opcodes-rv32q,sw/toolchain/riscv-opcodes/opcodes-rv32q:12,No
FCVT_Q_D,fcvt.q.d,010001100001?????????????1010011,sw/toolchain/riscv-opcodes/opcodes-rv32q,sw/toolchain/riscv-opcodes/opcodes-rv32q:13,No
FSQRT_Q,fsqrt.q,010111100000?????????????1010011,sw/toolchain/riscv-opcodes/opcodes-rv32q,sw/toolchain/riscv-opcodes/opcodes-rv32q:14,No
FLE_Q,fle.q,1010011??????????000?????1010011,sw/toolchain/riscv-opcodes/opcodes-rv32q,sw/toolchain/riscv-opcodes/opcodes-rv32q:18,No
FLT_Q,flt.q,1010011??????????001?????1010011,sw/toolchain/riscv-opcodes/opcodes-rv32q,sw/toolchain/riscv-opcodes/opcodes-rv32q:19,No
FEQ_Q,feq.q,1010011??????????010?????1010011,sw/toolchain/riscv-opcodes/opcodes-rv32q,sw/toolchain/riscv-opcodes/opcodes-rv32q:20,No
FCVT_W_Q,fcvt.w.q,110001100000?????????????1010011,sw/toolchain/riscv-opcodes/opcodes-rv32q,sw/toolchain/riscv-opcodes/opcodes-rv32q:23,No
FCVT_WU_Q,fcvt.wu.q,110001100001?????????????1010011,sw/toolchain/riscv-opcodes/opcodes-rv32q,sw/toolchain/riscv-opcodes/opcodes-rv32q:24,No
FCLASS_Q,fclass.q,111001100000?????001?????1010011,sw/toolchain/riscv-opcodes/opcodes-rv32q,sw/toolchain/riscv-opcodes/opcodes-rv32q:25,No
FCVT_Q_W,fcvt.q.w,110101100000?????????????1010011,sw/toolchain/riscv-opcodes/opcodes-rv32q,sw/toolchain/riscv-opcodes/opcodes-rv32q:28,No
FCVT_Q_WU,fcvt.q.wu,110101100001?????????????1010011,sw/toolchain/riscv-opcodes/opcodes-rv32q,sw/toolchain/riscv-opcodes/opcodes-rv32q:29,No
FLQ,flq,?????????????????100?????0000111,sw/toolchain/riscv-opcodes/opcodes-rv32q,sw/toolchain/riscv-opcodes/opcodes-rv32q:31,No
FSQ,fsq,?????????????????100?????0100111,sw/toolchain/riscv-opcodes/opcodes-rv32q,sw/toolchain/riscv-opcodes/opcodes-rv32q:33,No
FMADD_Q,fmadd.q,?????11??????????????????1000011,sw/toolchain/riscv-opcodes/opcodes-rv32q,sw/toolchain/riscv-opcodes/opcodes-rv32q:35,No
FMSUB_Q,fmsub.q,?????11??????????????????1000111,sw/toolchain/riscv-opcodes/opcodes-rv32q,sw/toolchain/riscv-opcodes/opcodes-rv32q:36,No
FNMSUB_Q,fnmsub.q,?????11??????????????????1001011,sw/toolchain/riscv-opcodes/opcodes-rv32q,sw/toolchain/riscv-opcodes/opcodes-rv32q:37,No
FNMADD_Q,fnmadd.q,?????11??????????????????1001111,sw/toolchain/riscv-opcodes/opcodes-rv32q,sw/toolchain/riscv-opcodes/opcodes-rv32q:38,No
FCVT_H_Q,fcvt.h.q,010001000011?????????????1010011,sw/toolchain/riscv-opcodes/opcodes-rv32q-zfh_DRAFT,sw/toolchain/riscv-opcodes/opcodes-rv32q-zfh_DRAFT:3,No
FCVT_Q_H,fcvt.q.h,010001100010?????????????1010011,sw/toolchain/riscv-opcodes/opcodes-rv32q-zfh_DRAFT,sw/toolchain/riscv-opcodes/opcodes-rv32q-zfh_DRAFT:4,No
FADD_H,fadd.h,0000010??????????????????1010011,sw/toolchain/riscv-opcodes/opcodes-rv32zfh_DRAFT,sw/toolchain/riscv-opcodes/opcodes-rv32zfh_DRAFT:3,No
FSUB_H,fsub.h,0000110??????????????????1010011,sw/toolchain/riscv-opcodes/opcodes-rv32zfh_DRAFT,sw/toolchain/riscv-opcodes/opcodes-rv32zfh_DRAFT:4,No
FMUL_H,fmul.h,0001010??????????????????1010011,sw/toolchain/riscv-opcodes/opcodes-rv32zfh_DRAFT,sw/toolchain/riscv-opcodes/opcodes-rv32zfh_DRAFT:5,No
FDIV_H,fdiv.h,0001110??????????????????1010011,sw/toolchain/riscv-opcodes/opcodes-rv32zfh_DRAFT,sw/toolchain/riscv-opcodes/opcodes-rv32zfh_DRAFT:6,No
FSGNJ_H,fsgnj.h,0010010??????????000?????1010011,sw/toolchain/riscv-opcodes/opcodes-rv32zfh_DRAFT,sw/toolchain/riscv-opcodes/opcodes-rv32zfh_DRAFT:7,No
FSGNJN_H,fsgnjn.h,0010010??????????001?????1010011,sw/toolchain/riscv-opcodes/opcodes-rv32zfh_DRAFT,sw/toolchain/riscv-opcodes/opcodes-rv32zfh_DRAFT:8,No
FSGNJX_H,fsgnjx.h,0010010??????????010?????1010011,sw/toolchain/riscv-opcodes/opcodes-rv32zfh_DRAFT,sw/toolchain/riscv-opcodes/opcodes-rv32zfh_DRAFT:9,No
FMIN_H,fmin.h,0010110??????????000?????1010011,sw/toolchain/riscv-opcodes/opcodes-rv32zfh_DRAFT,sw/toolchain/riscv-opcodes/opcodes-rv32zfh_DRAFT:10,No
FMAX_H,fmax.h,0010110??????????001?????1010011,sw/toolchain/riscv-opcodes/opcodes-rv32zfh_DRAFT,sw/toolchain/riscv-opcodes/opcodes-rv32zfh_DRAFT:11,No
FCVT_H_S,fcvt.h.s,010001000000?????????????1010011,sw/toolchain/riscv-opcodes/opcodes-rv32zfh_DRAFT,sw/toolchain/riscv-opcodes/opcodes-rv32zfh_DRAFT:12,No
FCVT_S_H,fcvt.s.h,010000000010?????????????1010011,sw/toolchain/riscv-opcodes/opcodes-rv32zfh_DRAFT,sw/toolchain/riscv-opcodes/opcodes-rv32zfh_DRAFT:13,No
FSQRT_H,fsqrt.h,010111000000?????????????1010011,sw/toolchain/riscv-opcodes/opcodes-rv32zfh_DRAFT,sw/toolchain/riscv-opcodes/opcodes-rv32zfh_DRAFT:14,No
FLE_H,fle.h,1010010??????????000?????1010011,sw/toolchain/riscv-opcodes/opcodes-rv32zfh_DRAFT,sw/toolchain/riscv-opcodes/opcodes-rv32zfh_DRAFT:16,No
FLT_H,flt.h,1010010??????????001?????1010011,sw/toolchain/riscv-opcodes/opcodes-rv32zfh_DRAFT,sw/toolchain/riscv-opcodes/opcodes-rv32zfh_DRAFT:17,No
FEQ_H,feq.h,1010010??????????010?????1010011,sw/toolchain/riscv-opcodes/opcodes-rv32zfh_DRAFT,sw/toolchain/riscv-opcodes/opcodes-rv32zfh_DRAFT:18,No
FCVT_W_H,fcvt.w.h,110001000000?????????????1010011,sw/toolchain/riscv-opcodes/opcodes-rv32zfh_DRAFT,sw/toolchain/riscv-opcodes/opcodes-rv32zfh_DRAFT:20,No
FCVT_WU_H,fcvt.wu.h,110001000001?????????????1010011,sw/toolchain/riscv-opcodes/opcodes-rv32zfh_DRAFT,sw/toolchain/riscv-opcodes/opcodes-rv32zfh_DRAFT:21,No
FMV_X_H,fmv.x.h,111001000000?????000?????1010011,sw/toolchain/riscv-opcodes/opcodes-rv32zfh_DRAFT,sw/toolchain/riscv-opcodes/opcodes-rv32zfh_DRAFT:22,No
FCLASS_H,fclass.h,111001000000?????001?????1010011,sw/toolchain/riscv-opcodes/opcodes-rv32zfh_DRAFT,sw/toolchain/riscv-opcodes/opcodes-rv32zfh_DRAFT:23,No
FCVT_H_W,fcvt.h.w,110101000000?????????????1010011,sw/toolchain/riscv-opcodes/opcodes-rv32zfh_DRAFT,sw/toolchain/riscv-opcodes/opcodes-rv32zfh_DRAFT:25,No
FCVT_H_WU,fcvt.h.wu,110101000001?????????????1010011,sw/toolchain/riscv-opcodes/opcodes-rv32zfh_DRAFT,sw/toolchain/riscv-opcodes/opcodes-rv32zfh_DRAFT:26,No
FMV_H_X,fmv.h.x,111101000000?????000?????1010011,sw/toolchain/riscv-opcodes/opcodes-rv32zfh_DRAFT,sw/toolchain/riscv-opcodes/opcodes-rv32zfh_DRAFT:27,No
FLH,flh,?????????????????001?????0000111,sw/toolchain/riscv-opcodes/opcodes-rv32zfh_DRAFT,sw/toolchain/riscv-opcodes/opcodes-rv32zfh_DRAFT:29,No
FSH,fsh,?????????????????001?????0100111,sw/toolchain/riscv-opcodes/opcodes-rv32zfh_DRAFT,sw/toolchain/riscv-opcodes/opcodes-rv32zfh_DRAFT:31,No
FMADD_H,fmadd.h,?????10??????????????????1000011,sw/toolchain/riscv-opcodes/opcodes-rv32zfh_DRAFT,sw/toolchain/riscv-opcodes/opcodes-rv32zfh_DRAFT:33,No
FMSUB_H,fmsub.h,?????10??????????????????1000111,sw/toolchain/riscv-opcodes/opcodes-rv32zfh_DRAFT,sw/toolchain/riscv-opcodes/opcodes-rv32zfh_DRAFT:34,No
FNMSUB_H,fnmsub.h,?????10??????????????????1001011,sw/toolchain/riscv-opcodes/opcodes-rv32zfh_DRAFT,sw/toolchain/riscv-opcodes/opcodes-rv32zfh_DRAFT:35,No
FNMADD_H,fnmadd.h,?????10??????????????????1001111,sw/toolchain/riscv-opcodes/opcodes-rv32zfh_DRAFT,sw/toolchain/riscv-opcodes/opcodes-rv32zfh_DRAFT:36,No
AMOADD_D,amoadd.d,00000????????????011?????0101111,sw/toolchain/riscv-opcodes/opcodes-rv64a,sw/toolchain/riscv-opcodes/opcodes-rv64a:3,No
AMOXOR_D,amoxor.d,00100????????????011?????0101111,sw/toolchain/riscv-opcodes/opcodes-rv64a,sw/toolchain/riscv-opcodes/opcodes-rv64a:4,No
AMOOR_D,amoor.d,01000????????????011?????0101111,sw/toolchain/riscv-opcodes/opcodes-rv64a,sw/toolchain/riscv-opcodes/opcodes-rv64a:5,No
AMOAND_D,amoand.d,01100????????????011?????0101111,sw/toolchain/riscv-opcodes/opcodes-rv64a,sw/toolchain/riscv-opcodes/opcodes-rv64a:6,No
AMOMIN_D,amomin.d,10000????????????011?????0101111,sw/toolchain/riscv-opcodes/opcodes-rv64a,sw/toolchain/riscv-opcodes/opcodes-rv64a:7,No
AMOMAX_D,amomax.d,10100????????????011?????0101111,sw/toolchain/riscv-opcodes/opcodes-rv64a,sw/toolchain/riscv-opcodes/opcodes-rv64a:8,No
AMOMINU_D,amominu.d,11000????????????011?????0101111,sw/toolchain/riscv-opcodes/opcodes-rv64a,sw/toolchain/riscv-opcodes/opcodes-rv64a:9,No
AMOMAXU_D,amomaxu.d,11100????????????011?????0101111,sw/toolchain/riscv-opcodes/opcodes-rv64a,sw/toolchain/riscv-opcodes/opcodes-rv64a:10,No
AMOSWAP_D,amoswap.d,00001????????????011?????0101111,sw/toolchain/riscv-opcodes/opcodes-rv64a,sw/toolchain/riscv-opcodes/opcodes-rv64a:11,No
LR_D,lr.d,00010??00000?????011?????0101111,sw/toolchain/riscv-opcodes/opcodes-rv64a,sw/toolchain/riscv-opcodes/opcodes-rv64a:12,No
SC_D,sc.d,00011????????????011?????0101111,sw/toolchain/riscv-opcodes/opcodes-rv64a,sw/toolchain/riscv-opcodes/opcodes-rv64a:13,No
C_SUBW,c.subw,????????????????100111???00???01,sw/toolchain/riscv-opcodes/opcodes-rv64c,sw/toolchain/riscv-opcodes/opcodes-rv64c:8,No
C_ADDW,c.addw,????????????????100111???01???01,sw/toolchain/riscv-opcodes/opcodes-rv64c,sw/toolchain/riscv-opcodes/opcodes-rv64c:9,No
FCVT_L_D,fcvt.l.d,110000100010?????????????1010011,sw/toolchain/riscv-opcodes/opcodes-rv64d,sw/toolchain/riscv-opcodes/opcodes-rv64d:3,No
FCVT_LU_D,fcvt.lu.d,110000100011?????????????1010011,sw/toolchain/riscv-opcodes/opcodes-rv64d,sw/toolchain/riscv-opcodes/opcodes-rv64d:4,No
FMV_X_D,fmv.x.d,111000100000?????000?????1010011,sw/toolchain/riscv-opcodes/opcodes-rv64d,sw/toolchain/riscv-opcodes/opcodes-rv64d:5,No
FCVT_D_L,fcvt.d.l,110100100010?????????????1010011,sw/toolchain/riscv-opcodes/opcodes-rv64d,sw/toolchain/riscv-opcodes/opcodes-rv64d:7,No
FCVT_D_LU,fcvt.d.lu,110100100011?????????????1010011,sw/toolchain/riscv-opcodes/opcodes-rv64d,sw/toolchain/riscv-opcodes/opcodes-rv64d:8,No
FMV_D_X,fmv.d.x,111100100000?????000?????1010011,sw/toolchain/riscv-opcodes/opcodes-rv64d,sw/toolchain/riscv-opcodes/opcodes-rv64d:9,No
FCVT_L_S,fcvt.l.s,110000000010?????????????1010011,sw/toolchain/riscv-opcodes/opcodes-rv64f,sw/toolchain/riscv-opcodes/opcodes-rv64f:3,No
FCVT_LU_S,fcvt.lu.s,110000000011?????????????1010011,sw/toolchain/riscv-opcodes/opcodes-rv64f,sw/toolchain/riscv-opcodes/opcodes-rv64f:4,No
FCVT_S_L,fcvt.s.l,110100000010?????????????1010011,sw/toolchain/riscv-opcodes/opcodes-rv64f,sw/toolchain/riscv-opcodes/opcodes-rv64f:6,No
FCVT_S_LU,fcvt.s.lu,110100000011?????????????1010011,sw/toolchain/riscv-opcodes/opcodes-rv64f,sw/toolchain/riscv-opcodes/opcodes-rv64f:7,No
HLV_WU,hlv.wu,011010000001?????100?????1110011,sw/toolchain/riscv-opcodes/opcodes-rv64h,sw/toolchain/riscv-opcodes/opcodes-rv64h:2,No
HLV_D,hlv.d,011011000000?????100?????1110011,sw/toolchain/riscv-opcodes/opcodes-rv64h,sw/toolchain/riscv-opcodes/opcodes-rv64h:3,No
HSV_D,hsv.d,0110111??????????100000001110011,sw/toolchain/riscv-opcodes/opcodes-rv64h,sw/toolchain/riscv-opcodes/opcodes-rv64h:4,No
ADDIW,addiw,?????????????????000?????0011011,sw/toolchain/riscv-opcodes/opcodes-rv64i,sw/toolchain/riscv-opcodes/opcodes-rv64i:3,No
SLLIW,slliw,0000000??????????001?????0011011,sw/toolchain/riscv-opcodes/opcodes-rv64i,sw/toolchain/riscv-opcodes/opcodes-rv64i:4,No
SRLIW,srliw,0000000??????????101?????0011011,sw/toolchain/riscv-opcodes/opcodes-rv64i,sw/toolchain/riscv-opcodes/opcodes-rv64i:5,No
SRAIW,sraiw,0100000??????????101?????0011011,sw/toolchain/riscv-opcodes/opcodes-rv64i,sw/toolchain/riscv-opcodes/opcodes-rv64i:6,No
ADDW,addw,0000000??????????000?????0111011,sw/toolchain/riscv-opcodes/opcodes-rv64i,sw/toolchain/riscv-opcodes/opcodes-rv64i:8,No
SUBW,subw,0100000??????????000?????0111011,sw/toolchain/riscv-opcodes/opcodes-rv64i,sw/toolchain/riscv-opcodes/opcodes-rv64i:9,No
SLLW,sllw,0000000??????????001?????0111011,sw/toolchain/riscv-opcodes/opcodes-rv64i,sw/toolchain/riscv-opcodes/opcodes-rv64i:10,No
SRLW,srlw,0000000??????????101?????0111011,sw/toolchain/riscv-opcodes/opcodes-rv64i,sw/toolchain/riscv-opcodes/opcodes-rv64i:11,No
SRAW,sraw,0100000??????????101?????0111011,sw/toolchain/riscv-opcodes/opcodes-rv64i,sw/toolchain/riscv-opcodes/opcodes-rv64i:12,No
LD,ld,?????????????????011?????0000011,sw/toolchain/riscv-opcodes/opcodes-rv64i,sw/toolchain/riscv-opcodes/opcodes-rv64i:14,No
LWU,lwu,?????????????????110?????0000011,sw/toolchain/riscv-opcodes/opcodes-rv64i,sw/toolchain/riscv-opcodes/opcodes-rv64i:15,No
SD,sd,?????????????????011?????0100011,sw/toolchain/riscv-opcodes/opcodes-rv64i,sw/toolchain/riscv-opcodes/opcodes-rv64i:17,No
MULW,mulw,0000001??????????000?????0111011,sw/toolchain/riscv-opcodes/opcodes-rv64m,sw/toolchain/riscv-opcodes/opcodes-rv64m:3,No
DIVW,divw,0000001??????????100?????0111011,sw/toolchain/riscv-opcodes/opcodes-rv64m,sw/toolchain/riscv-opcodes/opcodes-rv64m:4,No
DIVUW,divuw,0000001??????????101?????0111011,sw/toolchain/riscv-opcodes/opcodes-rv64m,sw/toolchain/riscv-opcodes/opcodes-rv64m:5,No
REMW,remw,0000001??????????110?????0111011,sw/toolchain/riscv-opcodes/opcodes-rv64m,sw/toolchain/riscv-opcodes/opcodes-rv64m:6,No
REMUW,remuw,0000001??????????111?????0111011,sw/toolchain/riscv-opcodes/opcodes-rv64m,sw/toolchain/riscv-opcodes/opcodes-rv64m:7,No
FCVT_L_Q,fcvt.l.q,110001100010?????????????1010011,sw/toolchain/riscv-opcodes/opcodes-rv64q,sw/toolchain/riscv-opcodes/opcodes-rv64q:3,No
FCVT_LU_Q,fcvt.lu.q,110001100011?????????????1010011,sw/toolchain/riscv-opcodes/opcodes-rv64q,sw/toolchain/riscv-opcodes/opcodes-rv64q:4,No
FCVT_Q_L,fcvt.q.l,110101100010?????????????1010011,sw/toolchain/riscv-opcodes/opcodes-rv64q,sw/toolchain/riscv-opcodes/opcodes-rv64q:6,No
FCVT_Q_LU,fcvt.q.lu,110101100011?????????????1010011,sw/toolchain/riscv-opcodes/opcodes-rv64q,sw/toolchain/riscv-opcodes/opcodes-rv64q:7,No
FCVT_L_H,fcvt.l.h,110001000010?????????????1010011,sw/toolchain/riscv-opcodes/opcodes-rv64zfh_DRAFT,sw/toolchain/riscv-opcodes/opcodes-rv64zfh_DRAFT:5,No
FCVT_LU_H,fcvt.lu.h,110001000011?????????????1010011,sw/toolchain/riscv-opcodes/opcodes-rv64zfh_DRAFT,sw/toolchain/riscv-opcodes/opcodes-rv64zfh_DRAFT:6,No
FCVT_H_L,fcvt.h.l,110101000010?????????????1010011,sw/toolchain/riscv-opcodes/opcodes-rv64zfh_DRAFT,sw/toolchain/riscv-opcodes/opcodes-rv64zfh_DRAFT:8,No
FCVT_H_LU,fcvt.h.lu,110101000011?????????????1010011,sw/toolchain/riscv-opcodes/opcodes-rv64zfh_DRAFT,sw/toolchain/riscv-opcodes/opcodes-rv64zfh_DRAFT:9,No
C_ADDI4SPN,c.addi4spn,????????????????000???????????00,sw/toolchain/riscv-opcodes/opcodes-rvc,sw/toolchain/riscv-opcodes/opcodes-rvc:13,No
C_FLD,c.fld,????????????????001???????????00,sw/toolchain/riscv-opcodes/opcodes-rvc,sw/toolchain/riscv-opcodes/opcodes-rvc:14,No
C_LW,c.lw,????????????????010???????????00,sw/toolchain/riscv-opcodes/opcodes-rvc,sw/toolchain/riscv-opcodes/opcodes-rvc:15,No
C_FLW,c.flw,????????????????011???????????00,sw/toolchain/riscv-opcodes/opcodes-rvc,sw/toolchain/riscv-opcodes/opcodes-rvc:16,No
C_FSD,c.fsd,????????????????101???????????00,sw/toolchain/riscv-opcodes/opcodes-rvc,sw/toolchain/riscv-opcodes/opcodes-rvc:17,No
C_SW,c.sw,????????????????110???????????00,sw/toolchain/riscv-opcodes/opcodes-rvc,sw/toolchain/riscv-opcodes/opcodes-rvc:18,No
C_FSW,c.fsw,????????????????111???????????00,sw/toolchain/riscv-opcodes/opcodes-rvc,sw/toolchain/riscv-opcodes/opcodes-rvc:19,No
C_ADDI,c.addi,????????????????000???????????01,sw/toolchain/riscv-opcodes/opcodes-rvc,sw/toolchain/riscv-opcodes/opcodes-rvc:22,No
C_JAL,c.jal,????????????????001???????????01,sw/toolchain/riscv-opcodes/opcodes-rvc,sw/toolchain/riscv-opcodes/opcodes-rvc:23,No
C_LI,c.li,????????????????010???????????01,sw/toolchain/riscv-opcodes/opcodes-rvc,sw/toolchain/riscv-opcodes/opcodes-rvc:24,No
C_LUI,c.lui,????????????????011???????????01,sw/toolchain/riscv-opcodes/opcodes-rvc,sw/toolchain/riscv-opcodes/opcodes-rvc:25,No
C_SRLI,c.srli,????????????????100?00????????01,sw/toolchain/riscv-opcodes/opcodes-rvc,sw/toolchain/riscv-opcodes/opcodes-rvc:26,No
C_SRAI,c.srai,????????????????100?01????????01,sw/toolchain/riscv-opcodes/opcodes-rvc,sw/toolchain/riscv-opcodes/opcodes-rvc:27,No
C_ANDI,c.andi,????????????????100?10????????01,sw/toolchain/riscv-opcodes/opcodes-rvc,sw/toolchain/riscv-opcodes/opcodes-rvc:28,No
C_SUB,c.sub,????????????????100011???00???01,sw/toolchain/riscv-opcodes/opcodes-rvc,sw/toolchain/riscv-opcodes/opcodes-rvc:29,No
C_XOR,c.xor,????????????????100011???01???01,sw/toolchain/riscv-opcodes/opcodes-rvc,sw/toolchain/riscv-opcodes/opcodes-rvc:30,No
C_OR,c.or,????????????????100011???10???01,sw/toolchain/riscv-opcodes/opcodes-rvc,sw/toolchain/riscv-opcodes/opcodes-rvc:31,No
C_AND,c.and,????????????????100011???11???01,sw/toolchain/riscv-opcodes/opcodes-rvc,sw/toolchain/riscv-opcodes/opcodes-rvc:32,No
C_J,c.j,????????????????101???????????01,sw/toolchain/riscv-opcodes/opcodes-rvc,sw/toolchain/riscv-opcodes/opcodes-rvc:33,No
C_BEQZ,c.beqz,????????????????110???????????01,sw/toolchain/riscv-opcodes/opcodes-rvc,sw/toolchain/riscv-opcodes/opcodes-rvc:34,No
C_BNEZ,c.bnez,????????????????111???????????01,sw/toolchain/riscv-opcodes/opcodes-rvc,sw/toolchain/riscv-opcodes/opcodes-rvc:35,No
C_SLLI,c.slli,????????????????000???????????10,sw/toolchain/riscv-opcodes/opcodes-rvc,sw/toolchain/riscv-opcodes/opcodes-rvc:38,No
C_FLDSP,c.fldsp,????????????????001???????????10,sw/toolchain/riscv-opcodes/opcodes-rvc,sw/toolchain/riscv-opcodes/opcodes-rvc:39,No
C_LWSP,c.lwsp,????????????????010???????????10,sw/toolchain/riscv-opcodes/opcodes-rvc,sw/toolchain/riscv-opcodes/opcodes-rvc:40,No
C_FLWSP,c.flwsp,????????????????011???????????10,sw/toolchain/riscv-opcodes/opcodes-rvc,sw/toolchain/riscv-opcodes/opcodes-rvc:41,No
C_MV,c.mv,????????????????1000??????????10,sw/toolchain/riscv-opcodes/opcodes-rvc,sw/toolchain/riscv-opcodes/opcodes-rvc:42,No
C_ADD,c.add,????????????????1001??????????10,sw/toolchain/riscv-opcodes/opcodes-rvc,sw/toolchain/riscv-opcodes/opcodes-rvc:43,No
C_FSDSP,c.fsdsp,????????????????101???????????10,sw/toolchain/riscv-opcodes/opcodes-rvc,sw/toolchain/riscv-opcodes/opcodes-rvc:44,No
C_SWSP,c.swsp,????????????????110???????????10,sw/toolchain/riscv-opcodes/opcodes-rvc,sw/toolchain/riscv-opcodes/opcodes-rvc:45,No
C_FSWSP,c.fswsp,????????????????111???????????10,sw/toolchain/riscv-opcodes/opcodes-rvc,sw/toolchain/riscv-opcodes/opcodes-rvc:46,No
VSETIVLI,vsetivli,11???????????????111?????1010111,sw/toolchain/riscv-opcodes/opcodes-rvv,sw/toolchain/riscv-opcodes/opcodes-rvv:11,Yes
VSETVLI,vsetvli,0????????????????111?????1010111,sw/toolchain/riscv-opcodes/opcodes-rvv,sw/toolchain/riscv-opcodes/opcodes-rvv:12,Yes
VSETVL,vsetvl,1000000??????????111?????1010111,sw/toolchain/riscv-opcodes/opcodes-rvv,sw/toolchain/riscv-opcodes/opcodes-rvv:13,Yes
VLM_V,vlm.v,000000101011?????000?????0000111,sw/toolchain/riscv-opcodes/opcodes-rvv,sw/toolchain/riscv-opcodes/opcodes-rvv:21,Yes
VSM_V,vsm.v,000000101011?????000?????0100111,sw/toolchain/riscv-opcodes/opcodes-rvv,sw/toolchain/riscv-opcodes/opcodes-rvv:22,Yes
VLE8_V,vle8.v,???000?00000?????000?????0000111,sw/toolchain/riscv-opcodes/opcodes-rvv,sw/toolchain/riscv-opcodes/opcodes-rvv:23,Yes
VLE16_V,vle16.v,???000?00000?????101?????0000111,sw/toolchain/riscv-opcodes/opcodes-rvv,sw/toolchain/riscv-opcodes/opcodes-rvv:24,Yes
VLE32_V,vle32.v,???000?00000?????110?????0000111,sw/toolchain/riscv-opcodes/opcodes-rvv,sw/toolchain/riscv-opcodes/opcodes-rvv:25,Yes
VLE64_V,vle64.v,???000?00000?????111?????0000111,sw/toolchain/riscv-opcodes/opcodes-rvv,sw/toolchain/riscv-opcodes/opcodes-rvv:26,Yes
VLE128_V,vle128.v,???100?00000?????000?????0000111,sw/toolchain/riscv-opcodes/opcodes-rvv,sw/toolchain/riscv-opcodes/opcodes-rvv:27,Yes
VLE256_V,vle256.v,???100?00000?????101?????0000111,sw/toolchain/riscv-opcodes/opcodes-rvv,sw/toolchain/riscv-opcodes/opcodes-rvv:28,Yes
VLE512_V,vle512.v,???100?00000?????110?????0000111,sw/toolchain/riscv-opcodes/opcodes-rvv,sw/toolchain/riscv-opcodes/opcodes-rvv:29,Yes
VLE1024_V,vle1024.v,???100?00000?????111?????0000111,sw/toolchain/riscv-opcodes/opcodes-rvv,sw/toolchain/riscv-opcodes/opcodes-rvv:30,Yes
VSE8_V,vse8.v,???000?00000?????000?????0100111,sw/toolchain/riscv-opcodes/opcodes-rvv,sw/toolchain/riscv-opcodes/opcodes-rvv:31,Yes
VSE16_V,vse16.v,???000?00000?????101?????0100111,sw/toolchain/riscv-opcodes/opcodes-rvv,sw/toolchain/riscv-opcodes/opcodes-rvv:32,Yes
VSE32_V,vse32.v,???000?00000?????110?????0100111,sw/toolchain/riscv-opcodes/opcodes-rvv,sw/toolchain/riscv-opcodes/opcodes-rvv:33,Yes
VSE64_V,vse64.v,???000?00000?????111?????0100111,sw/toolchain/riscv-opcodes/opcodes-rvv,sw/toolchain/riscv-opcodes/opcodes-rvv:34,Yes
VSE128_V,vse128.v,???100?00000?????000?????0100111,sw/toolchain/riscv-opcodes/opcodes-rvv,sw/toolchain/riscv-opcodes/opcodes-rvv:35,Yes
VSE256_V,vse256.v,???100?00000?????101?????0100111,sw/toolchain/riscv-opcodes/opcodes-rvv,sw/toolchain/riscv-opcodes/opcodes-rvv:36,Yes
VSE512_V,vse512.v,???100?00000?????110?????0100111,sw/toolchain/riscv-opcodes/opcodes-rvv,sw/toolchain/riscv-opcodes/opcodes-rvv:37,Yes
VSE1024_V,vse1024.v,???100?00000?????111?????0100111,sw/toolchain/riscv-opcodes/opcodes-rvv,sw/toolchain/riscv-opcodes/opcodes-rvv:38,Yes
VLUXEI8_V,vluxei8.v,???001???????????000?????0000111,sw/toolchain/riscv-opcodes/opcodes-rvv,sw/toolchain/riscv-opcodes/opcodes-rvv:42,Yes
VLUXEI16_V,vluxei16.v,???001???????????101?????0000111,sw/toolchain/riscv-opcodes/opcodes-rvv,sw/toolchain/riscv-opcodes/opcodes-rvv:43,Yes
VLUXEI32_V,vluxei32.v,???001???????????110?????0000111,sw/toolchain/riscv-opcodes/opcodes-rvv,sw/toolchain/riscv-opcodes/opcodes-rvv:44,Yes
VLUXEI64_V,vluxei64.v,???001???????????111?????0000111,sw/toolchain/riscv-opcodes/opcodes-rvv,sw/toolchain/riscv-opcodes/opcodes-rvv:45,Yes
VLUXEI128_V,vluxei128.v,???101???????????000?????0000111,sw/toolchain/riscv-opcodes/opcodes-rvv,sw/toolchain/riscv-opcodes/opcodes-rvv:46,Yes
VLUXEI256_V,vluxei256.v,???101???????????101?????0000111,sw/toolchain/riscv-opcodes/opcodes-rvv,sw/toolchain/riscv-opcodes/opcodes-rvv:47,Yes
VLUXEI512_V,vluxei512.v,???101???????????110?????0000111,sw/toolchain/riscv-opcodes/opcodes-rvv,sw/toolchain/riscv-opcodes/opcodes-rvv:48,Yes
VLUXEI1024_V,vluxei1024.v,???101???????????111?????0000111,sw/toolchain/riscv-opcodes/opcodes-rvv,sw/toolchain/riscv-opcodes/opcodes-rvv:49,Yes
VSUXEI8_V,vsuxei8.v,???001???????????000?????0100111,sw/toolchain/riscv-opcodes/opcodes-rvv,sw/toolchain/riscv-opcodes/opcodes-rvv:50,Yes
VSUXEI16_V,vsuxei16.v,???001???????????101?????0100111,sw/toolchain/riscv-opcodes/opcodes-rvv,sw/toolchain/riscv-opcodes/opcodes-rvv:51,Yes
VSUXEI32_V,vsuxei32.v,???001???????????110?????0100111,sw/toolchain/riscv-opcodes/opcodes-rvv,sw/toolchain/riscv-opcodes/opcodes-rvv:52,Yes
VSUXEI64_V,vsuxei64.v,???001???????????111?????0100111,sw/toolchain/riscv-opcodes/opcodes-rvv,sw/toolchain/riscv-opcodes/opcodes-rvv:53,Yes
VSUXEI128_V,vsuxei128.v,???101???????????000?????0100111,sw/toolchain/riscv-opcodes/opcodes-rvv,sw/toolchain/riscv-opcodes/opcodes-rvv:54,Yes
VSUXEI256_V,vsuxei256.v,???101???????????101?????0100111,sw/toolchain/riscv-opcodes/opcodes-rvv,sw/toolchain/riscv-opcodes/opcodes-rvv:55,Yes
VSUXEI512_V,vsuxei512.v,???101???????????110?????0100111,sw/toolchain/riscv-opcodes/opcodes-rvv,sw/toolchain/riscv-opcodes/opcodes-rvv:56,Yes
VSUXEI1024_V,vsuxei1024.v,???101???????????111?????0100111,sw/toolchain/riscv-opcodes/opcodes-rvv,sw/toolchain/riscv-opcodes/opcodes-rvv:57,Yes
VLSE8_V,vlse8.v,???010???????????000?????0000111,sw/toolchain/riscv-opcodes/opcodes-rvv,sw/toolchain/riscv-opcodes/opcodes-rvv:61,Yes
VLSE16_V,vlse16.v,???010???????????101?????0000111,sw/toolchain/riscv-opcodes/opcodes-rvv,sw/toolchain/riscv-opcodes/opcodes-rvv:62,Yes
VLSE32_V,vlse32.v,???010???????????110?????0000111,sw/toolchain/riscv-opcodes/opcodes-rvv,sw/toolchain/riscv-opcodes/opcodes-rvv:63,Yes
VLSE64_V,vlse64.v,???010???????????111?????0000111,sw/toolchain/riscv-opcodes/opcodes-rvv,sw/toolchain/riscv-opcodes/opcodes-rvv:64,Yes
VLSE128_V,vlse128.v,???110???????????000?????0000111,sw/toolchain/riscv-opcodes/opcodes-rvv,sw/toolchain/riscv-opcodes/opcodes-rvv:65,Yes
VLSE256_V,vlse256.v,???110???????????101?????0000111,sw/toolchain/riscv-opcodes/opcodes-rvv,sw/toolchain/riscv-opcodes/opcodes-rvv:66,Yes
VLSE512_V,vlse512.v,???110???????????110?????0000111,sw/toolchain/riscv-opcodes/opcodes-rvv,sw/toolchain/riscv-opcodes/opcodes-rvv:67,Yes
VLSE1024_V,vlse1024.v,???110???????????111?????0000111,sw/toolchain/riscv-opcodes/opcodes-rvv,sw/toolchain/riscv-opcodes/opcodes-rvv:68,Yes
VSSE8_V,vsse8.v,???010???????????000?????0100111,sw/toolchain/riscv-opcodes/opcodes-rvv,sw/toolchain/riscv-opcodes/opcodes-rvv:69,Yes
VSSE16_V,vsse16.v,???010???????????101?????0100111,sw/toolchain/riscv-opcodes/opcodes-rvv,sw/toolchain/riscv-opcodes/opcodes-rvv:70,Yes
VSSE32_V,vsse32.v,???010???????????110?????0100111,sw/toolchain/riscv-opcodes/opcodes-rvv,sw/toolchain/riscv-opcodes/opcodes-rvv:71,Yes
VSSE64_V,vsse64.v,???010???????????111?????0100111,sw/toolchain/riscv-opcodes/opcodes-rvv,sw/toolchain/riscv-opcodes/opcodes-rvv:72,Yes
VSSE128_V,vsse128.v,???110???????????000?????0100111,sw/toolchain/riscv-opcodes/opcodes-rvv,sw/toolchain/riscv-opcodes/opcodes-rvv:73,Yes
VSSE256_V,vsse256.v,???110???????????101?????0100111,sw/toolchain/riscv-opcodes/opcodes-rvv,sw/toolchain/riscv-opcodes/opcodes-rvv:74,Yes
VSSE512_V,vsse512.v,???110???????????110?????0100111,sw/toolchain/riscv-opcodes/opcodes-rvv,sw/toolchain/riscv-opcodes/opcodes-rvv:75,Yes
VSSE1024_V,vsse1024.v,???110???????????111?????0100111,sw/toolchain/riscv-opcodes/opcodes-rvv,sw/toolchain/riscv-opcodes/opcodes-rvv:76,Yes
VLOXEI8_V,vloxei8.v,???011???????????000?????0000111,sw/toolchain/riscv-opcodes/opcodes-rvv,sw/toolchain/riscv-opcodes/opcodes-rvv:80,Yes
VLOXEI16_V,vloxei16.v,???011???????????101?????0000111,sw/toolchain/riscv-opcodes/opcodes-rvv,sw/toolchain/riscv-opcodes/opcodes-rvv:81,Yes
VLOXEI32_V,vloxei32.v,???011???????????110?????0000111,sw/toolchain/riscv-opcodes/opcodes-rvv,sw/toolchain/riscv-opcodes/opcodes-rvv:82,Yes
VLOXEI64_V,vloxei64.v,???011???????????111?????0000111,sw/toolchain/riscv-opcodes/opcodes-rvv,sw/toolchain/riscv-opcodes/opcodes-rvv:83,Yes
VLOXEI128_V,vloxei128.v,???111???????????000?????0000111,sw/toolchain/riscv-opcodes/opcodes-rvv,sw/toolchain/riscv-opcodes/opcodes-rvv:84,Yes
VLOXEI256_V,vloxei256.v,???111???????????101?????0000111,sw/toolchain/riscv-opcodes/opcodes-rvv,sw/toolchain/riscv-opcodes/opcodes-rvv:85,Yes
VLOXEI512_V,vloxei512.v,???111???????????110?????0000111,sw/toolchain/riscv-opcodes/opcodes-rvv,sw/toolchain/riscv-opcodes/opcodes-rvv:86,Yes
VLOXEI1024_V,vloxei1024.v,???111???????????111?????0000111,sw/toolchain/riscv-opcodes/opcodes-rvv,sw/toolchain/riscv-opcodes/opcodes-rvv:87,Yes
VSOXEI8_V,vsoxei8.v,???011???????????000?????0100111,sw/toolchain/riscv-opcodes/opcodes-rvv,sw/toolchain/riscv-opcodes/opcodes-rvv:88,Yes
VSOXEI16_V,vsoxei16.v,???011???????????101?????0100111,sw/toolchain/riscv-opcodes/opcodes-rvv,sw/toolchain/riscv-opcodes/opcodes-rvv:89,Yes
VSOXEI32_V,vsoxei32.v,???011???????????110?????0100111,sw/toolchain/riscv-opcodes/opcodes-rvv,sw/toolchain/riscv-opcodes/opcodes-rvv:90,Yes
VSOXEI64_V,vsoxei64.v,???011???????????111?????0100111,sw/toolchain/riscv-opcodes/opcodes-rvv,sw/toolchain/riscv-opcodes/opcodes-rvv:91,Yes
VSOXEI128_V,vsoxei128.v,???111???????????000?????0100111,sw/toolchain/riscv-opcodes/opcodes-rvv,sw/toolchain/riscv-opcodes/opcodes-rvv:92,Yes
VSOXEI256_V,vsoxei256.v,???111???????????101?????0100111,sw/toolchain/riscv-opcodes/opcodes-rvv,sw/toolchain/riscv-opcodes/opcodes-rvv:93,Yes
VSOXEI512_V,vsoxei512.v,???111???????????110?????0100111,sw/toolchain/riscv-opcodes/opcodes-rvv,sw/toolchain/riscv-opcodes/opcodes-rvv:94,Yes
VSOXEI1024_V,vsoxei1024.v,???111???????????111?????0100111,sw/toolchain/riscv-opcodes/opcodes-rvv,sw/toolchain/riscv-opcodes/opcodes-rvv:95,Yes
VLE8FF_V,vle8ff.v,???000?10000?????000?????0000111,sw/toolchain/riscv-opcodes/opcodes-rvv,sw/toolchain/riscv-opcodes/opcodes-rvv:99,Yes
VLE16FF_V,vle16ff.v,???000?10000?????101?????0000111,sw/toolchain/riscv-opcodes/opcodes-rvv,sw/toolchain/riscv-opcodes/opcodes-rvv:100,Yes
VLE32FF_V,vle32ff.v,???000?10000?????110?????0000111,sw/toolchain/riscv-opcodes/opcodes-rvv,sw/toolchain/riscv-opcodes/opcodes-rvv:101,Yes
VLE64FF_V,vle64ff.v,???000?10000?????111?????0000111,sw/toolchain/riscv-opcodes/opcodes-rvv,sw/toolchain/riscv-opcodes/opcodes-rvv:102,Yes
VLE128FF_V,vle128ff.v,???100?10000?????000?????0000111,sw/toolchain/riscv-opcodes/opcodes-rvv,sw/toolchain/riscv-opcodes/opcodes-rvv:103,Yes
VLE256FF_V,vle256ff.v,???100?10000?????101?????0000111,sw/toolchain/riscv-opcodes/opcodes-rvv,sw/toolchain/riscv-opcodes/opcodes-rvv:104,Yes
VLE512FF_V,vle512ff.v,???100?10000?????110?????0000111,sw/toolchain/riscv-opcodes/opcodes-rvv,sw/toolchain/riscv-opcodes/opcodes-rvv:105,Yes
VLE1024FF_V,vle1024ff.v,???100?10000?????111?????0000111,sw/toolchain/riscv-opcodes/opcodes-rvv,sw/toolchain/riscv-opcodes/opcodes-rvv:106,Yes
VL1RE8_V,vl1re8.v,000000101000?????000?????0000111,sw/toolchain/riscv-opcodes/opcodes-rvv,sw/toolchain/riscv-opcodes/opcodes-rvv:110,Yes
VL1RE16_V,vl1re16.v,000000101000?????101?????0000111,sw/toolchain/riscv-opcodes/opcodes-rvv,sw/toolchain/riscv-opcodes/opcodes-rvv:111,Yes
VL1RE32_V,vl1re32.v,000000101000?????110?????0000111,sw/toolchain/riscv-opcodes/opcodes-rvv,sw/toolchain/riscv-opcodes/opcodes-rvv:112,Yes
VL1RE64_V,vl1re64.v,000000101000?????111?????0000111,sw/toolchain/riscv-opcodes/opcodes-rvv,sw/toolchain/riscv-opcodes/opcodes-rvv:113,Yes
VL2RE8_V,vl2re8.v,001000101000?????000?????0000111,sw/toolchain/riscv-opcodes/opcodes-rvv,sw/toolchain/riscv-opcodes/opcodes-rvv:114,Yes
VL2RE16_V,vl2re16.v,001000101000?????101?????0000111,sw/toolchain/riscv-opcodes/opcodes-rvv,sw/toolchain/riscv-opcodes/opcodes-rvv:115,Yes
VL2RE32_V,vl2re32.v,001000101000?????110?????0000111,sw/toolchain/riscv-opcodes/opcodes-rvv,sw/toolchain/riscv-opcodes/opcodes-rvv:116,Yes
VL2RE64_V,vl2re64.v,001000101000?????111?????0000111,sw/toolchain/riscv-opcodes/opcodes-rvv,sw/toolchain/riscv-opcodes/opcodes-rvv:117,Yes
VL4RE8_V,vl4re8.v,011000101000?????000?????0000111,sw/toolchain/riscv-opcodes/opcodes-rvv,sw/toolchain/riscv-opcodes/opcodes-rvv:118,Yes
VL4RE16_V,vl4re16.v,011000101000?????101?????0000111,sw/toolchain/riscv-opcodes/opcodes-rvv,sw/toolchain/riscv-opcodes/opcodes-rvv:119,Yes
VL4RE32_V,vl4re32.v,011000101000?????110?????0000111,sw/toolchain/riscv-opcodes/opcodes-rvv,sw/toolchain/riscv-opcodes/opcodes-rvv:120,Yes
VL4RE64_V,vl4re64.v,011000101000?????111?????0000111,sw/toolchain/riscv-opcodes/opcodes-rvv,sw/toolchain/riscv-opcodes/opcodes-rvv:121,Yes
VL8RE8_V,vl8re8.v,111000101000?????000?????0000111,sw/toolchain/riscv-opcodes/opcodes-rvv,sw/toolchain/riscv-opcodes/opcodes-rvv:122,Yes
VL8RE16_V,vl8re16.v,111000101000?????101?????0000111,sw/toolchain/riscv-opcodes/opcodes-rvv,sw/toolchain/riscv-opcodes/opcodes-rvv:123,Yes
VL8RE32_V,vl8re32.v,111000101000?????110?????0000111,sw/toolchain/riscv-opcodes/opcodes-rvv,sw/toolchain/riscv-opcodes/opcodes-rvv:124,Yes
VL8RE64_V,vl8re64.v,111000101000?????111?????0000111,sw/toolchain/riscv-opcodes/opcodes-rvv,sw/toolchain/riscv-opcodes/opcodes-rvv:125,Yes
VS1R_V,vs1r.v,000000101000?????000?????0100111,sw/toolchain/riscv-opcodes/opcodes-rvv,sw/toolchain/riscv-opcodes/opcodes-rvv:126,Yes
VS2R_V,vs2r.v,001000101000?????000?????0100111,sw/toolchain/riscv-opcodes/opcodes-rvv,sw/toolchain/riscv-opcodes/opcodes-rvv:127,Yes
VS4R_V,vs4r.v,011000101000?????000?????0100111,sw/toolchain/riscv-opcodes/opcodes-rvv,sw/toolchain/riscv-opcodes/opcodes-rvv:128,Yes
VS8R_V,vs8r.v,111000101000?????000?????0100111,sw/toolchain/riscv-opcodes/opcodes-rvv,sw/toolchain/riscv-opcodes/opcodes-rvv:129,Yes
VFADD_VF,vfadd.vf,000000???????????101?????1010111,sw/toolchain/riscv-opcodes/opcodes-rvv,sw/toolchain/riscv-opcodes/opcodes-rvv:134,Yes
VFSUB_VF,vfsub.vf,000010???????????101?????1010111,sw/toolchain/riscv-opcodes/opcodes-rvv,sw/toolchain/riscv-opcodes/opcodes-rvv:135,Yes
VFMIN_VF,vfmin.vf,000100???????????101?????1010111,sw/toolchain/riscv-opcodes/opcodes-rvv,sw/toolchain/riscv-opcodes/opcodes-rvv:136,Yes
VFMAX_VF,vfmax.vf,000110???????????101?????1010111,sw/toolchain/riscv-opcodes/opcodes-rvv,sw/toolchain/riscv-opcodes/opcodes-rvv:137,Yes
VFSGNJ_VF,vfsgnj.vf,001000???????????101?????1010111,sw/toolchain/riscv-opcodes/opcodes-rvv,sw/toolchain/riscv-opcodes/opcodes-rvv:138,Yes
VFSGNJN_VF,vfsgnjn.vf,001001???????????101?????1010111,sw/toolchain/riscv-opcodes/opcodes-rvv,sw/toolchain/riscv-opcodes/opcodes-rvv:139,Yes
VFSGNJX_VF,vfsgnjx.vf,001010???????????101?????1010111,sw/toolchain/riscv-opcodes/opcodes-rvv,sw/toolchain/riscv-opcodes/opcodes-rvv:140,Yes
VFSLIDE1UP_VF,vfslide1up.vf,001110???????????101?????1010111,sw/toolchain/riscv-opcodes/opcodes-rvv,sw/toolchain/riscv-opcodes/opcodes-rvv:141,Yes
VFSLIDE1DOWN_VF,vfslide1down.vf,001111???????????101?????1010111,sw/toolchain/riscv-opcodes/opcodes-rvv,sw/toolchain/riscv-opcodes/opcodes-rvv:142,Yes
VFMV_S_F,vfmv.s.f,010000100000?????101?????1010111,sw/toolchain/riscv-opcodes/opcodes-rvv,sw/toolchain/riscv-opcodes/opcodes-rvv:143,Yes
VFMERGE_VFM,vfmerge.vfm,0101110??????????101?????1010111,sw/toolchain/riscv-opcodes/opcodes-rvv,sw/toolchain/riscv-opcodes/opcodes-rvv:145,Yes
VFMV_V_F,vfmv.v.f,010111100000?????101?????1010111,sw/toolchain/riscv-opcodes/opcodes-rvv,sw/toolchain/riscv-opcodes/opcodes-rvv:146,Yes
VMFEQ_VF,vmfeq.vf,011000???????????101?????1010111,sw/toolchain/riscv-opcodes/opcodes-rvv,sw/toolchain/riscv-opcodes/opcodes-rvv:147,Yes
VMFLE_VF,vmfle.vf,011001???????????101?????1010111,sw/toolchain/riscv-opcodes/opcodes-rvv,sw/toolchain/riscv-opcodes/opcodes-rvv:148,Yes
VMFLT_VF,vmflt.vf,011011???????????101?????1010111,sw/toolchain/riscv-opcodes/opcodes-rvv,sw/toolchain/riscv-opcodes/opcodes-rvv:149,Yes
VMFNE_VF,vmfne.vf,011100???????????101?????1010111,sw/toolchain/riscv-opcodes/opcodes-rvv,sw/toolchain/riscv-opcodes/opcodes-rvv:150,Yes
VMFGT_VF,vmfgt.vf,011101???????????101?????1010111,sw/toolchain/riscv-opcodes/opcodes-rvv,sw/toolchain/riscv-opcodes/opcodes-rvv:151,Yes
VMFGE_VF,vmfge.vf,011111???????????101?????1010111,sw/toolchain/riscv-opcodes/opcodes-rvv,sw/toolchain/riscv-opcodes/opcodes-rvv:152,Yes
VFDIV_VF,vfdiv.vf,100000???????????101?????1010111,sw/toolchain/riscv-opcodes/opcodes-rvv,sw/toolchain/riscv-opcodes/opcodes-rvv:154,Yes
VFRDIV_VF,vfrdiv.vf,100001???????????101?????1010111,sw/toolchain/riscv-opcodes/opcodes-rvv,sw/toolchain/riscv-opcodes/opcodes-rvv:155,Yes
VFMUL_VF,vfmul.vf,100100???????????101?????1010111,sw/toolchain/riscv-opcodes/opcodes-rvv,sw/toolchain/riscv-opcodes/opcodes-rvv:156,Yes
VFRSUB_VF,vfrsub.vf,100111???????????101?????1010111,sw/toolchain/riscv-opcodes/opcodes-rvv,sw/toolchain/riscv-opcodes/opcodes-rvv:157,Yes
VFMADD_VF,vfmadd.vf,101000???????????101?????1010111,sw/toolchain/riscv-opcodes/opcodes-rvv,sw/toolchain/riscv-opcodes/opcodes-rvv:158,Yes
VFNMADD_VF,vfnmadd.vf,101001???????????101?????1010111,sw/toolchain/riscv-opcodes/opcodes-rvv,sw/toolchain/riscv-opcodes/opcodes-rvv:159,Yes
VFMSUB_VF,vfmsub.vf,101010???????????101?????1010111,sw/toolchain/riscv-opcodes/opcodes-rvv,sw/toolchain/riscv-opcodes/opcodes-rvv:160,Yes
VFNMSUB_VF,vfnmsub.vf,101011???????????101?????1010111,sw/toolchain/riscv-opcodes/opcodes-rvv,sw/toolchain/riscv-opcodes/opcodes-rvv:161,Yes
VFMACC_VF,vfmacc.vf,101100???????????101?????1010111,sw/toolchain/riscv-opcodes/opcodes-rvv,sw/toolchain/riscv-opcodes/opcodes-rvv:162,Yes
VFNMACC_VF,vfnmacc.vf,101101???????????101?????1010111,sw/toolchain/riscv-opcodes/opcodes-rvv,sw/toolchain/riscv-opcodes/opcodes-rvv:163,Yes
VFMSAC_VF,vfmsac.vf,101110???????????101?????1010111,sw/toolchain/riscv-opcodes/opcodes-rvv,sw/toolchain/riscv-opcodes/opcodes-rvv:164,Yes
VFNMSAC_VF,vfnmsac.vf,101111???????????101?????1010111,sw/toolchain/riscv-opcodes/opcodes-rvv,sw/toolchain/riscv-opcodes/opcodes-rvv:165,Yes
VFWADD_VF,vfwadd.vf,110000???????????101?????1010111,sw/toolchain/riscv-opcodes/opcodes-rvv,sw/toolchain/riscv-opcodes/opcodes-rvv:167,Yes
VFWSUB_VF,vfwsub.vf,110010???????????101?????1010111,sw/toolchain/riscv-opcodes/opcodes-rvv,sw/toolchain/riscv-opcodes/opcodes-rvv:168,Yes
VFWADD_WF,vfwadd.wf,110100???????????101?????1010111,sw/toolchain/riscv-opcodes/opcodes-rvv,sw/toolchain/riscv-opcodes/opcodes-rvv:169,Yes
VFWSUB_WF,vfwsub.wf,110110???????????101?????1010111,sw/toolchain/riscv-opcodes/opcodes-rvv,sw/toolchain/riscv-opcodes/opcodes-rvv:170,Yes
VFWMUL_VF,vfwmul.vf,111000???????????101?????1010111,sw/toolchain/riscv-opcodes/opcodes-rvv,sw/toolchain/riscv-opcodes/opcodes-rvv:171,Yes
VFWDOTP_VF,vfwdotp.vf,111011???????????101?????1010111,sw/toolchain/riscv-opcodes/opcodes-rvv,sw/toolchain/riscv-opcodes/opcodes-rvv:172,Yes
VFWMACC_VF,vfwmacc.vf,111100???????????101?????1010111,sw/toolchain/riscv-opcodes/opcodes-rvv,sw/toolchain/riscv-opcodes/opcodes-rvv:173,Yes
VFWNMACC_VF,vfwnmacc.vf,111101???????????101?????1010111,sw/toolchain/riscv-opcodes/opcodes-rvv,sw/toolchain/riscv-opcodes/opcodes-rvv:174,Yes
VFWMSAC_VF,vfwmsac.vf,111110???????????101?????1010111,sw/toolchain/riscv-opcodes/opcodes-rvv,sw/toolchain/riscv-opcodes/opcodes-rvv:175,Yes
VFWNMSAC_VF,vfwnmsac.vf,111111???????????101?????1010111,sw/toolchain/riscv-opcodes/opcodes-rvv,sw/toolchain/riscv-opcodes/opcodes-rvv:176,Yes
VFADD_VV,vfadd.vv,000000???????????001?????1010111,sw/toolchain/riscv-opcodes/opcodes-rvv,sw/toolchain/riscv-opcodes/opcodes-rvv:179,Yes
VFREDUSUM_VS,vfredusum.vs,000001???????????001?????1010111,sw/toolchain/riscv-opcodes/opcodes-rvv,sw/toolchain/riscv-opcodes/opcodes-rvv:180,Yes
VFSUB_VV,vfsub.vv,000010???????????001?????1010111,sw/toolchain/riscv-opcodes/opcodes-rvv,sw/toolchain/riscv-opcodes/opcodes-rvv:181,Yes
VFREDOSUM_VS,vfredosum.vs,000011???????????001?????1010111,sw/toolchain/riscv-opcodes/opcodes-rvv,sw/toolchain/riscv-opcodes/opcodes-rvv:182,Yes
VFMIN_VV,vfmin.vv,000100???????????001?????1010111,sw/toolchain/riscv-opcodes/opcodes-rvv,sw/toolchain/riscv-opcodes/opcodes-rvv:183,Yes
VFREDMIN_VS,vfredmin.vs,000101???????????001?????1010111,sw/toolchain/riscv-opcodes/opcodes-rvv,sw/toolchain/riscv-opcodes/opcodes-rvv:184,Yes
VFMAX_VV,vfmax.vv,000110???????????001?????1010111,sw/toolchain/riscv-opcodes/opcodes-rvv,sw/toolchain/riscv-opcodes/opcodes-rvv:185,Yes
VFREDMAX_VS,vfredmax.vs,000111???????????001?????1010111,sw/toolchain/riscv-opcodes/opcodes-rvv,sw/toolchain/riscv-opcodes/opcodes-rvv:186,Yes
VFSGNJ_VV,vfsgnj.vv,001000???????????001?????1010111,sw/toolchain/riscv-opcodes/opcodes-rvv,sw/toolchain/riscv-opcodes/opcodes-rvv:187,Yes
VFSGNJN_VV,vfsgnjn.vv,001001???????????001?????1010111,sw/toolchain/riscv-opcodes/opcodes-rvv,sw/toolchain/riscv-opcodes/opcodes-rvv:188,Yes
VFSGNJX_VV,vfsgnjx.vv,001010???????????001?????1010111,sw/toolchain/riscv-opcodes/opcodes-rvv,sw/toolchain/riscv-opcodes/opcodes-rvv:189,Yes
VFMV_F_S,vfmv.f.s,0100001?????00000001?????1010111,sw/toolchain/riscv-opcodes/opcodes-rvv,sw/toolchain/riscv-opcodes/opcodes-rvv:190,Yes
VMFEQ_VV,vmfeq.vv,011000???????????001?????1010111,sw/toolchain/riscv-opcodes/opcodes-rvv,sw/toolchain/riscv-opcodes/opcodes-rvv:192,Yes
VMFLE_VV,vmfle.vv,011001???????????001?????1010111,sw/toolchain/riscv-opcodes/opcodes-rvv,sw/toolchain/riscv-opcodes/opcodes-rvv:193,Yes
VMFLT_VV,vmflt.vv,011011???????????001?????1010111,sw/toolchain/riscv-opcodes/opcodes-rvv,sw/toolchain/riscv-opcodes/opcodes-rvv:194,Yes
VMFNE_VV,vmfne.vv,011100???????????001?????1010111,sw/toolchain/riscv-opcodes/opcodes-rvv,sw/toolchain/riscv-opcodes/opcodes-rvv:195,Yes
VFDIV_VV,vfdiv.vv,100000???????????001?????1010111,sw/toolchain/riscv-opcodes/opcodes-rvv,sw/toolchain/riscv-opcodes/opcodes-rvv:197,Yes
VFMUL_VV,vfmul.vv,100100???????????001?????1010111,sw/toolchain/riscv-opcodes/opcodes-rvv,sw/toolchain/riscv-opcodes/opcodes-rvv:198,Yes
VFMADD_VV,vfmadd.vv,101000???????????001?????1010111,sw/toolchain/riscv-opcodes/opcodes-rvv,sw/toolchain/riscv-opcodes/opcodes-rvv:199,Yes
VFNMADD_VV,vfnmadd.vv,101001???????????001?????1010111,sw/toolchain/riscv-opcodes/opcodes-rvv,sw/toolchain/riscv-opcodes/opcodes-rvv:200,Yes
VFMSUB_VV,vfmsub.vv,101010???????????001?????1010111,sw/toolchain/riscv-opcodes/opcodes-rvv,sw/toolchain/riscv-opcodes/opcodes-rvv:201,Yes
VFNMSUB_VV,vfnmsub.vv,101011???????????001?????1010111,sw/toolchain/riscv-opcodes/opcodes-rvv,sw/toolchain/riscv-opcodes/opcodes-rvv:202,Yes
VFMACC_VV,vfmacc.vv,101100???????????001?????1010111,sw/toolchain/riscv-opcodes/opcodes-rvv,sw/toolchain/riscv-opcodes/opcodes-rvv:203,Yes
VFNMACC_VV,vfnmacc.vv,101101???????????001?????1010111,sw/toolchain/riscv-opcodes/opcodes-rvv,sw/toolchain/riscv-opcodes/opcodes-rvv:204,Yes
VFMSAC_VV,vfmsac.vv,101110???????????001?????1010111,sw/toolchain/riscv-opcodes/opcodes-rvv,sw/toolchain/riscv-opcodes/opcodes-rvv:205,Yes
VFNMSAC_VV,vfnmsac.vv,101111???????????001?????1010111,sw/toolchain/riscv-opcodes/opcodes-rvv,sw/toolchain/riscv-opcodes/opcodes-rvv:206,Yes
VFCVT_XU_F_V,vfcvt.xu.f.v,010010??????00000001?????1010111,sw/toolchain/riscv-opcodes/opcodes-rvv,sw/toolchain/riscv-opcodes/opcodes-rvv:208,Yes
VFCVT_X_F_V,vfcvt.x.f.v,010010??????00001001?????1010111,sw/toolchain/riscv-opcodes/opcodes-rvv,sw/toolchain/riscv-opcodes/opcodes-rvv:209,Yes
VFCVT_F_XU_V,vfcvt.f.xu.v,010010??????00010001?????1010111,sw/toolchain/riscv-opcodes/opcodes-rvv,sw/toolchain/riscv-opcodes/opcodes-rvv:210,Yes
VFCVT_F_X_V,vfcvt.f.x.v,010010??????00011001?????1010111,sw/toolchain/riscv-opcodes/opcodes-rvv,sw/toolchain/riscv-opcodes/opcodes-rvv:211,Yes
VFCVT_RTZ_XU_F_V,vfcvt.rtz.xu.f.v,010010??????00110001?????1010111,sw/toolchain/riscv-opcodes/opcodes-rvv,sw/toolchain/riscv-opcodes/opcodes-rvv:212,Yes
VFCVT_RTZ_X_F_V,vfcvt.rtz.x.f.v,010010??????00111001?????1010111,sw/toolchain/riscv-opcodes/opcodes-rvv,sw/toolchain/riscv-opcodes/opcodes-rvv:213,Yes
VFWCVT_XU_F_V,vfwcvt.xu.f.v,010010??????01000001?????1010111,sw/toolchain/riscv-opcodes/opcodes-rvv,sw/toolchain/riscv-opcodes/opcodes-rvv:215,Yes
VFWCVT_X_F_V,vfwcvt.x.f.v,010010??????01001001?????1010111,sw/toolchain/riscv-opcodes/opcodes-rvv,sw/toolchain/riscv-opcodes/opcodes-rvv:216,Yes
VFWCVT_F_XU_V,vfwcvt.f.xu.v,010010??????01010001?????1010111,sw/toolchain/riscv-opcodes/opcodes-rvv,sw/toolchain/riscv-opcodes/opcodes-rvv:217,Yes
VFWCVT_F_X_V,vfwcvt.f.x.v,010010??????01011001?????1010111,sw/toolchain/riscv-opcodes/opcodes-rvv,sw/toolchain/riscv-opcodes/opcodes-rvv:218,Yes
VFWCVT_F_F_V,vfwcvt.f.f.v,010010??????01100001?????1010111,sw/toolchain/riscv-opcodes/opcodes-rvv,sw/toolchain/riscv-opcodes/opcodes-rvv:219,Yes
VFWCVT_RTZ_XU_F_V,vfwcvt.rtz.xu.f.v,010010??????01110001?????1010111,sw/toolchain/riscv-opcodes/opcodes-rvv,sw/toolchain/riscv-opcodes/opcodes-rvv:220,Yes
VFWCVT_RTZ_X_F_V,vfwcvt.rtz.x.f.v,010010??????01111001?????1010111,sw/toolchain/riscv-opcodes/opcodes-rvv,sw/toolchain/riscv-opcodes/opcodes-rvv:221,Yes
VFNCVT_XU_F_W,vfncvt.xu.f.w,010010??????10000001?????1010111,sw/toolchain/riscv-opcodes/opcodes-rvv,sw/toolchain/riscv-opcodes/opcodes-rvv:223,Yes
VFNCVT_X_F_W,vfncvt.x.f.w,010010??????10001001?????1010111,sw/toolchain/riscv-opcodes/opcodes-rvv,sw/toolchain/riscv-opcodes/opcodes-rvv:224,Yes
VFNCVT_F_XU_W,vfncvt.f.xu.w,010010??????10010001?????1010111,sw/toolchain/riscv-opcodes/opcodes-rvv,sw/toolchain/riscv-opcodes/opcodes-rvv:225,Yes
VFNCVT_F_X_W,vfncvt.f.x.w,010010??????10011001?????1010111,sw/toolchain/riscv-opcodes/opcodes-rvv,sw/toolchain/riscv-opcodes/opcodes-rvv:226,Yes
VFNCVT_F_F_W,vfncvt.f.f.w,010010??????10100001?????1010111,sw/toolchain/riscv-opcodes/opcodes-rvv,sw/toolchain/riscv-opcodes/opcodes-rvv:227,Yes
VFNCVT_ROD_F_F_W,vfncvt.rod.f.f.w,010010??????10101001?????1010111,sw/toolchain/riscv-opcodes/opcodes-rvv,sw/toolchain/riscv-opcodes/opcodes-rvv:228,Yes
VFNCVT_RTZ_XU_F_W,vfncvt.rtz.xu.f.w,010010??????10110001?????1010111,sw/toolchain/riscv-opcodes/opcodes-rvv,sw/toolchain/riscv-opcodes/opcodes-rvv:229,Yes
VFNCVT_RTZ_X_F_W,vfncvt.rtz.x.f.w,010010??????10111001?????1010111,sw/toolchain/riscv-opcodes/opcodes-rvv,sw/toolchain/riscv-opcodes/opcodes-rvv:230,Yes
VFSQRT_V,vfsqrt.v,010011??????00000001?????1010111,sw/toolchain/riscv-opcodes/opcodes-rvv,sw/toolchain/riscv-opcodes/opcodes-rvv:232,Yes
VFRSQRT7_V,vfrsqrt7.v,010011??????00100001?????1010111,sw/toolchain/riscv-opcodes/opcodes-rvv,sw/toolchain/riscv-opcodes/opcodes-rvv:233,Yes
VFREC7_V,vfrec7.v,010011??????00101001?????1010111,sw/toolchain/riscv-opcodes/opcodes-rvv,sw/toolchain/riscv-opcodes/opcodes-rvv:234,Yes
VFCLASS_V,vfclass.v,010011??????10000001?????1010111,sw/toolchain/riscv-opcodes/opcodes-rvv,sw/toolchain/riscv-opcodes/opcodes-rvv:235,Yes
VFWADD_VV,vfwadd.vv,110000???????????001?????1010111,sw/toolchain/riscv-opcodes/opcodes-rvv,sw/toolchain/riscv-opcodes/opcodes-rvv:237,Yes
VFWREDUSUM_VS,vfwredusum.vs,110001???????????001?????1010111,sw/toolchain/riscv-opcodes/opcodes-rvv,sw/toolchain/riscv-opcodes/opcodes-rvv:238,Yes
VFWSUB_VV,vfwsub.vv,110010???????????001?????1010111,sw/toolchain/riscv-opcodes/opcodes-rvv,sw/toolchain/riscv-opcodes/opcodes-rvv:239,Yes
VFWREDOSUM_VS,vfwredosum.vs,110011???????????001?????1010111,sw/toolchain/riscv-opcodes/opcodes-rvv,sw/toolchain/riscv-opcodes/opcodes-rvv:240,Yes
VFWADD_WV,vfwadd.wv,110100???????????001?????1010111,sw/toolchain/riscv-opcodes/opcodes-rvv,sw/toolchain/riscv-opcodes/opcodes-rvv:241,Yes
VFWSUB_WV,vfwsub.wv,110110???????????001?????1010111,sw/toolchain/riscv-opcodes/opcodes-rvv,sw/toolchain/riscv-opcodes/opcodes-rvv:242,Yes
VFWMUL_VV,vfwmul.vv,111000???????????001?????1010111,sw/toolchain/riscv-opcodes/opcodes-rvv,sw/toolchain/riscv-opcodes/opcodes-rvv:243,Yes
VFWDOTP_VV,vfwdotp.vv,111011???????????001?????1010111,sw/toolchain/riscv-opcodes/opcodes-rvv,sw/toolchain/riscv-opcodes/opcodes-rvv:244,Yes
VFWMACC_VV,vfwmacc.vv,111100???????????001?????1010111,sw/toolchain/riscv-opcodes/opcodes-rvv,sw/toolchain/riscv-opcodes/opcodes-rvv:245,Yes
VFWNMACC_VV,vfwnmacc.vv,111101???????????001?????1010111,sw/toolchain/riscv-opcodes/opcodes-rvv,sw/toolchain/riscv-opcodes/opcodes-rvv:246,Yes
VFWMSAC_VV,vfwmsac.vv,111110???????????001?????1010111,sw/toolchain/riscv-opcodes/opcodes-rvv,sw/toolchain/riscv-opcodes/opcodes-rvv:247,Yes
VFWNMSAC_VV,vfwnmsac.vv,111111???????????001?????1010111,sw/toolchain/riscv-opcodes/opcodes-rvv,sw/toolchain/riscv-opcodes/opcodes-rvv:248,Yes
VADD_VX,vadd.vx,000000???????????100?????1010111,sw/toolchain/riscv-opcodes/opcodes-rvv,sw/toolchain/riscv-opcodes/opcodes-rvv:251,Yes
VSUB_VX,vsub.vx,000010???????????100?????1010111,sw/toolchain/riscv-opcodes/opcodes-rvv,sw/toolchain/riscv-opcodes/opcodes-rvv:252,Yes
VRSUB_VX,vrsub.vx,000011???????????100?????1010111,sw/toolchain/riscv-opcodes/opcodes-rvv,sw/toolchain/riscv-opcodes/opcodes-rvv:253,Yes
VMINU_VX,vminu.vx,000100???????????100?????1010111,sw/toolchain/riscv-opcodes/opcodes-rvv,sw/toolchain/riscv-opcodes/opcodes-rvv:254,Yes
VMIN_VX,vmin.vx,000101???????????100?????1010111,sw/toolchain/riscv-opcodes/opcodes-rvv,sw/toolchain/riscv-opcodes/opcodes-rvv:255,Yes
VMAXU_VX,vmaxu.vx,000110???????????100?????1010111,sw/toolchain/riscv-opcodes/opcodes-rvv,sw/toolchain/riscv-opcodes/opcodes-rvv:256,Yes
VMAX_VX,vmax.vx,000111???????????100?????1010111,sw/toolchain/riscv-opcodes/opcodes-rvv,sw/toolchain/riscv-opcodes/opcodes-rvv:257,Yes
VAND_VX,vand.vx,001001???????????100?????1010111,sw/toolchain/riscv-opcodes/opcodes-rvv,sw/toolchain/riscv-opcodes/opcodes-rvv:258,Yes
VOR_VX,vor.vx,001010???????????100?????1010111,sw/toolchain/riscv-opcodes/opcodes-rvv,sw/toolchain/riscv-opcodes/opcodes-rvv:259,Yes
VXOR_VX,vxor.vx,001011???????????100?????1010111,sw/toolchain/riscv-opcodes/opcodes-rvv,sw/toolchain/riscv-opcodes/opcodes-rvv:260,Yes
VRGATHER_VX,vrgather.vx,001100???????????100?????1010111,sw/toolchain/riscv-opcodes/opcodes-rvv,sw/toolchain/riscv-opcodes/opcodes-rvv:261,Yes
VSLIDEUP_VX,vslideup.vx,001110???????????100?????1010111,sw/toolchain/riscv-opcodes/opcodes-rvv,sw/toolchain/riscv-opcodes/opcodes-rvv:262,Yes
VSLIDEDOWN_VX,vslidedown.vx,001111???????????100?????1010111,sw/toolchain/riscv-opcodes/opcodes-rvv,sw/toolchain/riscv-opcodes/opcodes-rvv:263,Yes
VADC_VXM,vadc.vxm,0100000??????????100?????1010111,sw/toolchain/riscv-opcodes/opcodes-rvv,sw/toolchain/riscv-opcodes/opcodes-rvv:265,Yes
VMADC_VXM,vmadc.vxm,0100010??????????100?????1010111,sw/toolchain/riscv-opcodes/opcodes-rvv,sw/toolchain/riscv-opcodes/opcodes-rvv:266,Yes
VMADC_VX,vmadc.vx,0100011??????????100?????1010111,sw/toolchain/riscv-opcodes/opcodes-rvv,sw/toolchain/riscv-opcodes/opcodes-rvv:267,Yes
VSBC_VXM,vsbc.vxm,0100100??????????100?????1010111,sw/toolchain/riscv-opcodes/opcodes-rvv,sw/toolchain/riscv-opcodes/opcodes-rvv:268,Yes
VMSBC_VXM,vmsbc.vxm,0100110??????????100?????1010111,sw/toolchain/riscv-opcodes/opcodes-rvv,sw/toolchain/riscv-opcodes/opcodes-rvv:269,Yes
VMSBC_VX,vmsbc.vx,0100111??????????100?????1010111,sw/toolchain/riscv-opcodes/opcodes-rvv,sw/toolchain/riscv-opcodes/opcodes-rvv:270,Yes
VMERGE_VXM,vmerge.vxm,0101110??????????100?????1010111,sw/toolchain/riscv-opcodes/opcodes-rvv,sw/toolchain/riscv-opcodes/opcodes-rvv:271,Yes
VMV_V_X,vmv.v.x,010111100000?????100?????1010111,sw/toolchain/riscv-opcodes/opcodes-rvv,sw/toolchain/riscv-opcodes/opcodes-rvv:272,Yes
VMSEQ_VX,vmseq.vx,011000???????????100?????1010111,sw/toolchain/riscv-opcodes/opcodes-rvv,sw/toolchain/riscv-opcodes/opcodes-rvv:273,Yes
VMSNE_VX,vmsne.vx,011001???????????100?????1010111,sw/toolchain/riscv-opcodes/opcodes-rvv,sw/toolchain/riscv-opcodes/opcodes-rvv:274,Yes
VMSLTU_VX,vmsltu.vx,011010???????????100?????1010111,sw/toolchain/riscv-opcodes/opcodes-rvv,sw/toolchain/riscv-opcodes/opcodes-rvv:275,Yes
VMSLT_VX,vmslt.vx,011011???????????100?????1010111,sw/toolchain/riscv-opcodes/opcodes-rvv,sw/toolchain/riscv-opcodes/opcodes-rvv:276,Yes
VMSLEU_VX,vmsleu.vx,011100???????????100?????1010111,sw/toolchain/riscv-opcodes/opcodes-rvv,sw/toolchain/riscv-opcodes/opcodes-rvv:277,Yes
VMSLE_VX,vmsle.vx,011101???????????100?????1010111,sw/toolchain/riscv-opcodes/opcodes-rvv,sw/toolchain/riscv-opcodes/opcodes-rvv:278,Yes
VMSGTU_VX,vmsgtu.vx,011110???????????100?????1010111,sw/toolchain/riscv-opcodes/opcodes-rvv,sw/toolchain/riscv-opcodes/opcodes-rvv:279,Yes
VMSGT_VX,vmsgt.vx,011111???????????100?????1010111,sw/toolchain/riscv-opcodes/opcodes-rvv,sw/toolchain/riscv-opcodes/opcodes-rvv:280,Yes
VSADDU_VX,vsaddu.vx,100000???????????100?????1010111,sw/toolchain/riscv-opcodes/opcodes-rvv,sw/toolchain/riscv-opcodes/opcodes-rvv:282,Yes
VSADD_VX,vsadd.vx,100001???????????100?????1010111,sw/toolchain/riscv-opcodes/opcodes-rvv,sw/toolchain/riscv-opcodes/opcodes-rvv:283,Yes
VSSUBU_VX,vssubu.vx,100010???????????100?????1010111,sw/toolchain/riscv-opcodes/opcodes-rvv,sw/toolchain/riscv-opcodes/opcodes-rvv:284,Yes
VSSUB_VX,vssub.vx,100011???????????100?????1010111,sw/toolchain/riscv-opcodes/opcodes-rvv,sw/toolchain/riscv-opcodes/opcodes-rvv:285,Yes
VSLL_VX,vsll.vx,100101???????????100?????1010111,sw/toolchain/riscv-opcodes/opcodes-rvv,sw/toolchain/riscv-opcodes/opcodes-rvv:286,Yes
VSMUL_VX,vsmul.vx,100111???????????100?????1010111,sw/toolchain/riscv-opcodes/opcodes-rvv,sw/toolchain/riscv-opcodes/opcodes-rvv:287,Yes
VSRL_VX,vsrl.vx,101000???????????100?????1010111,sw/toolchain/riscv-opcodes/opcodes-rvv,sw/toolchain/riscv-opcodes/opcodes-rvv:288,Yes
VSRA_VX,vsra.vx,101001???????????100?????1010111,sw/toolchain/riscv-opcodes/opcodes-rvv,sw/toolchain/riscv-opcodes/opcodes-rvv:289,Yes
VSSRL_VX,vssrl.vx,101010???????????100?????1010111,sw/toolchain/riscv-opcodes/opcodes-rvv,sw/toolchain/riscv-opcodes/opcodes-rvv:290,Yes
VSSRA_VX,vssra.vx,101011???????????100?????1010111,sw/toolchain/riscv-opcodes/opcodes-rvv,sw/toolchain/riscv-opcodes/opcodes-rvv:291,Yes
VNSRL_WX,vnsrl.wx,101100???????????100?????1010111,sw/toolchain/riscv-opcodes/opcodes-rvv,sw/toolchain/riscv-opcodes/opcodes-rvv:292,Yes
VNSRA_WX,vnsra.wx,101101???????????100?????1010111,sw/toolchain/riscv-opcodes/opcodes-rvv,sw/toolchain/riscv-opcodes/opcodes-rvv:293,Yes
VNCLIPU_WX,vnclipu.wx,101110???????????100?????1010111,sw/toolchain/riscv-opcodes/opcodes-rvv,sw/toolchain/riscv-opcodes/opcodes-rvv:294,Yes
VNCLIP_WX,vnclip.wx,101111???????????100?????1010111,sw/toolchain/riscv-opcodes/opcodes-rvv,sw/toolchain/riscv-opcodes/opcodes-rvv:295,Yes
VADD_VV,vadd.vv,000000???????????000?????1010111,sw/toolchain/riscv-opcodes/opcodes-rvv,sw/toolchain/riscv-opcodes/opcodes-rvv:298,Yes
VSUB_VV,vsub.vv,000010???????????000?????1010111,sw/toolchain/riscv-opcodes/opcodes-rvv,sw/toolchain/riscv-opcodes/opcodes-rvv:299,Yes
VMINU_VV,vminu.vv,000100???????????000?????1010111,sw/toolchain/riscv-opcodes/opcodes-rvv,sw/toolchain/riscv-opcodes/opcodes-rvv:300,Yes
VMIN_VV,vmin.vv,000101???????????000?????1010111,sw/toolchain/riscv-opcodes/opcodes-rvv,sw/toolchain/riscv-opcodes/opcodes-rvv:301,Yes
VMAXU_VV,vmaxu.vv,000110???????????000?????1010111,sw/toolchain/riscv-opcodes/opcodes-rvv,sw/toolchain/riscv-opcodes/opcodes-rvv:302,Yes
VMAX_VV,vmax.vv,000111???????????000?????1010111,sw/toolchain/riscv-opcodes/opcodes-rvv,sw/toolchain/riscv-opcodes/opcodes-rvv:303,Yes
VAND_VV,vand.vv,001001???????????000?????1010111,sw/toolchain/riscv-opcodes/opcodes-rvv,sw/toolchain/riscv-opcodes/opcodes-rvv:304,Yes
VOR_VV,vor.vv,001010???????????000?????1010111,sw/toolchain/riscv-opcodes/opcodes-rvv,sw/toolchain/riscv-opcodes/opcodes-rvv:305,Yes
VXOR_VV,vxor.vv,001011???????????000?????1010111,sw/toolchain/riscv-opcodes/opcodes-rvv,sw/toolchain/riscv-opcodes/opcodes-rvv:306,Yes
VRGATHER_VV,vrgather.vv,001100???????????000?????1010111,sw/toolchain/riscv-opcodes/opcodes-rvv,sw/toolchain/riscv-opcodes/opcodes-rvv:307,Yes
VRGATHEREI16_VV,vrgatherei16.vv,001110???????????000?????1010111,sw/toolchain/riscv-opcodes/opcodes-rvv,sw/toolchain/riscv-opcodes/opcodes-rvv:308,Yes
VADC_VVM,vadc.vvm,0100000??????????000?????1010111,sw/toolchain/riscv-opcodes/opcodes-rvv,sw/toolchain/riscv-opcodes/opcodes-rvv:310,Yes
VMADC_VVM,vmadc.vvm,0100010??????????000?????1010111,sw/toolchain/riscv-opcodes/opcodes-rvv,sw/toolchain/riscv-opcodes/opcodes-rvv:311,Yes
VMADC_VV,vmadc.vv,0100011??????????000?????1010111,sw/toolchain/riscv-opcodes/opcodes-rvv,sw/toolchain/riscv-opcodes/opcodes-rvv:312,Yes
VSBC_VVM,vsbc.vvm,0100100??????????000?????1010111,sw/toolchain/riscv-opcodes/opcodes-rvv,sw/toolchain/riscv-opcodes/opcodes-rvv:313,Yes
VMSBC_VVM,vmsbc.vvm,0100110??????????000?????1010111,sw/toolchain/riscv-opcodes/opcodes-rvv,sw/toolchain/riscv-opcodes/opcodes-rvv:314,Yes
VMSBC_VV,vmsbc.vv,0100111??????????000?????1010111,sw/toolchain/riscv-opcodes/opcodes-rvv,sw/toolchain/riscv-opcodes/opcodes-rvv:315,Yes
VMERGE_VVM,vmerge.vvm,0101110??????????000?????1010111,sw/toolchain/riscv-opcodes/opcodes-rvv,sw/toolchain/riscv-opcodes/opcodes-rvv:316,Yes
VMV_V_V,vmv.v.v,010111100000?????000?????1010111,sw/toolchain/riscv-opcodes/opcodes-rvv,sw/toolchain/riscv-opcodes/opcodes-rvv:317,Yes
VMSEQ_VV,vmseq.vv,011000???????????000?????1010111,sw/toolchain/riscv-opcodes/opcodes-rvv,sw/toolchain/riscv-opcodes/opcodes-rvv:318,Yes
VMSNE_VV,vmsne.vv,011001???????????000?????1010111,sw/toolchain/riscv-opcodes/opcodes-rvv,sw/toolchain/riscv-opcodes/opcodes-rvv:319,Yes
VMSLTU_VV,vmsltu.vv,011010???????????000?????1010111,sw/toolchain/riscv-opcodes/opcodes-rvv,sw/toolchain/riscv-opcodes/opcodes-rvv:320,Yes
VMSLT_VV,vmslt.vv,011011???????????000?????1010111,sw/toolchain/riscv-opcodes/opcodes-rvv,sw/toolchain/riscv-opcodes/opcodes-rvv:321,Yes
VMSLEU_VV,vmsleu.vv,011100???????????000?????1010111,sw/toolchain/riscv-opcodes/opcodes-rvv,sw/toolchain/riscv-opcodes/opcodes-rvv:322,Yes
VMSLE_VV,vmsle.vv,011101???????????000?????1010111,sw/toolchain/riscv-opcodes/opcodes-rvv,sw/toolchain/riscv-opcodes/opcodes-rvv:323,Yes
VSADDU_VV,vsaddu.vv,100000???????????000?????1010111,sw/toolchain/riscv-opcodes/opcodes-rvv,sw/toolchain/riscv-opcodes/opcodes-rvv:325,Yes
VSADD_VV,vsadd.vv,100001???????????000?????1010111,sw/toolchain/riscv-opcodes/opcodes-rvv,sw/toolchain/riscv-opcodes/opcodes-rvv:326,Yes
VSSUBU_VV,vssubu.vv,100010???????????000?????1010111,sw/toolchain/riscv-opcodes/opcodes-rvv,sw/toolchain/riscv-opcodes/opcodes-rvv:327,Yes
VSSUB_VV,vssub.vv,100011???????????000?????1010111,sw/toolchain/riscv-opcodes/opcodes-rvv,sw/toolchain/riscv-opcodes/opcodes-rvv:328,Yes
VSLL_VV,vsll.vv,100101???????????000?????1010111,sw/toolchain/riscv-opcodes/opcodes-rvv,sw/toolchain/riscv-opcodes/opcodes-rvv:329,Yes
VSMUL_VV,vsmul.vv,100111???????????000?????1010111,sw/toolchain/riscv-opcodes/opcodes-rvv,sw/toolchain/riscv-opcodes/opcodes-rvv:330,Yes
VSRL_VV,vsrl.vv,101000???????????000?????1010111,sw/toolchain/riscv-opcodes/opcodes-rvv,sw/toolchain/riscv-opcodes/opcodes-rvv:331,Yes
VSRA_VV,vsra.vv,101001???????????000?????1010111,sw/toolchain/riscv-opcodes/opcodes-rvv,sw/toolchain/riscv-opcodes/opcodes-rvv:332,Yes
VSSRL_VV,vssrl.vv,101010???????????000?????1010111,sw/toolchain/riscv-opcodes/opcodes-rvv,sw/toolchain/riscv-opcodes/opcodes-rvv:333,Yes
VSSRA_VV,vssra.vv,101011???????????000?????1010111,sw/toolchain/riscv-opcodes/opcodes-rvv,sw/toolchain/riscv-opcodes/opcodes-rvv:334,Yes
VNSRL_WV,vnsrl.wv,101100???????????000?????1010111,sw/toolchain/riscv-opcodes/opcodes-rvv,sw/toolchain/riscv-opcodes/opcodes-rvv:335,Yes
VNSRA_WV,vnsra.wv,101101???????????000?????1010111,sw/toolchain/riscv-opcodes/opcodes-rvv,sw/toolchain/riscv-opcodes/opcodes-rvv:336,Yes
VNCLIPU_WV,vnclipu.wv,101110???????????000?????1010111,sw/toolchain/riscv-opcodes/opcodes-rvv,sw/toolchain/riscv-opcodes/opcodes-rvv:337,Yes
VNCLIP_WV,vnclip.wv,101111???????????000?????1010111,sw/toolchain/riscv-opcodes/opcodes-rvv,sw/toolchain/riscv-opcodes/opcodes-rvv:338,Yes
VWREDSUMU_VS,vwredsumu.vs,110000???????????000?????1010111,sw/toolchain/riscv-opcodes/opcodes-rvv,sw/toolchain/riscv-opcodes/opcodes-rvv:340,Yes
VWREDSUM_VS,vwredsum.vs,110001???????????000?????1010111,sw/toolchain/riscv-opcodes/opcodes-rvv,sw/toolchain/riscv-opcodes/opcodes-rvv:341,Yes
VADD_VI,vadd.vi,000000???????????011?????1010111,sw/toolchain/riscv-opcodes/opcodes-rvv,sw/toolchain/riscv-opcodes/opcodes-rvv:344,Yes
VRSUB_VI,vrsub.vi,000011???????????011?????1010111,sw/toolchain/riscv-opcodes/opcodes-rvv,sw/toolchain/riscv-opcodes/opcodes-rvv:345,Yes
VAND_VI,vand.vi,001001???????????011?????1010111,sw/toolchain/riscv-opcodes/opcodes-rvv,sw/toolchain/riscv-opcodes/opcodes-rvv:346,Yes
VOR_VI,vor.vi,001010???????????011?????1010111,sw/toolchain/riscv-opcodes/opcodes-rvv,sw/toolchain/riscv-opcodes/opcodes-rvv:347,Yes
VXOR_VI,vxor.vi,001011???????????011?????1010111,sw/toolchain/riscv-opcodes/opcodes-rvv,sw/toolchain/riscv-opcodes/opcodes-rvv:348,Yes
VRGATHER_VI,vrgather.vi,001100???????????011?????1010111,sw/toolchain/riscv-opcodes/opcodes-rvv,sw/toolchain/riscv-opcodes/opcodes-rvv:349,Yes
VSLIDEUP_VI,vslideup.vi,001110???????????011?????1010111,sw/toolchain/riscv-opcodes/opcodes-rvv,sw/toolchain/riscv-opcodes/opcodes-rvv:350,Yes
VSLIDEDOWN_VI,vslidedown.vi,001111???????????011?????1010111,sw/toolchain/riscv-opcodes/opcodes-rvv,sw/toolchain/riscv-opcodes/opcodes-rvv:351,Yes
VADC_VIM,vadc.vim,0100000??????????011?????1010111,sw/toolchain/riscv-opcodes/opcodes-rvv,sw/toolchain/riscv-opcodes/opcodes-rvv:353,Yes
VMADC_VIM,vmadc.vim,0100010??????????011?????1010111,sw/toolchain/riscv-opcodes/opcodes-rvv,sw/toolchain/riscv-opcodes/opcodes-rvv:354,Yes
VMADC_VI,vmadc.vi,0100011??????????011?????1010111,sw/toolchain/riscv-opcodes/opcodes-rvv,sw/toolchain/riscv-opcodes/opcodes-rvv:355,Yes
VMERGE_VIM,vmerge.vim,0101110??????????011?????1010111,sw/toolchain/riscv-opcodes/opcodes-rvv,sw/toolchain/riscv-opcodes/opcodes-rvv:356,Yes
VMV_V_I,vmv.v.i,010111100000?????011?????1010111,sw/toolchain/riscv-opcodes/opcodes-rvv,sw/toolchain/riscv-opcodes/opcodes-rvv:357,Yes
VMSEQ_VI,vmseq.vi,011000???????????011?????1010111,sw/toolchain/riscv-opcodes/opcodes-rvv,sw/toolchain/riscv-opcodes/opcodes-rvv:358,Yes
VMSNE_VI,vmsne.vi,011001???????????011?????1010111,sw/toolchain/riscv-opcodes/opcodes-rvv,sw/toolchain/riscv-opcodes/opcodes-rvv:359,Yes
VMSLEU_VI,vmsleu.vi,011100???????????011?????1010111,sw/toolchain/riscv-opcodes/opcodes-rvv,sw/toolchain/riscv-opcodes/opcodes-rvv:360,Yes
VMSLE_VI,vmsle.vi,011101???????????011?????1010111,sw/toolchain/riscv-opcodes/opcodes-rvv,sw/toolchain/riscv-opcodes/opcodes-rvv:361,Yes
VMSGTU_VI,vmsgtu.vi,011110???????????011?????1010111,sw/toolchain/riscv-opcodes/opcodes-rvv,sw/toolchain/riscv-opcodes/opcodes-rvv:362,Yes
VMSGT_VI,vmsgt.vi,011111???????????011?????1010111,sw/toolchain/riscv-opcodes/opcodes-rvv,sw/toolchain/riscv-opcodes/opcodes-rvv:363,Yes
VSADDU_VI,vsaddu.vi,100000???????????011?????1010111,sw/toolchain/riscv-opcodes/opcodes-rvv,sw/toolchain/riscv-opcodes/opcodes-rvv:365,Yes
VSADD_VI,vsadd.vi,100001???????????011?????1010111,sw/toolchain/riscv-opcodes/opcodes-rvv,sw/toolchain/riscv-opcodes/opcodes-rvv:366,Yes
VSLL_VI,vsll.vi,100101???????????011?????1010111,sw/toolchain/riscv-opcodes/opcodes-rvv,sw/toolchain/riscv-opcodes/opcodes-rvv:367,Yes
VMV1R_V,vmv1r.v,1001111?????00000011?????1010111,sw/toolchain/riscv-opcodes/opcodes-rvv,sw/toolchain/riscv-opcodes/opcodes-rvv:368,Yes
VMV2R_V,vmv2r.v,1001111?????00001011?????1010111,sw/toolchain/riscv-opcodes/opcodes-rvv,sw/toolchain/riscv-opcodes/opcodes-rvv:369,Yes
VMV4R_V,vmv4r.v,1001111?????00011011?????1010111,sw/toolchain/riscv-opcodes/opcodes-rvv,sw/toolchain/riscv-opcodes/opcodes-rvv:370,Yes
VMV8R_V,vmv8r.v,1001111?????00111011?????1010111,sw/toolchain/riscv-opcodes/opcodes-rvv,sw/toolchain/riscv-opcodes/opcodes-rvv:371,Yes
VSRL_VI,vsrl.vi,101000???????????011?????1010111,sw/toolchain/riscv-opcodes/opcodes-rvv,sw/toolchain/riscv-opcodes/opcodes-rvv:372,Yes
VSRA_VI,vsra.vi,101001???????????011?????1010111,sw/toolchain/riscv-opcodes/opcodes-rvv,sw/toolchain/riscv-opcodes/opcodes-rvv:373,Yes
VSSRL_VI,vssrl.vi,101010???????????011?????1010111,sw/toolchain/riscv-opcodes/opcodes-rvv,sw/toolchain/riscv-opcodes/opcodes-rvv:374,Yes
VSSRA_VI,vssra.vi,101011???????????011?????1010111,sw/toolchain/riscv-opcodes/opcodes-rvv,sw/toolchain/riscv-opcodes/opcodes-rvv:375,Yes
VNSRL_WI,vnsrl.wi,101100???????????011?????1010111,sw/toolchain/riscv-opcodes/opcodes-rvv,sw/toolchain/riscv-opcodes/opcodes-rvv:376,Yes
VNSRA_WI,vnsra.wi,101101???????????011?????1010111,sw/toolchain/riscv-opcodes/opcodes-rvv,sw/toolchain/riscv-opcodes/opcodes-rvv:377,Yes
VNCLIPU_WI,vnclipu.wi,101110???????????011?????1010111,sw/toolchain/riscv-opcodes/opcodes-rvv,sw/toolchain/riscv-opcodes/opcodes-rvv:378,Yes
VNCLIP_WI,vnclip.wi,101111???????????011?????1010111,sw/toolchain/riscv-opcodes/opcodes-rvv,sw/toolchain/riscv-opcodes/opcodes-rvv:379,Yes
VREDSUM_VS,vredsum.vs,000000???????????010?????1010111,sw/toolchain/riscv-opcodes/opcodes-rvv,sw/toolchain/riscv-opcodes/opcodes-rvv:382,Yes
VREDAND_VS,vredand.vs,000001???????????010?????1010111,sw/toolchain/riscv-opcodes/opcodes-rvv,sw/toolchain/riscv-opcodes/opcodes-rvv:383,Yes
VREDOR_VS,vredor.vs,000010???????????010?????1010111,sw/toolchain/riscv-opcodes/opcodes-rvv,sw/toolchain/riscv-opcodes/opcodes-rvv:384,Yes
VREDXOR_VS,vredxor.vs,000011???????????010?????1010111,sw/toolchain/riscv-opcodes/opcodes-rvv,sw/toolchain/riscv-opcodes/opcodes-rvv:385,Yes
VREDMINU_VS,vredminu.vs,000100???????????010?????1010111,sw/toolchain/riscv-opcodes/opcodes-rvv,sw/toolchain/riscv-opcodes/opcodes-rvv:386,Yes
VREDMIN_VS,vredmin.vs,000101???????????010?????1010111,sw/toolchain/riscv-opcodes/opcodes-rvv,sw/toolchain/riscv-opcodes/opcodes-rvv:387,Yes
VREDMAXU_VS,vredmaxu.vs,000110???????????010?????1010111,sw/toolchain/riscv-opcodes/opcodes-rvv,sw/toolchain/riscv-opcodes/opcodes-rvv:388,Yes
VREDMAX_VS,vredmax.vs,000111???????????010?????1010111,sw/toolchain/riscv-opcodes/opcodes-rvv,sw/toolchain/riscv-opcodes/opcodes-rvv:389,Yes
VAADDU_VV,vaaddu.vv,001000???????????010?????1010111,sw/toolchain/riscv-opcodes/opcodes-rvv,sw/toolchain/riscv-opcodes/opcodes-rvv:390,Yes
VAADD_VV,vaadd.vv,001001???????????010?????1010111,sw/toolchain/riscv-opcodes/opcodes-rvv,sw/toolchain/riscv-opcodes/opcodes-rvv:391,Yes
VASUBU_VV,vasubu.vv,001010???????????010?????1010111,sw/toolchain/riscv-opcodes/opcodes-rvv,sw/toolchain/riscv-opcodes/opcodes-rvv:392,Yes
VASUB_VV,vasub.vv,001011???????????010?????1010111,sw/toolchain/riscv-opcodes/opcodes-rvv,sw/toolchain/riscv-opcodes/opcodes-rvv:393,Yes
VMV_X_S,vmv.x.s,0100001?????00000010?????1010111,sw/toolchain/riscv-opcodes/opcodes-rvv,sw/toolchain/riscv-opcodes/opcodes-rvv:395,Yes
VZEXT_VF8,vzext.vf8,010010??????00010010?????1010111,sw/toolchain/riscv-opcodes/opcodes-rvv,sw/toolchain/riscv-opcodes/opcodes-rvv:399,Yes
VSEXT_VF8,vsext.vf8,010010??????00011010?????1010111,sw/toolchain/riscv-opcodes/opcodes-rvv,sw/toolchain/riscv-opcodes/opcodes-rvv:400,Yes
VZEXT_VF4,vzext.vf4,010010??????00100010?????1010111,sw/toolchain/riscv-opcodes/opcodes-rvv,sw/toolchain/riscv-opcodes/opcodes-rvv:401,Yes
VSEXT_VF4,vsext.vf4,010010??????00101010?????1010111,sw/toolchain/riscv-opcodes/opcodes-rvv,sw/toolchain/riscv-opcodes/opcodes-rvv:402,Yes
VZEXT_VF2,vzext.vf2,010010??????00110010?????1010111,sw/toolchain/riscv-opcodes/opcodes-rvv,sw/toolchain/riscv-opcodes/opcodes-rvv:403,Yes
VSEXT_VF2,vsext.vf2,010010??????00111010?????1010111,sw/toolchain/riscv-opcodes/opcodes-rvv,sw/toolchain/riscv-opcodes/opcodes-rvv:404,Yes
VCOMPRESS_VM,vcompress.vm,0101111??????????010?????1010111,sw/toolchain/riscv-opcodes/opcodes-rvv,sw/toolchain/riscv-opcodes/opcodes-rvv:406,Yes
VMANDN_MM,vmandn.mm,011000???????????010?????1010111,sw/toolchain/riscv-opcodes/opcodes-rvv,sw/toolchain/riscv-opcodes/opcodes-rvv:407,Yes
VMAND_MM,vmand.mm,011001???????????010?????1010111,sw/toolchain/riscv-opcodes/opcodes-rvv,sw/toolchain/riscv-opcodes/opcodes-rvv:408,Yes
VMOR_MM,vmor.mm,011010???????????010?????1010111,sw/toolchain/riscv-opcodes/opcodes-rvv,sw/toolchain/riscv-opcodes/opcodes-rvv:409,Yes
VMXOR_MM,vmxor.mm,011011???????????010?????1010111,sw/toolchain/riscv-opcodes/opcodes-rvv,sw/toolchain/riscv-opcodes/opcodes-rvv:410,Yes
VMORN_MM,vmorn.mm,011100???????????010?????1010111,sw/toolchain/riscv-opcodes/opcodes-rvv,sw/toolchain/riscv-opcodes/opcodes-rvv:411,Yes
VMNAND_MM,vmnand.mm,011101???????????010?????1010111,sw/toolchain/riscv-opcodes/opcodes-rvv,sw/toolchain/riscv-opcodes/opcodes-rvv:412,Yes
VMNOR_MM,vmnor.mm,011110???????????010?????1010111,sw/toolchain/riscv-opcodes/opcodes-rvv,sw/toolchain/riscv-opcodes/opcodes-rvv:413,Yes
VMXNOR_MM,vmxnor.mm,011111???????????010?????1010111,sw/toolchain/riscv-opcodes/opcodes-rvv,sw/toolchain/riscv-opcodes/opcodes-rvv:414,Yes
VMSBF_M,vmsbf.m,010100??????00001010?????1010111,sw/toolchain/riscv-opcodes/opcodes-rvv,sw/toolchain/riscv-opcodes/opcodes-rvv:416,Yes
VMSOF_M,vmsof.m,010100??????00010010?????1010111,sw/toolchain/riscv-opcodes/opcodes-rvv,sw/toolchain/riscv-opcodes/opcodes-rvv:417,Yes
VMSIF_M,vmsif.m,010100??????00011010?????1010111,sw/toolchain/riscv-opcodes/opcodes-rvv,sw/toolchain/riscv-opcodes/opcodes-rvv:418,Yes
VIOTA_M,viota.m,010100??????10000010?????1010111,sw/toolchain/riscv-opcodes/opcodes-rvv,sw/toolchain/riscv-opcodes/opcodes-rvv:419,Yes
VID_V,vid.v,010100?0000010001010?????1010111,sw/toolchain/riscv-opcodes/opcodes-rvv,sw/toolchain/riscv-opcodes/opcodes-rvv:420,Yes
VCPOP_M,vcpop.m,010000??????10000010?????1010111,sw/toolchain/riscv-opcodes/opcodes-rvv,sw/toolchain/riscv-opcodes/opcodes-rvv:421,Yes
VFIRST_M,vfirst.m,010000??????10001010?????1010111,sw/toolchain/riscv-opcodes/opcodes-rvv,sw/toolchain/riscv-opcodes/opcodes-rvv:422,Yes
VDIVU_VV,vdivu.vv,100000???????????010?????1010111,sw/toolchain/riscv-opcodes/opcodes-rvv,sw/toolchain/riscv-opcodes/opcodes-rvv:424,Yes
VDIV_VV,vdiv.vv,100001???????????010?????1010111,sw/toolchain/riscv-opcodes/opcodes-rvv,sw/toolchain/riscv-opcodes/opcodes-rvv:425,Yes
VREMU_VV,vremu.vv,100010???????????010?????1010111,sw/toolchain/riscv-opcodes/opcodes-rvv,sw/toolchain/riscv-opcodes/opcodes-rvv:426,Yes
VREM_VV,vrem.vv,100011???????????010?????1010111,sw/toolchain/riscv-opcodes/opcodes-rvv,sw/toolchain/riscv-opcodes/opcodes-rvv:427,Yes
VMULHU_VV,vmulhu.vv,100100???????????010?????1010111,sw/toolchain/riscv-opcodes/opcodes-rvv,sw/toolchain/riscv-opcodes/opcodes-rvv:428,Yes
VMUL_VV,vmul.vv,100101???????????010?????1010111,sw/toolchain/riscv-opcodes/opcodes-rvv,sw/toolchain/riscv-opcodes/opcodes-rvv:429,Yes
VMULHSU_VV,vmulhsu.vv,100110???????????010?????1010111,sw/toolchain/riscv-opcodes/opcodes-rvv,sw/toolchain/riscv-opcodes/opcodes-rvv:430,Yes
VMULH_VV,vmulh.vv,100111???????????010?????1010111,sw/toolchain/riscv-opcodes/opcodes-rvv,sw/toolchain/riscv-opcodes/opcodes-rvv:431,Yes
VMADD_VV,vmadd.vv,101001???????????010?????1010111,sw/toolchain/riscv-opcodes/opcodes-rvv,sw/toolchain/riscv-opcodes/opcodes-rvv:432,Yes
VNMSUB_VV,vnmsub.vv,101011???????????010?????1010111,sw/toolchain/riscv-opcodes/opcodes-rvv,sw/toolchain/riscv-opcodes/opcodes-rvv:433,Yes
VMACC_VV,vmacc.vv,101101???????????010?????1010111,sw/toolchain/riscv-opcodes/opcodes-rvv,sw/toolchain/riscv-opcodes/opcodes-rvv:434,Yes
VNMSAC_VV,vnmsac.vv,101111???????????010?????1010111,sw/toolchain/riscv-opcodes/opcodes-rvv,sw/toolchain/riscv-opcodes/opcodes-rvv:435,Yes
VWADDU_VV,vwaddu.vv,110000???????????010?????1010111,sw/toolchain/riscv-opcodes/opcodes-rvv,sw/toolchain/riscv-opcodes/opcodes-rvv:437,Yes
VWADD_VV,vwadd.vv,110001???????????010?????1010111,sw/toolchain/riscv-opcodes/opcodes-rvv,sw/toolchain/riscv-opcodes/opcodes-rvv:438,Yes
VWSUBU_VV,vwsubu.vv,110010???????????010?????1010111,sw/toolchain/riscv-opcodes/opcodes-rvv,sw/toolchain/riscv-opcodes/opcodes-rvv:439,Yes
VWSUB_VV,vwsub.vv,110011???????????010?????1010111,sw/toolchain/riscv-opcodes/opcodes-rvv,sw/toolchain/riscv-opcodes/opcodes-rvv:440,Yes
VWADDU_WV,vwaddu.wv,110100???????????010?????1010111,sw/toolchain/riscv-opcodes/opcodes-rvv,sw/toolchain/riscv-opcodes/opcodes-rvv:441,Yes
VWADD_WV,vwadd.wv,110101???????????010?????1010111,sw/toolchain/riscv-opcodes/opcodes-rvv,sw/toolchain/riscv-opcodes/opcodes-rvv:442,Yes
VWSUBU_WV,vwsubu.wv,110110???????????010?????1010111,sw/toolchain/riscv-opcodes/opcodes-rvv,sw/toolchain/riscv-opcodes/opcodes-rvv:443,Yes
VWSUB_WV,vwsub.wv,110111???????????010?????1010111,sw/toolchain/riscv-opcodes/opcodes-rvv,sw/toolchain/riscv-opcodes/opcodes-rvv:444,Yes
VWMULU_VV,vwmulu.vv,111000???????????010?????1010111,sw/toolchain/riscv-opcodes/opcodes-rvv,sw/toolchain/riscv-opcodes/opcodes-rvv:445,Yes
VWMULSU_VV,vwmulsu.vv,111010???????????010?????1010111,sw/toolchain/riscv-opcodes/opcodes-rvv,sw/toolchain/riscv-opcodes/opcodes-rvv:446,Yes
VWMUL_VV,vwmul.vv,111011???????????010?????1010111,sw/toolchain/riscv-opcodes/opcodes-rvv,sw/toolchain/riscv-opcodes/opcodes-rvv:447,Yes
VWMACCU_VV,vwmaccu.vv,111100???????????010?????1010111,sw/toolchain/riscv-opcodes/opcodes-rvv,sw/toolchain/riscv-opcodes/opcodes-rvv:448,Yes
VWMACC_VV,vwmacc.vv,111101???????????010?????1010111,sw/toolchain/riscv-opcodes/opcodes-rvv,sw/toolchain/riscv-opcodes/opcodes-rvv:449,Yes
VWMACCSU_VV,vwmaccsu.vv,111111???????????010?????1010111,sw/toolchain/riscv-opcodes/opcodes-rvv,sw/toolchain/riscv-opcodes/opcodes-rvv:450,Yes
VAADDU_VX,vaaddu.vx,001000???????????110?????1010111,sw/toolchain/riscv-opcodes/opcodes-rvv,sw/toolchain/riscv-opcodes/opcodes-rvv:453,Yes
VAADD_VX,vaadd.vx,001001???????????110?????1010111,sw/toolchain/riscv-opcodes/opcodes-rvv,sw/toolchain/riscv-opcodes/opcodes-rvv:454,Yes
VASUBU_VX,vasubu.vx,001010???????????110?????1010111,sw/toolchain/riscv-opcodes/opcodes-rvv,sw/toolchain/riscv-opcodes/opcodes-rvv:455,Yes
VASUB_VX,vasub.vx,001011???????????110?????1010111,sw/toolchain/riscv-opcodes/opcodes-rvv,sw/toolchain/riscv-opcodes/opcodes-rvv:456,Yes
VMV_S_X,vmv.s.x,010000100000?????110?????1010111,sw/toolchain/riscv-opcodes/opcodes-rvv,sw/toolchain/riscv-opcodes/opcodes-rvv:458,Yes
VSLIDE1UP_VX,vslide1up.vx,001110???????????110?????1010111,sw/toolchain/riscv-opcodes/opcodes-rvv,sw/toolchain/riscv-opcodes/opcodes-rvv:459,Yes
VSLIDE1DOWN_VX,vslide1down.vx,001111???????????110?????1010111,sw/toolchain/riscv-opcodes/opcodes-rvv,sw/toolchain/riscv-opcodes/opcodes-rvv:460,Yes
VDIVU_VX,vdivu.vx,100000???????????110?????1010111,sw/toolchain/riscv-opcodes/opcodes-rvv,sw/toolchain/riscv-opcodes/opcodes-rvv:462,Yes
VDIV_VX,vdiv.vx,100001???????????110?????1010111,sw/toolchain/riscv-opcodes/opcodes-rvv,sw/toolchain/riscv-opcodes/opcodes-rvv:463,Yes
VREMU_VX,vremu.vx,100010???????????110?????1010111,sw/toolchain/riscv-opcodes/opcodes-rvv,sw/toolchain/riscv-opcodes/opcodes-rvv:464,Yes
VREM_VX,vrem.vx,100011???????????110?????1010111,sw/toolchain/riscv-opcodes/opcodes-rvv,sw/toolchain/riscv-opcodes/opcodes-rvv:465,Yes
VMULHU_VX,vmulhu.vx,100100???????????110?????1010111,sw/toolchain/riscv-opcodes/opcodes-rvv,sw/toolchain/riscv-opcodes/opcodes-rvv:466,Yes
VMUL_VX,vmul.vx,100101???????????110?????1010111,sw/toolchain/riscv-opcodes/opcodes-rvv,sw/toolchain/riscv-opcodes/opcodes-rvv:467,Yes
VMULHSU_VX,vmulhsu.vx,100110???????????110?????1010111,sw/toolchain/riscv-opcodes/opcodes-rvv,sw/toolchain/riscv-opcodes/opcodes-rvv:468,Yes
VMULH_VX,vmulh.vx,100111???????????110?????1010111,sw/toolchain/riscv-opcodes/opcodes-rvv,sw/toolchain/riscv-opcodes/opcodes-rvv:469,Yes
VMADD_VX,vmadd.vx,101001???????????110?????1010111,sw/toolchain/riscv-opcodes/opcodes-rvv,sw/toolchain/riscv-opcodes/opcodes-rvv:470,Yes
VNMSUB_VX,vnmsub.vx,101011???????????110?????1010111,sw/toolchain/riscv-opcodes/opcodes-rvv,sw/toolchain/riscv-opcodes/opcodes-rvv:471,Yes
VMACC_VX,vmacc.vx,101101???????????110?????1010111,sw/toolchain/riscv-opcodes/opcodes-rvv,sw/toolchain/riscv-opcodes/opcodes-rvv:472,Yes
VNMSAC_VX,vnmsac.vx,101111???????????110?????1010111,sw/toolchain/riscv-opcodes/opcodes-rvv,sw/toolchain/riscv-opcodes/opcodes-rvv:473,Yes
VWADDU_VX,vwaddu.vx,110000???????????110?????1010111,sw/toolchain/riscv-opcodes/opcodes-rvv,sw/toolchain/riscv-opcodes/opcodes-rvv:475,Yes
VWADD_VX,vwadd.vx,110001???????????110?????1010111,sw/toolchain/riscv-opcodes/opcodes-rvv,sw/toolchain/riscv-opcodes/opcodes-rvv:476,Yes
VWSUBU_VX,vwsubu.vx,110010???????????110?????1010111,sw/toolchain/riscv-opcodes/opcodes-rvv,sw/toolchain/riscv-opcodes/opcodes-rvv:477,Yes
VWSUB_VX,vwsub.vx,110011???????????110?????1010111,sw/toolchain/riscv-opcodes/opcodes-rvv,sw/toolchain/riscv-opcodes/opcodes-rvv:478,Yes
VWADDU_WX,vwaddu.wx,110100???????????110?????1010111,sw/toolchain/riscv-opcodes/opcodes-rvv,sw/toolchain/riscv-opcodes/opcodes-rvv:479,Yes
VWADD_WX,vwadd.wx,110101???????????110?????1010111,sw/toolchain/riscv-opcodes/opcodes-rvv,sw/toolchain/riscv-opcodes/opcodes-rvv:480,Yes
VWSUBU_WX,vwsubu.wx,110110???????????110?????1010111,sw/toolchain/riscv-opcodes/opcodes-rvv,sw/toolchain/riscv-opcodes/opcodes-rvv:481,Yes
VWSUB_WX,vwsub.wx,110111???????????110?????1010111,sw/toolchain/riscv-opcodes/opcodes-rvv,sw/toolchain/riscv-opcodes/opcodes-rvv:482,Yes
VWMULU_VX,vwmulu.vx,111000???????????110?????1010111,sw/toolchain/riscv-opcodes/opcodes-rvv,sw/toolchain/riscv-opcodes/opcodes-rvv:483,Yes
VWMULSU_VX,vwmulsu.vx,111010???????????110?????1010111,sw/toolchain/riscv-opcodes/opcodes-rvv,sw/toolchain/riscv-opcodes/opcodes-rvv:484,Yes
VWMUL_VX,vwmul.vx,111011???????????110?????1010111,sw/toolchain/riscv-opcodes/opcodes-rvv,sw/toolchain/riscv-opcodes/opcodes-rvv:485,Yes
VWMACCU_VX,vwmaccu.vx,111100???????????110?????1010111,sw/toolchain/riscv-opcodes/opcodes-rvv,sw/toolchain/riscv-opcodes/opcodes-rvv:486,Yes
VWMACC_VX,vwmacc.vx,111101???????????110?????1010111,sw/toolchain/riscv-opcodes/opcodes-rvv,sw/toolchain/riscv-opcodes/opcodes-rvv:487,Yes
VWMACCUS_VX,vwmaccus.vx,111110???????????110?????1010111,sw/toolchain/riscv-opcodes/opcodes-rvv,sw/toolchain/riscv-opcodes/opcodes-rvv:488,Yes
VWMACCSU_VX,vwmaccsu.vx,111111???????????110?????1010111,sw/toolchain/riscv-opcodes/opcodes-rvv,sw/toolchain/riscv-opcodes/opcodes-rvv:489,Yes
VAMOSWAPEI8_V,vamoswapei8.v,00001????????????000?????0101111,sw/toolchain/riscv-opcodes/opcodes-rvv,sw/toolchain/riscv-opcodes/opcodes-rvv:492,Yes
VAMOADDEI8_V,vamoaddei8.v,00000????????????000?????0101111,sw/toolchain/riscv-opcodes/opcodes-rvv,sw/toolchain/riscv-opcodes/opcodes-rvv:493,Yes
VAMOXOREI8_V,vamoxorei8.v,00100????????????000?????0101111,sw/toolchain/riscv-opcodes/opcodes-rvv,sw/toolchain/riscv-opcodes/opcodes-rvv:494,Yes
VAMOANDEI8_V,vamoandei8.v,01100????????????000?????0101111,sw/toolchain/riscv-opcodes/opcodes-rvv,sw/toolchain/riscv-opcodes/opcodes-rvv:495,Yes
VAMOOREI8_V,vamoorei8.v,01000????????????000?????0101111,sw/toolchain/riscv-opcodes/opcodes-rvv,sw/toolchain/riscv-opcodes/opcodes-rvv:496,Yes
VAMOMINEI8_V,vamominei8.v,10000????????????000?????0101111,sw/toolchain/riscv-opcodes/opcodes-rvv,sw/toolchain/riscv-opcodes/opcodes-rvv:497,Yes
VAMOMAXEI8_V,vamomaxei8.v,10100????????????000?????0101111,sw/toolchain/riscv-opcodes/opcodes-rvv,sw/toolchain/riscv-opcodes/opcodes-rvv:498,Yes
VAMOMINUEI8_V,vamominuei8.v,11000????????????000?????0101111,sw/toolchain/riscv-opcodes/opcodes-rvv,sw/toolchain/riscv-opcodes/opcodes-rvv:499,Yes
VAMOMAXUEI8_V,vamomaxuei8.v,11100????????????000?????0101111,sw/toolchain/riscv-opcodes/opcodes-rvv,sw/toolchain/riscv-opcodes/opcodes-rvv:500,Yes
VAMOSWAPEI16_V,vamoswapei16.v,00001????????????101?????0101111,sw/toolchain/riscv-opcodes/opcodes-rvv,sw/toolchain/riscv-opcodes/opcodes-rvv:502,Yes
VAMOADDEI16_V,vamoaddei16.v,00000????????????101?????0101111,sw/toolchain/riscv-opcodes/opcodes-rvv,sw/toolchain/riscv-opcodes/opcodes-rvv:503,Yes
VAMOXOREI16_V,vamoxorei16.v,00100????????????101?????0101111,sw/toolchain/riscv-opcodes/opcodes-rvv,sw/toolchain/riscv-opcodes/opcodes-rvv:504,Yes
VAMOANDEI16_V,vamoandei16.v,01100????????????101?????0101111,sw/toolchain/riscv-opcodes/opcodes-rvv,sw/toolchain/riscv-opcodes/opcodes-rvv:505,Yes
VAMOOREI16_V,vamoorei16.v,01000????????????101?????0101111,sw/toolchain/riscv-opcodes/opcodes-rvv,sw/toolchain/riscv-opcodes/opcodes-rvv:506,Yes
VAMOMINEI16_V,vamominei16.v,10000????????????101?????0101111,sw/toolchain/riscv-opcodes/opcodes-rvv,sw/toolchain/riscv-opcodes/opcodes-rvv:507,Yes
VAMOMAXEI16_V,vamomaxei16.v,10100????????????101?????0101111,sw/toolchain/riscv-opcodes/opcodes-rvv,sw/toolchain/riscv-opcodes/opcodes-rvv:508,Yes
VAMOMINUEI16_V,vamominuei16.v,11000????????????101?????0101111,sw/toolchain/riscv-opcodes/opcodes-rvv,sw/toolchain/riscv-opcodes/opcodes-rvv:509,Yes
VAMOMAXUEI16_V,vamomaxuei16.v,11100????????????101?????0101111,sw/toolchain/riscv-opcodes/opcodes-rvv,sw/toolchain/riscv-opcodes/opcodes-rvv:510,Yes
VAMOSWAPEI32_V,vamoswapei32.v,00001????????????110?????0101111,sw/toolchain/riscv-opcodes/opcodes-rvv,sw/toolchain/riscv-opcodes/opcodes-rvv:512,Yes
VAMOADDEI32_V,vamoaddei32.v,00000????????????110?????0101111,sw/toolchain/riscv-opcodes/opcodes-rvv,sw/toolchain/riscv-opcodes/opcodes-rvv:513,Yes
VAMOXOREI32_V,vamoxorei32.v,00100????????????110?????0101111,sw/toolchain/riscv-opcodes/opcodes-rvv,sw/toolchain/riscv-opcodes/opcodes-rvv:514,Yes
VAMOANDEI32_V,vamoandei32.v,01100????????????110?????0101111,sw/toolchain/riscv-opcodes/opcodes-rvv,sw/toolchain/riscv-opcodes/opcodes-rvv:515,Yes
VAMOOREI32_V,vamoorei32.v,01000????????????110?????0101111,sw/toolchain/riscv-opcodes/opcodes-rvv,sw/toolchain/riscv-opcodes/opcodes-rvv:516,Yes
VAMOMINEI32_V,vamominei32.v,10000????????????110?????0101111,sw/toolchain/riscv-opcodes/opcodes-rvv,sw/toolchain/riscv-opcodes/opcodes-rvv:517,Yes
VAMOMAXEI32_V,vamomaxei32.v,10100????????????110?????0101111,sw/toolchain/riscv-opcodes/opcodes-rvv,sw/toolchain/riscv-opcodes/opcodes-rvv:518,Yes
VAMOMINUEI32_V,vamominuei32.v,11000????????????110?????0101111,sw/toolchain/riscv-opcodes/opcodes-rvv,sw/toolchain/riscv-opcodes/opcodes-rvv:519,Yes
VAMOMAXUEI32_V,vamomaxuei32.v,11100????????????110?????0101111,sw/toolchain/riscv-opcodes/opcodes-rvv,sw/toolchain/riscv-opcodes/opcodes-rvv:520,Yes
VAMOSWAPEI64_V,vamoswapei64.v,00001????????????111?????0101111,sw/toolchain/riscv-opcodes/opcodes-rvv,sw/toolchain/riscv-opcodes/opcodes-rvv:522,Yes
VAMOADDEI64_V,vamoaddei64.v,00000????????????111?????0101111,sw/toolchain/riscv-opcodes/opcodes-rvv,sw/toolchain/riscv-opcodes/opcodes-rvv:523,Yes
VAMOXOREI64_V,vamoxorei64.v,00100????????????111?????0101111,sw/toolchain/riscv-opcodes/opcodes-rvv,sw/toolchain/riscv-opcodes/opcodes-rvv:524,Yes
VAMOANDEI64_V,vamoandei64.v,01100????????????111?????0101111,sw/toolchain/riscv-opcodes/opcodes-rvv,sw/toolchain/riscv-opcodes/opcodes-rvv:525,Yes
VAMOOREI64_V,vamoorei64.v,01000????????????111?????0101111,sw/toolchain/riscv-opcodes/opcodes-rvv,sw/toolchain/riscv-opcodes/opcodes-rvv:526,Yes
VAMOMINEI64_V,vamominei64.v,10000????????????111?????0101111,sw/toolchain/riscv-opcodes/opcodes-rvv,sw/toolchain/riscv-opcodes/opcodes-rvv:527,Yes
VAMOMAXEI64_V,vamomaxei64.v,10100????????????111?????0101111,sw/toolchain/riscv-opcodes/opcodes-rvv,sw/toolchain/riscv-opcodes/opcodes-rvv:528,Yes
VAMOMINUEI64_V,vamominuei64.v,11000????????????111?????0101111,sw/toolchain/riscv-opcodes/opcodes-rvv,sw/toolchain/riscv-opcodes/opcodes-rvv:529,Yes
VAMOMAXUEI64_V,vamomaxuei64.v,11100????????????111?????0101111,sw/toolchain/riscv-opcodes/opcodes-rvv,sw/toolchain/riscv-opcodes/opcodes-rvv:530,Yes
FMADD_AH,fmadd.ah,?????10??????????101?????1000011,sw/toolchain/riscv-opcodes/opcodes-sflt_CUSTOM,sw/toolchain/riscv-opcodes/opcodes-sflt_CUSTOM:22,No
FMSUB_AH,fmsub.ah,?????10??????????101?????1000111,sw/toolchain/riscv-opcodes/opcodes-sflt_CUSTOM,sw/toolchain/riscv-opcodes/opcodes-sflt_CUSTOM:23,No
FNMSUB_AH,fnmsub.ah,?????10??????????101?????1001011,sw/toolchain/riscv-opcodes/opcodes-sflt_CUSTOM,sw/toolchain/riscv-opcodes/opcodes-sflt_CUSTOM:24,No
FNMADD_AH,fnmadd.ah,?????10??????????101?????1001111,sw/toolchain/riscv-opcodes/opcodes-sflt_CUSTOM,sw/toolchain/riscv-opcodes/opcodes-sflt_CUSTOM:25,No
FADD_AH,fadd.ah,0000010??????????101?????1010011,sw/toolchain/riscv-opcodes/opcodes-sflt_CUSTOM,sw/toolchain/riscv-opcodes/opcodes-sflt_CUSTOM:26,No
FSUB_AH,fsub.ah,0000110??????????101?????1010011,sw/toolchain/riscv-opcodes/opcodes-sflt_CUSTOM,sw/toolchain/riscv-opcodes/opcodes-sflt_CUSTOM:27,No
FMUL_AH,fmul.ah,0001010??????????101?????1010011,sw/toolchain/riscv-opcodes/opcodes-sflt_CUSTOM,sw/toolchain/riscv-opcodes/opcodes-sflt_CUSTOM:28,No
FDIV_AH,fdiv.ah,0001110??????????101?????1010011,sw/toolchain/riscv-opcodes/opcodes-sflt_CUSTOM,sw/toolchain/riscv-opcodes/opcodes-sflt_CUSTOM:29,No
FSQRT_AH,fsqrt.ah,010111000000?????101?????1010011,sw/toolchain/riscv-opcodes/opcodes-sflt_CUSTOM,sw/toolchain/riscv-opcodes/opcodes-sflt_CUSTOM:30,No
FSGNJ_AH,fsgnj.ah,0010010??????????100?????1010011,sw/toolchain/riscv-opcodes/opcodes-sflt_CUSTOM,sw/toolchain/riscv-opcodes/opcodes-sflt_CUSTOM:31,No
FSGNJN_AH,fsgnjn.ah,0010010??????????101?????1010011,sw/toolchain/riscv-opcodes/opcodes-sflt_CUSTOM,sw/toolchain/riscv-opcodes/opcodes-sflt_CUSTOM:32,No
FSGNJX_AH,fsgnjx.ah,0010010??????????110?????1010011,sw/toolchain/riscv-opcodes/opcodes-sflt_CUSTOM,sw/toolchain/riscv-opcodes/opcodes-sflt_CUSTOM:33,No
FMIN_AH,fmin.ah,0010110??????????100?????1010011,sw/toolchain/riscv-opcodes/opcodes-sflt_CUSTOM,sw/toolchain/riscv-opcodes/opcodes-sflt_CUSTOM:34,No
FMAX_AH,fmax.ah,0010110??????????101?????1010011,sw/toolchain/riscv-opcodes/opcodes-sflt_CUSTOM,sw/toolchain/riscv-opcodes/opcodes-sflt_CUSTOM:35,No
FEQ_AH,feq.ah,1010010??????????110?????1010011,sw/toolchain/riscv-opcodes/opcodes-sflt_CUSTOM,sw/toolchain/riscv-opcodes/opcodes-sflt_CUSTOM:36,No
FLT_AH,flt.ah,1010010??????????101?????1010011,sw/toolchain/riscv-opcodes/opcodes-sflt_CUSTOM,sw/toolchain/riscv-opcodes/opcodes-sflt_CUSTOM:37,No
FLE_AH,fle.ah,1010010??????????100?????1010011,sw/toolchain/riscv-opcodes/opcodes-sflt_CUSTOM,sw/toolchain/riscv-opcodes/opcodes-sflt_CUSTOM:38,No
FCVT_W_AH,fcvt.w.ah,110001000000?????101?????1010011,sw/toolchain/riscv-opcodes/opcodes-sflt_CUSTOM,sw/toolchain/riscv-opcodes/opcodes-sflt_CUSTOM:39,No
FCVT_WU_AH,fcvt.wu.ah,110001000001?????101?????1010011,sw/toolchain/riscv-opcodes/opcodes-sflt_CUSTOM,sw/toolchain/riscv-opcodes/opcodes-sflt_CUSTOM:40,No
FCVT_AH_W,fcvt.ah.w,110101000000?????101?????1010011,sw/toolchain/riscv-opcodes/opcodes-sflt_CUSTOM,sw/toolchain/riscv-opcodes/opcodes-sflt_CUSTOM:41,No
FCVT_AH_WU,fcvt.ah.wu,110101000001?????101?????1010011,sw/toolchain/riscv-opcodes/opcodes-sflt_CUSTOM,sw/toolchain/riscv-opcodes/opcodes-sflt_CUSTOM:42,No
FMV_X_AH,fmv.x.ah,111001000000?????100?????1010011,sw/toolchain/riscv-opcodes/opcodes-sflt_CUSTOM,sw/toolchain/riscv-opcodes/opcodes-sflt_CUSTOM:43,No
FCLASS_AH,fclass.ah,111001000000?????101?????1010011,sw/toolchain/riscv-opcodes/opcodes-sflt_CUSTOM,sw/toolchain/riscv-opcodes/opcodes-sflt_CUSTOM:44,No
FMV_AH_X,fmv.ah.x,111101000000?????100?????1010011,sw/toolchain/riscv-opcodes/opcodes-sflt_CUSTOM,sw/toolchain/riscv-opcodes/opcodes-sflt_CUSTOM:45,No
FCVT_L_AH,fcvt.l.ah,110001000010?????101?????1010011,sw/toolchain/riscv-opcodes/opcodes-sflt_CUSTOM,sw/toolchain/riscv-opcodes/opcodes-sflt_CUSTOM:47,No
FCVT_LU_AH,fcvt.lu.ah,110001000011?????101?????1010011,sw/toolchain/riscv-opcodes/opcodes-sflt_CUSTOM,sw/toolchain/riscv-opcodes/opcodes-sflt_CUSTOM:48,No
FCVT_AH_L,fcvt.ah.l,110101000010?????101?????1010011,sw/toolchain/riscv-opcodes/opcodes-sflt_CUSTOM,sw/toolchain/riscv-opcodes/opcodes-sflt_CUSTOM:49,No
FCVT_AH_LU,fcvt.ah.lu,110101000011?????101?????1010011,sw/toolchain/riscv-opcodes/opcodes-sflt_CUSTOM,sw/toolchain/riscv-opcodes/opcodes-sflt_CUSTOM:50,No
FCVT_S_AH,fcvt.s.ah,010000000110?????000?????1010011,sw/toolchain/riscv-opcodes/opcodes-sflt_CUSTOM,sw/toolchain/riscv-opcodes/opcodes-sflt_CUSTOM:52,No
FCVT_AH_S,fcvt.ah.s,010001000000?????101?????1010011,sw/toolchain/riscv-opcodes/opcodes-sflt_CUSTOM,sw/toolchain/riscv-opcodes/opcodes-sflt_CUSTOM:53,No
FCVT_D_AH,fcvt.d.ah,010000100110?????000?????1010011,sw/toolchain/riscv-opcodes/opcodes-sflt_CUSTOM,sw/toolchain/riscv-opcodes/opcodes-sflt_CUSTOM:55,No
FCVT_AH_D,fcvt.ah.d,010001000001?????101?????1010011,sw/toolchain/riscv-opcodes/opcodes-sflt_CUSTOM,sw/toolchain/riscv-opcodes/opcodes-sflt_CUSTOM:56,No
FCVT_H_AH,fcvt.h.ah,010001000110?????????????1010011,sw/toolchain/riscv-opcodes/opcodes-sflt_CUSTOM,sw/toolchain/riscv-opcodes/opcodes-sflt_CUSTOM:58,No
FCVT_AH_H,fcvt.ah.h,010001000010?????101?????1010011,sw/toolchain/riscv-opcodes/opcodes-sflt_CUSTOM,sw/toolchain/riscv-opcodes/opcodes-sflt_CUSTOM:59,No
FCVT_AH_B,fcvt.ah.b,010001000011?????101?????1010011,sw/toolchain/riscv-opcodes/opcodes-sflt_CUSTOM,sw/toolchain/riscv-opcodes/opcodes-sflt_CUSTOM:106,No
FCVT_B_AH,fcvt.b.ah,010001100110?????????????1010011,sw/toolchain/riscv-opcodes/opcodes-sflt_CUSTOM,sw/toolchain/riscv-opcodes/opcodes-sflt_CUSTOM:107,No
VFADD_S,vfadd.s,1000001??????????000?????0110011,sw/toolchain/riscv-opcodes/opcodes-sflt_CUSTOM,sw/toolchain/riscv-opcodes/opcodes-sflt_CUSTOM:116,No
VFADD_R_S,vfadd.r.s,1000001??????????100?????0110011,sw/toolchain/riscv-opcodes/opcodes-sflt_CUSTOM,sw/toolchain/riscv-opcodes/opcodes-sflt_CUSTOM:117,No
VFSUB_S,vfsub.s,1000010??????????000?????0110011,sw/toolchain/riscv-opcodes/opcodes-sflt_CUSTOM,sw/toolchain/riscv-opcodes/opcodes-sflt_CUSTOM:118,No
VFSUB_R_S,vfsub.r.s,1000010??????????100?????0110011,sw/toolchain/riscv-opcodes/opcodes-sflt_CUSTOM,sw/toolchain/riscv-opcodes/opcodes-sflt_CUSTOM:119,No
VFMUL_S,vfmul.s,1000011??????????000?????0110011,sw/toolchain/riscv-opcodes/opcodes-sflt_CUSTOM,sw/toolchain/riscv-opcodes/opcodes-sflt_CUSTOM:120,No
VFMUL_R_S,vfmul.r.s,1000011??????????100?????0110011,sw/toolchain/riscv-opcodes/opcodes-sflt_CUSTOM,sw/toolchain/riscv-opcodes/opcodes-sflt_CUSTOM:121,No
VFDIV_S,vfdiv.s,1000100??????????000?????0110011,sw/toolchain/riscv-opcodes/opcodes-sflt_CUSTOM,sw/toolchain/riscv-opcodes/opcodes-sflt_CUSTOM:122,No
VFDIV_R_S,vfdiv.r.s,1000100??????????100?????0110011,sw/toolchain/riscv-opcodes/opcodes-sflt_CUSTOM,sw/toolchain/riscv-opcodes/opcodes-sflt_CUSTOM:123,No
VFMIN_S,vfmin.s,1000101??????????000?????0110011,sw/toolchain/riscv-opcodes/opcodes-sflt_CUSTOM,sw/toolchain/riscv-opcodes/opcodes-sflt_CUSTOM:124,No
VFMIN_R_S,vfmin.r.s,1000101??????????100?????0110011,sw/toolchain/riscv-opcodes/opcodes-sflt_CUSTOM,sw/toolchain/riscv-opcodes/opcodes-sflt_CUSTOM:125,No
VFMAX_S,vfmax.s,1000110??????????000?????0110011,sw/toolchain/riscv-opcodes/opcodes-sflt_CUSTOM,sw/toolchain/riscv-opcodes/opcodes-sflt_CUSTOM:126,No
VFMAX_R_S,vfmax.r.s,1000110??????????100?????0110011,sw/toolchain/riscv-opcodes/opcodes-sflt_CUSTOM,sw/toolchain/riscv-opcodes/opcodes-sflt_CUSTOM:127,No
VFSQRT_S,vfsqrt.s,100011100000?????000?????0110011,sw/toolchain/riscv-opcodes/opcodes-sflt_CUSTOM,sw/toolchain/riscv-opcodes/opcodes-sflt_CUSTOM:128,No
VFMAC_S,vfmac.s,1001000??????????000?????0110011,sw/toolchain/riscv-opcodes/opcodes-sflt_CUSTOM,sw/toolchain/riscv-opcodes/opcodes-sflt_CUSTOM:129,No
VFMAC_R_S,vfmac.r.s,1001000??????????100?????0110011,sw/toolchain/riscv-opcodes/opcodes-sflt_CUSTOM,sw/toolchain/riscv-opcodes/opcodes-sflt_CUSTOM:130,No
VFMRE_S,vfmre.s,1001001??????????000?????0110011,sw/toolchain/riscv-opcodes/opcodes-sflt_CUSTOM,sw/toolchain/riscv-opcodes/opcodes-sflt_CUSTOM:131,No
VFMRE_R_S,vfmre.r.s,1001001??????????100?????0110011,sw/toolchain/riscv-opcodes/opcodes-sflt_CUSTOM,sw/toolchain/riscv-opcodes/opcodes-sflt_CUSTOM:132,No
VFCLASS_S,vfclass.s,100110000001?????000?????0110011,sw/toolchain/riscv-opcodes/opcodes-sflt_CUSTOM,sw/toolchain/riscv-opcodes/opcodes-sflt_CUSTOM:133,No
VFSGNJ_S,vfsgnj.s,1001101??????????000?????0110011,sw/toolchain/riscv-opcodes/opcodes-sflt_CUSTOM,sw/toolchain/riscv-opcodes/opcodes-sflt_CUSTOM:134,No
VFSGNJ_R_S,vfsgnj.r.s,1001101??????????100?????0110011,sw/toolchain/riscv-opcodes/opcodes-sflt_CUSTOM,sw/toolchain/riscv-opcodes/opcodes-sflt_CUSTOM:135,No
VFSGNJN_S,vfsgnjn.s,1001110??????????000?????0110011,sw/toolchain/riscv-opcodes/opcodes-sflt_CUSTOM,sw/toolchain/riscv-opcodes/opcodes-sflt_CUSTOM:136,No
VFSGNJN_R_S,vfsgnjn.r.s,1001110??????????100?????0110011,sw/toolchain/riscv-opcodes/opcodes-sflt_CUSTOM,sw/toolchain/riscv-opcodes/opcodes-sflt_CUSTOM:137,No
VFSGNJX_S,vfsgnjx.s,1001111??????????000?????0110011,sw/toolchain/riscv-opcodes/opcodes-sflt_CUSTOM,sw/toolchain/riscv-opcodes/opcodes-sflt_CUSTOM:138,No
VFSGNJX_R_S,vfsgnjx.r.s,1001111??????????100?????0110011,sw/toolchain/riscv-opcodes/opcodes-sflt_CUSTOM,sw/toolchain/riscv-opcodes/opcodes-sflt_CUSTOM:139,No
VFEQ_S,vfeq.s,1010000??????????000?????0110011,sw/toolchain/riscv-opcodes/opcodes-sflt_CUSTOM,sw/toolchain/riscv-opcodes/opcodes-sflt_CUSTOM:140,No
VFEQ_R_S,vfeq.r.s,1010000??????????100?????0110011,sw/toolchain/riscv-opcodes/opcodes-sflt_CUSTOM,sw/toolchain/riscv-opcodes/opcodes-sflt_CUSTOM:141,No
VFNE_S,vfne.s,1010001??????????000?????0110011,sw/toolchain/riscv-opcodes/opcodes-sflt_CUSTOM,sw/toolchain/riscv-opcodes/opcodes-sflt_CUSTOM:142,No
VFNE_R_S,vfne.r.s,1010001??????????100?????0110011,sw/toolchain/riscv-opcodes/opcodes-sflt_CUSTOM,sw/toolchain/riscv-opcodes/opcodes-sflt_CUSTOM:143,No
VFLT_S,vflt.s,1010010??????????000?????0110011,sw/toolchain/riscv-opcodes/opcodes-sflt_CUSTOM,sw/toolchain/riscv-opcodes/opcodes-sflt_CUSTOM:144,No
VFLT_R_S,vflt.r.s,1010010??????????100?????0110011,sw/toolchain/riscv-opcodes/opcodes-sflt_CUSTOM,sw/toolchain/riscv-opcodes/opcodes-sflt_CUSTOM:145,No
VFGE_S,vfge.s,1010011??????????000?????0110011,sw/toolchain/riscv-opcodes/opcodes-sflt_CUSTOM,sw/toolchain/riscv-opcodes/opcodes-sflt_CUSTOM:146,No
VFGE_R_S,vfge.r.s,1010011??????????100?????0110011,sw/toolchain/riscv-opcodes/opcodes-sflt_CUSTOM,sw/toolchain/riscv-opcodes/opcodes-sflt_CUSTOM:147,No
VFLE_S,vfle.s,1010100??????????000?????0110011,sw/toolchain/riscv-opcodes/opcodes-sflt_CUSTOM,sw/toolchain/riscv-opcodes/opcodes-sflt_CUSTOM:148,No
VFLE_R_S,vfle.r.s,1010100??????????100?????0110011,sw/toolchain/riscv-opcodes/opcodes-sflt_CUSTOM,sw/toolchain/riscv-opcodes/opcodes-sflt_CUSTOM:149,No
VFGT_S,vfgt.s,1010101??????????000?????0110011,sw/toolchain/riscv-opcodes/opcodes-sflt_CUSTOM,sw/toolchain/riscv-opcodes/opcodes-sflt_CUSTOM:150,No
VFGT_R_S,vfgt.r.s,1010101??????????100?????0110011,sw/toolchain/riscv-opcodes/opcodes-sflt_CUSTOM,sw/toolchain/riscv-opcodes/opcodes-sflt_CUSTOM:151,No
VFMV_X_S,vfmv.x.s,100110000000?????000?????0110011,sw/toolchain/riscv-opcodes/opcodes-sflt_CUSTOM,sw/toolchain/riscv-opcodes/opcodes-sflt_CUSTOM:153,No
VFMV_S_X,vfmv.s.x,100110000000?????100?????0110011,sw/toolchain/riscv-opcodes/opcodes-sflt_CUSTOM,sw/toolchain/riscv-opcodes/opcodes-sflt_CUSTOM:154,No
VFCVT_X_S,vfcvt.x.s,100110000010?????000?????0110011,sw/toolchain/riscv-opcodes/opcodes-sflt_CUSTOM,sw/toolchain/riscv-opcodes/opcodes-sflt_CUSTOM:155,No
VFCVT_XU_S,vfcvt.xu.s,100110000010?????100?????0110011,sw/toolchain/riscv-opcodes/opcodes-sflt_CUSTOM,sw/toolchain/riscv-opcodes/opcodes-sflt_CUSTOM:156,No
VFCVT_S_X,vfcvt.s.x,100110000011?????000?????0110011,sw/toolchain/riscv-opcodes/opcodes-sflt_CUSTOM,sw/toolchain/riscv-opcodes/opcodes-sflt_CUSTOM:157,No
VFCVT_S_XU,vfcvt.s.xu,100110000011?????100?????0110011,sw/toolchain/riscv-opcodes/opcodes-sflt_CUSTOM,sw/toolchain/riscv-opcodes/opcodes-sflt_CUSTOM:158,No
VFCPKA_S_S,vfcpka.s.s,1011000??????????000?????0110011,sw/toolchain/riscv-opcodes/opcodes-sflt_CUSTOM,sw/toolchain/riscv-opcodes/opcodes-sflt_CUSTOM:160,No
VFCPKB_S_S,vfcpkb.s.s,1011000??????????100?????0110011,sw/toolchain/riscv-opcodes/opcodes-sflt_CUSTOM,sw/toolchain/riscv-opcodes/opcodes-sflt_CUSTOM:161,No
VFCPKC_S_S,vfcpkc.s.s,1011001??????????000?????0110011,sw/toolchain/riscv-opcodes/opcodes-sflt_CUSTOM,sw/toolchain/riscv-opcodes/opcodes-sflt_CUSTOM:162,No
VFCPKD_S_S,vfcpkd.s.s,1011001??????????100?????0110011,sw/toolchain/riscv-opcodes/opcodes-sflt_CUSTOM,sw/toolchain/riscv-opcodes/opcodes-sflt_CUSTOM:163,No
VFCPKA_S_D,vfcpka.s.d,1011010??????????000?????0110011,sw/toolchain/riscv-opcodes/opcodes-sflt_CUSTOM,sw/toolchain/riscv-opcodes/opcodes-sflt_CUSTOM:165,No
VFCPKB_S_D,vfcpkb.s.d,1011010??????????100?????0110011,sw/toolchain/riscv-opcodes/opcodes-sflt_CUSTOM,sw/toolchain/riscv-opcodes/opcodes-sflt_CUSTOM:166,No
VFCPKC_S_D,vfcpkc.s.d,1011011??????????000?????0110011,sw/toolchain/riscv-opcodes/opcodes-sflt_CUSTOM,sw/toolchain/riscv-opcodes/opcodes-sflt_CUSTOM:167,No
VFCPKD_S_D,vfcpkd.s.d,1011011??????????100?????0110011,sw/toolchain/riscv-opcodes/opcodes-sflt_CUSTOM,sw/toolchain/riscv-opcodes/opcodes-sflt_CUSTOM:168,No
VFADD_H,vfadd.h,1000001??????????010?????0110011,sw/toolchain/riscv-opcodes/opcodes-sflt_CUSTOM,sw/toolchain/riscv-opcodes/opcodes-sflt_CUSTOM:171,No
VFADD_R_H,vfadd.r.h,1000001??????????110?????0110011,sw/toolchain/riscv-opcodes/opcodes-sflt_CUSTOM,sw/toolchain/riscv-opcodes/opcodes-sflt_CUSTOM:172,No
VFSUB_H,vfsub.h,1000010??????????010?????0110011,sw/toolchain/riscv-opcodes/opcodes-sflt_CUSTOM,sw/toolchain/riscv-opcodes/opcodes-sflt_CUSTOM:173,No
VFSUB_R_H,vfsub.r.h,1000010??????????110?????0110011,sw/toolchain/riscv-opcodes/opcodes-sflt_CUSTOM,sw/toolchain/riscv-opcodes/opcodes-sflt_CUSTOM:174,No
VFMUL_H,vfmul.h,1000011??????????010?????0110011,sw/toolchain/riscv-opcodes/opcodes-sflt_CUSTOM,sw/toolchain/riscv-opcodes/opcodes-sflt_CUSTOM:175,No
VFMUL_R_H,vfmul.r.h,1000011??????????110?????0110011,sw/toolchain/riscv-opcodes/opcodes-sflt_CUSTOM,sw/toolchain/riscv-opcodes/opcodes-sflt_CUSTOM:176,No
VFDIV_H,vfdiv.h,1000100??????????010?????0110011,sw/toolchain/riscv-opcodes/opcodes-sflt_CUSTOM,sw/toolchain/riscv-opcodes/opcodes-sflt_CUSTOM:177,No
VFDIV_R_H,vfdiv.r.h,1000100??????????110?????0110011,sw/toolchain/riscv-opcodes/opcodes-sflt_CUSTOM,sw/toolchain/riscv-opcodes/opcodes-sflt_CUSTOM:178,No
VFMIN_H,vfmin.h,1000101??????????010?????0110011,sw/toolchain/riscv-opcodes/opcodes-sflt_CUSTOM,sw/toolchain/riscv-opcodes/opcodes-sflt_CUSTOM:179,No
VFMIN_R_H,vfmin.r.h,1000101??????????110?????0110011,sw/toolchain/riscv-opcodes/opcodes-sflt_CUSTOM,sw/toolchain/riscv-opcodes/opcodes-sflt_CUSTOM:180,No
VFMAX_H,vfmax.h,1000110??????????010?????0110011,sw/toolchain/riscv-opcodes/opcodes-sflt_CUSTOM,sw/toolchain/riscv-opcodes/opcodes-sflt_CUSTOM:181,No
VFMAX_R_H,vfmax.r.h,1000110??????????110?????0110011,sw/toolchain/riscv-opcodes/opcodes-sflt_CUSTOM,sw/toolchain/riscv-opcodes/opcodes-sflt_CUSTOM:182,No
VFSQRT_H,vfsqrt.h,100011100000?????010?????0110011,sw/toolchain/riscv-opcodes/opcodes-sflt_CUSTOM,sw/toolchain/riscv-opcodes/opcodes-sflt_CUSTOM:183,No
VFMAC_H,vfmac.h,1001000??????????010?????0110011,sw/toolchain/riscv-opcodes/opcodes-sflt_CUSTOM,sw/toolchain/riscv-opcodes/opcodes-sflt_CUSTOM:184,No
VFMAC_R_H,vfmac.r.h,1001000??????????110?????0110011,sw/toolchain/riscv-opcodes/opcodes-sflt_CUSTOM,sw/toolchain/riscv-opcodes/opcodes-sflt_CUSTOM:185,No
VFMRE_H,vfmre.h,1001001??????????010?????0110011,sw/toolchain/riscv-opcodes/opcodes-sflt_CUSTOM,sw/toolchain/riscv-opcodes/opcodes-sflt_CUSTOM:186,No
VFMRE_R_H,vfmre.r.h,1001001??????????110?????0110011,sw/toolchain/riscv-opcodes/opcodes-sflt_CUSTOM,sw/toolchain/riscv-opcodes/opcodes-sflt_CUSTOM:187,No
VFCLASS_H,vfclass.h,100110000001?????010?????0110011,sw/toolchain/riscv-opcodes/opcodes-sflt_CUSTOM,sw/toolchain/riscv-opcodes/opcodes-sflt_CUSTOM:188,No
VFSGNJ_H,vfsgnj.h,1001101??????????010?????0110011,sw/toolchain/riscv-opcodes/opcodes-sflt_CUSTOM,sw/toolchain/riscv-opcodes/opcodes-sflt_CUSTOM:189,No
VFSGNJ_R_H,vfsgnj.r.h,1001101??????????110?????0110011,sw/toolchain/riscv-opcodes/opcodes-sflt_CUSTOM,sw/toolchain/riscv-opcodes/opcodes-sflt_CUSTOM:190,No
VFSGNJN_H,vfsgnjn.h,1001110??????????010?????0110011,sw/toolchain/riscv-opcodes/opcodes-sflt_CUSTOM,sw/toolchain/riscv-opcodes/opcodes-sflt_CUSTOM:191,No
VFSGNJN_R_H,vfsgnjn.r.h,1001110??????????110?????0110011,sw/toolchain/riscv-opcodes/opcodes-sflt_CUSTOM,sw/toolchain/riscv-opcodes/opcodes-sflt_CUSTOM:192,No
VFSGNJX_H,vfsgnjx.h,1001111??????????010?????0110011,sw/toolchain/riscv-opcodes/opcodes-sflt_CUSTOM,sw/toolchain/riscv-opcodes/opcodes-sflt_CUSTOM:193,No
VFSGNJX_R_H,vfsgnjx.r.h,1001111??????????110?????0110011,sw/toolchain/riscv-opcodes/opcodes-sflt_CUSTOM,sw/toolchain/riscv-opcodes/opcodes-sflt_CUSTOM:194,No
VFEQ_H,vfeq.h,1010000??????????010?????0110011,sw/toolchain/riscv-opcodes/opcodes-sflt_CUSTOM,sw/toolchain/riscv-opcodes/opcodes-sflt_CUSTOM:195,No
VFEQ_R_H,vfeq.r.h,1010000??????????110?????0110011,sw/toolchain/riscv-opcodes/opcodes-sflt_CUSTOM,sw/toolchain/riscv-opcodes/opcodes-sflt_CUSTOM:196,No
VFNE_H,vfne.h,1010001??????????010?????0110011,sw/toolchain/riscv-opcodes/opcodes-sflt_CUSTOM,sw/toolchain/riscv-opcodes/opcodes-sflt_CUSTOM:197,No
VFNE_R_H,vfne.r.h,1010001??????????110?????0110011,sw/toolchain/riscv-opcodes/opcodes-sflt_CUSTOM,sw/toolchain/riscv-opcodes/opcodes-sflt_CUSTOM:198,No
VFLT_H,vflt.h,1010010??????????010?????0110011,sw/toolchain/riscv-opcodes/opcodes-sflt_CUSTOM,sw/toolchain/riscv-opcodes/opcodes-sflt_CUSTOM:199,No
VFLT_R_H,vflt.r.h,1010010??????????110?????0110011,sw/toolchain/riscv-opcodes/opcodes-sflt_CUSTOM,sw/toolchain/riscv-opcodes/opcodes-sflt_CUSTOM:200,No
VFGE_H,vfge.h,1010011??????????010?????0110011,sw/toolchain/riscv-opcodes/opcodes-sflt_CUSTOM,sw/toolchain/riscv-opcodes/opcodes-sflt_CUSTOM:201,No
VFGE_R_H,vfge.r.h,1010011??????????110?????0110011,sw/toolchain/riscv-opcodes/opcodes-sflt_CUSTOM,sw/toolchain/riscv-opcodes/opcodes-sflt_CUSTOM:202,No
VFLE_H,vfle.h,1010100??????????010?????0110011,sw/toolchain/riscv-opcodes/opcodes-sflt_CUSTOM,sw/toolchain/riscv-opcodes/opcodes-sflt_CUSTOM:203,No
VFLE_R_H,vfle.r.h,1010100??????????110?????0110011,sw/toolchain/riscv-opcodes/opcodes-sflt_CUSTOM,sw/toolchain/riscv-opcodes/opcodes-sflt_CUSTOM:204,No
VFGT_H,vfgt.h,1010101??????????010?????0110011,sw/toolchain/riscv-opcodes/opcodes-sflt_CUSTOM,sw/toolchain/riscv-opcodes/opcodes-sflt_CUSTOM:205,No
VFGT_R_H,vfgt.r.h,1010101??????????110?????0110011,sw/toolchain/riscv-opcodes/opcodes-sflt_CUSTOM,sw/toolchain/riscv-opcodes/opcodes-sflt_CUSTOM:206,No
VFMV_X_H,vfmv.x.h,100110000000?????010?????0110011,sw/toolchain/riscv-opcodes/opcodes-sflt_CUSTOM,sw/toolchain/riscv-opcodes/opcodes-sflt_CUSTOM:208,No
VFMV_H_X,vfmv.h.x,100110000000?????110?????0110011,sw/toolchain/riscv-opcodes/opcodes-sflt_CUSTOM,sw/toolchain/riscv-opcodes/opcodes-sflt_CUSTOM:209,No
VFCVT_X_H,vfcvt.x.h,100110000010?????010?????0110011,sw/toolchain/riscv-opcodes/opcodes-sflt_CUSTOM,sw/toolchain/riscv-opcodes/opcodes-sflt_CUSTOM:210,No
VFCVT_XU_H,vfcvt.xu.h,100110000010?????110?????0110011,sw/toolchain/riscv-opcodes/opcodes-sflt_CUSTOM,sw/toolchain/riscv-opcodes/opcodes-sflt_CUSTOM:211,No
VFCVT_H_X,vfcvt.h.x,100110000011?????010?????0110011,sw/toolchain/riscv-opcodes/opcodes-sflt_CUSTOM,sw/toolchain/riscv-opcodes/opcodes-sflt_CUSTOM:212,No
VFCVT_H_XU,vfcvt.h.xu,100110000011?????110?????0110011,sw/toolchain/riscv-opcodes/opcodes-sflt_CUSTOM,sw/toolchain/riscv-opcodes/opcodes-sflt_CUSTOM:213,No
VFCPKA_H_S,vfcpka.h.s,1011000??????????010?????0110011,sw/toolchain/riscv-opcodes/opcodes-sflt_CUSTOM,sw/toolchain/riscv-opcodes/opcodes-sflt_CUSTOM:215,No
VFCPKB_H_S,vfcpkb.h.s,1011000??????????110?????0110011,sw/toolchain/riscv-opcodes/opcodes-sflt_CUSTOM,sw/toolchain/riscv-opcodes/opcodes-sflt_CUSTOM:216,No
VFCPKC_H_S,vfcpkc.h.s,1011001??????????010?????0110011,sw/toolchain/riscv-opcodes/opcodes-sflt_CUSTOM,sw/toolchain/riscv-opcodes/opcodes-sflt_CUSTOM:217,No
VFCPKD_H_S,vfcpkd.h.s,1011001??????????110?????0110011,sw/toolchain/riscv-opcodes/opcodes-sflt_CUSTOM,sw/toolchain/riscv-opcodes/opcodes-sflt_CUSTOM:218,No
VFCPKA_H_D,vfcpka.h.d,1011010??????????010?????0110011,sw/toolchain/riscv-opcodes/opcodes-sflt_CUSTOM,sw/toolchain/riscv-opcodes/opcodes-sflt_CUSTOM:220,No
VFCPKB_H_D,vfcpkb.h.d,1011010??????????110?????0110011,sw/toolchain/riscv-opcodes/opcodes-sflt_CUSTOM,sw/toolchain/riscv-opcodes/opcodes-sflt_CUSTOM:221,No
VFCPKC_H_D,vfcpkc.h.d,1011011??????????010?????0110011,sw/toolchain/riscv-opcodes/opcodes-sflt_CUSTOM,sw/toolchain/riscv-opcodes/opcodes-sflt_CUSTOM:222,No
VFCPKD_H_D,vfcpkd.h.d,1011011??????????110?????0110011,sw/toolchain/riscv-opcodes/opcodes-sflt_CUSTOM,sw/toolchain/riscv-opcodes/opcodes-sflt_CUSTOM:223,No
VFCVT_S_H,vfcvt.s.h,100110000110?????000?????0110011,sw/toolchain/riscv-opcodes/opcodes-sflt_CUSTOM,sw/toolchain/riscv-opcodes/opcodes-sflt_CUSTOM:225,No
VFCVTU_S_H,vfcvtu.s.h,100110000110?????100?????0110011,sw/toolchain/riscv-opcodes/opcodes-sflt_CUSTOM,sw/toolchain/riscv-opcodes/opcodes-sflt_CUSTOM:226,No
VFCVT_H_S,vfcvt.h.s,100110000100?????010?????0110011,sw/toolchain/riscv-opcodes/opcodes-sflt_CUSTOM,sw/toolchain/riscv-opcodes/opcodes-sflt_CUSTOM:227,No
VFCVTU_H_S,vfcvtu.h.s,100110000100?????110?????0110011,sw/toolchain/riscv-opcodes/opcodes-sflt_CUSTOM,sw/toolchain/riscv-opcodes/opcodes-sflt_CUSTOM:228,No
VFADD_AH,vfadd.ah,1000001??????????001?????0110011,sw/toolchain/riscv-opcodes/opcodes-sflt_CUSTOM,sw/toolchain/riscv-opcodes/opcodes-sflt_CUSTOM:231,No
VFADD_R_AH,vfadd.r.ah,1000001??????????101?????0110011,sw/toolchain/riscv-opcodes/opcodes-sflt_CUSTOM,sw/toolchain/riscv-opcodes/opcodes-sflt_CUSTOM:232,No
VFSUB_AH,vfsub.ah,1000010??????????001?????0110011,sw/toolchain/riscv-opcodes/opcodes-sflt_CUSTOM,sw/toolchain/riscv-opcodes/opcodes-sflt_CUSTOM:233,No
VFSUB_R_AH,vfsub.r.ah,1000010??????????101?????0110011,sw/toolchain/riscv-opcodes/opcodes-sflt_CUSTOM,sw/toolchain/riscv-opcodes/opcodes-sflt_CUSTOM:234,No
VFMUL_AH,vfmul.ah,1000011??????????001?????0110011,sw/toolchain/riscv-opcodes/opcodes-sflt_CUSTOM,sw/toolchain/riscv-opcodes/opcodes-sflt_CUSTOM:235,No
VFMUL_R_AH,vfmul.r.ah,1000011??????????101?????0110011,sw/toolchain/riscv-opcodes/opcodes-sflt_CUSTOM,sw/toolchain/riscv-opcodes/opcodes-sflt_CUSTOM:236,No
VFDIV_AH,vfdiv.ah,1000100??????????001?????0110011,sw/toolchain/riscv-opcodes/opcodes-sflt_CUSTOM,sw/toolchain/riscv-opcodes/opcodes-sflt_CUSTOM:237,No
VFDIV_R_AH,vfdiv.r.ah,1000100??????????101?????0110011,sw/toolchain/riscv-opcodes/opcodes-sflt_CUSTOM,sw/toolchain/riscv-opcodes/opcodes-sflt_CUSTOM:238,No
VFMIN_AH,vfmin.ah,1000101??????????001?????0110011,sw/toolchain/riscv-opcodes/opcodes-sflt_CUSTOM,sw/toolchain/riscv-opcodes/opcodes-sflt_CUSTOM:239,No
VFMIN_R_AH,vfmin.r.ah,1000101??????????101?????0110011,sw/toolchain/riscv-opcodes/opcodes-sflt_CUSTOM,sw/toolchain/riscv-opcodes/opcodes-sflt_CUSTOM:240,No
VFMAX_AH,vfmax.ah,1000110??????????001?????0110011,sw/toolchain/riscv-opcodes/opcodes-sflt_CUSTOM,sw/toolchain/riscv-opcodes/opcodes-sflt_CUSTOM:241,No
VFMAX_R_AH,vfmax.r.ah,1000110??????????101?????0110011,sw/toolchain/riscv-opcodes/opcodes-sflt_CUSTOM,sw/toolchain/riscv-opcodes/opcodes-sflt_CUSTOM:242,No
VFSQRT_AH,vfsqrt.ah,100011100000?????001?????0110011,sw/toolchain/riscv-opcodes/opcodes-sflt_CUSTOM,sw/toolchain/riscv-opcodes/opcodes-sflt_CUSTOM:243,No
VFMAC_AH,vfmac.ah,1001000??????????001?????0110011,sw/toolchain/riscv-opcodes/opcodes-sflt_CUSTOM,sw/toolchain/riscv-opcodes/opcodes-sflt_CUSTOM:244,No
VFMAC_R_AH,vfmac.r.ah,1001000??????????101?????0110011,sw/toolchain/riscv-opcodes/opcodes-sflt_CUSTOM,sw/toolchain/riscv-opcodes/opcodes-sflt_CUSTOM:245,No
VFMRE_AH,vfmre.ah,1001001??????????001?????0110011,sw/toolchain/riscv-opcodes/opcodes-sflt_CUSTOM,sw/toolchain/riscv-opcodes/opcodes-sflt_CUSTOM:246,No
VFMRE_R_AH,vfmre.r.ah,1001001??????????101?????0110011,sw/toolchain/riscv-opcodes/opcodes-sflt_CUSTOM,sw/toolchain/riscv-opcodes/opcodes-sflt_CUSTOM:247,No
VFCLASS_AH,vfclass.ah,100110000001?????001?????0110011,sw/toolchain/riscv-opcodes/opcodes-sflt_CUSTOM,sw/toolchain/riscv-opcodes/opcodes-sflt_CUSTOM:248,No
VFSGNJ_AH,vfsgnj.ah,1001101??????????001?????0110011,sw/toolchain/riscv-opcodes/opcodes-sflt_CUSTOM,sw/toolchain/riscv-opcodes/opcodes-sflt_CUSTOM:249,No
VFSGNJ_R_AH,vfsgnj.r.ah,1001101??????????101?????0110011,sw/toolchain/riscv-opcodes/opcodes-sflt_CUSTOM,sw/toolchain/riscv-opcodes/opcodes-sflt_CUSTOM:250,No
VFSGNJN_AH,vfsgnjn.ah,1001110??????????001?????0110011,sw/toolchain/riscv-opcodes/opcodes-sflt_CUSTOM,sw/toolchain/riscv-opcodes/opcodes-sflt_CUSTOM:251,No
VFSGNJN_R_AH,vfsgnjn.r.ah,1001110??????????101?????0110011,sw/toolchain/riscv-opcodes/opcodes-sflt_CUSTOM,sw/toolchain/riscv-opcodes/opcodes-sflt_CUSTOM:252,No
VFSGNJX_AH,vfsgnjx.ah,1001111??????????001?????0110011,sw/toolchain/riscv-opcodes/opcodes-sflt_CUSTOM,sw/toolchain/riscv-opcodes/opcodes-sflt_CUSTOM:253,No
VFSGNJX_R_AH,vfsgnjx.r.ah,1001111??????????101?????0110011,sw/toolchain/riscv-opcodes/opcodes-sflt_CUSTOM,sw/toolchain/riscv-opcodes/opcodes-sflt_CUSTOM:254,No
VFEQ_AH,vfeq.ah,1010000??????????001?????0110011,sw/toolchain/riscv-opcodes/opcodes-sflt_CUSTOM,sw/toolchain/riscv-opcodes/opcodes-sflt_CUSTOM:255,No
VFEQ_R_AH,vfeq.r.ah,1010000??????????101?????0110011,sw/toolchain/riscv-opcodes/opcodes-sflt_CUSTOM,sw/toolchain/riscv-opcodes/opcodes-sflt_CUSTOM:256,No
VFNE_AH,vfne.ah,1010001??????????001?????0110011,sw/toolchain/riscv-opcodes/opcodes-sflt_CUSTOM,sw/toolchain/riscv-opcodes/opcodes-sflt_CUSTOM:257,No
VFNE_R_AH,vfne.r.ah,1010001??????????101?????0110011,sw/toolchain/riscv-opcodes/opcodes-sflt_CUSTOM,sw/toolchain/riscv-opcodes/opcodes-sflt_CUSTOM:258,No
VFLT_AH,vflt.ah,1010010??????????001?????0110011,sw/toolchain/riscv-opcodes/opcodes-sflt_CUSTOM,sw/toolchain/riscv-opcodes/opcodes-sflt_CUSTOM:259,No
VFLT_R_AH,vflt.r.ah,1010010??????????101?????0110011,sw/toolchain/riscv-opcodes/opcodes-sflt_CUSTOM,sw/toolchain/riscv-opcodes/opcodes-sflt_CUSTOM:260,No
VFGE_AH,vfge.ah,1010011??????????001?????0110011,sw/toolchain/riscv-opcodes/opcodes-sflt_CUSTOM,sw/toolchain/riscv-opcodes/opcodes-sflt_CUSTOM:261,No
VFGE_R_AH,vfge.r.ah,1010011??????????101?????0110011,sw/toolchain/riscv-opcodes/opcodes-sflt_CUSTOM,sw/toolchain/riscv-opcodes/opcodes-sflt_CUSTOM:262,No
VFLE_AH,vfle.ah,1010100??????????001?????0110011,sw/toolchain/riscv-opcodes/opcodes-sflt_CUSTOM,sw/toolchain/riscv-opcodes/opcodes-sflt_CUSTOM:263,No
VFLE_R_AH,vfle.r.ah,1010100??????????101?????0110011,sw/toolchain/riscv-opcodes/opcodes-sflt_CUSTOM,sw/toolchain/riscv-opcodes/opcodes-sflt_CUSTOM:264,No
VFGT_AH,vfgt.ah,1010101??????????001?????0110011,sw/toolchain/riscv-opcodes/opcodes-sflt_CUSTOM,sw/toolchain/riscv-opcodes/opcodes-sflt_CUSTOM:265,No
VFGT_R_AH,vfgt.r.ah,1010101??????????101?????0110011,sw/toolchain/riscv-opcodes/opcodes-sflt_CUSTOM,sw/toolchain/riscv-opcodes/opcodes-sflt_CUSTOM:266,No
VFMV_X_AH,vfmv.x.ah,100110000000?????001?????0110011,sw/toolchain/riscv-opcodes/opcodes-sflt_CUSTOM,sw/toolchain/riscv-opcodes/opcodes-sflt_CUSTOM:268,No
VFMV_AH_X,vfmv.ah.x,100110000000?????101?????0110011,sw/toolchain/riscv-opcodes/opcodes-sflt_CUSTOM,sw/toolchain/riscv-opcodes/opcodes-sflt_CUSTOM:269,No
VFCVT_X_AH,vfcvt.x.ah,100110000010?????001?????0110011,sw/toolchain/riscv-opcodes/opcodes-sflt_CUSTOM,sw/toolchain/riscv-opcodes/opcodes-sflt_CUSTOM:270,No
VFCVT_XU_AH,vfcvt.xu.ah,100110000010?????101?????0110011,sw/toolchain/riscv-opcodes/opcodes-sflt_CUSTOM,sw/toolchain/riscv-opcodes/opcodes-sflt_CUSTOM:271,No
VFCVT_AH_X,vfcvt.ah.x,100110000011?????001?????0110011,sw/toolchain/riscv-opcodes/opcodes-sflt_CUSTOM,sw/toolchain/riscv-opcodes/opcodes-sflt_CUSTOM:272,No
VFCVT_AH_XU,vfcvt.ah.xu,100110000011?????101?????0110011,sw/toolchain/riscv-opcodes/opcodes-sflt_CUSTOM,sw/toolchain/riscv-opcodes/opcodes-sflt_CUSTOM:273,No
VFCPKA_AH_S,vfcpka.ah.s,1011000??????????001?????0110011,sw/toolchain/riscv-opcodes/opcodes-sflt_CUSTOM,sw/toolchain/riscv-opcodes/opcodes-sflt_CUSTOM:275,No
VFCPKB_AH_S,vfcpkb.ah.s,1011000??????????101?????0110011,sw/toolchain/riscv-opcodes/opcodes-sflt_CUSTOM,sw/toolchain/riscv-opcodes/opcodes-sflt_CUSTOM:276,No
VFCPKC_AH_S,vfcpkc.ah.s,1011001??????????001?????0110011,sw/toolchain/riscv-opcodes/opcodes-sflt_CUSTOM,sw/toolchain/riscv-opcodes/opcodes-sflt_CUSTOM:277,No
VFCPKD_AH_S,vfcpkd.ah.s,1011001??????????101?????0110011,sw/toolchain/riscv-opcodes/opcodes-sflt_CUSTOM,sw/toolchain/riscv-opcodes/opcodes-sflt_CUSTOM:278,No
VFCPKA_AH_D,vfcpka.ah.d,1011010??????????001?????0110011,sw/toolchain/riscv-opcodes/opcodes-sflt_CUSTOM,sw/toolchain/riscv-opcodes/opcodes-sflt_CUSTOM:280,No
VFCPKB_AH_D,vfcpkb.ah.d,1011010??????????101?????0110011,sw/toolchain/riscv-opcodes/opcodes-sflt_CUSTOM,sw/toolchain/riscv-opcodes/opcodes-sflt_CUSTOM:281,No
VFCPKC_AH_D,vfcpkc.ah.d,1011011??????????001?????0110011,sw/toolchain/riscv-opcodes/opcodes-sflt_CUSTOM,sw/toolchain/riscv-opcodes/opcodes-sflt_CUSTOM:282,No
VFCPKD_AH_D,vfcpkd.ah.d,1011011??????????101?????0110011,sw/toolchain/riscv-opcodes/opcodes-sflt_CUSTOM,sw/toolchain/riscv-opcodes/opcodes-sflt_CUSTOM:283,No
VFCVT_S_AH,vfcvt.s.ah,100110000101?????000?????0110011,sw/toolchain/riscv-opcodes/opcodes-sflt_CUSTOM,sw/toolchain/riscv-opcodes/opcodes-sflt_CUSTOM:285,No
VFCVTU_S_AH,vfcvtu.s.ah,100110000101?????100?????0110011,sw/toolchain/riscv-opcodes/opcodes-sflt_CUSTOM,sw/toolchain/riscv-opcodes/opcodes-sflt_CUSTOM:286,No
VFCVT_AH_S,vfcvt.ah.s,100110000100?????001?????0110011,sw/toolchain/riscv-opcodes/opcodes-sflt_CUSTOM,sw/toolchain/riscv-opcodes/opcodes-sflt_CUSTOM:287,No
VFCVTU_AH_S,vfcvtu.ah.s,100110000100?????101?????0110011,sw/toolchain/riscv-opcodes/opcodes-sflt_CUSTOM,sw/toolchain/riscv-opcodes/opcodes-sflt_CUSTOM:288,No
VFCVT_H_AH,vfcvt.h.ah,100110000101?????010?????0110011,sw/toolchain/riscv-opcodes/opcodes-sflt_CUSTOM,sw/toolchain/riscv-opcodes/opcodes-sflt_CUSTOM:290,No
VFCVTU_H_AH,vfcvtu.h.ah,100110000101?????110?????0110011,sw/toolchain/riscv-opcodes/opcodes-sflt_CUSTOM,sw/toolchain/riscv-opcodes/opcodes-sflt_CUSTOM:291,No
VFCVT_AH_H,vfcvt.ah.h,100110000110?????001?????0110011,sw/toolchain/riscv-opcodes/opcodes-sflt_CUSTOM,sw/toolchain/riscv-opcodes/opcodes-sflt_CUSTOM:292,No
VFCVTU_AH_H,vfcvtu.ah.h,100110000110?????101?????0110011,sw/toolchain/riscv-opcodes/opcodes-sflt_CUSTOM,sw/toolchain/riscv-opcodes/opcodes-sflt_CUSTOM:293,No
VFADD_B,vfadd.b,1000001??????????011?????0110011,sw/toolchain/riscv-opcodes/opcodes-sflt_CUSTOM,sw/toolchain/riscv-opcodes/opcodes-sflt_CUSTOM:296,No
VFADD_R_B,vfadd.r.b,1000001??????????111?????0110011,sw/toolchain/riscv-opcodes/opcodes-sflt_CUSTOM,sw/toolchain/riscv-opcodes/opcodes-sflt_CUSTOM:297,No
VFSUB_B,vfsub.b,1000010??????????011?????0110011,sw/toolchain/riscv-opcodes/opcodes-sflt_CUSTOM,sw/toolchain/riscv-opcodes/opcodes-sflt_CUSTOM:298,No
VFSUB_R_B,vfsub.r.b,1000010??????????111?????0110011,sw/toolchain/riscv-opcodes/opcodes-sflt_CUSTOM,sw/toolchain/riscv-opcodes/opcodes-sflt_CUSTOM:299,No
VFMUL_B,vfmul.b,1000011??????????011?????0110011,sw/toolchain/riscv-opcodes/opcodes-sflt_CUSTOM,sw/toolchain/riscv-opcodes/opcodes-sflt_CUSTOM:300,No
VFMUL_R_B,vfmul.r.b,1000011??????????111?????0110011,sw/toolchain/riscv-opcodes/opcodes-sflt_CUSTOM,sw/toolchain/riscv-opcodes/opcodes-sflt_CUSTOM:301,No
VFDIV_B,vfdiv.b,1000100??????????011?????0110011,sw/toolchain/riscv-opcodes/opcodes-sflt_CUSTOM,sw/toolchain/riscv-opcodes/opcodes-sflt_CUSTOM:302,No
VFDIV_R_B,vfdiv.r.b,1000100??????????111?????0110011,sw/toolchain/riscv-opcodes/opcodes-sflt_CUSTOM,sw/toolchain/riscv-opcodes/opcodes-sflt_CUSTOM:303,No
VFMIN_B,vfmin.b,1000101??????????011?????0110011,sw/toolchain/riscv-opcodes/opcodes-sflt_CUSTOM,sw/toolchain/riscv-opcodes/opcodes-sflt_CUSTOM:304,No
VFMIN_R_B,vfmin.r.b,1000101??????????111?????0110011,sw/toolchain/riscv-opcodes/opcodes-sflt_CUSTOM,sw/toolchain/riscv-opcodes/opcodes-sflt_CUSTOM:305,No
VFMAX_B,vfmax.b,1000110??????????011?????0110011,sw/toolchain/riscv-opcodes/opcodes-sflt_CUSTOM,sw/toolchain/riscv-opcodes/opcodes-sflt_CUSTOM:306,No
VFMAX_R_B,vfmax.r.b,1000110??????????111?????0110011,sw/toolchain/riscv-opcodes/opcodes-sflt_CUSTOM,sw/toolchain/riscv-opcodes/opcodes-sflt_CUSTOM:307,No
VFSQRT_B,vfsqrt.b,100011100000?????011?????0110011,sw/toolchain/riscv-opcodes/opcodes-sflt_CUSTOM,sw/toolchain/riscv-opcodes/opcodes-sflt_CUSTOM:308,No
VFMAC_B,vfmac.b,1001000??????????011?????0110011,sw/toolchain/riscv-opcodes/opcodes-sflt_CUSTOM,sw/toolchain/riscv-opcodes/opcodes-sflt_CUSTOM:309,No
VFMAC_R_B,vfmac.r.b,1001000??????????111?????0110011,sw/toolchain/riscv-opcodes/opcodes-sflt_CUSTOM,sw/toolchain/riscv-opcodes/opcodes-sflt_CUSTOM:310,No
VFMRE_B,vfmre.b,1001001??????????011?????0110011,sw/toolchain/riscv-opcodes/opcodes-sflt_CUSTOM,sw/toolchain/riscv-opcodes/opcodes-sflt_CUSTOM:311,No
VFMRE_R_B,vfmre.r.b,1001001??????????111?????0110011,sw/toolchain/riscv-opcodes/opcodes-sflt_CUSTOM,sw/toolchain/riscv-opcodes/opcodes-sflt_CUSTOM:312,No
VFSGNJ_B,vfsgnj.b,1001101??????????011?????0110011,sw/toolchain/riscv-opcodes/opcodes-sflt_CUSTOM,sw/toolchain/riscv-opcodes/opcodes-sflt_CUSTOM:313,No
VFSGNJ_R_B,vfsgnj.r.b,1001101??????????111?????0110011,sw/toolchain/riscv-opcodes/opcodes-sflt_CUSTOM,sw/toolchain/riscv-opcodes/opcodes-sflt_CUSTOM:314,No
VFSGNJN_B,vfsgnjn.b,1001110??????????011?????0110011,sw/toolchain/riscv-opcodes/opcodes-sflt_CUSTOM,sw/toolchain/riscv-opcodes/opcodes-sflt_CUSTOM:315,No
VFSGNJN_R_B,vfsgnjn.r.b,1001110??????????111?????0110011,sw/toolchain/riscv-opcodes/opcodes-sflt_CUSTOM,sw/toolchain/riscv-opcodes/opcodes-sflt_CUSTOM:316,No
VFSGNJX_B,vfsgnjx.b,1001111??????????011?????0110011,sw/toolchain/riscv-opcodes/opcodes-sflt_CUSTOM,sw/toolchain/riscv-opcodes/opcodes-sflt_CUSTOM:317,No
VFSGNJX_R_B,vfsgnjx.r.b,1001111??????????111?????0110011,sw/toolchain/riscv-opcodes/opcodes-sflt_CUSTOM,sw/toolchain/riscv-opcodes/opcodes-sflt_CUSTOM:318,No
VFEQ_B,vfeq.b,1010000??????????011?????0110011,sw/toolchain/riscv-opcodes/opcodes-sflt_CUSTOM,sw/toolchain/riscv-opcodes/opcodes-sflt_CUSTOM:319,No
VFEQ_R_B,vfeq.r.b,1010000??????????111?????0110011,sw/toolchain/riscv-opcodes/opcodes-sflt_CUSTOM,sw/toolchain/riscv-opcodes/opcodes-sflt_CUSTOM:320,No
VFNE_B,vfne.b,1010001??????????011?????0110011,sw/toolchain/riscv-opcodes/opcodes-sflt_CUSTOM,sw/toolchain/riscv-opcodes/opcodes-sflt_CUSTOM:321,No
VFNE_R_B,vfne.r.b,1010001??????????111?????0110011,sw/toolchain/riscv-opcodes/opcodes-sflt_CUSTOM,sw/toolchain/riscv-opcodes/opcodes-sflt_CUSTOM:322,No
VFLT_B,vflt.b,1010010??????????011?????0110011,sw/toolchain/riscv-opcodes/opcodes-sflt_CUSTOM,sw/toolchain/riscv-opcodes/opcodes-sflt_CUSTOM:323,No
VFLT_R_B,vflt.r.b,1010010??????????111?????0110011,sw/toolchain/riscv-opcodes/opcodes-sflt_CUSTOM,sw/toolchain/riscv-opcodes/opcodes-sflt_CUSTOM:324,No
VFGE_B,vfge.b,1010011??????????011?????0110011,sw/toolchain/riscv-opcodes/opcodes-sflt_CUSTOM,sw/toolchain/riscv-opcodes/opcodes-sflt_CUSTOM:325,No
VFGE_R_B,vfge.r.b,1010011??????????111?????0110011,sw/toolchain/riscv-opcodes/opcodes-sflt_CUSTOM,sw/toolchain/riscv-opcodes/opcodes-sflt_CUSTOM:326,No
VFLE_B,vfle.b,1010100??????????011?????0110011,sw/toolchain/riscv-opcodes/opcodes-sflt_CUSTOM,sw/toolchain/riscv-opcodes/opcodes-sflt_CUSTOM:327,No
VFLE_R_B,vfle.r.b,1010100??????????111?????0110011,sw/toolchain/riscv-opcodes/opcodes-sflt_CUSTOM,sw/toolchain/riscv-opcodes/opcodes-sflt_CUSTOM:328,No
VFGT_B,vfgt.b,1010101??????????011?????0110011,sw/toolchain/riscv-opcodes/opcodes-sflt_CUSTOM,sw/toolchain/riscv-opcodes/opcodes-sflt_CUSTOM:329,No
VFGT_R_B,vfgt.r.b,1010101??????????111?????0110011,sw/toolchain/riscv-opcodes/opcodes-sflt_CUSTOM,sw/toolchain/riscv-opcodes/opcodes-sflt_CUSTOM:330,No
VFMV_X_B,vfmv.x.b,100110000000?????011?????0110011,sw/toolchain/riscv-opcodes/opcodes-sflt_CUSTOM,sw/toolchain/riscv-opcodes/opcodes-sflt_CUSTOM:332,No
VFMV_B_X,vfmv.b.x,100110000000?????111?????0110011,sw/toolchain/riscv-opcodes/opcodes-sflt_CUSTOM,sw/toolchain/riscv-opcodes/opcodes-sflt_CUSTOM:333,No
VFCLASS_B,vfclass.b,100110000001?????011?????0110011,sw/toolchain/riscv-opcodes/opcodes-sflt_CUSTOM,sw/toolchain/riscv-opcodes/opcodes-sflt_CUSTOM:334,No
VFCVT_X_B,vfcvt.x.b,100110000010?????011?????0110011,sw/toolchain/riscv-opcodes/opcodes-sflt_CUSTOM,sw/toolchain/riscv-opcodes/opcodes-sflt_CUSTOM:335,No
VFCVT_XU_B,vfcvt.xu.b,100110000010?????111?????0110011,sw/toolchain/riscv-opcodes/opcodes-sflt_CUSTOM,sw/toolchain/riscv-opcodes/opcodes-sflt_CUSTOM:336,No
VFCVT_B_X,vfcvt.b.x,100110000011?????011?????0110011,sw/toolchain/riscv-opcodes/opcodes-sflt_CUSTOM,sw/toolchain/riscv-opcodes/opcodes-sflt_CUSTOM:337,No
VFCVT_B_XU,vfcvt.b.xu,100110000011?????111?????0110011,sw/toolchain/riscv-opcodes/opcodes-sflt_CUSTOM,sw/toolchain/riscv-opcodes/opcodes-sflt_CUSTOM:338,No
VFCPKA_B_S,vfcpka.b.s,1011000??????????011?????0110011,sw/toolchain/riscv-opcodes/opcodes-sflt_CUSTOM,sw/toolchain/riscv-opcodes/opcodes-sflt_CUSTOM:340,No
VFCPKB_B_S,vfcpkb.b.s,1011000??????????111?????0110011,sw/toolchain/riscv-opcodes/opcodes-sflt_CUSTOM,sw/toolchain/riscv-opcodes/opcodes-sflt_CUSTOM:341,No
VFCPKC_B_S,vfcpkc.b.s,1011001??????????011?????0110011,sw/toolchain/riscv-opcodes/opcodes-sflt_CUSTOM,sw/toolchain/riscv-opcodes/opcodes-sflt_CUSTOM:342,No
VFCPKD_B_S,vfcpkd.b.s,1011001??????????111?????0110011,sw/toolchain/riscv-opcodes/opcodes-sflt_CUSTOM,sw/toolchain/riscv-opcodes/opcodes-sflt_CUSTOM:343,No
VFCPKA_B_D,vfcpka.b.d,1011010??????????011?????0110011,sw/toolchain/riscv-opcodes/opcodes-sflt_CUSTOM,sw/toolchain/riscv-opcodes/opcodes-sflt_CUSTOM:345,No
VFCPKB_B_D,vfcpkb.b.d,1011010??????????111?????0110011,sw/toolchain/riscv-opcodes/opcodes-sflt_CUSTOM,sw/toolchain/riscv-opcodes/opcodes-sflt_CUSTOM:346,No
VFCPKC_B_D,vfcpkc.b.d,1011011??????????011?????0110011,sw/toolchain/riscv-opcodes/opcodes-sflt_CUSTOM,sw/toolchain/riscv-opcodes/opcodes-sflt_CUSTOM:347,No
VFCPKD_B_D,vfcpkd.b.d,1011011??????????111?????0110011,sw/toolchain/riscv-opcodes/opcodes-sflt_CUSTOM,sw/toolchain/riscv-opcodes/opcodes-sflt_CUSTOM:348,No
VFCVT_S_B,vfcvt.s.b,100110000111?????000?????0110011,sw/toolchain/riscv-opcodes/opcodes-sflt_CUSTOM,sw/toolchain/riscv-opcodes/opcodes-sflt_CUSTOM:350,No
VFCVTU_S_B,vfcvtu.s.b,100110000111?????100?????0110011,sw/toolchain/riscv-opcodes/opcodes-sflt_CUSTOM,sw/toolchain/riscv-opcodes/opcodes-sflt_CUSTOM:351,No
VFCVT_B_S,vfcvt.b.s,100110000100?????011?????0110011,sw/toolchain/riscv-opcodes/opcodes-sflt_CUSTOM,sw/toolchain/riscv-opcodes/opcodes-sflt_CUSTOM:352,No
VFCVTU_B_S,vfcvtu.b.s,100110000100?????111?????0110011,sw/toolchain/riscv-opcodes/opcodes-sflt_CUSTOM,sw/toolchain/riscv-opcodes/opcodes-sflt_CUSTOM:353,No
VFCVT_H_B,vfcvt.h.b,100110000111?????010?????0110011,sw/toolchain/riscv-opcodes/opcodes-sflt_CUSTOM,sw/toolchain/riscv-opcodes/opcodes-sflt_CUSTOM:355,No
VFCVTU_H_B,vfcvtu.h.b,100110000111?????110?????0110011,sw/toolchain/riscv-opcodes/opcodes-sflt_CUSTOM,sw/toolchain/riscv-opcodes/opcodes-sflt_CUSTOM:356,No
VFCVT_B_H,vfcvt.b.h,100110000110?????011?????0110011,sw/toolchain/riscv-opcodes/opcodes-sflt_CUSTOM,sw/toolchain/riscv-opcodes/opcodes-sflt_CUSTOM:357,No
VFCVTU_B_H,vfcvtu.b.h,100110000110?????111?????0110011,sw/toolchain/riscv-opcodes/opcodes-sflt_CUSTOM,sw/toolchain/riscv-opcodes/opcodes-sflt_CUSTOM:358,No
VFCVT_AH_B,vfcvt.ah.b,100110000111?????001?????0110011,sw/toolchain/riscv-opcodes/opcodes-sflt_CUSTOM,sw/toolchain/riscv-opcodes/opcodes-sflt_CUSTOM:360,No
VFCVTU_AH_B,vfcvtu.ah.b,100110000111?????101?????0110011,sw/toolchain/riscv-opcodes/opcodes-sflt_CUSTOM,sw/toolchain/riscv-opcodes/opcodes-sflt_CUSTOM:361,No
VFCVT_B_AH,vfcvt.b.ah,100110000101?????011?????0110011,sw/toolchain/riscv-opcodes/opcodes-sflt_CUSTOM,sw/toolchain/riscv-opcodes/opcodes-sflt_CUSTOM:362,No
VFCVTU_B_AH,vfcvtu.b.ah,100110000101?????111?????0110011,sw/toolchain/riscv-opcodes/opcodes-sflt_CUSTOM,sw/toolchain/riscv-opcodes/opcodes-sflt_CUSTOM:363,No
VFDOTP_S,vfdotp.s,1001010??????????000?????0110011,sw/toolchain/riscv-opcodes/opcodes-sflt_CUSTOM,sw/toolchain/riscv-opcodes/opcodes-sflt_CUSTOM:371,No
VFDOTP_R_S,vfdotp.r.s,1001010??????????100?????0110011,sw/toolchain/riscv-opcodes/opcodes-sflt_CUSTOM,sw/toolchain/riscv-opcodes/opcodes-sflt_CUSTOM:372,No
VFAVG_S,vfavg.s,1010110??????????000?????0110011,sw/toolchain/riscv-opcodes/opcodes-sflt_CUSTOM,sw/toolchain/riscv-opcodes/opcodes-sflt_CUSTOM:373,No
VFAVG_R_S,vfavg.r.s,1010110??????????100?????0110011,sw/toolchain/riscv-opcodes/opcodes-sflt_CUSTOM,sw/toolchain/riscv-opcodes/opcodes-sflt_CUSTOM:374,No
FMULEX_S_H,fmulex.s.h,0100110??????????????????1010011,sw/toolchain/riscv-opcodes/opcodes-sflt_CUSTOM,sw/toolchain/riscv-opcodes/opcodes-sflt_CUSTOM:377,No
FMACEX_S_H,fmacex.s.h,0101010??????????????????1010011,sw/toolchain/riscv-opcodes/opcodes-sflt_CUSTOM,sw/toolchain/riscv-opcodes/opcodes-sflt_CUSTOM:378,No
VFDOTP_H,vfdotp.h,1001010??????????010?????0110011,sw/toolchain/riscv-opcodes/opcodes-sflt_CUSTOM,sw/toolchain/riscv-opcodes/opcodes-sflt_CUSTOM:380,No
VFDOTP_R_H,vfdotp.r.h,1001010??????????110?????0110011,sw/toolchain/riscv-opcodes/opcodes-sflt_CUSTOM,sw/toolchain/riscv-opcodes/opcodes-sflt_CUSTOM:381,No
VFDOTPEX_S_H,vfdotpex.s.h,1001011??????????010?????0110011,sw/toolchain/riscv-opcodes/opcodes-sflt_CUSTOM,sw/toolchain/riscv-opcodes/opcodes-sflt_CUSTOM:382,No
VFDOTPEX_S_R_H,vfdotpex.s.r.h,1001011??????????110?????0110011,sw/toolchain/riscv-opcodes/opcodes-sflt_CUSTOM,sw/toolchain/riscv-opcodes/opcodes-sflt_CUSTOM:383,No
VFAVG_H,vfavg.h,1010110??????????010?????0110011,sw/toolchain/riscv-opcodes/opcodes-sflt_CUSTOM,sw/toolchain/riscv-opcodes/opcodes-sflt_CUSTOM:384,No
VFAVG_R_H,vfavg.r.h,1010110??????????110?????0110011,sw/toolchain/riscv-opcodes/opcodes-sflt_CUSTOM,sw/toolchain/riscv-opcodes/opcodes-sflt_CUSTOM:385,No
FMULEX_S_AH,fmulex.s.ah,0100110??????????101?????1010011,sw/toolchain/riscv-opcodes/opcodes-sflt_CUSTOM,sw/toolchain/riscv-opcodes/opcodes-sflt_CUSTOM:388,No
FMACEX_S_AH,fmacex.s.ah,0101010??????????101?????1010011,sw/toolchain/riscv-opcodes/opcodes-sflt_CUSTOM,sw/toolchain/riscv-opcodes/opcodes-sflt_CUSTOM:389,No
VFDOTP_AH,vfdotp.ah,1001010??????????001?????0110011,sw/toolchain/riscv-opcodes/opcodes-sflt_CUSTOM,sw/toolchain/riscv-opcodes/opcodes-sflt_CUSTOM:391,No
VFDOTP_R_AH,vfdotp.r.ah,1001010??????????101?????0110011,sw/toolchain/riscv-opcodes/opcodes-sflt_CUSTOM,sw/toolchain/riscv-opcodes/opcodes-sflt_CUSTOM:392,No
VFDOTPEX_S_AH,vfdotpex.s.ah,1001011??????????001?????0110011,sw/toolchain/riscv-opcodes/opcodes-sflt_CUSTOM,sw/toolchain/riscv-opcodes/opcodes-sflt_CUSTOM:393,No
VFDOTPEX_S_R_AH,vfdotpex.s.r.ah,1001011??????????101?????0110011,sw/toolchain/riscv-opcodes/opcodes-sflt_CUSTOM,sw/toolchain/riscv-opcodes/opcodes-sflt_CUSTOM:394,No
VFAVG_AH,vfavg.ah,1010110??????????001?????0110011,sw/toolchain/riscv-opcodes/opcodes-sflt_CUSTOM,sw/toolchain/riscv-opcodes/opcodes-sflt_CUSTOM:395,No
VFAVG_R_AH,vfavg.r.ah,1010110??????????101?????0110011,sw/toolchain/riscv-opcodes/opcodes-sflt_CUSTOM,sw/toolchain/riscv-opcodes/opcodes-sflt_CUSTOM:396,No
FMULEX_S_B,fmulex.s.b,0100111??????????????????1010011,sw/toolchain/riscv-opcodes/opcodes-sflt_CUSTOM,sw/toolchain/riscv-opcodes/opcodes-sflt_CUSTOM:399,No
FMACEX_S_B,fmacex.s.b,0101011??????????????????1010011,sw/toolchain/riscv-opcodes/opcodes-sflt_CUSTOM,sw/toolchain/riscv-opcodes/opcodes-sflt_CUSTOM:400,No
VFDOTP_B,vfdotp.b,1001010??????????011?????0110011,sw/toolchain/riscv-opcodes/opcodes-sflt_CUSTOM,sw/toolchain/riscv-opcodes/opcodes-sflt_CUSTOM:402,No
VFDOTP_R_B,vfdotp.r.b,1001010??????????111?????0110011,sw/toolchain/riscv-opcodes/opcodes-sflt_CUSTOM,sw/toolchain/riscv-opcodes/opcodes-sflt_CUSTOM:403,No
VFDOTPEX_S_B,vfdotpex.s.b,1001011??????????011?????0110011,sw/toolchain/riscv-opcodes/opcodes-sflt_CUSTOM,sw/toolchain/riscv-opcodes/opcodes-sflt_CUSTOM:404,No
VFDOTPEX_S_R_B,vfdotpex.s.r.b,1001011??????????111?????0110011,sw/toolchain/riscv-opcodes/opcodes-sflt_CUSTOM,sw/toolchain/riscv-opcodes/opcodes-sflt_CUSTOM:405,No
VFAVG_B,vfavg.b,1010110??????????011?????0110011,sw/toolchain/riscv-opcodes/opcodes-sflt_CUSTOM,sw/toolchain/riscv-opcodes/opcodes-sflt_CUSTOM:406,No
VFAVG_R_B,vfavg.r.b,1010110??????????111?????0110011,sw/toolchain/riscv-opcodes/opcodes-sflt_CUSTOM,sw/toolchain/riscv-opcodes/opcodes-sflt_CUSTOM:407,No
FLH,flh,?????????????????001?????0000111,sw/toolchain/riscv-opcodes/opcodes-smallfloat,sw/toolchain/riscv-opcodes/opcodes-smallfloat:36,Yes
FSH,fsh,?????????????????001?????0100111,sw/toolchain/riscv-opcodes/opcodes-smallfloat,sw/toolchain/riscv-opcodes/opcodes-smallfloat:37,Yes
FMADD_H,fmadd.h,?????10??????????????????1000011,sw/toolchain/riscv-opcodes/opcodes-smallfloat,sw/toolchain/riscv-opcodes/opcodes-smallfloat:38,Yes
FMSUB_H,fmsub.h,?????10??????????????????1000111,sw/toolchain/riscv-opcodes/opcodes-smallfloat,sw/toolchain/riscv-opcodes/opcodes-smallfloat:39,Yes
FNMSUB_H,fnmsub.h,?????10??????????????????1001011,sw/toolchain/riscv-opcodes/opcodes-smallfloat,sw/toolchain/riscv-opcodes/opcodes-smallfloat:40,Yes
FNMADD_H,fnmadd.h,?????10??????????????????1001111,sw/toolchain/riscv-opcodes/opcodes-smallfloat,sw/toolchain/riscv-opcodes/opcodes-smallfloat:41,Yes
FADD_H,fadd.h,0000010??????????????????1010011,sw/toolchain/riscv-opcodes/opcodes-smallfloat,sw/toolchain/riscv-opcodes/opcodes-smallfloat:42,Yes
FSUB_H,fsub.h,0000110??????????????????1010011,sw/toolchain/riscv-opcodes/opcodes-smallfloat,sw/toolchain/riscv-opcodes/opcodes-smallfloat:43,Yes
FMUL_H,fmul.h,0001010??????????????????1010011,sw/toolchain/riscv-opcodes/opcodes-smallfloat,sw/toolchain/riscv-opcodes/opcodes-smallfloat:44,Yes
FDIV_H,fdiv.h,0001110??????????????????1010011,sw/toolchain/riscv-opcodes/opcodes-smallfloat,sw/toolchain/riscv-opcodes/opcodes-smallfloat:45,Yes
FSQRT_H,fsqrt.h,010111000000?????????????1010011,sw/toolchain/riscv-opcodes/opcodes-smallfloat,sw/toolchain/riscv-opcodes/opcodes-smallfloat:46,Yes
FSGNJ_H,fsgnj.h,0010010??????????000?????1010011,sw/toolchain/riscv-opcodes/opcodes-smallfloat,sw/toolchain/riscv-opcodes/opcodes-smallfloat:47,Yes
FSGNJN_H,fsgnjn.h,0010010??????????001?????1010011,sw/toolchain/riscv-opcodes/opcodes-smallfloat,sw/toolchain/riscv-opcodes/opcodes-smallfloat:48,Yes
FSGNJX_H,fsgnjx.h,0010010??????????010?????1010011,sw/toolchain/riscv-opcodes/opcodes-smallfloat,sw/toolchain/riscv-opcodes/opcodes-smallfloat:49,Yes
FMIN_H,fmin.h,0010110??????????000?????1010011,sw/toolchain/riscv-opcodes/opcodes-smallfloat,sw/toolchain/riscv-opcodes/opcodes-smallfloat:50,Yes
FMAX_H,fmax.h,0010110??????????001?????1010011,sw/toolchain/riscv-opcodes/opcodes-smallfloat,sw/toolchain/riscv-opcodes/opcodes-smallfloat:51,Yes
FEQ_H,feq.h,1010010??????????010?????1010011,sw/toolchain/riscv-opcodes/opcodes-smallfloat,sw/toolchain/riscv-opcodes/opcodes-smallfloat:52,Yes
FLT_H,flt.h,1010010??????????001?????1010011,sw/toolchain/riscv-opcodes/opcodes-smallfloat,sw/toolchain/riscv-opcodes/opcodes-smallfloat:53,Yes
FLE_H,fle.h,1010010??????????000?????1010011,sw/toolchain/riscv-opcodes/opcodes-smallfloat,sw/toolchain/riscv-opcodes/opcodes-smallfloat:54,Yes
FCVT_W_H,fcvt.w.h,110001000000?????????????1010011,sw/toolchain/riscv-opcodes/opcodes-smallfloat,sw/toolchain/riscv-opcodes/opcodes-smallfloat:55,Yes
FCVT_WU_H,fcvt.wu.h,110001000001?????????????1010011,sw/toolchain/riscv-opcodes/opcodes-smallfloat,sw/toolchain/riscv-opcodes/opcodes-smallfloat:56,Yes
FCVT_H_W,fcvt.h.w,110101000000?????????????1010011,sw/toolchain/riscv-opcodes/opcodes-smallfloat,sw/toolchain/riscv-opcodes/opcodes-smallfloat:57,Yes
FCVT_H_WU,fcvt.h.wu,110101000001?????????????1010011,sw/toolchain/riscv-opcodes/opcodes-smallfloat,sw/toolchain/riscv-opcodes/opcodes-smallfloat:58,Yes
FMV_X_H,fmv.x.h,111001000000?????000?????1010011,sw/toolchain/riscv-opcodes/opcodes-smallfloat,sw/toolchain/riscv-opcodes/opcodes-smallfloat:59,Yes
FCLASS_H,fclass.h,111001000000?????001?????1010011,sw/toolchain/riscv-opcodes/opcodes-smallfloat,sw/toolchain/riscv-opcodes/opcodes-smallfloat:60,Yes
FMV_H_X,fmv.h.x,111101000000?????000?????1010011,sw/toolchain/riscv-opcodes/opcodes-smallfloat,sw/toolchain/riscv-opcodes/opcodes-smallfloat:61,Yes
FCVT_L_H,fcvt.l.h,110001000010?????????????1010011,sw/toolchain/riscv-opcodes/opcodes-smallfloat,sw/toolchain/riscv-opcodes/opcodes-smallfloat:63,Yes
FCVT_LU_H,fcvt.lu.h,110001000011?????????????1010011,sw/toolchain/riscv-opcodes/opcodes-smallfloat,sw/toolchain/riscv-opcodes/opcodes-smallfloat:64,Yes
FCVT_H_L,fcvt.h.l,110101000010?????????????1010011,sw/toolchain/riscv-opcodes/opcodes-smallfloat,sw/toolchain/riscv-opcodes/opcodes-smallfloat:65,Yes
FCVT_H_LU,fcvt.h.lu,110101000011?????????????1010011,sw/toolchain/riscv-opcodes/opcodes-smallfloat,sw/toolchain/riscv-opcodes/opcodes-smallfloat:66,Yes
FCVT_S_H,fcvt.s.h,010000000010?????000?????1010011,sw/toolchain/riscv-opcodes/opcodes-smallfloat,sw/toolchain/riscv-opcodes/opcodes-smallfloat:68,Yes
FCVT_H_S,fcvt.h.s,010001000000?????????????1010011,sw/toolchain/riscv-opcodes/opcodes-smallfloat,sw/toolchain/riscv-opcodes/opcodes-smallfloat:69,Yes
FCVT_D_H,fcvt.d.h,010000100010?????000?????1010011,sw/toolchain/riscv-opcodes/opcodes-smallfloat,sw/toolchain/riscv-opcodes/opcodes-smallfloat:71,Yes
FCVT_H_D,fcvt.h.d,010001000001?????????????1010011,sw/toolchain/riscv-opcodes/opcodes-smallfloat,sw/toolchain/riscv-opcodes/opcodes-smallfloat:72,Yes
FCVT_H_H,fcvt.h.h,010001000010?????????????1010011,sw/toolchain/riscv-opcodes/opcodes-smallfloat,sw/toolchain/riscv-opcodes/opcodes-smallfloat:118,Yes
FCVT_H_B,fcvt.h.b,010001000011?????000?????1010011,sw/toolchain/riscv-opcodes/opcodes-smallfloat,sw/toolchain/riscv-opcodes/opcodes-smallfloat:168,Yes
FCVT_B_H,fcvt.b.h,010001100010?????????????1010011,sw/toolchain/riscv-opcodes/opcodes-smallfloat,sw/toolchain/riscv-opcodes/opcodes-smallfloat:169,Yes
FCVT_B_B,fcvt.b.b,010001100011?????000?????1010011,sw/toolchain/riscv-opcodes/opcodes-smallfloat,sw/toolchain/riscv-opcodes/opcodes-smallfloat:226,Yes
SCFGRI,scfgri,????????????00000001?????0101011,sw/toolchain/riscv-opcodes/opcodes-ssr_CUSTOM,sw/toolchain/riscv-opcodes/opcodes-ssr_CUSTOM:17,Yes
SCFGWI,scfgwi,?????????????????010000000101011,sw/toolchain/riscv-opcodes/opcodes-ssr_CUSTOM,sw/toolchain/riscv-opcodes/opcodes-ssr_CUSTOM:18,Yes
SCFGR,scfgr,0000000?????00001001?????0101011,sw/toolchain/riscv-opcodes/opcodes-ssr_CUSTOM,sw/toolchain/riscv-opcodes/opcodes-ssr_CUSTOM:19,Yes
SCFGW,scfgw,0000000??????????010000010101011,sw/toolchain/riscv-opcodes/opcodes-ssr_CUSTOM,sw/toolchain/riscv-opcodes/opcodes-ssr_CUSTOM:20,Yes
ECALL,ecall,00000000000000000000000001110011,sw/toolchain/riscv-opcodes/opcodes-system,sw/toolchain/riscv-opcodes/opcodes-system:2,No
EBREAK,ebreak,00000000000100000000000001110011,sw/toolchain/riscv-opcodes/opcodes-system,sw/toolchain/riscv-opcodes/opcodes-system:3,No
URET,uret,00000000001000000000000001110011,sw/toolchain/riscv-opcodes/opcodes-system,sw/toolchain/riscv-opcodes/opcodes-system:4,No
SRET,sret,00010000001000000000000001110011,sw/toolchain/riscv-opcodes/opcodes-system,sw/toolchain/riscv-opcodes/opcodes-system:5,No
MRET,mret,00110000001000000000000001110011,sw/toolchain/riscv-opcodes/opcodes-system,sw/toolchain/riscv-opcodes/opcodes-system:6,No
DRET,dret,01111011001000000000000001110011,sw/toolchain/riscv-opcodes/opcodes-system,sw/toolchain/riscv-opcodes/opcodes-system:7,No
SFENCE_VMA,sfence.vma,0001001??????????000000001110011,sw/toolchain/riscv-opcodes/opcodes-system,sw/toolchain/riscv-opcodes/opcodes-system:8,No
WFI,wfi,00010000010100000000000001110011,sw/toolchain/riscv-opcodes/opcodes-system,sw/toolchain/riscv-opcodes/opcodes-system:9,No
CSRRW,csrrw,?????????????????001?????1110011,sw/toolchain/riscv-opcodes/opcodes-system,sw/toolchain/riscv-opcodes/opcodes-system:10,No
CSRRS,csrrs,?????????????????010?????1110011,sw/toolchain/riscv-opcodes/opcodes-system,sw/toolchain/riscv-opcodes/opcodes-system:11,No
CSRRC,csrrc,?????????????????011?????1110011,sw/toolchain/riscv-opcodes/opcodes-system,sw/toolchain/riscv-opcodes/opcodes-system:12,No
CSRRWI,csrrwi,?????????????????101?????1110011,sw/toolchain/riscv-opcodes/opcodes-system,sw/toolchain/riscv-opcodes/opcodes-system:13,No
CSRRSI,csrrsi,?????????????????110?????1110011,sw/toolchain/riscv-opcodes/opcodes-system,sw/toolchain/riscv-opcodes/opcodes-system:14,No
CSRRCI,csrrci,?????????????????111?????1110011,sw/toolchain/riscv-opcodes/opcodes-system,sw/toolchain/riscv-opcodes/opcodes-system:15,No
P_ABS,p.abs,000001000000?????000?????0110011,sw/toolchain/riscv-opcodes/opcodes-xpulpabs_CUSTOM,sw/toolchain/riscv-opcodes/opcodes-xpulpabs_CUSTOM:15,No
P_EXTHS,p.exths,000100000000?????100?????0110011,sw/toolchain/riscv-opcodes/opcodes-xpulpbitop_CUSTOM,sw/toolchain/riscv-opcodes/opcodes-xpulpbitop_CUSTOM:18,No
P_EXTHZ,p.exthz,000100000000?????101?????0110011,sw/toolchain/riscv-opcodes/opcodes-xpulpbitop_CUSTOM,sw/toolchain/riscv-opcodes/opcodes-xpulpbitop_CUSTOM:19,No
P_EXTBS,p.extbs,000100000000?????110?????0110011,sw/toolchain/riscv-opcodes/opcodes-xpulpbitop_CUSTOM,sw/toolchain/riscv-opcodes/opcodes-xpulpbitop_CUSTOM:20,No
P_EXTBZ,p.extbz,000100000000?????111?????0110011,sw/toolchain/riscv-opcodes/opcodes-xpulpbitop_CUSTOM,sw/toolchain/riscv-opcodes/opcodes-xpulpbitop_CUSTOM:21,No
P_EXTRACT,p.extract,11???????????????000?????0110011,sw/toolchain/riscv-opcodes/opcodes-xpulpbitop_CUSTOM,sw/toolchain/riscv-opcodes/opcodes-xpulpbitop_CUSTOM:23,No
P_EXTRACTR,p.extractr,1000000??????????000?????0110011,sw/toolchain/riscv-opcodes/opcodes-xpulpbitop_CUSTOM,sw/toolchain/riscv-opcodes/opcodes-xpulpbitop_CUSTOM:24,No
P_EXTRACTU,p.extractu,11???????????????001?????0110011,sw/toolchain/riscv-opcodes/opcodes-xpulpbitop_CUSTOM,sw/toolchain/riscv-opcodes/opcodes-xpulpbitop_CUSTOM:25,No
P_EXTRACTUR,p.extractur,1000000??????????001?????0110011,sw/toolchain/riscv-opcodes/opcodes-xpulpbitop_CUSTOM,sw/toolchain/riscv-opcodes/opcodes-xpulpbitop_CUSTOM:26,No
P_INSERT,p.insert,11???????????????010?????0110011,sw/toolchain/riscv-opcodes/opcodes-xpulpbitop_CUSTOM,sw/toolchain/riscv-opcodes/opcodes-xpulpbitop_CUSTOM:27,No
P_INSERTR,p.insertr,1000000??????????010?????0110011,sw/toolchain/riscv-opcodes/opcodes-xpulpbitop_CUSTOM,sw/toolchain/riscv-opcodes/opcodes-xpulpbitop_CUSTOM:28,No
P_BSET,p.bset,11???????????????100?????0110011,sw/toolchain/riscv-opcodes/opcodes-xpulpbitop_CUSTOM,sw/toolchain/riscv-opcodes/opcodes-xpulpbitop_CUSTOM:29,No
P_BSETR,p.bsetr,1000000??????????100?????0110011,sw/toolchain/riscv-opcodes/opcodes-xpulpbitop_CUSTOM,sw/toolchain/riscv-opcodes/opcodes-xpulpbitop_CUSTOM:30,No
P_BCLR,p.bclr,11???????????????011?????0110011,sw/toolchain/riscv-opcodes/opcodes-xpulpbitop_CUSTOM,sw/toolchain/riscv-opcodes/opcodes-xpulpbitop_CUSTOM:31,No
P_BCLRR,p.bclrr,1000000??????????011?????0110011,sw/toolchain/riscv-opcodes/opcodes-xpulpbitop_CUSTOM,sw/toolchain/riscv-opcodes/opcodes-xpulpbitop_CUSTOM:32,No
P_CNT,p.cnt,0001000??????????011?????0110011,sw/toolchain/riscv-opcodes/opcodes-xpulpbitop_CUSTOM,sw/toolchain/riscv-opcodes/opcodes-xpulpbitop_CUSTOM:34,No
P_CLB,p.clb,000100000000?????010?????0110011,sw/toolchain/riscv-opcodes/opcodes-xpulpbitop_CUSTOM,sw/toolchain/riscv-opcodes/opcodes-xpulpbitop_CUSTOM:35,No
P_FL1,p.fl1,000100000000?????001?????0110011,sw/toolchain/riscv-opcodes/opcodes-xpulpbitop_CUSTOM,sw/toolchain/riscv-opcodes/opcodes-xpulpbitop_CUSTOM:36,No
P_FF1,p.ff1,000100000000?????000?????0110011,sw/toolchain/riscv-opcodes/opcodes-xpulpbitop_CUSTOM,sw/toolchain/riscv-opcodes/opcodes-xpulpbitop_CUSTOM:37,No
P_ROR,p.ror,000010000000?????101?????0110011,sw/toolchain/riscv-opcodes/opcodes-xpulpbitop_CUSTOM,sw/toolchain/riscv-opcodes/opcodes-xpulpbitop_CUSTOM:38,No
P_CNT,p.cnt,0001000??????????011?????0110011,sw/toolchain/riscv-opcodes/opcodes-xpulpbitopsmall_CUSTOM,sw/toolchain/riscv-opcodes/opcodes-xpulpbitopsmall_CUSTOM:18,No
P_CLB,p.clb,000100000000?????010?????0110011,sw/toolchain/riscv-opcodes/opcodes-xpulpbitopsmall_CUSTOM,sw/toolchain/riscv-opcodes/opcodes-xpulpbitopsmall_CUSTOM:19,No
P_FL1,p.fl1,000100000000?????001?????0110011,sw/toolchain/riscv-opcodes/opcodes-xpulpbitopsmall_CUSTOM,sw/toolchain/riscv-opcodes/opcodes-xpulpbitopsmall_CUSTOM:20,No
P_FF1,p.ff1,000100000000?????000?????0110011,sw/toolchain/riscv-opcodes/opcodes-xpulpbitopsmall_CUSTOM,sw/toolchain/riscv-opcodes/opcodes-xpulpbitopsmall_CUSTOM:21,No
P_ROR,p.ror,000010000000?????101?????0110011,sw/toolchain/riscv-opcodes/opcodes-xpulpbitopsmall_CUSTOM,sw/toolchain/riscv-opcodes/opcodes-xpulpbitopsmall_CUSTOM:22,No
P_EXTHS,p.exths,000100000000?????100?????0110011,sw/toolchain/riscv-opcodes/opcodes-xpulpbitopsmall_CUSTOM,sw/toolchain/riscv-opcodes/opcodes-xpulpbitopsmall_CUSTOM:24,No
P_EXTHZ,p.exthz,000100000000?????101?????0110011,sw/toolchain/riscv-opcodes/opcodes-xpulpbitopsmall_CUSTOM,sw/toolchain/riscv-opcodes/opcodes-xpulpbitopsmall_CUSTOM:25,No
P_EXTBS,p.extbs,000100000000?????110?????0110011,sw/toolchain/riscv-opcodes/opcodes-xpulpbitopsmall_CUSTOM,sw/toolchain/riscv-opcodes/opcodes-xpulpbitopsmall_CUSTOM:26,No
P_EXTBZ,p.extbz,000100000000?????111?????0110011,sw/toolchain/riscv-opcodes/opcodes-xpulpbitopsmall_CUSTOM,sw/toolchain/riscv-opcodes/opcodes-xpulpbitopsmall_CUSTOM:27,No
P_BEQIMM,p.beqimm,?????????????????010?????1100011,sw/toolchain/riscv-opcodes/opcodes-xpulpbr_CUSTOM,sw/toolchain/riscv-opcodes/opcodes-xpulpbr_CUSTOM:15,No
P_BNEIMM,p.bneimm,?????????????????011?????1100011,sw/toolchain/riscv-opcodes/opcodes-xpulpbr_CUSTOM,sw/toolchain/riscv-opcodes/opcodes-xpulpbr_CUSTOM:16,No
P_CLIP,p.clip,0001010??????????001?????0110011,sw/toolchain/riscv-opcodes/opcodes-xpulpclip_CUSTOM,sw/toolchain/riscv-opcodes/opcodes-xpulpclip_CUSTOM:15,No
P_CLIPR,p.clipr,0001010??????????101?????0110011,sw/toolchain/riscv-opcodes/opcodes-xpulpclip_CUSTOM,sw/toolchain/riscv-opcodes/opcodes-xpulpclip_CUSTOM:16,No
P_CLIPU,p.clipu,0001010??????????010?????0110011,sw/toolchain/riscv-opcodes/opcodes-xpulpclip_CUSTOM,sw/toolchain/riscv-opcodes/opcodes-xpulpclip_CUSTOM:17,No
P_CLIPUR,p.clipur,0001010??????????110?????0110011,sw/toolchain/riscv-opcodes/opcodes-xpulpclip_CUSTOM,sw/toolchain/riscv-opcodes/opcodes-xpulpclip_CUSTOM:18,No
LP_STARTI,lp.starti,????????????000000000000?1111011,sw/toolchain/riscv-opcodes/opcodes-xpulphwloop_CUSTOM,sw/toolchain/riscv-opcodes/opcodes-xpulphwloop_CUSTOM:17,No
LP_ENDI,lp.endi,????????????000000010000?1111011,sw/toolchain/riscv-opcodes/opcodes-xpulphwloop_CUSTOM,sw/toolchain/riscv-opcodes/opcodes-xpulphwloop_CUSTOM:18,No
LP_COUNT,lp.count,000000000000?????0100000?1111011,sw/toolchain/riscv-opcodes/opcodes-xpulphwloop_CUSTOM,sw/toolchain/riscv-opcodes/opcodes-xpulphwloop_CUSTOM:19,No
LP_COUNTI,lp.counti,????????????000000110000?1111011,sw/toolchain/riscv-opcodes/opcodes-xpulphwloop_CUSTOM,sw/toolchain/riscv-opcodes/opcodes-xpulphwloop_CUSTOM:20,No
LP_SETUP,lp.setup,?????????????????1000000?1111011,sw/toolchain/riscv-opcodes/opcodes-xpulphwloop_CUSTOM,sw/toolchain/riscv-opcodes/opcodes-xpulphwloop_CUSTOM:21,No
LP_SETUPI,lp.setupi,?????????????????1010000?1111011,sw/toolchain/riscv-opcodes/opcodes-xpulphwloop_CUSTOM,sw/toolchain/riscv-opcodes/opcodes-xpulphwloop_CUSTOM:22,No
P_MAC,p.mac,0100001??????????000?????0110011,sw/toolchain/riscv-opcodes/opcodes-xpulpmacsi_CUSTOM,sw/toolchain/riscv-opcodes/opcodes-xpulpmacsi_CUSTOM:15,No
P_MSU,p.msu,0100001??????????001?????0110011,sw/toolchain/riscv-opcodes/opcodes-xpulpmacsi_CUSTOM,sw/toolchain/riscv-opcodes/opcodes-xpulpmacsi_CUSTOM:16,No
P_MIN,p.min,0000010??????????100?????0110011,sw/toolchain/riscv-opcodes/opcodes-xpulpminmax_CUSTOM,sw/toolchain/riscv-opcodes/opcodes-xpulpminmax_CUSTOM:17,No
P_MINU,p.minu,0000010??????????101?????0110011,sw/toolchain/riscv-opcodes/opcodes-xpulpminmax_CUSTOM,sw/toolchain/riscv-opcodes/opcodes-xpulpminmax_CUSTOM:18,No
P_MAX,p.max,0000010??????????110?????0110011,sw/toolchain/riscv-opcodes/opcodes-xpulpminmax_CUSTOM,sw/toolchain/riscv-opcodes/opcodes-xpulpminmax_CUSTOM:19,No
P_MAXU,p.maxu,0000010??????????111?????0110011,sw/toolchain/riscv-opcodes/opcodes-xpulpminmax_CUSTOM,sw/toolchain/riscv-opcodes/opcodes-xpulpminmax_CUSTOM:20,No
P_ADDN,p.addN,00???????????????010?????1011011,sw/toolchain/riscv-opcodes/opcodes-xpulpminmax_CUSTOM,sw/toolchain/riscv-opcodes/opcodes-xpulpminmax_CUSTOM:22,No
P_ADDUN,p.adduN,10???????????????010?????1011011,sw/toolchain/riscv-opcodes/opcodes-xpulpminmax_CUSTOM,sw/toolchain/riscv-opcodes/opcodes-xpulpminmax_CUSTOM:23,No
P_LB_IRPOST,p.lb.irpost,?????????????????000?????0001011,sw/toolchain/riscv-opcodes/opcodes-xpulppostmod_CUSTOM,sw/toolchain/riscv-opcodes/opcodes-xpulppostmod_CUSTOM:20,No
P_LBU_IRPOST,p.lbu.irpost,?????????????????100?????0001011,sw/toolchain/riscv-opcodes/opcodes-xpulppostmod_CUSTOM,sw/toolchain/riscv-opcodes/opcodes-xpulppostmod_CUSTOM:21,No
P_LH_IRPOST,p.lh.irpost,?????????????????001?????0001011,sw/toolchain/riscv-opcodes/opcodes-xpulppostmod_CUSTOM,sw/toolchain/riscv-opcodes/opcodes-xpulppostmod_CUSTOM:22,No
P_LHU_IRPOST,p.lhu.irpost,?????????????????101?????0001011,sw/toolchain/riscv-opcodes/opcodes-xpulppostmod_CUSTOM,sw/toolchain/riscv-opcodes/opcodes-xpulppostmod_CUSTOM:23,No
P_LW_IRPOST,p.lw.irpost,?????????????????010?????0001011,sw/toolchain/riscv-opcodes/opcodes-xpulppostmod_CUSTOM,sw/toolchain/riscv-opcodes/opcodes-xpulppostmod_CUSTOM:24,No
P_LB_RRPOST,p.lb.rrpost,0000000??????????111?????0001011,sw/toolchain/riscv-opcodes/opcodes-xpulppostmod_CUSTOM,sw/toolchain/riscv-opcodes/opcodes-xpulppostmod_CUSTOM:25,No
P_LBU_RRPOST,p.lbu.rrpost,0100000??????????111?????0001011,sw/toolchain/riscv-opcodes/opcodes-xpulppostmod_CUSTOM,sw/toolchain/riscv-opcodes/opcodes-xpulppostmod_CUSTOM:26,No
P_LH_RRPOST,p.lh.rrpost,0001000??????????111?????0001011,sw/toolchain/riscv-opcodes/opcodes-xpulppostmod_CUSTOM,sw/toolchain/riscv-opcodes/opcodes-xpulppostmod_CUSTOM:27,No
P_LHU_RRPOST,p.lhu.rrpost,0101000??????????111?????0001011,sw/toolchain/riscv-opcodes/opcodes-xpulppostmod_CUSTOM,sw/toolchain/riscv-opcodes/opcodes-xpulppostmod_CUSTOM:28,No
P_LW_RRPOST,p.lw.rrpost,0010000??????????111?????0001011,sw/toolchain/riscv-opcodes/opcodes-xpulppostmod_CUSTOM,sw/toolchain/riscv-opcodes/opcodes-xpulppostmod_CUSTOM:29,No
P_LB_RR,p.lb.rr,0000000??????????111?????0000011,sw/toolchain/riscv-opcodes/opcodes-xpulppostmod_CUSTOM,sw/toolchain/riscv-opcodes/opcodes-xpulppostmod_CUSTOM:30,No
P_LBU_RR,p.lbu.rr,0100000??????????111?????0000011,sw/toolchain/riscv-opcodes/opcodes-xpulppostmod_CUSTOM,sw/toolchain/riscv-opcodes/opcodes-xpulppostmod_CUSTOM:31,No
P_LH_RR,p.lh.rr,0001000??????????111?????0000011,sw/toolchain/riscv-opcodes/opcodes-xpulppostmod_CUSTOM,sw/toolchain/riscv-opcodes/opcodes-xpulppostmod_CUSTOM:32,No
P_LHU_RR,p.lhu.rr,0101000??????????111?????0000011,sw/toolchain/riscv-opcodes/opcodes-xpulppostmod_CUSTOM,sw/toolchain/riscv-opcodes/opcodes-xpulppostmod_CUSTOM:33,No
P_LW_RR,p.lw.rr,0010000??????????111?????0000011,sw/toolchain/riscv-opcodes/opcodes-xpulppostmod_CUSTOM,sw/toolchain/riscv-opcodes/opcodes-xpulppostmod_CUSTOM:34,No
P_SB_IRPOST,p.sb.irpost,?????????????????000?????0101011,sw/toolchain/riscv-opcodes/opcodes-xpulppostmod_CUSTOM,sw/toolchain/riscv-opcodes/opcodes-xpulppostmod_CUSTOM:37,No
P_SH_IRPOST,p.sh.irpost,?????????????????001?????0101011,sw/toolchain/riscv-opcodes/opcodes-xpulppostmod_CUSTOM,sw/toolchain/riscv-opcodes/opcodes-xpulppostmod_CUSTOM:38,No
P_SW_IRPOST,p.sw.irpost,?????????????????010?????0101011,sw/toolchain/riscv-opcodes/opcodes-xpulppostmod_CUSTOM,sw/toolchain/riscv-opcodes/opcodes-xpulppostmod_CUSTOM:39,No
P_SB_RRPOST,p.sb.rrpost,0000000??????????100?????0101011,sw/toolchain/riscv-opcodes/opcodes-xpulppostmod_CUSTOM,sw/toolchain/riscv-opcodes/opcodes-xpulppostmod_CUSTOM:40,No
P_SH_RRPOST,p.sh.rrpost,0000000??????????101?????0101011,sw/toolchain/riscv-opcodes/opcodes-xpulppostmod_CUSTOM,sw/toolchain/riscv-opcodes/opcodes-xpulppostmod_CUSTOM:41,No
P_SW_RRPOST,p.sw.rrpost,0000000??????????110?????0101011,sw/toolchain/riscv-opcodes/opcodes-xpulppostmod_CUSTOM,sw/toolchain/riscv-opcodes/opcodes-xpulppostmod_CUSTOM:42,No
P_SB_RR,p.sb.rr,0000000??????????100?????0100011,sw/toolchain/riscv-opcodes/opcodes-xpulppostmod_CUSTOM,sw/toolchain/riscv-opcodes/opcodes-xpulppostmod_CUSTOM:43,No
P_SH_RR,p.sh.rr,0000000??????????101?????0100011,sw/toolchain/riscv-opcodes/opcodes-xpulppostmod_CUSTOM,sw/toolchain/riscv-opcodes/opcodes-xpulppostmod_CUSTOM:44,No
P_SW_RR,p.sw.rr,0000000??????????110?????0100011,sw/toolchain/riscv-opcodes/opcodes-xpulppostmod_CUSTOM,sw/toolchain/riscv-opcodes/opcodes-xpulppostmod_CUSTOM:45,No
P_SLET,p.slet,0000010??????????010?????0110011,sw/toolchain/riscv-opcodes/opcodes-xpulpslet_CUSTOM,sw/toolchain/riscv-opcodes/opcodes-xpulpslet_CUSTOM:15,No
P_SLETU,p.sletu,0000010??????????011?????0110011,sw/toolchain/riscv-opcodes/opcodes-xpulpslet_CUSTOM,sw/toolchain/riscv-opcodes/opcodes-xpulpslet_CUSTOM:16,No
PV_ADD_H,pv.add.h,0000000??????????000?????1010111,sw/toolchain/riscv-opcodes/opcodes-xpulpvect_CUSTOM,sw/toolchain/riscv-opcodes/opcodes-xpulpvect_CUSTOM:16,No
PV_ADD_SC_H,pv.add.sc.h,0000000??????????100?????1010111,sw/toolchain/riscv-opcodes/opcodes-xpulpvect_CUSTOM,sw/toolchain/riscv-opcodes/opcodes-xpulpvect_CUSTOM:17,No
PV_ADD_SCI_H,pv.add.sci.h,000000???????????110?????1010111,sw/toolchain/riscv-opcodes/opcodes-xpulpvect_CUSTOM,sw/toolchain/riscv-opcodes/opcodes-xpulpvect_CUSTOM:18,No
PV_ADD_B,pv.add.b,0000000??????????001?????1010111,sw/toolchain/riscv-opcodes/opcodes-xpulpvect_CUSTOM,sw/toolchain/riscv-opcodes/opcodes-xpulpvect_CUSTOM:19,No
PV_ADD_SC_B,pv.add.sc.b,0000000??????????101?????1010111,sw/toolchain/riscv-opcodes/opcodes-xpulpvect_CUSTOM,sw/toolchain/riscv-opcodes/opcodes-xpulpvect_CUSTOM:20,No
PV_ADD_SCI_B,pv.add.sci.b,000000???????????111?????1010111,sw/toolchain/riscv-opcodes/opcodes-xpulpvect_CUSTOM,sw/toolchain/riscv-opcodes/opcodes-xpulpvect_CUSTOM:21,No
PV_SUB_H,pv.sub.h,0000100??????????000?????1010111,sw/toolchain/riscv-opcodes/opcodes-xpulpvect_CUSTOM,sw/toolchain/riscv-opcodes/opcodes-xpulpvect_CUSTOM:22,No
PV_SUB_SC_H,pv.sub.sc.h,0000100??????????100?????1010111,sw/toolchain/riscv-opcodes/opcodes-xpulpvect_CUSTOM,sw/toolchain/riscv-opcodes/opcodes-xpulpvect_CUSTOM:23,No
PV_SUB_SCI_H,pv.sub.sci.h,000010???????????110?????1010111,sw/toolchain/riscv-opcodes/opcodes-xpulpvect_CUSTOM,sw/toolchain/riscv-opcodes/opcodes-xpulpvect_CUSTOM:24,No
PV_SUB_B,pv.sub.b,0000100??????????001?????1010111,sw/toolchain/riscv-opcodes/opcodes-xpulpvect_CUSTOM,sw/toolchain/riscv-opcodes/opcodes-xpulpvect_CUSTOM:25,No
PV_SUB_SC_B,pv.sub.sc.b,0000100??????????101?????1010111,sw/toolchain/riscv-opcodes/opcodes-xpulpvect_CUSTOM,sw/toolchain/riscv-opcodes/opcodes-xpulpvect_CUSTOM:26,No
PV_SUB_SCI_B,pv.sub.sci.b,000010???????????111?????1010111,sw/toolchain/riscv-opcodes/opcodes-xpulpvect_CUSTOM,sw/toolchain/riscv-opcodes/opcodes-xpulpvect_CUSTOM:27,No
PV_AVG_H,pv.avg.h,0001000??????????000?????1010111,sw/toolchain/riscv-opcodes/opcodes-xpulpvect_CUSTOM,sw/toolchain/riscv-opcodes/opcodes-xpulpvect_CUSTOM:29,No
PV_AVG_SC_H,pv.avg.sc.h,0001000??????????100?????1010111,sw/toolchain/riscv-opcodes/opcodes-xpulpvect_CUSTOM,sw/toolchain/riscv-opcodes/opcodes-xpulpvect_CUSTOM:30,No
PV_AVG_SCI_H,pv.avg.sci.h,000100???????????110?????1010111,sw/toolchain/riscv-opcodes/opcodes-xpulpvect_CUSTOM,sw/toolchain/riscv-opcodes/opcodes-xpulpvect_CUSTOM:31,No
PV_AVG_B,pv.avg.b,0001000??????????001?????1010111,sw/toolchain/riscv-opcodes/opcodes-xpulpvect_CUSTOM,sw/toolchain/riscv-opcodes/opcodes-xpulpvect_CUSTOM:32,No
PV_AVG_SC_B,pv.avg.sc.b,0001000??????????101?????1010111,sw/toolchain/riscv-opcodes/opcodes-xpulpvect_CUSTOM,sw/toolchain/riscv-opcodes/opcodes-xpulpvect_CUSTOM:33,No
PV_AVG_SCI_B,pv.avg.sci.b,000100???????????111?????1010111,sw/toolchain/riscv-opcodes/opcodes-xpulpvect_CUSTOM,sw/toolchain/riscv-opcodes/opcodes-xpulpvect_CUSTOM:34,No
PV_AVGU_H,pv.avgu.h,0001100??????????000?????1010111,sw/toolchain/riscv-opcodes/opcodes-xpulpvect_CUSTOM,sw/toolchain/riscv-opcodes/opcodes-xpulpvect_CUSTOM:35,No
PV_AVGU_SC_H,pv.avgu.sc.h,0001100??????????100?????1010111,sw/toolchain/riscv-opcodes/opcodes-xpulpvect_CUSTOM,sw/toolchain/riscv-opcodes/opcodes-xpulpvect_CUSTOM:36,No
PV_AVGU_SCI_H,pv.avgu.sci.h,000110???????????110?????1010111,sw/toolchain/riscv-opcodes/opcodes-xpulpvect_CUSTOM,sw/toolchain/riscv-opcodes/opcodes-xpulpvect_CUSTOM:37,No
PV_AVGU_B,pv.avgu.b,0001100??????????001?????1010111,sw/toolchain/riscv-opcodes/opcodes-xpulpvect_CUSTOM,sw/toolchain/riscv-opcodes/opcodes-xpulpvect_CUSTOM:38,No
PV_AVGU_SC_B,pv.avgu.sc.b,0001100??????????101?????1010111,sw/toolchain/riscv-opcodes/opcodes-xpulpvect_CUSTOM,sw/toolchain/riscv-opcodes/opcodes-xpulpvect_CUSTOM:39,No
PV_AVGU_SCI_B,pv.avgu.sci.b,000110???????????111?????1010111,sw/toolchain/riscv-opcodes/opcodes-xpulpvect_CUSTOM,sw/toolchain/riscv-opcodes/opcodes-xpulpvect_CUSTOM:40,No
PV_MIN_H,pv.min.h,0010000??????????000?????1010111,sw/toolchain/riscv-opcodes/opcodes-xpulpvect_CUSTOM,sw/toolchain/riscv-opcodes/opcodes-xpulpvect_CUSTOM:42,No
PV_MIN_SC_H,pv.min.sc.h,0010000??????????100?????1010111,sw/toolchain/riscv-opcodes/opcodes-xpulpvect_CUSTOM,sw/toolchain/riscv-opcodes/opcodes-xpulpvect_CUSTOM:43,No
PV_MIN_SCI_H,pv.min.sci.h,001000???????????110?????1010111,sw/toolchain/riscv-opcodes/opcodes-xpulpvect_CUSTOM,sw/toolchain/riscv-opcodes/opcodes-xpulpvect_CUSTOM:44,No
PV_MIN_B,pv.min.b,0010000??????????001?????1010111,sw/toolchain/riscv-opcodes/opcodes-xpulpvect_CUSTOM,sw/toolchain/riscv-opcodes/opcodes-xpulpvect_CUSTOM:45,No
PV_MIN_SC_B,pv.min.sc.b,0010000??????????101?????1010111,sw/toolchain/riscv-opcodes/opcodes-xpulpvect_CUSTOM,sw/toolchain/riscv-opcodes/opcodes-xpulpvect_CUSTOM:46,No
PV_MIN_SCI_B,pv.min.sci.b,001000???????????111?????1010111,sw/toolchain/riscv-opcodes/opcodes-xpulpvect_CUSTOM,sw/toolchain/riscv-opcodes/opcodes-xpulpvect_CUSTOM:47,No
PV_MINU_H,pv.minu.h,0010100??????????000?????1010111,sw/toolchain/riscv-opcodes/opcodes-xpulpvect_CUSTOM,sw/toolchain/riscv-opcodes/opcodes-xpulpvect_CUSTOM:48,No
PV_MINU_SC_H,pv.minu.sc.h,0010100??????????100?????1010111,sw/toolchain/riscv-opcodes/opcodes-xpulpvect_CUSTOM,sw/toolchain/riscv-opcodes/opcodes-xpulpvect_CUSTOM:49,No
PV_MINU_SCI_H,pv.minu.sci.h,001010???????????110?????1010111,sw/toolchain/riscv-opcodes/opcodes-xpulpvect_CUSTOM,sw/toolchain/riscv-opcodes/opcodes-xpulpvect_CUSTOM:50,No
PV_MINU_B,pv.minu.b,0010100??????????001?????1010111,sw/toolchain/riscv-opcodes/opcodes-xpulpvect_CUSTOM,sw/toolchain/riscv-opcodes/opcodes-xpulpvect_CUSTOM:51,No
PV_MINU_SC_B,pv.minu.sc.b,0010100??????????101?????1010111,sw/toolchain/riscv-opcodes/opcodes-xpulpvect_CUSTOM,sw/toolchain/riscv-opcodes/opcodes-xpulpvect_CUSTOM:52,No
PV_MINU_SCI_B,pv.minu.sci.b,001010???????????111?????1010111,sw/toolchain/riscv-opcodes/opcodes-xpulpvect_CUSTOM,sw/toolchain/riscv-opcodes/opcodes-xpulpvect_CUSTOM:53,No
PV_MAX_H,pv.max.h,0011000??????????000?????1010111,sw/toolchain/riscv-opcodes/opcodes-xpulpvect_CUSTOM,sw/toolchain/riscv-opcodes/opcodes-xpulpvect_CUSTOM:55,No
PV_MAX_SC_H,pv.max.sc.h,0011000??????????100?????1010111,sw/toolchain/riscv-opcodes/opcodes-xpulpvect_CUSTOM,sw/toolchain/riscv-opcodes/opcodes-xpulpvect_CUSTOM:56,No
PV_MAX_SCI_H,pv.max.sci.h,001100???????????110?????1010111,sw/toolchain/riscv-opcodes/opcodes-xpulpvect_CUSTOM,sw/toolchain/riscv-opcodes/opcodes-xpulpvect_CUSTOM:57,No
PV_MAX_B,pv.max.b,0011000??????????001?????1010111,sw/toolchain/riscv-opcodes/opcodes-xpulpvect_CUSTOM,sw/toolchain/riscv-opcodes/opcodes-xpulpvect_CUSTOM:58,No
PV_MAX_SC_B,pv.max.sc.b,0011000??????????101?????1010111,sw/toolchain/riscv-opcodes/opcodes-xpulpvect_CUSTOM,sw/toolchain/riscv-opcodes/opcodes-xpulpvect_CUSTOM:59,No
PV_MAX_SCI_B,pv.max.sci.b,001100???????????111?????1010111,sw/toolchain/riscv-opcodes/opcodes-xpulpvect_CUSTOM,sw/toolchain/riscv-opcodes/opcodes-xpulpvect_CUSTOM:60,No
PV_MAXU_H,pv.maxu.h,0011100??????????000?????1010111,sw/toolchain/riscv-opcodes/opcodes-xpulpvect_CUSTOM,sw/toolchain/riscv-opcodes/opcodes-xpulpvect_CUSTOM:61,No
PV_MAXU_SC_H,pv.maxu.sc.h,0011100??????????100?????1010111,sw/toolchain/riscv-opcodes/opcodes-xpulpvect_CUSTOM,sw/toolchain/riscv-opcodes/opcodes-xpulpvect_CUSTOM:62,No
PV_MAXU_SCI_H,pv.maxu.sci.h,001110???????????110?????1010111,sw/toolchain/riscv-opcodes/opcodes-xpulpvect_CUSTOM,sw/toolchain/riscv-opcodes/opcodes-xpulpvect_CUSTOM:63,No
PV_MAXU_B,pv.maxu.b,0011100??????????001?????1010111,sw/toolchain/riscv-opcodes/opcodes-xpulpvect_CUSTOM,sw/toolchain/riscv-opcodes/opcodes-xpulpvect_CUSTOM:64,No
PV_MAXU_SC_B,pv.maxu.sc.b,0011100??????????101?????1010111,sw/toolchain/riscv-opcodes/opcodes-xpulpvect_CUSTOM,sw/toolchain/riscv-opcodes/opcodes-xpulpvect_CUSTOM:65,No
PV_MAXU_SCI_B,pv.maxu.sci.b,001110???????????111?????1010111,sw/toolchain/riscv-opcodes/opcodes-xpulpvect_CUSTOM,sw/toolchain/riscv-opcodes/opcodes-xpulpvect_CUSTOM:66,No
PV_SRL_H,pv.srl.h,0100000??????????000?????1010111,sw/toolchain/riscv-opcodes/opcodes-xpulpvect_CUSTOM,sw/toolchain/riscv-opcodes/opcodes-xpulpvect_CUSTOM:68,No
PV_SRL_SC_H,pv.srl.sc.h,0100000??????????100?????1010111,sw/toolchain/riscv-opcodes/opcodes-xpulpvect_CUSTOM,sw/toolchain/riscv-opcodes/opcodes-xpulpvect_CUSTOM:69,No
PV_SRL_SCI_H,pv.srl.sci.h,010000???????????110?????1010111,sw/toolchain/riscv-opcodes/opcodes-xpulpvect_CUSTOM,sw/toolchain/riscv-opcodes/opcodes-xpulpvect_CUSTOM:70,No
PV_SRL_B,pv.srl.b,0100000??????????001?????1010111,sw/toolchain/riscv-opcodes/opcodes-xpulpvect_CUSTOM,sw/toolchain/riscv-opcodes/opcodes-xpulpvect_CUSTOM:71,No
PV_SRL_SC_B,pv.srl.sc.b,0100000??????????101?????1010111,sw/toolchain/riscv-opcodes/opcodes-xpulpvect_CUSTOM,sw/toolchain/riscv-opcodes/opcodes-xpulpvect_CUSTOM:72,No
PV_SRL_SCI_B,pv.srl.sci.b,010000???????????111?????1010111,sw/toolchain/riscv-opcodes/opcodes-xpulpvect_CUSTOM,sw/toolchain/riscv-opcodes/opcodes-xpulpvect_CUSTOM:73,No
PV_SRA_H,pv.sra.h,0100100??????????000?????1010111,sw/toolchain/riscv-opcodes/opcodes-xpulpvect_CUSTOM,sw/toolchain/riscv-opcodes/opcodes-xpulpvect_CUSTOM:74,No
PV_SRA_SC_H,pv.sra.sc.h,0100100??????????100?????1010111,sw/toolchain/riscv-opcodes/opcodes-xpulpvect_CUSTOM,sw/toolchain/riscv-opcodes/opcodes-xpulpvect_CUSTOM:75,No
PV_SRA_SCI_H,pv.sra.sci.h,010010???????????110?????1010111,sw/toolchain/riscv-opcodes/opcodes-xpulpvect_CUSTOM,sw/toolchain/riscv-opcodes/opcodes-xpulpvect_CUSTOM:76,No
PV_SRA_B,pv.sra.b,0100100??????????001?????1010111,sw/toolchain/riscv-opcodes/opcodes-xpulpvect_CUSTOM,sw/toolchain/riscv-opcodes/opcodes-xpulpvect_CUSTOM:77,No
PV_SRA_SC_B,pv.sra.sc.b,0100100??????????101?????1010111,sw/toolchain/riscv-opcodes/opcodes-xpulpvect_CUSTOM,sw/toolchain/riscv-opcodes/opcodes-xpulpvect_CUSTOM:78,No
PV_SRA_SCI_B,pv.sra.sci.b,010010???????????111?????1010111,sw/toolchain/riscv-opcodes/opcodes-xpulpvect_CUSTOM,sw/toolchain/riscv-opcodes/opcodes-xpulpvect_CUSTOM:79,No
PV_SLL_H,pv.sll.h,0101000??????????000?????1010111,sw/toolchain/riscv-opcodes/opcodes-xpulpvect_CUSTOM,sw/toolchain/riscv-opcodes/opcodes-xpulpvect_CUSTOM:80,No
PV_SLL_SC_H,pv.sll.sc.h,0101000??????????100?????1010111,sw/toolchain/riscv-opcodes/opcodes-xpulpvect_CUSTOM,sw/toolchain/riscv-opcodes/opcodes-xpulpvect_CUSTOM:81,No
PV_SLL_SCI_H,pv.sll.sci.h,010100???????????110?????1010111,sw/toolchain/riscv-opcodes/opcodes-xpulpvect_CUSTOM,sw/toolchain/riscv-opcodes/opcodes-xpulpvect_CUSTOM:82,No
PV_SLL_B,pv.sll.b,0101000??????????001?????1010111,sw/toolchain/riscv-opcodes/opcodes-xpulpvect_CUSTOM,sw/toolchain/riscv-opcodes/opcodes-xpulpvect_CUSTOM:83,No
PV_SLL_SC_B,pv.sll.sc.b,0101000??????????101?????1010111,sw/toolchain/riscv-opcodes/opcodes-xpulpvect_CUSTOM,sw/toolchain/riscv-opcodes/opcodes-xpulpvect_CUSTOM:84,No
PV_SLL_SCI_B,pv.sll.sci.b,010100???????????111?????1010111,sw/toolchain/riscv-opcodes/opcodes-xpulpvect_CUSTOM,sw/toolchain/riscv-opcodes/opcodes-xpulpvect_CUSTOM:85,No
PV_OR_H,pv.or.h,0101100??????????000?????1010111,sw/toolchain/riscv-opcodes/opcodes-xpulpvect_CUSTOM,sw/toolchain/riscv-opcodes/opcodes-xpulpvect_CUSTOM:87,No
PV_OR_SC_H,pv.or.sc.h,0101100??????????100?????1010111,sw/toolchain/riscv-opcodes/opcodes-xpulpvect_CUSTOM,sw/toolchain/riscv-opcodes/opcodes-xpulpvect_CUSTOM:88,No
PV_OR_SCI_H,pv.or.sci.h,010110???????????110?????1010111,sw/toolchain/riscv-opcodes/opcodes-xpulpvect_CUSTOM,sw/toolchain/riscv-opcodes/opcodes-xpulpvect_CUSTOM:89,No
PV_OR_B,pv.or.b,0101100??????????001?????1010111,sw/toolchain/riscv-opcodes/opcodes-xpulpvect_CUSTOM,sw/toolchain/riscv-opcodes/opcodes-xpulpvect_CUSTOM:90,No
PV_OR_SC_B,pv.or.sc.b,0101100??????????101?????1010111,sw/toolchain/riscv-opcodes/opcodes-xpulpvect_CUSTOM,sw/toolchain/riscv-opcodes/opcodes-xpulpvect_CUSTOM:91,No
PV_OR_SCI_B,pv.or.sci.b,010110???????????111?????1010111,sw/toolchain/riscv-opcodes/opcodes-xpulpvect_CUSTOM,sw/toolchain/riscv-opcodes/opcodes-xpulpvect_CUSTOM:92,No
PV_XOR_H,pv.xor.h,0110000??????????000?????1010111,sw/toolchain/riscv-opcodes/opcodes-xpulpvect_CUSTOM,sw/toolchain/riscv-opcodes/opcodes-xpulpvect_CUSTOM:93,No
PV_XOR_SC_H,pv.xor.sc.h,0110000??????????100?????1010111,sw/toolchain/riscv-opcodes/opcodes-xpulpvect_CUSTOM,sw/toolchain/riscv-opcodes/opcodes-xpulpvect_CUSTOM:94,No
PV_XOR_SCI_H,pv.xor.sci.h,011000???????????110?????1010111,sw/toolchain/riscv-opcodes/opcodes-xpulpvect_CUSTOM,sw/toolchain/riscv-opcodes/opcodes-xpulpvect_CUSTOM:95,No
PV_XOR_B,pv.xor.b,0110000??????????001?????1010111,sw/toolchain/riscv-opcodes/opcodes-xpulpvect_CUSTOM,sw/toolchain/riscv-opcodes/opcodes-xpulpvect_CUSTOM:96,No
PV_XOR_SC_B,pv.xor.sc.b,0110000??????????101?????1010111,sw/toolchain/riscv-opcodes/opcodes-xpulpvect_CUSTOM,sw/toolchain/riscv-opcodes/opcodes-xpulpvect_CUSTOM:97,No
PV_XOR_SCI_B,pv.xor.sci.b,011000???????????111?????1010111,sw/toolchain/riscv-opcodes/opcodes-xpulpvect_CUSTOM,sw/toolchain/riscv-opcodes/opcodes-xpulpvect_CUSTOM:98,No
PV_AND_H,pv.and.h,0110100??????????000?????1010111,sw/toolchain/riscv-opcodes/opcodes-xpulpvect_CUSTOM,sw/toolchain/riscv-opcodes/opcodes-xpulpvect_CUSTOM:99,No
PV_AND_SC_H,pv.and.sc.h,0110100??????????100?????1010111,sw/toolchain/riscv-opcodes/opcodes-xpulpvect_CUSTOM,sw/toolchain/riscv-opcodes/opcodes-xpulpvect_CUSTOM:100,No
PV_AND_SCI_H,pv.and.sci.h,011010???????????110?????1010111,sw/toolchain/riscv-opcodes/opcodes-xpulpvect_CUSTOM,sw/toolchain/riscv-opcodes/opcodes-xpulpvect_CUSTOM:101,No
PV_AND_B,pv.and.b,0110100??????????001?????1010111,sw/toolchain/riscv-opcodes/opcodes-xpulpvect_CUSTOM,sw/toolchain/riscv-opcodes/opcodes-xpulpvect_CUSTOM:102,No
PV_AND_SC_B,pv.and.sc.b,0110100??????????101?????1010111,sw/toolchain/riscv-opcodes/opcodes-xpulpvect_CUSTOM,sw/toolchain/riscv-opcodes/opcodes-xpulpvect_CUSTOM:103,No
PV_AND_SCI_B,pv.and.sci.b,011010???????????111?????1010111,sw/toolchain/riscv-opcodes/opcodes-xpulpvect_CUSTOM,sw/toolchain/riscv-opcodes/opcodes-xpulpvect_CUSTOM:104,No
PV_ABS_H,pv.abs.h,011100000000?????000?????1010111,sw/toolchain/riscv-opcodes/opcodes-xpulpvect_CUSTOM,sw/toolchain/riscv-opcodes/opcodes-xpulpvect_CUSTOM:106,No
PV_ABS_B,pv.abs.b,011100000000?????001?????1010111,sw/toolchain/riscv-opcodes/opcodes-xpulpvect_CUSTOM,sw/toolchain/riscv-opcodes/opcodes-xpulpvect_CUSTOM:107,No
PV_EXTRACT_H,pv.extract.h,011110???????????110?????1010111,sw/toolchain/riscv-opcodes/opcodes-xpulpvect_CUSTOM,sw/toolchain/riscv-opcodes/opcodes-xpulpvect_CUSTOM:109,No
PV_EXTRACT_B,pv.extract.b,011110???????????111?????1010111,sw/toolchain/riscv-opcodes/opcodes-xpulpvect_CUSTOM,sw/toolchain/riscv-opcodes/opcodes-xpulpvect_CUSTOM:110,No
PV_EXTRACTU_H,pv.extractu.h,100100???????????110?????1010111,sw/toolchain/riscv-opcodes/opcodes-xpulpvect_CUSTOM,sw/toolchain/riscv-opcodes/opcodes-xpulpvect_CUSTOM:111,No
PV_EXTRACTU_B,pv.extractu.b,100100???????????111?????1010111,sw/toolchain/riscv-opcodes/opcodes-xpulpvect_CUSTOM,sw/toolchain/riscv-opcodes/opcodes-xpulpvect_CUSTOM:112,No
PV_INSERT_H,pv.insert.h,101100???????????110?????1010111,sw/toolchain/riscv-opcodes/opcodes-xpulpvect_CUSTOM,sw/toolchain/riscv-opcodes/opcodes-xpulpvect_CUSTOM:113,No
PV_INSERT_B,pv.insert.b,101100???????????111?????1010111,sw/toolchain/riscv-opcodes/opcodes-xpulpvect_CUSTOM,sw/toolchain/riscv-opcodes/opcodes-xpulpvect_CUSTOM:114,No
PV_DOTSP_H,pv.dotsp.h,1001100??????????000?????1010111,sw/toolchain/riscv-opcodes/opcodes-xpulpvect_CUSTOM,sw/toolchain/riscv-opcodes/opcodes-xpulpvect_CUSTOM:116,No
PV_DOTSP_SC_H,pv.dotsp.sc.h,1001100??????????100?????1010111,sw/toolchain/riscv-opcodes/opcodes-xpulpvect_CUSTOM,sw/toolchain/riscv-opcodes/opcodes-xpulpvect_CUSTOM:117,No
PV_DOTSP_SCI_H,pv.dotsp.sci.h,100110???????????110?????1010111,sw/toolchain/riscv-opcodes/opcodes-xpulpvect_CUSTOM,sw/toolchain/riscv-opcodes/opcodes-xpulpvect_CUSTOM:118,No
PV_DOTSP_B,pv.dotsp.b,1001100??????????001?????1010111,sw/toolchain/riscv-opcodes/opcodes-xpulpvect_CUSTOM,sw/toolchain/riscv-opcodes/opcodes-xpulpvect_CUSTOM:119,No
PV_DOTSP_SC_B,pv.dotsp.sc.b,1001100??????????101?????1010111,sw/toolchain/riscv-opcodes/opcodes-xpulpvect_CUSTOM,sw/toolchain/riscv-opcodes/opcodes-xpulpvect_CUSTOM:120,No
PV_DOTSP_SCI_B,pv.dotsp.sci.b,100110???????????111?????1010111,sw/toolchain/riscv-opcodes/opcodes-xpulpvect_CUSTOM,sw/toolchain/riscv-opcodes/opcodes-xpulpvect_CUSTOM:121,No
PV_DOTUP_H,pv.dotup.h,1000000??????????000?????1010111,sw/toolchain/riscv-opcodes/opcodes-xpulpvect_CUSTOM,sw/toolchain/riscv-opcodes/opcodes-xpulpvect_CUSTOM:123,No
PV_DOTUP_SC_H,pv.dotup.sc.h,1000000??????????100?????1010111,sw/toolchain/riscv-opcodes/opcodes-xpulpvect_CUSTOM,sw/toolchain/riscv-opcodes/opcodes-xpulpvect_CUSTOM:124,No
PV_DOTUP_SCI_H,pv.dotup.sci.h,100000???????????110?????1010111,sw/toolchain/riscv-opcodes/opcodes-xpulpvect_CUSTOM,sw/toolchain/riscv-opcodes/opcodes-xpulpvect_CUSTOM:125,No
PV_DOTUP_B,pv.dotup.b,1000000??????????001?????1010111,sw/toolchain/riscv-opcodes/opcodes-xpulpvect_CUSTOM,sw/toolchain/riscv-opcodes/opcodes-xpulpvect_CUSTOM:126,No
PV_DOTUP_SC_B,pv.dotup.sc.b,1000000??????????101?????1010111,sw/toolchain/riscv-opcodes/opcodes-xpulpvect_CUSTOM,sw/toolchain/riscv-opcodes/opcodes-xpulpvect_CUSTOM:127,No
PV_DOTUP_SCI_B,pv.dotup.sci.b,100000???????????111?????1010111,sw/toolchain/riscv-opcodes/opcodes-xpulpvect_CUSTOM,sw/toolchain/riscv-opcodes/opcodes-xpulpvect_CUSTOM:128,No
PV_DOTUSP_H,pv.dotusp.h,1000100??????????000?????1010111,sw/toolchain/riscv-opcodes/opcodes-xpulpvect_CUSTOM,sw/toolchain/riscv-opcodes/opcodes-xpulpvect_CUSTOM:130,No
PV_DOTUSP_SC_H,pv.dotusp.sc.h,1000100??????????100?????1010111,sw/toolchain/riscv-opcodes/opcodes-xpulpvect_CUSTOM,sw/toolchain/riscv-opcodes/opcodes-xpulpvect_CUSTOM:131,No
PV_DOTUSP_SCI_H,pv.dotusp.sci.h,100010???????????110?????1010111,sw/toolchain/riscv-opcodes/opcodes-xpulpvect_CUSTOM,sw/toolchain/riscv-opcodes/opcodes-xpulpvect_CUSTOM:132,No
PV_DOTUSP_B,pv.dotusp.b,1000100??????????001?????1010111,sw/toolchain/riscv-opcodes/opcodes-xpulpvect_CUSTOM,sw/toolchain/riscv-opcodes/opcodes-xpulpvect_CUSTOM:133,No
PV_DOTUSP_SC_B,pv.dotusp.sc.b,1000100??????????101?????1010111,sw/toolchain/riscv-opcodes/opcodes-xpulpvect_CUSTOM,sw/toolchain/riscv-opcodes/opcodes-xpulpvect_CUSTOM:134,No
PV_DOTUSP_SCI_B,pv.dotusp.sci.b,100010???????????111?????1010111,sw/toolchain/riscv-opcodes/opcodes-xpulpvect_CUSTOM,sw/toolchain/riscv-opcodes/opcodes-xpulpvect_CUSTOM:135,No
PV_SDOTSP_H,pv.sdotsp.h,1011100??????????000?????1010111,sw/toolchain/riscv-opcodes/opcodes-xpulpvect_CUSTOM,sw/toolchain/riscv-opcodes/opcodes-xpulpvect_CUSTOM:137,No
PV_SDOTSP_SC_H,pv.sdotsp.sc.h,1011100??????????100?????1010111,sw/toolchain/riscv-opcodes/opcodes-xpulpvect_CUSTOM,sw/toolchain/riscv-opcodes/opcodes-xpulpvect_CUSTOM:138,No
PV_SDOTSP_SCI_H,pv.sdotsp.sci.h,101110???????????110?????1010111,sw/toolchain/riscv-opcodes/opcodes-xpulpvect_CUSTOM,sw/toolchain/riscv-opcodes/opcodes-xpulpvect_CUSTOM:139,No
PV_SDOTSP_B,pv.sdotsp.b,1011100??????????001?????1010111,sw/toolchain/riscv-opcodes/opcodes-xpulpvect_CUSTOM,sw/toolchain/riscv-opcodes/opcodes-xpulpvect_CUSTOM:140,No
PV_SDOTSP_SC_B,pv.sdotsp.sc.b,1011100??????????101?????1010111,sw/toolchain/riscv-opcodes/opcodes-xpulpvect_CUSTOM,sw/toolchain/riscv-opcodes/opcodes-xpulpvect_CUSTOM:141,No
PV_SDOTSP_SCI_B,pv.sdotsp.sci.b,101110???????????111?????1010111,sw/toolchain/riscv-opcodes/opcodes-xpulpvect_CUSTOM,sw/toolchain/riscv-opcodes/opcodes-xpulpvect_CUSTOM:142,No
PV_SDOTUP_H,pv.sdotup.h,1010000??????????000?????1010111,sw/toolchain/riscv-opcodes/opcodes-xpulpvect_CUSTOM,sw/toolchain/riscv-opcodes/opcodes-xpulpvect_CUSTOM:144,No
PV_SDOTUP_SC_H,pv.sdotup.sc.h,1010000??????????100?????1010111,sw/toolchain/riscv-opcodes/opcodes-xpulpvect_CUSTOM,sw/toolchain/riscv-opcodes/opcodes-xpulpvect_CUSTOM:145,No
PV_SDOTUP_SCI_H,pv.sdotup.sci.h,101000???????????110?????1010111,sw/toolchain/riscv-opcodes/opcodes-xpulpvect_CUSTOM,sw/toolchain/riscv-opcodes/opcodes-xpulpvect_CUSTOM:146,No
PV_SDOTUP_B,pv.sdotup.b,1010000??????????001?????1010111,sw/toolchain/riscv-opcodes/opcodes-xpulpvect_CUSTOM,sw/toolchain/riscv-opcodes/opcodes-xpulpvect_CUSTOM:147,No
PV_SDOTUP_SC_B,pv.sdotup.sc.b,1010000??????????101?????1010111,sw/toolchain/riscv-opcodes/opcodes-xpulpvect_CUSTOM,sw/toolchain/riscv-opcodes/opcodes-xpulpvect_CUSTOM:148,No
PV_SDOTUP_SCI_B,pv.sdotup.sci.b,101000???????????111?????1010111,sw/toolchain/riscv-opcodes/opcodes-xpulpvect_CUSTOM,sw/toolchain/riscv-opcodes/opcodes-xpulpvect_CUSTOM:149,No
PV_SDOTUSP_H,pv.sdotusp.h,1010100??????????000?????1010111,sw/toolchain/riscv-opcodes/opcodes-xpulpvect_CUSTOM,sw/toolchain/riscv-opcodes/opcodes-xpulpvect_CUSTOM:151,No
PV_SDOTUSP_SC_H,pv.sdotusp.sc.h,1010100??????????100?????1010111,sw/toolchain/riscv-opcodes/opcodes-xpulpvect_CUSTOM,sw/toolchain/riscv-opcodes/opcodes-xpulpvect_CUSTOM:152,No
PV_SDOTUSP_SCI_H,pv.sdotusp.sci.h,101010???????????110?????1010111,sw/toolchain/riscv-opcodes/opcodes-xpulpvect_CUSTOM,sw/toolchain/riscv-opcodes/opcodes-xpulpvect_CUSTOM:153,No
PV_SDOTUSP_B,pv.sdotusp.b,1010100??????????001?????1010111,sw/toolchain/riscv-opcodes/opcodes-xpulpvect_CUSTOM,sw/toolchain/riscv-opcodes/opcodes-xpulpvect_CUSTOM:154,No
PV_SDOTUSP_SC_B,pv.sdotusp.sc.b,1010100??????????101?????1010111,sw/toolchain/riscv-opcodes/opcodes-xpulpvect_CUSTOM,sw/toolchain/riscv-opcodes/opcodes-xpulpvect_CUSTOM:155,No
PV_SDOTUSP_SCI_B,pv.sdotusp.sci.b,101010???????????111?????1010111,sw/toolchain/riscv-opcodes/opcodes-xpulpvect_CUSTOM,sw/toolchain/riscv-opcodes/opcodes-xpulpvect_CUSTOM:156,No
PV_CMPEQ_H,pv.cmpeq.h,0000010??????????000?????1010111,sw/toolchain/riscv-opcodes/opcodes-xpulpvect_CUSTOM,sw/toolchain/riscv-opcodes/opcodes-xpulpvect_CUSTOM:158,No
PV_CMPEQ_SC_H,pv.cmpeq.sc.h,0000010??????????100?????1010111,sw/toolchain/riscv-opcodes/opcodes-xpulpvect_CUSTOM,sw/toolchain/riscv-opcodes/opcodes-xpulpvect_CUSTOM:159,No
PV_CMPEQ_SCI_H,pv.cmpeq.sci.h,000001???????????110?????1010111,sw/toolchain/riscv-opcodes/opcodes-xpulpvect_CUSTOM,sw/toolchain/riscv-opcodes/opcodes-xpulpvect_CUSTOM:160,No
PV_CMPEQ_B,pv.cmpeq.b,0000010??????????001?????1010111,sw/toolchain/riscv-opcodes/opcodes-xpulpvect_CUSTOM,sw/toolchain/riscv-opcodes/opcodes-xpulpvect_CUSTOM:161,No
PV_CMPEQ_SC_B,pv.cmpeq.sc.b,0000010??????????101?????1010111,sw/toolchain/riscv-opcodes/opcodes-xpulpvect_CUSTOM,sw/toolchain/riscv-opcodes/opcodes-xpulpvect_CUSTOM:162,No
PV_CMPEQ_SCI_B,pv.cmpeq.sci.b,000001???????????111?????1010111,sw/toolchain/riscv-opcodes/opcodes-xpulpvect_CUSTOM,sw/toolchain/riscv-opcodes/opcodes-xpulpvect_CUSTOM:163,No
PV_CMPNE_H,pv.cmpne.h,0000110??????????000?????1010111,sw/toolchain/riscv-opcodes/opcodes-xpulpvect_CUSTOM,sw/toolchain/riscv-opcodes/opcodes-xpulpvect_CUSTOM:165,No
PV_CMPNE_SC_H,pv.cmpne.sc.h,0000110??????????100?????1010111,sw/toolchain/riscv-opcodes/opcodes-xpulpvect_CUSTOM,sw/toolchain/riscv-opcodes/opcodes-xpulpvect_CUSTOM:166,No
PV_CMPNE_SCI_H,pv.cmpne.sci.h,000011???????????110?????1010111,sw/toolchain/riscv-opcodes/opcodes-xpulpvect_CUSTOM,sw/toolchain/riscv-opcodes/opcodes-xpulpvect_CUSTOM:167,No
PV_CMPNE_B,pv.cmpne.b,0000110??????????001?????1010111,sw/toolchain/riscv-opcodes/opcodes-xpulpvect_CUSTOM,sw/toolchain/riscv-opcodes/opcodes-xpulpvect_CUSTOM:168,No
PV_CMPNE_SC_B,pv.cmpne.sc.b,0000110??????????101?????1010111,sw/toolchain/riscv-opcodes/opcodes-xpulpvect_CUSTOM,sw/toolchain/riscv-opcodes/opcodes-xpulpvect_CUSTOM:169,No
PV_CMPNE_SCI_B,pv.cmpne.sci.b,000011???????????111?????1010111,sw/toolchain/riscv-opcodes/opcodes-xpulpvect_CUSTOM,sw/toolchain/riscv-opcodes/opcodes-xpulpvect_CUSTOM:170,No
PV_CMPGT_H,pv.cmpgt.h,0001010??????????000?????1010111,sw/toolchain/riscv-opcodes/opcodes-xpulpvect_CUSTOM,sw/toolchain/riscv-opcodes/opcodes-xpulpvect_CUSTOM:172,No
PV_CMPGT_SC_H,pv.cmpgt.sc.h,0001010??????????100?????1010111,sw/toolchain/riscv-opcodes/opcodes-xpulpvect_CUSTOM,sw/toolchain/riscv-opcodes/opcodes-xpulpvect_CUSTOM:173,No
PV_CMPGT_SCI_H,pv.cmpgt.sci.h,000101???????????110?????1010111,sw/toolchain/riscv-opcodes/opcodes-xpulpvect_CUSTOM,sw/toolchain/riscv-opcodes/opcodes-xpulpvect_CUSTOM:174,No
PV_CMPGT_B,pv.cmpgt.b,0001010??????????001?????1010111,sw/toolchain/riscv-opcodes/opcodes-xpulpvect_CUSTOM,sw/toolchain/riscv-opcodes/opcodes-xpulpvect_CUSTOM:175,No
PV_CMPGT_SC_B,pv.cmpgt.sc.b,0001010??????????101?????1010111,sw/toolchain/riscv-opcodes/opcodes-xpulpvect_CUSTOM,sw/toolchain/riscv-opcodes/opcodes-xpulpvect_CUSTOM:176,No
PV_CMPGT_SCI_B,pv.cmpgt.sci.b,000101???????????111?????1010111,sw/toolchain/riscv-opcodes/opcodes-xpulpvect_CUSTOM,sw/toolchain/riscv-opcodes/opcodes-xpulpvect_CUSTOM:177,No
PV_CMPGE_H,pv.cmpge.h,0001110??????????000?????1010111,sw/toolchain/riscv-opcodes/opcodes-xpulpvect_CUSTOM,sw/toolchain/riscv-opcodes/opcodes-xpulpvect_CUSTOM:179,No
PV_CMPGE_SC_H,pv.cmpge.sc.h,0001110??????????100?????1010111,sw/toolchain/riscv-opcodes/opcodes-xpulpvect_CUSTOM,sw/toolchain/riscv-opcodes/opcodes-xpulpvect_CUSTOM:180,No
PV_CMPGE_SCI_H,pv.cmpge.sci.h,000111???????????110?????1010111,sw/toolchain/riscv-opcodes/opcodes-xpulpvect_CUSTOM,sw/toolchain/riscv-opcodes/opcodes-xpulpvect_CUSTOM:181,No
PV_CMPGE_B,pv.cmpge.b,0001110??????????001?????1010111,sw/toolchain/riscv-opcodes/opcodes-xpulpvect_CUSTOM,sw/toolchain/riscv-opcodes/opcodes-xpulpvect_CUSTOM:182,No
PV_CMPGE_SC_B,pv.cmpge.sc.b,0001110??????????101?????1010111,sw/toolchain/riscv-opcodes/opcodes-xpulpvect_CUSTOM,sw/toolchain/riscv-opcodes/opcodes-xpulpvect_CUSTOM:183,No
PV_CMPGE_SCI_B,pv.cmpge.sci.b,000111???????????111?????1010111,sw/toolchain/riscv-opcodes/opcodes-xpulpvect_CUSTOM,sw/toolchain/riscv-opcodes/opcodes-xpulpvect_CUSTOM:184,No
PV_CMPLT_H,pv.cmplt.h,0010010??????????000?????1010111,sw/toolchain/riscv-opcodes/opcodes-xpulpvect_CUSTOM,sw/toolchain/riscv-opcodes/opcodes-xpulpvect_CUSTOM:186,No
PV_CMPLT_SC_H,pv.cmplt.sc.h,0010010??????????100?????1010111,sw/toolchain/riscv-opcodes/opcodes-xpulpvect_CUSTOM,sw/toolchain/riscv-opcodes/opcodes-xpulpvect_CUSTOM:187,No
PV_CMPLT_SCI_H,pv.cmplt.sci.h,001001???????????110?????1010111,sw/toolchain/riscv-opcodes/opcodes-xpulpvect_CUSTOM,sw/toolchain/riscv-opcodes/opcodes-xpulpvect_CUSTOM:188,No
PV_CMPLT_B,pv.cmplt.b,0010010??????????001?????1010111,sw/toolchain/riscv-opcodes/opcodes-xpulpvect_CUSTOM,sw/toolchain/riscv-opcodes/opcodes-xpulpvect_CUSTOM:189,No
PV_CMPLT_SC_B,pv.cmplt.sc.b,0010010??????????101?????1010111,sw/toolchain/riscv-opcodes/opcodes-xpulpvect_CUSTOM,sw/toolchain/riscv-opcodes/opcodes-xpulpvect_CUSTOM:190,No
PV_CMPLT_SCI_B,pv.cmplt.sci.b,001001???????????111?????1010111,sw/toolchain/riscv-opcodes/opcodes-xpulpvect_CUSTOM,sw/toolchain/riscv-opcodes/opcodes-xpulpvect_CUSTOM:191,No
PV_CMPLE_H,pv.cmple.h,0010110??????????000?????1010111,sw/toolchain/riscv-opcodes/opcodes-xpulpvect_CUSTOM,sw/toolchain/riscv-opcodes/opcodes-xpulpvect_CUSTOM:193,No
PV_CMPLE_SC_H,pv.cmple.sc.h,0010110??????????100?????1010111,sw/toolchain/riscv-opcodes/opcodes-xpulpvect_CUSTOM,sw/toolchain/riscv-opcodes/opcodes-xpulpvect_CUSTOM:194,No
PV_CMPLE_SCI_H,pv.cmple.sci.h,001011???????????110?????1010111,sw/toolchain/riscv-opcodes/opcodes-xpulpvect_CUSTOM,sw/toolchain/riscv-opcodes/opcodes-xpulpvect_CUSTOM:195,No
PV_CMPLE_B,pv.cmple.b,0010110??????????001?????1010111,sw/toolchain/riscv-opcodes/opcodes-xpulpvect_CUSTOM,sw/toolchain/riscv-opcodes/opcodes-xpulpvect_CUSTOM:196,No
PV_CMPLE_SC_B,pv.cmple.sc.b,0010110??????????101?????1010111,sw/toolchain/riscv-opcodes/opcodes-xpulpvect_CUSTOM,sw/toolchain/riscv-opcodes/opcodes-xpulpvect_CUSTOM:197,No
PV_CMPLE_SCI_B,pv.cmple.sci.b,001011???????????111?????1010111,sw/toolchain/riscv-opcodes/opcodes-xpulpvect_CUSTOM,sw/toolchain/riscv-opcodes/opcodes-xpulpvect_CUSTOM:198,No
PV_CMPGTU_H,pv.cmpgtu.h,0011010??????????000?????1010111,sw/toolchain/riscv-opcodes/opcodes-xpulpvect_CUSTOM,sw/toolchain/riscv-opcodes/opcodes-xpulpvect_CUSTOM:200,No
PV_CMPGTU_SC_H,pv.cmpgtu.sc.h,0011010??????????100?????1010111,sw/toolchain/riscv-opcodes/opcodes-xpulpvect_CUSTOM,sw/toolchain/riscv-opcodes/opcodes-xpulpvect_CUSTOM:201,No
PV_CMPGTU_SCI_H,pv.cmpgtu.sci.h,001101???????????110?????1010111,sw/toolchain/riscv-opcodes/opcodes-xpulpvect_CUSTOM,sw/toolchain/riscv-opcodes/opcodes-xpulpvect_CUSTOM:202,No
PV_CMPGTU_B,pv.cmpgtu.b,0011010??????????001?????1010111,sw/toolchain/riscv-opcodes/opcodes-xpulpvect_CUSTOM,sw/toolchain/riscv-opcodes/opcodes-xpulpvect_CUSTOM:203,No
PV_CMPGTU_SC_B,pv.cmpgtu.sc.b,0011010??????????101?????1010111,sw/toolchain/riscv-opcodes/opcodes-xpulpvect_CUSTOM,sw/toolchain/riscv-opcodes/opcodes-xpulpvect_CUSTOM:204,No
PV_CMPGTU_SCI_B,pv.cmpgtu.sci.b,001101???????????111?????1010111,sw/toolchain/riscv-opcodes/opcodes-xpulpvect_CUSTOM,sw/toolchain/riscv-opcodes/opcodes-xpulpvect_CUSTOM:205,No
PV_CMPGEU_H,pv.cmpgeu.h,0011110??????????000?????1010111,sw/toolchain/riscv-opcodes/opcodes-xpulpvect_CUSTOM,sw/toolchain/riscv-opcodes/opcodes-xpulpvect_CUSTOM:207,No
PV_CMPGEU_SC_H,pv.cmpgeu.sc.h,0011110??????????100?????1010111,sw/toolchain/riscv-opcodes/opcodes-xpulpvect_CUSTOM,sw/toolchain/riscv-opcodes/opcodes-xpulpvect_CUSTOM:208,No
PV_CMPGEU_SCI_H,pv.cmpgeu.sci.h,001111???????????110?????1010111,sw/toolchain/riscv-opcodes/opcodes-xpulpvect_CUSTOM,sw/toolchain/riscv-opcodes/opcodes-xpulpvect_CUSTOM:209,No
PV_CMPGEU_B,pv.cmpgeu.b,0011110??????????001?????1010111,sw/toolchain/riscv-opcodes/opcodes-xpulpvect_CUSTOM,sw/toolchain/riscv-opcodes/opcodes-xpulpvect_CUSTOM:210,No
PV_CMPGEU_SC_B,pv.cmpgeu.sc.b,0011110??????????101?????1010111,sw/toolchain/riscv-opcodes/opcodes-xpulpvect_CUSTOM,sw/toolchain/riscv-opcodes/opcodes-xpulpvect_CUSTOM:211,No
PV_CMPGEU_SCI_B,pv.cmpgeu.sci.b,001111???????????111?????1010111,sw/toolchain/riscv-opcodes/opcodes-xpulpvect_CUSTOM,sw/toolchain/riscv-opcodes/opcodes-xpulpvect_CUSTOM:212,No
PV_CMPLTU_H,pv.cmpltu.h,0100010??????????000?????1010111,sw/toolchain/riscv-opcodes/opcodes-xpulpvect_CUSTOM,sw/toolchain/riscv-opcodes/opcodes-xpulpvect_CUSTOM:214,No
PV_CMPLTU_SC_H,pv.cmpltu.sc.h,0100010??????????100?????1010111,sw/toolchain/riscv-opcodes/opcodes-xpulpvect_CUSTOM,sw/toolchain/riscv-opcodes/opcodes-xpulpvect_CUSTOM:215,No
PV_CMPLTU_SCI_H,pv.cmpltu.sci.h,010001???????????110?????1010111,sw/toolchain/riscv-opcodes/opcodes-xpulpvect_CUSTOM,sw/toolchain/riscv-opcodes/opcodes-xpulpvect_CUSTOM:216,No
PV_CMPLTU_B,pv.cmpltu.b,0100010??????????001?????1010111,sw/toolchain/riscv-opcodes/opcodes-xpulpvect_CUSTOM,sw/toolchain/riscv-opcodes/opcodes-xpulpvect_CUSTOM:217,No
PV_CMPLTU_SC_B,pv.cmpltu.sc.b,0100010??????????101?????1010111,sw/toolchain/riscv-opcodes/opcodes-xpulpvect_CUSTOM,sw/toolchain/riscv-opcodes/opcodes-xpulpvect_CUSTOM:218,No
PV_CMPLTU_SCI_B,pv.cmpltu.sci.b,010001???????????111?????1010111,sw/toolchain/riscv-opcodes/opcodes-xpulpvect_CUSTOM,sw/toolchain/riscv-opcodes/opcodes-xpulpvect_CUSTOM:219,No
PV_CMPLEU_H,pv.cmpleu.h,0100110??????????000?????1010111,sw/toolchain/riscv-opcodes/opcodes-xpulpvect_CUSTOM,sw/toolchain/riscv-opcodes/opcodes-xpulpvect_CUSTOM:221,No
PV_CMPLEU_SC_H,pv.cmpleu.sc.h,0100110??????????100?????1010111,sw/toolchain/riscv-opcodes/opcodes-xpulpvect_CUSTOM,sw/toolchain/riscv-opcodes/opcodes-xpulpvect_CUSTOM:222,No
PV_CMPLEU_SCI_H,pv.cmpleu.sci.h,010011???????????110?????1010111,sw/toolchain/riscv-opcodes/opcodes-xpulpvect_CUSTOM,sw/toolchain/riscv-opcodes/opcodes-xpulpvect_CUSTOM:223,No
PV_CMPLEU_B,pv.cmpleu.b,0100110??????????001?????1010111,sw/toolchain/riscv-opcodes/opcodes-xpulpvect_CUSTOM,sw/toolchain/riscv-opcodes/opcodes-xpulpvect_CUSTOM:224,No
PV_CMPLEU_SC_B,pv.cmpleu.sc.b,0100110??????????101?????1010111,sw/toolchain/riscv-opcodes/opcodes-xpulpvect_CUSTOM,sw/toolchain/riscv-opcodes/opcodes-xpulpvect_CUSTOM:225,No
PV_CMPLEU_SCI_B,pv.cmpleu.sci.b,010011???????????111?????1010111,sw/toolchain/riscv-opcodes/opcodes-xpulpvect_CUSTOM,sw/toolchain/riscv-opcodes/opcodes-xpulpvect_CUSTOM:226,No
PV_ADD_H_DIV2,pv.add.h.div2,0111010??????????010?????1010111,sw/toolchain/riscv-opcodes/opcodes-xpulpvect_CUSTOM,sw/toolchain/riscv-opcodes/opcodes-xpulpvect_CUSTOM:228,No
PV_ADD_H_DIV4,pv.add.h.div4,0111010??????????100?????1010111,sw/toolchain/riscv-opcodes/opcodes-xpulpvect_CUSTOM,sw/toolchain/riscv-opcodes/opcodes-xpulpvect_CUSTOM:229,No
PV_ADD_H_DIV8,pv.add.h.div8,0111010??????????110?????1010111,sw/toolchain/riscv-opcodes/opcodes-xpulpvect_CUSTOM,sw/toolchain/riscv-opcodes/opcodes-xpulpvect_CUSTOM:230,No
PV_SUB_H_DIV2,pv.sub.h.div2,0110010??????????010?????1010111,sw/toolchain/riscv-opcodes/opcodes-xpulpvect_CUSTOM,sw/toolchain/riscv-opcodes/opcodes-xpulpvect_CUSTOM:231,No
PV_SUB_H_DIV4,pv.sub.h.div4,0110010??????????100?????1010111,sw/toolchain/riscv-opcodes/opcodes-xpulpvect_CUSTOM,sw/toolchain/riscv-opcodes/opcodes-xpulpvect_CUSTOM:232,No
PV_SUB_H_DIV8,pv.sub.h.div8,0110010??????????110?????1010111,sw/toolchain/riscv-opcodes/opcodes-xpulpvect_CUSTOM,sw/toolchain/riscv-opcodes/opcodes-xpulpvect_CUSTOM:233,No
PV_SHUFFLE_H,pv.shuffle.h,1100000??????????000?????1010111,sw/toolchain/riscv-opcodes/opcodes-xpulpvectshufflepack_CUSTOM,sw/toolchain/riscv-opcodes/opcodes-xpulpvectshufflepack_CUSTOM:17,No
PV_SHUFFLE_SCI_H,pv.shuffle.sci.h,110000???????????110?????1010111,sw/toolchain/riscv-opcodes/opcodes-xpulpvectshufflepack_CUSTOM,sw/toolchain/riscv-opcodes/opcodes-xpulpvectshufflepack_CUSTOM:18,No
PV_SHUFFLE_B,pv.shuffle.b,1100000??????????001?????1010111,sw/toolchain/riscv-opcodes/opcodes-xpulpvectshufflepack_CUSTOM,sw/toolchain/riscv-opcodes/opcodes-xpulpvectshufflepack_CUSTOM:19,No
PV_SHUFFLEI0_SCI_B,pv.shufflei0.sci.b,110000???????????111?????1010111,sw/toolchain/riscv-opcodes/opcodes-xpulpvectshufflepack_CUSTOM,sw/toolchain/riscv-opcodes/opcodes-xpulpvectshufflepack_CUSTOM:20,No
PV_SHUFFLEI1_SCI_B,pv.shufflei1.sci.b,111010???????????111?????1010111,sw/toolchain/riscv-opcodes/opcodes-xpulpvectshufflepack_CUSTOM,sw/toolchain/riscv-opcodes/opcodes-xpulpvectshufflepack_CUSTOM:21,No
PV_SHUFFLEI2_SCI_B,pv.shufflei2.sci.b,111100???????????111?????1010111,sw/toolchain/riscv-opcodes/opcodes-xpulpvectshufflepack_CUSTOM,sw/toolchain/riscv-opcodes/opcodes-xpulpvectshufflepack_CUSTOM:22,No
PV_SHUFFLEI3_SCI_B,pv.shufflei3.sci.b,111110???????????111?????1010111,sw/toolchain/riscv-opcodes/opcodes-xpulpvectshufflepack_CUSTOM,sw/toolchain/riscv-opcodes/opcodes-xpulpvectshufflepack_CUSTOM:23,No
PV_SHUFFLE2_H,pv.shuffle2.h,1100100??????????000?????1010111,sw/toolchain/riscv-opcodes/opcodes-xpulpvectshufflepack_CUSTOM,sw/toolchain/riscv-opcodes/opcodes-xpulpvectshufflepack_CUSTOM:24,No
PV_SHUFFLE2_B,pv.shuffle2.b,1100100??????????001?????1010111,sw/toolchain/riscv-opcodes/opcodes-xpulpvectshufflepack_CUSTOM,sw/toolchain/riscv-opcodes/opcodes-xpulpvectshufflepack_CUSTOM:25,No
PV_PACK,pv.pack,1101000??????????000?????1010111,sw/toolchain/riscv-opcodes/opcodes-xpulpvectshufflepack_CUSTOM,sw/toolchain/riscv-opcodes/opcodes-xpulpvectshufflepack_CUSTOM:26,No
PV_PACK_H,pv.pack.h,1101001??????????000?????1010111,sw/toolchain/riscv-opcodes/opcodes-xpulpvectshufflepack_CUSTOM,sw/toolchain/riscv-opcodes/opcodes-xpulpvectshufflepack_CUSTOM:27,No
PV_PACKHI_B,pv.packhi.b,1101100??????????001?????1010111,sw/toolchain/riscv-opcodes/opcodes-xpulpvectshufflepack_CUSTOM,sw/toolchain/riscv-opcodes/opcodes-xpulpvectshufflepack_CUSTOM:28,No
PV_PACKLO_B,pv.packlo.b,1110000??????????001?????1010111,sw/toolchain/riscv-opcodes/opcodes-xpulpvectshufflepack_CUSTOM,sw/toolchain/riscv-opcodes/opcodes-xpulpvectshufflepack_CUSTOM:29,No
