source_artifact_root,D,N,allocation_bytes,bank_conflicts,binary_hash,bit_equal,bit_equal_ratio,buffer_allocation_bytes,buffer_footprint_bytes,case_class,case_id,case_kind,cfg_hash,checked,cluster_cfg,command_and_sync_cycles,comparison_set_complete,compiler,compiler_fairness_hash,compiler_flags,config,config_alias,counter_profile,dynamic_retired_instructions,dynamic_trace_verified,dynamic_vector_instructions,end_to_end_cycles,end_to_end_reason,evidence_class,expected_target_status,fairness_gate,fairness_mismatches,footprint_bytes,fsm_gate,git_commit,git_dirty,implementation,inf_count,input_hash,input_pattern,instruction_mix_source,internal_implementation,kernel_cycles,l2_relative_error,logical_D,logical_N,logical_cycles_per_element,max_abs_error,max_kernel_cycles,max_rel_error,mean_abs_error,measurement_simulator_dasm_trace_enabled,measurement_simulator_gate,measurement_simulator_profile,measurement_target_projection_hash,memory_footprint_bytes,nan_count,neg_inf_count,nonfinite,padded_D,padded_N,padding_ratio,paper_eligible,paper_ineligible_reasons,physical_cycles_per_element,pos_inf_count,raw_log_path,repeat,reproducible,retired_accelerator_instructions,retired_instructions,rmse,run_id,runtime_reserved_bytes,rvv_vector_cycles,saw_busy,scalar_instructions,seed,simulator_hash,simulator_path,size_class,smu_busy_cycles,smu_commands,smu_scalar_cycles,smu_wait_cycles,stall_cycles,static_code_gate,static_code_gate_reasons,status,stride,target_result_hash,target_status,tcdm_accessed,tcdm_capacity_bytes,tcdm_congested,tcdm_read_bytes,tcdm_write_bytes,tile_size,timestamp,trace_audit_path,trace_load_store_cycles,trace_loop_control_cycles,trace_other_cycles,trace_rvv_cycles,trace_software_scalar_cycles,trace_source,trace_synchronization_cycles,trace_target_equivalence_gate,trace_undecoded_cycles,trace_witness_gate,trace_witness_simulator_hash,trace_witness_simulator_path,trace_witness_simulator_profile,trace_witness_target_projection_hash,trial,vector_instructions,verilator_version,worktree_snapshot_hash,compute_scalar_cycles,compute_weight_cycles,load_scalar_cycles,smu_measured_invocation,store_scalar_cycles,update_vector_cycles
/home/wxt/work-online-merge-supplement/run-archive/m1-matched-lut-7wqexi/artifacts/work-online-merge-m2-matched-lut-scale-00-r1,64,1,1280,NA,d9d9f5e1f449c52172730d35cc1e9eb321ead63de390b75e9cef0e5ecd9b5971,2,0.030303030303030304,1280,1064,main,scale_d64_n1,main,120fa0c30199e54e6e9b5c60d8da40913eae8526640992cc5d4f130bef159775,66,/home/wxt/m1-matched-lut.7wqexi/repo/hw/system/spatz_cluster/cfg/spatz_cluster.default.dram.hjson,NA,YES,clang version 14.0.6 (git@github.com:pulp-platform/llvm-project.git b494f2d8dde88723026db8ec16ac6c7ee1e140ca) | Target: riscv32-unknown-unknown-elf | Thread model: posix,28c5bf6d1153a39f375350e94aa944a613472918c927a69c989cfd8c9aa59039,/home/wxt/m1-matched-lut.7wqexi/repo/install/llvm/bin/clang -DONLINE_MERGE_COUNTER_PROFILE=0 -DONLINE_MERGE_IMPLEMENTATION_SELECT=2 -DONLINE_MERGE_STACK_LOG2=13 -DONLINE_MERGE_TRACE_PROXY=0 -I/home/wxt/m1-matched-lut.7wqexi/repo/sw/spatzBenchmarks/include -I/home/wxt/m1-matched-lut.7wqexi/repo/sw/snRuntime/include -I/home/wxt/m1-matched-lut.7wqexi/repo/sw/snRuntime/vendor -I/home/wxt/m1-matched-lut.7wqexi/repo/sw/snRuntime/../toolchain/riscv-opcodes -I/home/wxt/work-online-merge-supplement/run-archive/m1-matched-lut-7wqexi/artifacts/work-online-merge-m2-matched-lut-scale-00-r1/build/spatzBenchmarks/online_merge_generated/N1_D64_S1_main_R1 -I/home/wxt/m1-matched-lut.7wqexi/repo/sw/spatzBenchmarks/online-softmax-merge  --gcc-toolchain=/home/wxt/m1-matched-lut.7wqexi/repo/install/riscv-gcc --gcc-toolchain=/home/wxt/m1-matched-lut.7wqexi/repo/install/riscv-gcc -mcpu=snitch -mcmodel=small -ffast-math -fno-builtin-printf -fno-common -falign-loops=16 -ffunction-sections -Wextra -static -mllvm -misched-topdown -menable-experimental-extensions -mno-relax -march=rv32imafdvzfh_xdma_xfquarter -mabi=ilp32d -O3 -g -o CMakeFiles/test-spatzBenchmarks-online-softmax-merge-b2r.dir/online-softmax-merge/main.c.o -c /home/wxt/m1-matched-lut.7wqexi/repo/sw/spatzBenchmarks/online-softmax-merge/main.c,B2R_RVV,A0,memory,1161,YES,48,NA,NO_EXPLICIT_TRANSFER_PHASE,MAIN_PERFORMANCE,pass,PASS,NA,1064,NA,7225d41ad2d1c63376a9fb1ea4e56b3b24a3e97f,False,B2-R,0,abec8e1d2f4ffa429db817bf6d7d2f09fddee761d8cf6bfe682791e39c938ac2,main,DASM_MARKER_ENVELOPE_WITNESS,B2-R,1760,1.4773292296096567e-06,64,1,27.5,1.9073486328125e-06,100000000,1.9073486328125e-06,9.915375178962043e-07,False,PASS,low_perturbation,c35065c93113a59bd89ea93995a8019886e359bb56836d1940cfb4d21985011a,17792,0,0,0,64,1,1.0,YES,NA,27.5,0,scale_d64_n1/memory/B2R_RVV/trial-0/simulator.log,0,YES,NA,NA,1.1239745012523537e-06,20260811T100559Z_7225d41a_m2-matched-lut-scale-00,16512,NA,0,1113,1,33f066a87e3592e55aa4c78bcc583383243061423e6a790856d5b1be7f593fef,/home/wxt/work-online-merge-supplement/work-artifacts/work-online-merge-low-dasm-simulator-5c2aad2-r1/spatz_cluster.vlt,SCALE_D64,NA,0,NA,NA,NA,PASS,NA,PASS,256,485214fe4eddb20ca482d5dd204de47626e3b4b67228bd4c9b23d333776210f1,pass,210,131072,0,NA,NA,NA,2026-08-11T10:07:05+00:00,scale_d64_n1/memory/B2R_RVV/trace-witness/instruction_trace_audit.json,221,571,459,48,506,INDEPENDENT_DASM_WITNESS,6,PASS,NA,PASS,361ff71bcc241b448e49ff6d212d06a13a986e2fad861b0aa0b67e40e7a21d68,/home/wxt/work-online-merge-supplement/work-artifacts/work-online-merge-traced-simulator-088a44d-r1/spatz_cluster.vlt,default,c35065c93113a59bd89ea93995a8019886e359bb56836d1940cfb4d21985011a,0,48,Verilator 5.034 2025-02-24 rev v5.034,4f53cda18c2baa0c0354bb5f9a3ecbe5ed12ab4d8e11ba873c2f11161202b945,,,,,,
/home/wxt/work-online-merge-supplement/run-archive/m1-matched-lut-7wqexi/artifacts/work-online-merge-m2-matched-lut-scale-00-r1,64,1,1280,NA,d9d9f5e1f449c52172730d35cc1e9eb321ead63de390b75e9cef0e5ecd9b5971,2,0.030303030303030304,1280,1064,main,scale_d64_n1,main,120fa0c30199e54e6e9b5c60d8da40913eae8526640992cc5d4f130bef159775,66,/home/wxt/m1-matched-lut.7wqexi/repo/hw/system/spatz_cluster/cfg/spatz_cluster.default.dram.hjson,NA,YES,clang version 14.0.6 (git@github.com:pulp-platform/llvm-project.git b494f2d8dde88723026db8ec16ac6c7ee1e140ca) | Target: riscv32-unknown-unknown-elf | Thread model: posix,28c5bf6d1153a39f375350e94aa944a613472918c927a69c989cfd8c9aa59039,/home/wxt/m1-matched-lut.7wqexi/repo/install/llvm/bin/clang -DONLINE_MERGE_COUNTER_PROFILE=0 -DONLINE_MERGE_IMPLEMENTATION_SELECT=2 -DONLINE_MERGE_STACK_LOG2=13 -DONLINE_MERGE_TRACE_PROXY=0 -I/home/wxt/m1-matched-lut.7wqexi/repo/sw/spatzBenchmarks/include -I/home/wxt/m1-matched-lut.7wqexi/repo/sw/snRuntime/include -I/home/wxt/m1-matched-lut.7wqexi/repo/sw/snRuntime/vendor -I/home/wxt/m1-matched-lut.7wqexi/repo/sw/snRuntime/../toolchain/riscv-opcodes -I/home/wxt/work-online-merge-supplement/run-archive/m1-matched-lut-7wqexi/artifacts/work-online-merge-m2-matched-lut-scale-00-r1/build/spatzBenchmarks/online_merge_generated/N1_D64_S1_main_R1 -I/home/wxt/m1-matched-lut.7wqexi/repo/sw/spatzBenchmarks/online-softmax-merge  --gcc-toolchain=/home/wxt/m1-matched-lut.7wqexi/repo/install/riscv-gcc --gcc-toolchain=/home/wxt/m1-matched-lut.7wqexi/repo/install/riscv-gcc -mcpu=snitch -mcmodel=small -ffast-math -fno-builtin-printf -fno-common -falign-loops=16 -ffunction-sections -Wextra -static -mllvm -misched-topdown -menable-experimental-extensions -mno-relax -march=rv32imafdvzfh_xdma_xfquarter -mabi=ilp32d -O3 -g -o CMakeFiles/test-spatzBenchmarks-online-softmax-merge-b2r.dir/online-softmax-merge/main.c.o -c /home/wxt/m1-matched-lut.7wqexi/repo/sw/spatzBenchmarks/online-softmax-merge/main.c,B2R_RVV,A0,memory,1161,YES,48,NA,NO_EXPLICIT_TRANSFER_PHASE,MAIN_PERFORMANCE,pass,PASS,NA,1064,NA,7225d41ad2d1c63376a9fb1ea4e56b3b24a3e97f,False,B2-R,0,abec8e1d2f4ffa429db817bf6d7d2f09fddee761d8cf6bfe682791e39c938ac2,main,DASM_MARKER_ENVELOPE_WITNESS,B2-R,1760,1.4773292296096567e-06,64,1,27.5,1.9073486328125e-06,100000000,1.9073486328125e-06,9.915375178962043e-07,False,PASS,low_perturbation,c35065c93113a59bd89ea93995a8019886e359bb56836d1940cfb4d21985011a,17792,0,0,0,64,1,1.0,YES,NA,27.5,0,scale_d64_n1/memory/B2R_RVV/trial-1/simulator.log,0,YES,NA,NA,1.1239745012523537e-06,20260811T100559Z_7225d41a_m2-matched-lut-scale-00,16512,NA,0,1113,1,33f066a87e3592e55aa4c78bcc583383243061423e6a790856d5b1be7f593fef,/home/wxt/work-online-merge-supplement/work-artifacts/work-online-merge-low-dasm-simulator-5c2aad2-r1/spatz_cluster.vlt,SCALE_D64,NA,0,NA,NA,NA,PASS,NA,PASS,256,485214fe4eddb20ca482d5dd204de47626e3b4b67228bd4c9b23d333776210f1,pass,210,131072,0,NA,NA,NA,2026-08-11T10:08:07+00:00,scale_d64_n1/memory/B2R_RVV/trace-witness/instruction_trace_audit.json,221,571,459,48,506,INDEPENDENT_DASM_WITNESS,6,PASS,NA,PASS,361ff71bcc241b448e49ff6d212d06a13a986e2fad861b0aa0b67e40e7a21d68,/home/wxt/work-online-merge-supplement/work-artifacts/work-online-merge-traced-simulator-088a44d-r1/spatz_cluster.vlt,default,c35065c93113a59bd89ea93995a8019886e359bb56836d1940cfb4d21985011a,1,48,Verilator 5.034 2025-02-24 rev v5.034,4f53cda18c2baa0c0354bb5f9a3ecbe5ed12ab4d8e11ba873c2f11161202b945,,,,,,
/home/wxt/work-online-merge-supplement/run-archive/m1-matched-lut-7wqexi/artifacts/work-online-merge-m2-matched-lut-scale-00-r1,64,1,1280,NA,d9d9f5e1f449c52172730d35cc1e9eb321ead63de390b75e9cef0e5ecd9b5971,2,0.030303030303030304,1280,1064,main,scale_d64_n1,main,120fa0c30199e54e6e9b5c60d8da40913eae8526640992cc5d4f130bef159775,66,/home/wxt/m1-matched-lut.7wqexi/repo/hw/system/spatz_cluster/cfg/spatz_cluster.default.dram.hjson,NA,YES,clang version 14.0.6 (git@github.com:pulp-platform/llvm-project.git b494f2d8dde88723026db8ec16ac6c7ee1e140ca) | Target: riscv32-unknown-unknown-elf | Thread model: posix,28c5bf6d1153a39f375350e94aa944a613472918c927a69c989cfd8c9aa59039,/home/wxt/m1-matched-lut.7wqexi/repo/install/llvm/bin/clang -DONLINE_MERGE_COUNTER_PROFILE=0 -DONLINE_MERGE_IMPLEMENTATION_SELECT=2 -DONLINE_MERGE_STACK_LOG2=13 -DONLINE_MERGE_TRACE_PROXY=0 -I/home/wxt/m1-matched-lut.7wqexi/repo/sw/spatzBenchmarks/include -I/home/wxt/m1-matched-lut.7wqexi/repo/sw/snRuntime/include -I/home/wxt/m1-matched-lut.7wqexi/repo/sw/snRuntime/vendor -I/home/wxt/m1-matched-lut.7wqexi/repo/sw/snRuntime/../toolchain/riscv-opcodes -I/home/wxt/work-online-merge-supplement/run-archive/m1-matched-lut-7wqexi/artifacts/work-online-merge-m2-matched-lut-scale-00-r1/build/spatzBenchmarks/online_merge_generated/N1_D64_S1_main_R1 -I/home/wxt/m1-matched-lut.7wqexi/repo/sw/spatzBenchmarks/online-softmax-merge  --gcc-toolchain=/home/wxt/m1-matched-lut.7wqexi/repo/install/riscv-gcc --gcc-toolchain=/home/wxt/m1-matched-lut.7wqexi/repo/install/riscv-gcc -mcpu=snitch -mcmodel=small -ffast-math -fno-builtin-printf -fno-common -falign-loops=16 -ffunction-sections -Wextra -static -mllvm -misched-topdown -menable-experimental-extensions -mno-relax -march=rv32imafdvzfh_xdma_xfquarter -mabi=ilp32d -O3 -g -o CMakeFiles/test-spatzBenchmarks-online-softmax-merge-b2r.dir/online-softmax-merge/main.c.o -c /home/wxt/m1-matched-lut.7wqexi/repo/sw/spatzBenchmarks/online-softmax-merge/main.c,B2R_RVV,A0,memory,1161,YES,48,NA,NO_EXPLICIT_TRANSFER_PHASE,MAIN_PERFORMANCE,pass,PASS,NA,1064,NA,7225d41ad2d1c63376a9fb1ea4e56b3b24a3e97f,False,B2-R,0,abec8e1d2f4ffa429db817bf6d7d2f09fddee761d8cf6bfe682791e39c938ac2,main,DASM_MARKER_ENVELOPE_WITNESS,B2-R,1760,1.4773292296096567e-06,64,1,27.5,1.9073486328125e-06,100000000,1.9073486328125e-06,9.915375178962043e-07,False,PASS,low_perturbation,c35065c93113a59bd89ea93995a8019886e359bb56836d1940cfb4d21985011a,17792,0,0,0,64,1,1.0,YES,NA,27.5,0,scale_d64_n1/memory/B2R_RVV/trial-2/simulator.log,0,YES,NA,NA,1.1239745012523537e-06,20260811T100559Z_7225d41a_m2-matched-lut-scale-00,16512,NA,0,1113,1,33f066a87e3592e55aa4c78bcc583383243061423e6a790856d5b1be7f593fef,/home/wxt/work-online-merge-supplement/work-artifacts/work-online-merge-low-dasm-simulator-5c2aad2-r1/spatz_cluster.vlt,SCALE_D64,NA,0,NA,NA,NA,PASS,NA,PASS,256,485214fe4eddb20ca482d5dd204de47626e3b4b67228bd4c9b23d333776210f1,pass,210,131072,0,NA,NA,NA,2026-08-11T10:09:10+00:00,scale_d64_n1/memory/B2R_RVV/trace-witness/instruction_trace_audit.json,221,571,459,48,506,INDEPENDENT_DASM_WITNESS,6,PASS,NA,PASS,361ff71bcc241b448e49ff6d212d06a13a986e2fad861b0aa0b67e40e7a21d68,/home/wxt/work-online-merge-supplement/work-artifacts/work-online-merge-traced-simulator-088a44d-r1/spatz_cluster.vlt,default,c35065c93113a59bd89ea93995a8019886e359bb56836d1940cfb4d21985011a,2,48,Verilator 5.034 2025-02-24 rev v5.034,4f53cda18c2baa0c0354bb5f9a3ecbe5ed12ab4d8e11ba873c2f11161202b945,,,,,,
/home/wxt/work-online-merge-supplement/run-archive/m1-matched-lut-7wqexi/artifacts/work-online-merge-m2-matched-lut-scale-00-r1,64,1,1280,NA,edcc06c314bb0bf3340959c2e1f846997cd917ac0e27c6221db2c0aa52b9df9b,2,0.030303030303030304,1280,1064,main,scale_d64_n1,main,120fa0c30199e54e6e9b5c60d8da40913eae8526640992cc5d4f130bef159775,66,/home/wxt/m1-matched-lut.7wqexi/repo/hw/system/spatz_cluster/cfg/spatz_cluster.default.dram.hjson,1586,YES,clang version 14.0.6 (git@github.com:pulp-platform/llvm-project.git b494f2d8dde88723026db8ec16ac6c7ee1e140ca) | Target: riscv32-unknown-unknown-elf | Thread model: posix,28c5bf6d1153a39f375350e94aa944a613472918c927a69c989cfd8c9aa59039,/home/wxt/m1-matched-lut.7wqexi/repo/install/llvm/bin/clang -DONLINE_MERGE_COUNTER_PROFILE=0 -DONLINE_MERGE_IMPLEMENTATION_SELECT=4 -DONLINE_MERGE_STACK_LOG2=13 -DONLINE_MERGE_TRACE_PROXY=0 -I/home/wxt/m1-matched-lut.7wqexi/repo/sw/spatzBenchmarks/include -I/home/wxt/m1-matched-lut.7wqexi/repo/sw/snRuntime/include -I/home/wxt/m1-matched-lut.7wqexi/repo/sw/snRuntime/vendor -I/home/wxt/m1-matched-lut.7wqexi/repo/sw/snRuntime/../toolchain/riscv-opcodes -I/home/wxt/work-online-merge-supplement/run-archive/m1-matched-lut-7wqexi/artifacts/work-online-merge-m2-matched-lut-scale-00-r1/build/spatzBenchmarks/online_merge_generated/N1_D64_S1_main_R1 -I/home/wxt/m1-matched-lut.7wqexi/repo/sw/spatzBenchmarks/online-softmax-merge  --gcc-toolchain=/home/wxt/m1-matched-lut.7wqexi/repo/install/riscv-gcc --gcc-toolchain=/home/wxt/m1-matched-lut.7wqexi/repo/install/riscv-gcc -mcpu=snitch -mcmodel=small -ffast-math -fno-builtin-printf -fno-common -falign-loops=16 -ffunction-sections -Wextra -static -mllvm -misched-topdown -menable-experimental-extensions -mno-relax -march=rv32imafdvzfh_xdma_xfquarter -mabi=ilp32d -O3 -g -o CMakeFiles/test-spatzBenchmarks-online-softmax-merge-a1.dir/online-softmax-merge/main.c.o -c /home/wxt/m1-matched-lut.7wqexi/repo/sw/spatzBenchmarks/online-softmax-merge/main.c,A1_SMU_SCALAR,NA,memory,NA,NO,NA,NA,NO_EXPLICIT_TRANSFER_PHASE,MAIN_PERFORMANCE,pass,PASS,NA,1064,PASS,7225d41ad2d1c63376a9fb1ea4e56b3b24a3e97f,False,A1,0,abec8e1d2f4ffa429db817bf6d7d2f09fddee761d8cf6bfe682791e39c938ac2,main,NA,A1,1610,1.4773292296096567e-06,64,1,25.15625,1.9073486328125e-06,100000000,1.9073486328125e-06,9.915375178962043e-07,False,PASS,low_perturbation,e233c30d8d646c17ab060eaf9a67865a45a22fe89ef38c6a6b2f0e77550903cb,17792,0,0,0,64,1,1.0,YES,NA,25.15625,0,scale_d64_n1/memory/A1_SMU_SCALAR/trial-0/simulator.log,0,YES,NA,NA,1.1239745012523537e-06,20260811T100559Z_7225d41a_m2-matched-lut-scale-00,16512,271,0,NA,1,33f066a87e3592e55aa4c78bcc583383243061423e6a790856d5b1be7f593fef,/home/wxt/work-online-merge-supplement/work-artifacts/work-online-merge-low-dasm-simulator-5c2aad2-r1/spatz_cluster.vlt,SCALE_D64,24,1,1339,NA,NA,PASS,NA,PASS,256,237625c672dfb0f7acdf311f53243617ef99b8da058cf7469b19ef511529094c,pass,489,131072,0,NA,NA,NA,2026-08-11T10:10:13+00:00,NA,NA,NA,NA,NA,NA,NA,NA,NA,NA,NA,NA,NA,NA,NA,0,NA,Verilator 5.034 2025-02-24 rev v5.034,4f53cda18c2baa0c0354bb5f9a3ecbe5ed12ab4d8e11ba873c2f11161202b945,1,1,13,1,9,0
/home/wxt/work-online-merge-supplement/run-archive/m1-matched-lut-7wqexi/artifacts/work-online-merge-m2-matched-lut-scale-00-r1,64,1,1280,NA,edcc06c314bb0bf3340959c2e1f846997cd917ac0e27c6221db2c0aa52b9df9b,2,0.030303030303030304,1280,1064,main,scale_d64_n1,main,120fa0c30199e54e6e9b5c60d8da40913eae8526640992cc5d4f130bef159775,66,/home/wxt/m1-matched-lut.7wqexi/repo/hw/system/spatz_cluster/cfg/spatz_cluster.default.dram.hjson,1586,YES,clang version 14.0.6 (git@github.com:pulp-platform/llvm-project.git b494f2d8dde88723026db8ec16ac6c7ee1e140ca) | Target: riscv32-unknown-unknown-elf | Thread model: posix,28c5bf6d1153a39f375350e94aa944a613472918c927a69c989cfd8c9aa59039,/home/wxt/m1-matched-lut.7wqexi/repo/install/llvm/bin/clang -DONLINE_MERGE_COUNTER_PROFILE=0 -DONLINE_MERGE_IMPLEMENTATION_SELECT=4 -DONLINE_MERGE_STACK_LOG2=13 -DONLINE_MERGE_TRACE_PROXY=0 -I/home/wxt/m1-matched-lut.7wqexi/repo/sw/spatzBenchmarks/include -I/home/wxt/m1-matched-lut.7wqexi/repo/sw/snRuntime/include -I/home/wxt/m1-matched-lut.7wqexi/repo/sw/snRuntime/vendor -I/home/wxt/m1-matched-lut.7wqexi/repo/sw/snRuntime/../toolchain/riscv-opcodes -I/home/wxt/work-online-merge-supplement/run-archive/m1-matched-lut-7wqexi/artifacts/work-online-merge-m2-matched-lut-scale-00-r1/build/spatzBenchmarks/online_merge_generated/N1_D64_S1_main_R1 -I/home/wxt/m1-matched-lut.7wqexi/repo/sw/spatzBenchmarks/online-softmax-merge  --gcc-toolchain=/home/wxt/m1-matched-lut.7wqexi/repo/install/riscv-gcc --gcc-toolchain=/home/wxt/m1-matched-lut.7wqexi/repo/install/riscv-gcc -mcpu=snitch -mcmodel=small -ffast-math -fno-builtin-printf -fno-common -falign-loops=16 -ffunction-sections -Wextra -static -mllvm -misched-topdown -menable-experimental-extensions -mno-relax -march=rv32imafdvzfh_xdma_xfquarter -mabi=ilp32d -O3 -g -o CMakeFiles/test-spatzBenchmarks-online-softmax-merge-a1.dir/online-softmax-merge/main.c.o -c /home/wxt/m1-matched-lut.7wqexi/repo/sw/spatzBenchmarks/online-softmax-merge/main.c,A1_SMU_SCALAR,NA,memory,NA,NO,NA,NA,NO_EXPLICIT_TRANSFER_PHASE,MAIN_PERFORMANCE,pass,PASS,NA,1064,PASS,7225d41ad2d1c63376a9fb1ea4e56b3b24a3e97f,False,A1,0,abec8e1d2f4ffa429db817bf6d7d2f09fddee761d8cf6bfe682791e39c938ac2,main,NA,A1,1610,1.4773292296096567e-06,64,1,25.15625,1.9073486328125e-06,100000000,1.9073486328125e-06,9.915375178962043e-07,False,PASS,low_perturbation,e233c30d8d646c17ab060eaf9a67865a45a22fe89ef38c6a6b2f0e77550903cb,17792,0,0,0,64,1,1.0,YES,NA,25.15625,0,scale_d64_n1/memory/A1_SMU_SCALAR/trial-1/simulator.log,0,YES,NA,NA,1.1239745012523537e-06,20260811T100559Z_7225d41a_m2-matched-lut-scale-00,16512,271,0,NA,1,33f066a87e3592e55aa4c78bcc583383243061423e6a790856d5b1be7f593fef,/home/wxt/work-online-merge-supplement/work-artifacts/work-online-merge-low-dasm-simulator-5c2aad2-r1/spatz_cluster.vlt,SCALE_D64,24,1,1339,NA,NA,PASS,NA,PASS,256,237625c672dfb0f7acdf311f53243617ef99b8da058cf7469b19ef511529094c,pass,489,131072,0,NA,NA,NA,2026-08-11T10:11:14+00:00,NA,NA,NA,NA,NA,NA,NA,NA,NA,NA,NA,NA,NA,NA,NA,1,NA,Verilator 5.034 2025-02-24 rev v5.034,4f53cda18c2baa0c0354bb5f9a3ecbe5ed12ab4d8e11ba873c2f11161202b945,1,1,13,1,9,0
/home/wxt/work-online-merge-supplement/run-archive/m1-matched-lut-7wqexi/artifacts/work-online-merge-m2-matched-lut-scale-00-r1,64,1,1280,NA,edcc06c314bb0bf3340959c2e1f846997cd917ac0e27c6221db2c0aa52b9df9b,2,0.030303030303030304,1280,1064,main,scale_d64_n1,main,120fa0c30199e54e6e9b5c60d8da40913eae8526640992cc5d4f130bef159775,66,/home/wxt/m1-matched-lut.7wqexi/repo/hw/system/spatz_cluster/cfg/spatz_cluster.default.dram.hjson,1586,YES,clang version 14.0.6 (git@github.com:pulp-platform/llvm-project.git b494f2d8dde88723026db8ec16ac6c7ee1e140ca) | Target: riscv32-unknown-unknown-elf | Thread model: posix,28c5bf6d1153a39f375350e94aa944a613472918c927a69c989cfd8c9aa59039,/home/wxt/m1-matched-lut.7wqexi/repo/install/llvm/bin/clang -DONLINE_MERGE_COUNTER_PROFILE=0 -DONLINE_MERGE_IMPLEMENTATION_SELECT=4 -DONLINE_MERGE_STACK_LOG2=13 -DONLINE_MERGE_TRACE_PROXY=0 -I/home/wxt/m1-matched-lut.7wqexi/repo/sw/spatzBenchmarks/include -I/home/wxt/m1-matched-lut.7wqexi/repo/sw/snRuntime/include -I/home/wxt/m1-matched-lut.7wqexi/repo/sw/snRuntime/vendor -I/home/wxt/m1-matched-lut.7wqexi/repo/sw/snRuntime/../toolchain/riscv-opcodes -I/home/wxt/work-online-merge-supplement/run-archive/m1-matched-lut-7wqexi/artifacts/work-online-merge-m2-matched-lut-scale-00-r1/build/spatzBenchmarks/online_merge_generated/N1_D64_S1_main_R1 -I/home/wxt/m1-matched-lut.7wqexi/repo/sw/spatzBenchmarks/online-softmax-merge  --gcc-toolchain=/home/wxt/m1-matched-lut.7wqexi/repo/install/riscv-gcc --gcc-toolchain=/home/wxt/m1-matched-lut.7wqexi/repo/install/riscv-gcc -mcpu=snitch -mcmodel=small -ffast-math -fno-builtin-printf -fno-common -falign-loops=16 -ffunction-sections -Wextra -static -mllvm -misched-topdown -menable-experimental-extensions -mno-relax -march=rv32imafdvzfh_xdma_xfquarter -mabi=ilp32d -O3 -g -o CMakeFiles/test-spatzBenchmarks-online-softmax-merge-a1.dir/online-softmax-merge/main.c.o -c /home/wxt/m1-matched-lut.7wqexi/repo/sw/spatzBenchmarks/online-softmax-merge/main.c,A1_SMU_SCALAR,NA,memory,NA,NO,NA,NA,NO_EXPLICIT_TRANSFER_PHASE,MAIN_PERFORMANCE,pass,PASS,NA,1064,PASS,7225d41ad2d1c63376a9fb1ea4e56b3b24a3e97f,False,A1,0,abec8e1d2f4ffa429db817bf6d7d2f09fddee761d8cf6bfe682791e39c938ac2,main,NA,A1,1610,1.4773292296096567e-06,64,1,25.15625,1.9073486328125e-06,100000000,1.9073486328125e-06,9.915375178962043e-07,False,PASS,low_perturbation,e233c30d8d646c17ab060eaf9a67865a45a22fe89ef38c6a6b2f0e77550903cb,17792,0,0,0,64,1,1.0,YES,NA,25.15625,0,scale_d64_n1/memory/A1_SMU_SCALAR/trial-2/simulator.log,0,YES,NA,NA,1.1239745012523537e-06,20260811T100559Z_7225d41a_m2-matched-lut-scale-00,16512,271,0,NA,1,33f066a87e3592e55aa4c78bcc583383243061423e6a790856d5b1be7f593fef,/home/wxt/work-online-merge-supplement/work-artifacts/work-online-merge-low-dasm-simulator-5c2aad2-r1/spatz_cluster.vlt,SCALE_D64,24,1,1339,NA,NA,PASS,NA,PASS,256,237625c672dfb0f7acdf311f53243617ef99b8da058cf7469b19ef511529094c,pass,489,131072,0,NA,NA,NA,2026-08-11T10:12:16+00:00,NA,NA,NA,NA,NA,NA,NA,NA,NA,NA,NA,NA,NA,NA,NA,2,NA,Verilator 5.034 2025-02-24 rev v5.034,4f53cda18c2baa0c0354bb5f9a3ecbe5ed12ab4d8e11ba873c2f11161202b945,1,1,13,1,9,0
/home/wxt/work-online-merge-supplement/run-archive/m1-matched-lut-7wqexi/artifacts/work-online-merge-m2-matched-lut-scale-00-r1,64,1,1280,NA,bde65416eee0947435924bad1027c54880e4ed2d16bdc9a94fbeb29eb5c05b05,2,0.030303030303030304,1280,1064,main,scale_d64_n1,main,120fa0c30199e54e6e9b5c60d8da40913eae8526640992cc5d4f130bef159775,66,/home/wxt/m1-matched-lut.7wqexi/repo/hw/system/spatz_cluster/cfg/spatz_cluster.default.dram.hjson,1291,YES,clang version 14.0.6 (git@github.com:pulp-platform/llvm-project.git b494f2d8dde88723026db8ec16ac6c7ee1e140ca) | Target: riscv32-unknown-unknown-elf | Thread model: posix,28c5bf6d1153a39f375350e94aa944a613472918c927a69c989cfd8c9aa59039,/home/wxt/m1-matched-lut.7wqexi/repo/install/llvm/bin/clang -DONLINE_MERGE_COUNTER_PROFILE=0 -DONLINE_MERGE_IMPLEMENTATION_SELECT=3 -DONLINE_MERGE_STACK_LOG2=13 -DONLINE_MERGE_TRACE_PROXY=0 -I/home/wxt/m1-matched-lut.7wqexi/repo/sw/spatzBenchmarks/include -I/home/wxt/m1-matched-lut.7wqexi/repo/sw/snRuntime/include -I/home/wxt/m1-matched-lut.7wqexi/repo/sw/snRuntime/vendor -I/home/wxt/m1-matched-lut.7wqexi/repo/sw/snRuntime/../toolchain/riscv-opcodes -I/home/wxt/work-online-merge-supplement/run-archive/m1-matched-lut-7wqexi/artifacts/work-online-merge-m2-matched-lut-scale-00-r1/build/spatzBenchmarks/online_merge_generated/N1_D64_S1_main_R1 -I/home/wxt/m1-matched-lut.7wqexi/repo/sw/spatzBenchmarks/online-softmax-merge  --gcc-toolchain=/home/wxt/m1-matched-lut.7wqexi/repo/install/riscv-gcc --gcc-toolchain=/home/wxt/m1-matched-lut.7wqexi/repo/install/riscv-gcc -mcpu=snitch -mcmodel=small -ffast-math -fno-builtin-printf -fno-common -falign-loops=16 -ffunction-sections -Wextra -static -mllvm -misched-topdown -menable-experimental-extensions -mno-relax -march=rv32imafdvzfh_xdma_xfquarter -mabi=ilp32d -O3 -g -o CMakeFiles/test-spatzBenchmarks-online-softmax-merge-a2.dir/online-softmax-merge/main.c.o -c /home/wxt/m1-matched-lut.7wqexi/repo/sw/spatzBenchmarks/online-softmax-merge/main.c,A2_SMU_FULL,A2,memory,NA,NO,NA,NA,NO_EXPLICIT_TRANSFER_PHASE,MAIN_PERFORMANCE,pass,PASS,NA,1064,PASS,7225d41ad2d1c63376a9fb1ea4e56b3b24a3e97f,False,B3,0,abec8e1d2f4ffa429db817bf6d7d2f09fddee761d8cf6bfe682791e39c938ac2,main,NA,B3,1825,1.4716135271994308e-06,64,1,28.515625,1.9073486328125e-06,100000000,1.9073486328125e-06,9.874735648433368e-07,False,PASS,low_perturbation,9292501264888161d7893f4b42d87cae09345d3df43ce0b2103c7ba6441b6c46,17792,0,0,0,64,1,1.0,YES,NA,28.515625,0,scale_d64_n1/memory/A2_SMU_FULL/trial-0/simulator.log,0,YES,NA,NA,1.119625908103934e-06,20260811T100559Z_7225d41a_m2-matched-lut-scale-00,16512,NA,1,NA,1,33f066a87e3592e55aa4c78bcc583383243061423e6a790856d5b1be7f593fef,/home/wxt/work-online-merge-supplement/work-artifacts/work-online-merge-low-dasm-simulator-5c2aad2-r1/spatz_cluster.vlt,SCALE_D64,534,1,NA,NA,NA,PASS,NA,PASS,256,804957e99378ac26591e544d15d5c0e45541b23ca8a696afedad4fa4750d465e,pass,656,131072,1,NA,NA,NA,2026-08-11T10:13:18+00:00,NA,NA,NA,NA,NA,NA,NA,NA,NA,NA,NA,NA,NA,NA,NA,0,NA,Verilator 5.034 2025-02-24 rev v5.034,4f53cda18c2baa0c0354bb5f9a3ecbe5ed12ab4d8e11ba873c2f11161202b945,1,1,13,1,5,514
/home/wxt/work-online-merge-supplement/run-archive/m1-matched-lut-7wqexi/artifacts/work-online-merge-m2-matched-lut-scale-00-r1,64,1,1280,NA,bde65416eee0947435924bad1027c54880e4ed2d16bdc9a94fbeb29eb5c05b05,2,0.030303030303030304,1280,1064,main,scale_d64_n1,main,120fa0c30199e54e6e9b5c60d8da40913eae8526640992cc5d4f130bef159775,66,/home/wxt/m1-matched-lut.7wqexi/repo/hw/system/spatz_cluster/cfg/spatz_cluster.default.dram.hjson,1291,YES,clang version 14.0.6 (git@github.com:pulp-platform/llvm-project.git b494f2d8dde88723026db8ec16ac6c7ee1e140ca) | Target: riscv32-unknown-unknown-elf | Thread model: posix,28c5bf6d1153a39f375350e94aa944a613472918c927a69c989cfd8c9aa59039,/home/wxt/m1-matched-lut.7wqexi/repo/install/llvm/bin/clang -DONLINE_MERGE_COUNTER_PROFILE=0 -DONLINE_MERGE_IMPLEMENTATION_SELECT=3 -DONLINE_MERGE_STACK_LOG2=13 -DONLINE_MERGE_TRACE_PROXY=0 -I/home/wxt/m1-matched-lut.7wqexi/repo/sw/spatzBenchmarks/include -I/home/wxt/m1-matched-lut.7wqexi/repo/sw/snRuntime/include -I/home/wxt/m1-matched-lut.7wqexi/repo/sw/snRuntime/vendor -I/home/wxt/m1-matched-lut.7wqexi/repo/sw/snRuntime/../toolchain/riscv-opcodes -I/home/wxt/work-online-merge-supplement/run-archive/m1-matched-lut-7wqexi/artifacts/work-online-merge-m2-matched-lut-scale-00-r1/build/spatzBenchmarks/online_merge_generated/N1_D64_S1_main_R1 -I/home/wxt/m1-matched-lut.7wqexi/repo/sw/spatzBenchmarks/online-softmax-merge  --gcc-toolchain=/home/wxt/m1-matched-lut.7wqexi/repo/install/riscv-gcc --gcc-toolchain=/home/wxt/m1-matched-lut.7wqexi/repo/install/riscv-gcc -mcpu=snitch -mcmodel=small -ffast-math -fno-builtin-printf -fno-common -falign-loops=16 -ffunction-sections -Wextra -static -mllvm -misched-topdown -menable-experimental-extensions -mno-relax -march=rv32imafdvzfh_xdma_xfquarter -mabi=ilp32d -O3 -g -o CMakeFiles/test-spatzBenchmarks-online-softmax-merge-a2.dir/online-softmax-merge/main.c.o -c /home/wxt/m1-matched-lut.7wqexi/repo/sw/spatzBenchmarks/online-softmax-merge/main.c,A2_SMU_FULL,A2,memory,NA,NO,NA,NA,NO_EXPLICIT_TRANSFER_PHASE,MAIN_PERFORMANCE,pass,PASS,NA,1064,PASS,7225d41ad2d1c63376a9fb1ea4e56b3b24a3e97f,False,B3,0,abec8e1d2f4ffa429db817bf6d7d2f09fddee761d8cf6bfe682791e39c938ac2,main,NA,B3,1825,1.4716135271994308e-06,64,1,28.515625,1.9073486328125e-06,100000000,1.9073486328125e-06,9.874735648433368e-07,False,PASS,low_perturbation,9292501264888161d7893f4b42d87cae09345d3df43ce0b2103c7ba6441b6c46,17792,0,0,0,64,1,1.0,YES,NA,28.515625,0,scale_d64_n1/memory/A2_SMU_FULL/trial-1/simulator.log,0,YES,NA,NA,1.119625908103934e-06,20260811T100559Z_7225d41a_m2-matched-lut-scale-00,16512,NA,1,NA,1,33f066a87e3592e55aa4c78bcc583383243061423e6a790856d5b1be7f593fef,/home/wxt/work-online-merge-supplement/work-artifacts/work-online-merge-low-dasm-simulator-5c2aad2-r1/spatz_cluster.vlt,SCALE_D64,534,1,NA,NA,NA,PASS,NA,PASS,256,804957e99378ac26591e544d15d5c0e45541b23ca8a696afedad4fa4750d465e,pass,656,131072,1,NA,NA,NA,2026-08-11T10:14:21+00:00,NA,NA,NA,NA,NA,NA,NA,NA,NA,NA,NA,NA,NA,NA,NA,1,NA,Verilator 5.034 2025-02-24 rev v5.034,4f53cda18c2baa0c0354bb5f9a3ecbe5ed12ab4d8e11ba873c2f11161202b945,1,1,13,1,5,514
/home/wxt/work-online-merge-supplement/run-archive/m1-matched-lut-7wqexi/artifacts/work-online-merge-m2-matched-lut-scale-00-r1,64,1,1280,NA,bde65416eee0947435924bad1027c54880e4ed2d16bdc9a94fbeb29eb5c05b05,2,0.030303030303030304,1280,1064,main,scale_d64_n1,main,120fa0c30199e54e6e9b5c60d8da40913eae8526640992cc5d4f130bef159775,66,/home/wxt/m1-matched-lut.7wqexi/repo/hw/system/spatz_cluster/cfg/spatz_cluster.default.dram.hjson,1291,YES,clang version 14.0.6 (git@github.com:pulp-platform/llvm-project.git b494f2d8dde88723026db8ec16ac6c7ee1e140ca) | Target: riscv32-unknown-unknown-elf | Thread model: posix,28c5bf6d1153a39f375350e94aa944a613472918c927a69c989cfd8c9aa59039,/home/wxt/m1-matched-lut.7wqexi/repo/install/llvm/bin/clang -DONLINE_MERGE_COUNTER_PROFILE=0 -DONLINE_MERGE_IMPLEMENTATION_SELECT=3 -DONLINE_MERGE_STACK_LOG2=13 -DONLINE_MERGE_TRACE_PROXY=0 -I/home/wxt/m1-matched-lut.7wqexi/repo/sw/spatzBenchmarks/include -I/home/wxt/m1-matched-lut.7wqexi/repo/sw/snRuntime/include -I/home/wxt/m1-matched-lut.7wqexi/repo/sw/snRuntime/vendor -I/home/wxt/m1-matched-lut.7wqexi/repo/sw/snRuntime/../toolchain/riscv-opcodes -I/home/wxt/work-online-merge-supplement/run-archive/m1-matched-lut-7wqexi/artifacts/work-online-merge-m2-matched-lut-scale-00-r1/build/spatzBenchmarks/online_merge_generated/N1_D64_S1_main_R1 -I/home/wxt/m1-matched-lut.7wqexi/repo/sw/spatzBenchmarks/online-softmax-merge  --gcc-toolchain=/home/wxt/m1-matched-lut.7wqexi/repo/install/riscv-gcc --gcc-toolchain=/home/wxt/m1-matched-lut.7wqexi/repo/install/riscv-gcc -mcpu=snitch -mcmodel=small -ffast-math -fno-builtin-printf -fno-common -falign-loops=16 -ffunction-sections -Wextra -static -mllvm -misched-topdown -menable-experimental-extensions -mno-relax -march=rv32imafdvzfh_xdma_xfquarter -mabi=ilp32d -O3 -g -o CMakeFiles/test-spatzBenchmarks-online-softmax-merge-a2.dir/online-softmax-merge/main.c.o -c /home/wxt/m1-matched-lut.7wqexi/repo/sw/spatzBenchmarks/online-softmax-merge/main.c,A2_SMU_FULL,A2,memory,NA,NO,NA,NA,NO_EXPLICIT_TRANSFER_PHASE,MAIN_PERFORMANCE,pass,PASS,NA,1064,PASS,7225d41ad2d1c63376a9fb1ea4e56b3b24a3e97f,False,B3,0,abec8e1d2f4ffa429db817bf6d7d2f09fddee761d8cf6bfe682791e39c938ac2,main,NA,B3,1825,1.4716135271994308e-06,64,1,28.515625,1.9073486328125e-06,100000000,1.9073486328125e-06,9.874735648433368e-07,False,PASS,low_perturbation,9292501264888161d7893f4b42d87cae09345d3df43ce0b2103c7ba6441b6c46,17792,0,0,0,64,1,1.0,YES,NA,28.515625,0,scale_d64_n1/memory/A2_SMU_FULL/trial-2/simulator.log,0,YES,NA,NA,1.119625908103934e-06,20260811T100559Z_7225d41a_m2-matched-lut-scale-00,16512,NA,1,NA,1,33f066a87e3592e55aa4c78bcc583383243061423e6a790856d5b1be7f593fef,/home/wxt/work-online-merge-supplement/work-artifacts/work-online-merge-low-dasm-simulator-5c2aad2-r1/spatz_cluster.vlt,SCALE_D64,534,1,NA,NA,NA,PASS,NA,PASS,256,804957e99378ac26591e544d15d5c0e45541b23ca8a696afedad4fa4750d465e,pass,656,131072,1,NA,NA,NA,2026-08-11T10:15:21+00:00,NA,NA,NA,NA,NA,NA,NA,NA,NA,NA,NA,NA,NA,NA,NA,2,NA,Verilator 5.034 2025-02-24 rev v5.034,4f53cda18c2baa0c0354bb5f9a3ecbe5ed12ab4d8e11ba873c2f11161202b945,1,1,13,1,5,514
/home/wxt/work-online-merge-supplement/run-archive/m1-matched-lut-7wqexi/artifacts/work-online-merge-m2-matched-lut-scale-00-r1,64,2,2304,NA,e2f07c764e54719a99b76b54be8b3f91724097d8933165aa16855acf064b9bfc,4,0.030303030303030304,2304,2128,main,scale_d64_n2,main,120fa0c30199e54e6e9b5c60d8da40913eae8526640992cc5d4f130bef159775,132,/home/wxt/m1-matched-lut.7wqexi/repo/hw/system/spatz_cluster/cfg/spatz_cluster.default.dram.hjson,NA,YES,clang version 14.0.6 (git@github.com:pulp-platform/llvm-project.git b494f2d8dde88723026db8ec16ac6c7ee1e140ca) | Target: riscv32-unknown-unknown-elf | Thread model: posix,2561343ca253e7ee1c25c757ae1ae7ebbee2507a37a871804b71483566f17b34,/home/wxt/m1-matched-lut.7wqexi/repo/install/llvm/bin/clang -DONLINE_MERGE_COUNTER_PROFILE=0 -DONLINE_MERGE_IMPLEMENTATION_SELECT=2 -DONLINE_MERGE_STACK_LOG2=13 -DONLINE_MERGE_TRACE_PROXY=0 -I/home/wxt/m1-matched-lut.7wqexi/repo/sw/spatzBenchmarks/include -I/home/wxt/m1-matched-lut.7wqexi/repo/sw/snRuntime/include -I/home/wxt/m1-matched-lut.7wqexi/repo/sw/snRuntime/vendor -I/home/wxt/m1-matched-lut.7wqexi/repo/sw/snRuntime/../toolchain/riscv-opcodes -I/home/wxt/work-online-merge-supplement/run-archive/m1-matched-lut-7wqexi/artifacts/work-online-merge-m2-matched-lut-scale-00-r1/build/spatzBenchmarks/online_merge_generated/N2_D64_S1_main_R1 -I/home/wxt/m1-matched-lut.7wqexi/repo/sw/spatzBenchmarks/online-softmax-merge  --gcc-toolchain=/home/wxt/m1-matched-lut.7wqexi/repo/install/riscv-gcc -mcpu=snitch -mcmodel=small -ffast-math -fno-builtin-printf -fno-common -falign-loops=16 -ffunction-sections -Wextra -static -mllvm -misched-topdown -menable-experimental-extensions -mno-relax -march=rv32imafdvzfh_xdma_xfquarter -mabi=ilp32d -O3 -g -o CMakeFiles/test-spatzBenchmarks-online-softmax-merge-b2r.dir/online-softmax-merge/main.c.o -c /home/wxt/m1-matched-lut.7wqexi/repo/sw/spatzBenchmarks/online-softmax-merge/main.c,B2R_RVV,A0,memory,2225,YES,96,NA,NO_EXPLICIT_TRANSFER_PHASE,MAIN_PERFORMANCE,pass,PASS,NA,2128,NA,7225d41ad2d1c63376a9fb1ea4e56b3b24a3e97f,False,B2-R,0,3c78938bf86434ba248083f24ae5032729e96b7b9b600fbf74a7c8dfab43093e,main,DASM_MARKER_ENVELOPE_WITNESS,B2-R,3323,1.081026348724415e-06,64,2,25.9609375,1.9073486328125e-06,100000000,1.9073486328125e-06,8.075360462746837e-07,False,PASS,low_perturbation,3ed94d76292f50796bd263a5835bd6cf019a5727656a03b14c24e5f0f195df8f,18816,0,0,0,64,2,1.0,YES,NA,25.9609375,0,scale_d64_n2/memory/B2R_RVV/trial-0/simulator.log,0,YES,NA,NA,9.59142835660212e-07,20260811T100559Z_7225d41a_m2-matched-lut-scale-00,16512,NA,0,2129,1,33f066a87e3592e55aa4c78bcc583383243061423e6a790856d5b1be7f593fef,/home/wxt/work-online-merge-supplement/work-artifacts/work-online-merge-low-dasm-simulator-5c2aad2-r1/spatz_cluster.vlt,SCALE_D64,NA,0,NA,NA,NA,PASS,NA,PASS,256,b5939333fec70167f6a2673cae160b23c1b173a70b9148b59e851ce77c6e6a6c,pass,351,131072,0,NA,NA,NA,2026-08-11T10:17:35+00:00,scale_d64_n2/memory/B2R_RVV/trace-witness/instruction_trace_audit.json,371,1065,839,112,959,INDEPENDENT_DASM_WITNESS,6,PASS,NA,PASS,361ff71bcc241b448e49ff6d212d06a13a986e2fad861b0aa0b67e40e7a21d68,/home/wxt/work-online-merge-supplement/work-artifacts/work-online-merge-traced-simulator-088a44d-r1/spatz_cluster.vlt,default,3ed94d76292f50796bd263a5835bd6cf019a5727656a03b14c24e5f0f195df8f,0,96,Verilator 5.034 2025-02-24 rev v5.034,4f53cda18c2baa0c0354bb5f9a3ecbe5ed12ab4d8e11ba873c2f11161202b945,,,,,,
/home/wxt/work-online-merge-supplement/run-archive/m1-matched-lut-7wqexi/artifacts/work-online-merge-m2-matched-lut-scale-00-r1,64,2,2304,NA,e2f07c764e54719a99b76b54be8b3f91724097d8933165aa16855acf064b9bfc,4,0.030303030303030304,2304,2128,main,scale_d64_n2,main,120fa0c30199e54e6e9b5c60d8da40913eae8526640992cc5d4f130bef159775,132,/home/wxt/m1-matched-lut.7wqexi/repo/hw/system/spatz_cluster/cfg/spatz_cluster.default.dram.hjson,NA,YES,clang version 14.0.6 (git@github.com:pulp-platform/llvm-project.git b494f2d8dde88723026db8ec16ac6c7ee1e140ca) | Target: riscv32-unknown-unknown-elf | Thread model: posix,2561343ca253e7ee1c25c757ae1ae7ebbee2507a37a871804b71483566f17b34,/home/wxt/m1-matched-lut.7wqexi/repo/install/llvm/bin/clang -DONLINE_MERGE_COUNTER_PROFILE=0 -DONLINE_MERGE_IMPLEMENTATION_SELECT=2 -DONLINE_MERGE_STACK_LOG2=13 -DONLINE_MERGE_TRACE_PROXY=0 -I/home/wxt/m1-matched-lut.7wqexi/repo/sw/spatzBenchmarks/include -I/home/wxt/m1-matched-lut.7wqexi/repo/sw/snRuntime/include -I/home/wxt/m1-matched-lut.7wqexi/repo/sw/snRuntime/vendor -I/home/wxt/m1-matched-lut.7wqexi/repo/sw/snRuntime/../toolchain/riscv-opcodes -I/home/wxt/work-online-merge-supplement/run-archive/m1-matched-lut-7wqexi/artifacts/work-online-merge-m2-matched-lut-scale-00-r1/build/spatzBenchmarks/online_merge_generated/N2_D64_S1_main_R1 -I/home/wxt/m1-matched-lut.7wqexi/repo/sw/spatzBenchmarks/online-softmax-merge  --gcc-toolchain=/home/wxt/m1-matched-lut.7wqexi/repo/install/riscv-gcc -mcpu=snitch -mcmodel=small -ffast-math -fno-builtin-printf -fno-common -falign-loops=16 -ffunction-sections -Wextra -static -mllvm -misched-topdown -menable-experimental-extensions -mno-relax -march=rv32imafdvzfh_xdma_xfquarter -mabi=ilp32d -O3 -g -o CMakeFiles/test-spatzBenchmarks-online-softmax-merge-b2r.dir/online-softmax-merge/main.c.o -c /home/wxt/m1-matched-lut.7wqexi/repo/sw/spatzBenchmarks/online-softmax-merge/main.c,B2R_RVV,A0,memory,2225,YES,96,NA,NO_EXPLICIT_TRANSFER_PHASE,MAIN_PERFORMANCE,pass,PASS,NA,2128,NA,7225d41ad2d1c63376a9fb1ea4e56b3b24a3e97f,False,B2-R,0,3c78938bf86434ba248083f24ae5032729e96b7b9b600fbf74a7c8dfab43093e,main,DASM_MARKER_ENVELOPE_WITNESS,B2-R,3323,1.081026348724415e-06,64,2,25.9609375,1.9073486328125e-06,100000000,1.9073486328125e-06,8.075360462746837e-07,False,PASS,low_perturbation,3ed94d76292f50796bd263a5835bd6cf019a5727656a03b14c24e5f0f195df8f,18816,0,0,0,64,2,1.0,YES,NA,25.9609375,0,scale_d64_n2/memory/B2R_RVV/trial-1/simulator.log,0,YES,NA,NA,9.59142835660212e-07,20260811T100559Z_7225d41a_m2-matched-lut-scale-00,16512,NA,0,2129,1,33f066a87e3592e55aa4c78bcc583383243061423e6a790856d5b1be7f593fef,/home/wxt/work-online-merge-supplement/work-artifacts/work-online-merge-low-dasm-simulator-5c2aad2-r1/spatz_cluster.vlt,SCALE_D64,NA,0,NA,NA,NA,PASS,NA,PASS,256,b5939333fec70167f6a2673cae160b23c1b173a70b9148b59e851ce77c6e6a6c,pass,351,131072,0,NA,NA,NA,2026-08-11T10:18:43+00:00,scale_d64_n2/memory/B2R_RVV/trace-witness/instruction_trace_audit.json,371,1065,839,112,959,INDEPENDENT_DASM_WITNESS,6,PASS,NA,PASS,361ff71bcc241b448e49ff6d212d06a13a986e2fad861b0aa0b67e40e7a21d68,/home/wxt/work-online-merge-supplement/work-artifacts/work-online-merge-traced-simulator-088a44d-r1/spatz_cluster.vlt,default,3ed94d76292f50796bd263a5835bd6cf019a5727656a03b14c24e5f0f195df8f,1,96,Verilator 5.034 2025-02-24 rev v5.034,4f53cda18c2baa0c0354bb5f9a3ecbe5ed12ab4d8e11ba873c2f11161202b945,,,,,,
/home/wxt/work-online-merge-supplement/run-archive/m1-matched-lut-7wqexi/artifacts/work-online-merge-m2-matched-lut-scale-00-r1,64,2,2304,NA,e2f07c764e54719a99b76b54be8b3f91724097d8933165aa16855acf064b9bfc,4,0.030303030303030304,2304,2128,main,scale_d64_n2,main,120fa0c30199e54e6e9b5c60d8da40913eae8526640992cc5d4f130bef159775,132,/home/wxt/m1-matched-lut.7wqexi/repo/hw/system/spatz_cluster/cfg/spatz_cluster.default.dram.hjson,NA,YES,clang version 14.0.6 (git@github.com:pulp-platform/llvm-project.git b494f2d8dde88723026db8ec16ac6c7ee1e140ca) | Target: riscv32-unknown-unknown-elf | Thread model: posix,2561343ca253e7ee1c25c757ae1ae7ebbee2507a37a871804b71483566f17b34,/home/wxt/m1-matched-lut.7wqexi/repo/install/llvm/bin/clang -DONLINE_MERGE_COUNTER_PROFILE=0 -DONLINE_MERGE_IMPLEMENTATION_SELECT=2 -DONLINE_MERGE_STACK_LOG2=13 -DONLINE_MERGE_TRACE_PROXY=0 -I/home/wxt/m1-matched-lut.7wqexi/repo/sw/spatzBenchmarks/include -I/home/wxt/m1-matched-lut.7wqexi/repo/sw/snRuntime/include -I/home/wxt/m1-matched-lut.7wqexi/repo/sw/snRuntime/vendor -I/home/wxt/m1-matched-lut.7wqexi/repo/sw/snRuntime/../toolchain/riscv-opcodes -I/home/wxt/work-online-merge-supplement/run-archive/m1-matched-lut-7wqexi/artifacts/work-online-merge-m2-matched-lut-scale-00-r1/build/spatzBenchmarks/online_merge_generated/N2_D64_S1_main_R1 -I/home/wxt/m1-matched-lut.7wqexi/repo/sw/spatzBenchmarks/online-softmax-merge  --gcc-toolchain=/home/wxt/m1-matched-lut.7wqexi/repo/install/riscv-gcc -mcpu=snitch -mcmodel=small -ffast-math -fno-builtin-printf -fno-common -falign-loops=16 -ffunction-sections -Wextra -static -mllvm -misched-topdown -menable-experimental-extensions -mno-relax -march=rv32imafdvzfh_xdma_xfquarter -mabi=ilp32d -O3 -g -o CMakeFiles/test-spatzBenchmarks-online-softmax-merge-b2r.dir/online-softmax-merge/main.c.o -c /home/wxt/m1-matched-lut.7wqexi/repo/sw/spatzBenchmarks/online-softmax-merge/main.c,B2R_RVV,A0,memory,2225,YES,96,NA,NO_EXPLICIT_TRANSFER_PHASE,MAIN_PERFORMANCE,pass,PASS,NA,2128,NA,7225d41ad2d1c63376a9fb1ea4e56b3b24a3e97f,False,B2-R,0,3c78938bf86434ba248083f24ae5032729e96b7b9b600fbf74a7c8dfab43093e,main,DASM_MARKER_ENVELOPE_WITNESS,B2-R,3323,1.081026348724415e-06,64,2,25.9609375,1.9073486328125e-06,100000000,1.9073486328125e-06,8.075360462746837e-07,False,PASS,low_perturbation,3ed94d76292f50796bd263a5835bd6cf019a5727656a03b14c24e5f0f195df8f,18816,0,0,0,64,2,1.0,YES,NA,25.9609375,0,scale_d64_n2/memory/B2R_RVV/trial-2/simulator.log,0,YES,NA,NA,9.59142835660212e-07,20260811T100559Z_7225d41a_m2-matched-lut-scale-00,16512,NA,0,2129,1,33f066a87e3592e55aa4c78bcc583383243061423e6a790856d5b1be7f593fef,/home/wxt/work-online-merge-supplement/work-artifacts/work-online-merge-low-dasm-simulator-5c2aad2-r1/spatz_cluster.vlt,SCALE_D64,NA,0,NA,NA,NA,PASS,NA,PASS,256,b5939333fec70167f6a2673cae160b23c1b173a70b9148b59e851ce77c6e6a6c,pass,351,131072,0,NA,NA,NA,2026-08-11T10:19:50+00:00,scale_d64_n2/memory/B2R_RVV/trace-witness/instruction_trace_audit.json,371,1065,839,112,959,INDEPENDENT_DASM_WITNESS,6,PASS,NA,PASS,361ff71bcc241b448e49ff6d212d06a13a986e2fad861b0aa0b67e40e7a21d68,/home/wxt/work-online-merge-supplement/work-artifacts/work-online-merge-traced-simulator-088a44d-r1/spatz_cluster.vlt,default,3ed94d76292f50796bd263a5835bd6cf019a5727656a03b14c24e5f0f195df8f,2,96,Verilator 5.034 2025-02-24 rev v5.034,4f53cda18c2baa0c0354bb5f9a3ecbe5ed12ab4d8e11ba873c2f11161202b945,,,,,,
/home/wxt/work-online-merge-supplement/run-archive/m1-matched-lut-7wqexi/artifacts/work-online-merge-m2-matched-lut-scale-00-r1,64,2,2304,NA,33982aa30afe70eae756b27619ad1671e486f180d832c4a0cf95e2bfda8942d3,4,0.030303030303030304,2304,2128,main,scale_d64_n2,main,120fa0c30199e54e6e9b5c60d8da40913eae8526640992cc5d4f130bef159775,132,/home/wxt/m1-matched-lut.7wqexi/repo/hw/system/spatz_cluster/cfg/spatz_cluster.default.dram.hjson,1767,YES,clang version 14.0.6 (git@github.com:pulp-platform/llvm-project.git b494f2d8dde88723026db8ec16ac6c7ee1e140ca) | Target: riscv32-unknown-unknown-elf | Thread model: posix,2561343ca253e7ee1c25c757ae1ae7ebbee2507a37a871804b71483566f17b34,/home/wxt/m1-matched-lut.7wqexi/repo/install/llvm/bin/clang -DONLINE_MERGE_COUNTER_PROFILE=0 -DONLINE_MERGE_IMPLEMENTATION_SELECT=4 -DONLINE_MERGE_STACK_LOG2=13 -DONLINE_MERGE_TRACE_PROXY=0 -I/home/wxt/m1-matched-lut.7wqexi/repo/sw/spatzBenchmarks/include -I/home/wxt/m1-matched-lut.7wqexi/repo/sw/snRuntime/include -I/home/wxt/m1-matched-lut.7wqexi/repo/sw/snRuntime/vendor -I/home/wxt/m1-matched-lut.7wqexi/repo/sw/snRuntime/../toolchain/riscv-opcodes -I/home/wxt/work-online-merge-supplement/run-archive/m1-matched-lut-7wqexi/artifacts/work-online-merge-m2-matched-lut-scale-00-r1/build/spatzBenchmarks/online_merge_generated/N2_D64_S1_main_R1 -I/home/wxt/m1-matched-lut.7wqexi/repo/sw/spatzBenchmarks/online-softmax-merge  --gcc-toolchain=/home/wxt/m1-matched-lut.7wqexi/repo/install/riscv-gcc -mcpu=snitch -mcmodel=small -ffast-math -fno-builtin-printf -fno-common -falign-loops=16 -ffunction-sections -Wextra -static -mllvm -misched-topdown -menable-experimental-extensions -mno-relax -march=rv32imafdvzfh_xdma_xfquarter -mabi=ilp32d -O3 -g -o CMakeFiles/test-spatzBenchmarks-online-softmax-merge-a1.dir/online-softmax-merge/main.c.o -c /home/wxt/m1-matched-lut.7wqexi/repo/sw/spatzBenchmarks/online-softmax-merge/main.c,A1_SMU_SCALAR,NA,memory,NA,NO,NA,NA,NO_EXPLICIT_TRANSFER_PHASE,MAIN_PERFORMANCE,pass,PASS,NA,2128,PASS,7225d41ad2d1c63376a9fb1ea4e56b3b24a3e97f,False,A1,0,3c78938bf86434ba248083f24ae5032729e96b7b9b600fbf74a7c8dfab43093e,main,NA,A1,1815,1.081026348724415e-06,64,2,14.1796875,1.9073486328125e-06,100000000,1.9073486328125e-06,8.075360462746837e-07,False,PASS,low_perturbation,82319a2380ce37dc441fdfa211684bdf32da70dd1e9059b152289c1757bc8120,18816,0,0,0,64,2,1.0,YES,NA,14.1796875,0,scale_d64_n2/memory/A1_SMU_SCALAR/trial-0/simulator.log,0,YES,NA,NA,9.59142835660212e-07,20260811T100559Z_7225d41a_m2-matched-lut-scale-00,16512,481,0,NA,1,33f066a87e3592e55aa4c78bcc583383243061423e6a790856d5b1be7f593fef,/home/wxt/work-online-merge-supplement/work-artifacts/work-online-merge-low-dasm-simulator-5c2aad2-r1/spatz_cluster.vlt,SCALE_D64,48,1,1334,NA,NA,PASS,NA,PASS,256,02c5dbb908f83b2ea544c56e986e05512fbef37833138296c3b8eef6c0266675,pass,602,131072,0,NA,NA,NA,2026-08-11T10:20:57+00:00,NA,NA,NA,NA,NA,NA,NA,NA,NA,NA,NA,NA,NA,NA,NA,0,NA,Verilator 5.034 2025-02-24 rev v5.034,4f53cda18c2baa0c0354bb5f9a3ecbe5ed12ab4d8e11ba873c2f11161202b945,2,2,26,1,18,0
/home/wxt/work-online-merge-supplement/run-archive/m1-matched-lut-7wqexi/artifacts/work-online-merge-m2-matched-lut-scale-00-r1,64,2,2304,NA,33982aa30afe70eae756b27619ad1671e486f180d832c4a0cf95e2bfda8942d3,4,0.030303030303030304,2304,2128,main,scale_d64_n2,main,120fa0c30199e54e6e9b5c60d8da40913eae8526640992cc5d4f130bef159775,132,/home/wxt/m1-matched-lut.7wqexi/repo/hw/system/spatz_cluster/cfg/spatz_cluster.default.dram.hjson,1767,YES,clang version 14.0.6 (git@github.com:pulp-platform/llvm-project.git b494f2d8dde88723026db8ec16ac6c7ee1e140ca) | Target: riscv32-unknown-unknown-elf | Thread model: posix,2561343ca253e7ee1c25c757ae1ae7ebbee2507a37a871804b71483566f17b34,/home/wxt/m1-matched-lut.7wqexi/repo/install/llvm/bin/clang -DONLINE_MERGE_COUNTER_PROFILE=0 -DONLINE_MERGE_IMPLEMENTATION_SELECT=4 -DONLINE_MERGE_STACK_LOG2=13 -DONLINE_MERGE_TRACE_PROXY=0 -I/home/wxt/m1-matched-lut.7wqexi/repo/sw/spatzBenchmarks/include -I/home/wxt/m1-matched-lut.7wqexi/repo/sw/snRuntime/include -I/home/wxt/m1-matched-lut.7wqexi/repo/sw/snRuntime/vendor -I/home/wxt/m1-matched-lut.7wqexi/repo/sw/snRuntime/../toolchain/riscv-opcodes -I/home/wxt/work-online-merge-supplement/run-archive/m1-matched-lut-7wqexi/artifacts/work-online-merge-m2-matched-lut-scale-00-r1/build/spatzBenchmarks/online_merge_generated/N2_D64_S1_main_R1 -I/home/wxt/m1-matched-lut.7wqexi/repo/sw/spatzBenchmarks/online-softmax-merge  --gcc-toolchain=/home/wxt/m1-matched-lut.7wqexi/repo/install/riscv-gcc -mcpu=snitch -mcmodel=small -ffast-math -fno-builtin-printf -fno-common -falign-loops=16 -ffunction-sections -Wextra -static -mllvm -misched-topdown -menable-experimental-extensions -mno-relax -march=rv32imafdvzfh_xdma_xfquarter -mabi=ilp32d -O3 -g -o CMakeFiles/test-spatzBenchmarks-online-softmax-merge-a1.dir/online-softmax-merge/main.c.o -c /home/wxt/m1-matched-lut.7wqexi/repo/sw/spatzBenchmarks/online-softmax-merge/main.c,A1_SMU_SCALAR,NA,memory,NA,NO,NA,NA,NO_EXPLICIT_TRANSFER_PHASE,MAIN_PERFORMANCE,pass,PASS,NA,2128,PASS,7225d41ad2d1c63376a9fb1ea4e56b3b24a3e97f,False,A1,0,3c78938bf86434ba248083f24ae5032729e96b7b9b600fbf74a7c8dfab43093e,main,NA,A1,1815,1.081026348724415e-06,64,2,14.1796875,1.9073486328125e-06,100000000,1.9073486328125e-06,8.075360462746837e-07,False,PASS,low_perturbation,82319a2380ce37dc441fdfa211684bdf32da70dd1e9059b152289c1757bc8120,18816,0,0,0,64,2,1.0,YES,NA,14.1796875,0,scale_d64_n2/memory/A1_SMU_SCALAR/trial-1/simulator.log,0,YES,NA,NA,9.59142835660212e-07,20260811T100559Z_7225d41a_m2-matched-lut-scale-00,16512,481,0,NA,1,33f066a87e3592e55aa4c78bcc583383243061423e6a790856d5b1be7f593fef,/home/wxt/work-online-merge-supplement/work-artifacts/work-online-merge-low-dasm-simulator-5c2aad2-r1/spatz_cluster.vlt,SCALE_D64,48,1,1334,NA,NA,PASS,NA,PASS,256,02c5dbb908f83b2ea544c56e986e05512fbef37833138296c3b8eef6c0266675,pass,602,131072,0,NA,NA,NA,2026-08-11T10:22:03+00:00,NA,NA,NA,NA,NA,NA,NA,NA,NA,NA,NA,NA,NA,NA,NA,1,NA,Verilator 5.034 2025-02-24 rev v5.034,4f53cda18c2baa0c0354bb5f9a3ecbe5ed12ab4d8e11ba873c2f11161202b945,2,2,26,1,18,0
/home/wxt/work-online-merge-supplement/run-archive/m1-matched-lut-7wqexi/artifacts/work-online-merge-m2-matched-lut-scale-00-r1,64,2,2304,NA,33982aa30afe70eae756b27619ad1671e486f180d832c4a0cf95e2bfda8942d3,4,0.030303030303030304,2304,2128,main,scale_d64_n2,main,120fa0c30199e54e6e9b5c60d8da40913eae8526640992cc5d4f130bef159775,132,/home/wxt/m1-matched-lut.7wqexi/repo/hw/system/spatz_cluster/cfg/spatz_cluster.default.dram.hjson,1767,YES,clang version 14.0.6 (git@github.com:pulp-platform/llvm-project.git b494f2d8dde88723026db8ec16ac6c7ee1e140ca) | Target: riscv32-unknown-unknown-elf | Thread model: posix,2561343ca253e7ee1c25c757ae1ae7ebbee2507a37a871804b71483566f17b34,/home/wxt/m1-matched-lut.7wqexi/repo/install/llvm/bin/clang -DONLINE_MERGE_COUNTER_PROFILE=0 -DONLINE_MERGE_IMPLEMENTATION_SELECT=4 -DONLINE_MERGE_STACK_LOG2=13 -DONLINE_MERGE_TRACE_PROXY=0 -I/home/wxt/m1-matched-lut.7wqexi/repo/sw/spatzBenchmarks/include -I/home/wxt/m1-matched-lut.7wqexi/repo/sw/snRuntime/include -I/home/wxt/m1-matched-lut.7wqexi/repo/sw/snRuntime/vendor -I/home/wxt/m1-matched-lut.7wqexi/repo/sw/snRuntime/../toolchain/riscv-opcodes -I/home/wxt/work-online-merge-supplement/run-archive/m1-matched-lut-7wqexi/artifacts/work-online-merge-m2-matched-lut-scale-00-r1/build/spatzBenchmarks/online_merge_generated/N2_D64_S1_main_R1 -I/home/wxt/m1-matched-lut.7wqexi/repo/sw/spatzBenchmarks/online-softmax-merge  --gcc-toolchain=/home/wxt/m1-matched-lut.7wqexi/repo/install/riscv-gcc -mcpu=snitch -mcmodel=small -ffast-math -fno-builtin-printf -fno-common -falign-loops=16 -ffunction-sections -Wextra -static -mllvm -misched-topdown -menable-experimental-extensions -mno-relax -march=rv32imafdvzfh_xdma_xfquarter -mabi=ilp32d -O3 -g -o CMakeFiles/test-spatzBenchmarks-online-softmax-merge-a1.dir/online-softmax-merge/main.c.o -c /home/wxt/m1-matched-lut.7wqexi/repo/sw/spatzBenchmarks/online-softmax-merge/main.c,A1_SMU_SCALAR,NA,memory,NA,NO,NA,NA,NO_EXPLICIT_TRANSFER_PHASE,MAIN_PERFORMANCE,pass,PASS,NA,2128,PASS,7225d41ad2d1c63376a9fb1ea4e56b3b24a3e97f,False,A1,0,3c78938bf86434ba248083f24ae5032729e96b7b9b600fbf74a7c8dfab43093e,main,NA,A1,1815,1.081026348724415e-06,64,2,14.1796875,1.9073486328125e-06,100000000,1.9073486328125e-06,8.075360462746837e-07,False,PASS,low_perturbation,82319a2380ce37dc441fdfa211684bdf32da70dd1e9059b152289c1757bc8120,18816,0,0,0,64,2,1.0,YES,NA,14.1796875,0,scale_d64_n2/memory/A1_SMU_SCALAR/trial-2/simulator.log,0,YES,NA,NA,9.59142835660212e-07,20260811T100559Z_7225d41a_m2-matched-lut-scale-00,16512,481,0,NA,1,33f066a87e3592e55aa4c78bcc583383243061423e6a790856d5b1be7f593fef,/home/wxt/work-online-merge-supplement/work-artifacts/work-online-merge-low-dasm-simulator-5c2aad2-r1/spatz_cluster.vlt,SCALE_D64,48,1,1334,NA,NA,PASS,NA,PASS,256,02c5dbb908f83b2ea544c56e986e05512fbef37833138296c3b8eef6c0266675,pass,602,131072,0,NA,NA,NA,2026-08-11T10:23:10+00:00,NA,NA,NA,NA,NA,NA,NA,NA,NA,NA,NA,NA,NA,NA,NA,2,NA,Verilator 5.034 2025-02-24 rev v5.034,4f53cda18c2baa0c0354bb5f9a3ecbe5ed12ab4d8e11ba873c2f11161202b945,2,2,26,1,18,0
/home/wxt/work-online-merge-supplement/run-archive/m1-matched-lut-7wqexi/artifacts/work-online-merge-m2-matched-lut-scale-00-r1,64,2,2304,NA,dbeabedc45e8ad4d1c1465fdbeb2e3a35e1630c49ff76844df82e2966c03fcb8,4,0.030303030303030304,2304,2128,main,scale_d64_n2,main,120fa0c30199e54e6e9b5c60d8da40913eae8526640992cc5d4f130bef159775,132,/home/wxt/m1-matched-lut.7wqexi/repo/hw/system/spatz_cluster/cfg/spatz_cluster.default.dram.hjson,1280,YES,clang version 14.0.6 (git@github.com:pulp-platform/llvm-project.git b494f2d8dde88723026db8ec16ac6c7ee1e140ca) | Target: riscv32-unknown-unknown-elf | Thread model: posix,2561343ca253e7ee1c25c757ae1ae7ebbee2507a37a871804b71483566f17b34,/home/wxt/m1-matched-lut.7wqexi/repo/install/llvm/bin/clang -DONLINE_MERGE_COUNTER_PROFILE=0 -DONLINE_MERGE_IMPLEMENTATION_SELECT=3 -DONLINE_MERGE_STACK_LOG2=13 -DONLINE_MERGE_TRACE_PROXY=0 -I/home/wxt/m1-matched-lut.7wqexi/repo/sw/spatzBenchmarks/include -I/home/wxt/m1-matched-lut.7wqexi/repo/sw/snRuntime/include -I/home/wxt/m1-matched-lut.7wqexi/repo/sw/snRuntime/vendor -I/home/wxt/m1-matched-lut.7wqexi/repo/sw/snRuntime/../toolchain/riscv-opcodes -I/home/wxt/work-online-merge-supplement/run-archive/m1-matched-lut-7wqexi/artifacts/work-online-merge-m2-matched-lut-scale-00-r1/build/spatzBenchmarks/online_merge_generated/N2_D64_S1_main_R1 -I/home/wxt/m1-matched-lut.7wqexi/repo/sw/spatzBenchmarks/online-softmax-merge  --gcc-toolchain=/home/wxt/m1-matched-lut.7wqexi/repo/install/riscv-gcc -mcpu=snitch -mcmodel=small -ffast-math -fno-builtin-printf -fno-common -falign-loops=16 -ffunction-sections -Wextra -static -mllvm -misched-topdown -menable-experimental-extensions -mno-relax -march=rv32imafdvzfh_xdma_xfquarter -mabi=ilp32d -O3 -g -o CMakeFiles/test-spatzBenchmarks-online-softmax-merge-a2.dir/online-softmax-merge/main.c.o -c /home/wxt/m1-matched-lut.7wqexi/repo/sw/spatzBenchmarks/online-softmax-merge/main.c,A2_SMU_FULL,A2,memory,NA,NO,NA,NA,NO_EXPLICIT_TRANSFER_PHASE,MAIN_PERFORMANCE,pass,PASS,NA,2128,PASS,7225d41ad2d1c63376a9fb1ea4e56b3b24a3e97f,False,B3,0,3c78938bf86434ba248083f24ae5032729e96b7b9b600fbf74a7c8dfab43093e,main,NA,B3,2349,1.0769427249921038e-06,64,2,18.3515625,1.9073486328125e-06,100000000,1.9073486328125e-06,8.033592056370142e-07,False,PASS,low_perturbation,bdbeb0dda418b341af7a1cb859443e489dcf042f532fbe88c8a37e610cb1e51c,18816,0,0,0,64,2,1.0,YES,NA,18.3515625,0,scale_d64_n2/memory/A2_SMU_FULL/trial-0/simulator.log,0,YES,NA,NA,9.55519632163831e-07,20260811T100559Z_7225d41a_m2-matched-lut-scale-00,16512,NA,1,NA,1,33f066a87e3592e55aa4c78bcc583383243061423e6a790856d5b1be7f593fef,/home/wxt/work-online-merge-supplement/work-artifacts/work-online-merge-low-dasm-simulator-5c2aad2-r1/spatz_cluster.vlt,SCALE_D64,1069,1,NA,NA,NA,PASS,NA,PASS,256,7a37408f1a26460061728a9feec8bf199115d2a87f9da4a3682873cb7316b770,pass,957,131072,5,NA,NA,NA,2026-08-11T10:24:17+00:00,NA,NA,NA,NA,NA,NA,NA,NA,NA,NA,NA,NA,NA,NA,NA,0,NA,Verilator 5.034 2025-02-24 rev v5.034,4f53cda18c2baa0c0354bb5f9a3ecbe5ed12ab4d8e11ba873c2f11161202b945,2,2,26,1,10,1029
/home/wxt/work-online-merge-supplement/run-archive/m1-matched-lut-7wqexi/artifacts/work-online-merge-m2-matched-lut-scale-00-r1,64,2,2304,NA,dbeabedc45e8ad4d1c1465fdbeb2e3a35e1630c49ff76844df82e2966c03fcb8,4,0.030303030303030304,2304,2128,main,scale_d64_n2,main,120fa0c30199e54e6e9b5c60d8da40913eae8526640992cc5d4f130bef159775,132,/home/wxt/m1-matched-lut.7wqexi/repo/hw/system/spatz_cluster/cfg/spatz_cluster.default.dram.hjson,1280,YES,clang version 14.0.6 (git@github.com:pulp-platform/llvm-project.git b494f2d8dde88723026db8ec16ac6c7ee1e140ca) | Target: riscv32-unknown-unknown-elf | Thread model: posix,2561343ca253e7ee1c25c757ae1ae7ebbee2507a37a871804b71483566f17b34,/home/wxt/m1-matched-lut.7wqexi/repo/install/llvm/bin/clang -DONLINE_MERGE_COUNTER_PROFILE=0 -DONLINE_MERGE_IMPLEMENTATION_SELECT=3 -DONLINE_MERGE_STACK_LOG2=13 -DONLINE_MERGE_TRACE_PROXY=0 -I/home/wxt/m1-matched-lut.7wqexi/repo/sw/spatzBenchmarks/include -I/home/wxt/m1-matched-lut.7wqexi/repo/sw/snRuntime/include -I/home/wxt/m1-matched-lut.7wqexi/repo/sw/snRuntime/vendor -I/home/wxt/m1-matched-lut.7wqexi/repo/sw/snRuntime/../toolchain/riscv-opcodes -I/home/wxt/work-online-merge-supplement/run-archive/m1-matched-lut-7wqexi/artifacts/work-online-merge-m2-matched-lut-scale-00-r1/build/spatzBenchmarks/online_merge_generated/N2_D64_S1_main_R1 -I/home/wxt/m1-matched-lut.7wqexi/repo/sw/spatzBenchmarks/online-softmax-merge  --gcc-toolchain=/home/wxt/m1-matched-lut.7wqexi/repo/install/riscv-gcc -mcpu=snitch -mcmodel=small -ffast-math -fno-builtin-printf -fno-common -falign-loops=16 -ffunction-sections -Wextra -static -mllvm -misched-topdown -menable-experimental-extensions -mno-relax -march=rv32imafdvzfh_xdma_xfquarter -mabi=ilp32d -O3 -g -o CMakeFiles/test-spatzBenchmarks-online-softmax-merge-a2.dir/online-softmax-merge/main.c.o -c /home/wxt/m1-matched-lut.7wqexi/repo/sw/spatzBenchmarks/online-softmax-merge/main.c,A2_SMU_FULL,A2,memory,NA,NO,NA,NA,NO_EXPLICIT_TRANSFER_PHASE,MAIN_PERFORMANCE,pass,PASS,NA,2128,PASS,7225d41ad2d1c63376a9fb1ea4e56b3b24a3e97f,False,B3,0,3c78938bf86434ba248083f24ae5032729e96b7b9b600fbf74a7c8dfab43093e,main,NA,B3,2349,1.0769427249921038e-06,64,2,18.3515625,1.9073486328125e-06,100000000,1.9073486328125e-06,8.033592056370142e-07,False,PASS,low_perturbation,bdbeb0dda418b341af7a1cb859443e489dcf042f532fbe88c8a37e610cb1e51c,18816,0,0,0,64,2,1.0,YES,NA,18.3515625,0,scale_d64_n2/memory/A2_SMU_FULL/trial-1/simulator.log,0,YES,NA,NA,9.55519632163831e-07,20260811T100559Z_7225d41a_m2-matched-lut-scale-00,16512,NA,1,NA,1,33f066a87e3592e55aa4c78bcc583383243061423e6a790856d5b1be7f593fef,/home/wxt/work-online-merge-supplement/work-artifacts/work-online-merge-low-dasm-simulator-5c2aad2-r1/spatz_cluster.vlt,SCALE_D64,1069,1,NA,NA,NA,PASS,NA,PASS,256,7a37408f1a26460061728a9feec8bf199115d2a87f9da4a3682873cb7316b770,pass,957,131072,5,NA,NA,NA,2026-08-11T10:25:24+00:00,NA,NA,NA,NA,NA,NA,NA,NA,NA,NA,NA,NA,NA,NA,NA,1,NA,Verilator 5.034 2025-02-24 rev v5.034,4f53cda18c2baa0c0354bb5f9a3ecbe5ed12ab4d8e11ba873c2f11161202b945,2,2,26,1,10,1029
/home/wxt/work-online-merge-supplement/run-archive/m1-matched-lut-7wqexi/artifacts/work-online-merge-m2-matched-lut-scale-00-r1,64,2,2304,NA,dbeabedc45e8ad4d1c1465fdbeb2e3a35e1630c49ff76844df82e2966c03fcb8,4,0.030303030303030304,2304,2128,main,scale_d64_n2,main,120fa0c30199e54e6e9b5c60d8da40913eae8526640992cc5d4f130bef159775,132,/home/wxt/m1-matched-lut.7wqexi/repo/hw/system/spatz_cluster/cfg/spatz_cluster.default.dram.hjson,1280,YES,clang version 14.0.6 (git@github.com:pulp-platform/llvm-project.git b494f2d8dde88723026db8ec16ac6c7ee1e140ca) | Target: riscv32-unknown-unknown-elf | Thread model: posix,2561343ca253e7ee1c25c757ae1ae7ebbee2507a37a871804b71483566f17b34,/home/wxt/m1-matched-lut.7wqexi/repo/install/llvm/bin/clang -DONLINE_MERGE_COUNTER_PROFILE=0 -DONLINE_MERGE_IMPLEMENTATION_SELECT=3 -DONLINE_MERGE_STACK_LOG2=13 -DONLINE_MERGE_TRACE_PROXY=0 -I/home/wxt/m1-matched-lut.7wqexi/repo/sw/spatzBenchmarks/include -I/home/wxt/m1-matched-lut.7wqexi/repo/sw/snRuntime/include -I/home/wxt/m1-matched-lut.7wqexi/repo/sw/snRuntime/vendor -I/home/wxt/m1-matched-lut.7wqexi/repo/sw/snRuntime/../toolchain/riscv-opcodes -I/home/wxt/work-online-merge-supplement/run-archive/m1-matched-lut-7wqexi/artifacts/work-online-merge-m2-matched-lut-scale-00-r1/build/spatzBenchmarks/online_merge_generated/N2_D64_S1_main_R1 -I/home/wxt/m1-matched-lut.7wqexi/repo/sw/spatzBenchmarks/online-softmax-merge  --gcc-toolchain=/home/wxt/m1-matched-lut.7wqexi/repo/install/riscv-gcc -mcpu=snitch -mcmodel=small -ffast-math -fno-builtin-printf -fno-common -falign-loops=16 -ffunction-sections -Wextra -static -mllvm -misched-topdown -menable-experimental-extensions -mno-relax -march=rv32imafdvzfh_xdma_xfquarter -mabi=ilp32d -O3 -g -o CMakeFiles/test-spatzBenchmarks-online-softmax-merge-a2.dir/online-softmax-merge/main.c.o -c /home/wxt/m1-matched-lut.7wqexi/repo/sw/spatzBenchmarks/online-softmax-merge/main.c,A2_SMU_FULL,A2,memory,NA,NO,NA,NA,NO_EXPLICIT_TRANSFER_PHASE,MAIN_PERFORMANCE,pass,PASS,NA,2128,PASS,7225d41ad2d1c63376a9fb1ea4e56b3b24a3e97f,False,B3,0,3c78938bf86434ba248083f24ae5032729e96b7b9b600fbf74a7c8dfab43093e,main,NA,B3,2349,1.0769427249921038e-06,64,2,18.3515625,1.9073486328125e-06,100000000,1.9073486328125e-06,8.033592056370142e-07,False,PASS,low_perturbation,bdbeb0dda418b341af7a1cb859443e489dcf042f532fbe88c8a37e610cb1e51c,18816,0,0,0,64,2,1.0,YES,NA,18.3515625,0,scale_d64_n2/memory/A2_SMU_FULL/trial-2/simulator.log,0,YES,NA,NA,9.55519632163831e-07,20260811T100559Z_7225d41a_m2-matched-lut-scale-00,16512,NA,1,NA,1,33f066a87e3592e55aa4c78bcc583383243061423e6a790856d5b1be7f593fef,/home/wxt/work-online-merge-supplement/work-artifacts/work-online-merge-low-dasm-simulator-5c2aad2-r1/spatz_cluster.vlt,SCALE_D64,1069,1,NA,NA,NA,PASS,NA,PASS,256,7a37408f1a26460061728a9feec8bf199115d2a87f9da4a3682873cb7316b770,pass,957,131072,5,NA,NA,NA,2026-08-11T10:26:31+00:00,NA,NA,NA,NA,NA,NA,NA,NA,NA,NA,NA,NA,NA,NA,NA,2,NA,Verilator 5.034 2025-02-24 rev v5.034,4f53cda18c2baa0c0354bb5f9a3ecbe5ed12ab4d8e11ba873c2f11161202b945,2,2,26,1,10,1029
/home/wxt/work-online-merge-supplement/run-archive/m1-matched-lut-7wqexi/artifacts/work-online-merge-m2-matched-lut-scale-00-r1,64,4,4352,NA,3194be17ee2ed0e19b94008b120f3a012d000bc3b71fde50e37b21318062c7ce,6,0.022727272727272728,4352,4256,main,scale_d64_n4,main,120fa0c30199e54e6e9b5c60d8da40913eae8526640992cc5d4f130bef159775,264,/home/wxt/m1-matched-lut.7wqexi/repo/hw/system/spatz_cluster/cfg/spatz_cluster.default.dram.hjson,NA,YES,clang version 14.0.6 (git@github.com:pulp-platform/llvm-project.git b494f2d8dde88723026db8ec16ac6c7ee1e140ca) | Target: riscv32-unknown-unknown-elf | Thread model: posix,c78e6f9d3db9d6bd8d39848b19b139bfaea517c5e83f2d18d073581abc2c66d4,/home/wxt/m1-matched-lut.7wqexi/repo/install/llvm/bin/clang -DONLINE_MERGE_COUNTER_PROFILE=0 -DONLINE_MERGE_IMPLEMENTATION_SELECT=2 -DONLINE_MERGE_STACK_LOG2=13 -DONLINE_MERGE_TRACE_PROXY=0 -I/home/wxt/m1-matched-lut.7wqexi/repo/sw/spatzBenchmarks/include -I/home/wxt/m1-matched-lut.7wqexi/repo/sw/snRuntime/include -I/home/wxt/m1-matched-lut.7wqexi/repo/sw/snRuntime/vendor -I/home/wxt/m1-matched-lut.7wqexi/repo/sw/snRuntime/../toolchain/riscv-opcodes -I/home/wxt/work-online-merge-supplement/run-archive/m1-matched-lut-7wqexi/artifacts/work-online-merge-m2-matched-lut-scale-00-r1/build/spatzBenchmarks/online_merge_generated/N4_D64_S1_main_R1 -I/home/wxt/m1-matched-lut.7wqexi/repo/sw/spatzBenchmarks/online-softmax-merge  --gcc-toolchain=/home/wxt/m1-matched-lut.7wqexi/repo/install/riscv-gcc -mcpu=snitch -mcmodel=small -ffast-math -fno-builtin-printf -fno-common -falign-loops=16 -ffunction-sections -Wextra -static -mllvm -misched-topdown -menable-experimental-extensions -mno-relax -march=rv32imafdvzfh_xdma_xfquarter -mabi=ilp32d -O3 -g -o CMakeFiles/test-spatzBenchmarks-online-softmax-merge-b2r.dir/online-softmax-merge/main.c.o -c /home/wxt/m1-matched-lut.7wqexi/repo/sw/spatzBenchmarks/online-softmax-merge/main.c,B2R_RVV,A0,memory,4696,YES,192,NA,NO_EXPLICIT_TRANSFER_PHASE,MAIN_PERFORMANCE,pass,PASS,NA,4256,NA,7225d41ad2d1c63376a9fb1ea4e56b3b24a3e97f,False,B2-R,0,3202ffe47e65df5158ea8112fc8b307286beff906a08c3d590c15edbc29e5816,main,DASM_MARKER_ENVELOPE_WITNESS,B2-R,6632,2.2437119469262068e-05,64,4,25.90625,0.0002593994140625,100000000,5.791646167894499e-05,7.255134264458761e-06,False,PASS,low_perturbation,62dfa7f90d7e9a8b6715f0cff44d7534ed6516c7fb645570afe7f304f6881881,20864,0,0,0,64,4,1.0,YES,NA,25.90625,0,scale_d64_n4/memory/B2R_RVV/trial-0/simulator.log,0,YES,NA,NA,2.0718938047338828e-05,20260811T100559Z_7225d41a_m2-matched-lut-scale-00,16512,NA,0,4504,1,33f066a87e3592e55aa4c78bcc583383243061423e6a790856d5b1be7f593fef,/home/wxt/work-online-merge-supplement/work-artifacts/work-online-merge-low-dasm-simulator-5c2aad2-r1/spatz_cluster.vlt,SCALE_D64,NA,0,NA,NA,NA,PASS,NA,PASS,256,d80be756319484264ad232e31562a02e1ee35cf67d4147ff2fcf45dbd0430f7f,pass,633,131072,0,NA,NA,NA,2026-08-11T10:29:03+00:00,scale_d64_n4/memory/B2R_RVV/trace-witness/instruction_trace_audit.json,630,2123,1892,216,1794,INDEPENDENT_DASM_WITNESS,6,PASS,NA,PASS,361ff71bcc241b448e49ff6d212d06a13a986e2fad861b0aa0b67e40e7a21d68,/home/wxt/work-online-merge-supplement/work-artifacts/work-online-merge-traced-simulator-088a44d-r1/spatz_cluster.vlt,default,62dfa7f90d7e9a8b6715f0cff44d7534ed6516c7fb645570afe7f304f6881881,0,192,Verilator 5.034 2025-02-24 rev v5.034,4f53cda18c2baa0c0354bb5f9a3ecbe5ed12ab4d8e11ba873c2f11161202b945,,,,,,
/home/wxt/work-online-merge-supplement/run-archive/m1-matched-lut-7wqexi/artifacts/work-online-merge-m2-matched-lut-scale-00-r1,64,4,4352,NA,3194be17ee2ed0e19b94008b120f3a012d000bc3b71fde50e37b21318062c7ce,6,0.022727272727272728,4352,4256,main,scale_d64_n4,main,120fa0c30199e54e6e9b5c60d8da40913eae8526640992cc5d4f130bef159775,264,/home/wxt/m1-matched-lut.7wqexi/repo/hw/system/spatz_cluster/cfg/spatz_cluster.default.dram.hjson,NA,YES,clang version 14.0.6 (git@github.com:pulp-platform/llvm-project.git b494f2d8dde88723026db8ec16ac6c7ee1e140ca) | Target: riscv32-unknown-unknown-elf | Thread model: posix,c78e6f9d3db9d6bd8d39848b19b139bfaea517c5e83f2d18d073581abc2c66d4,/home/wxt/m1-matched-lut.7wqexi/repo/install/llvm/bin/clang -DONLINE_MERGE_COUNTER_PROFILE=0 -DONLINE_MERGE_IMPLEMENTATION_SELECT=2 -DONLINE_MERGE_STACK_LOG2=13 -DONLINE_MERGE_TRACE_PROXY=0 -I/home/wxt/m1-matched-lut.7wqexi/repo/sw/spatzBenchmarks/include -I/home/wxt/m1-matched-lut.7wqexi/repo/sw/snRuntime/include -I/home/wxt/m1-matched-lut.7wqexi/repo/sw/snRuntime/vendor -I/home/wxt/m1-matched-lut.7wqexi/repo/sw/snRuntime/../toolchain/riscv-opcodes -I/home/wxt/work-online-merge-supplement/run-archive/m1-matched-lut-7wqexi/artifacts/work-online-merge-m2-matched-lut-scale-00-r1/build/spatzBenchmarks/online_merge_generated/N4_D64_S1_main_R1 -I/home/wxt/m1-matched-lut.7wqexi/repo/sw/spatzBenchmarks/online-softmax-merge  --gcc-toolchain=/home/wxt/m1-matched-lut.7wqexi/repo/install/riscv-gcc -mcpu=snitch -mcmodel=small -ffast-math -fno-builtin-printf -fno-common -falign-loops=16 -ffunction-sections -Wextra -static -mllvm -misched-topdown -menable-experimental-extensions -mno-relax -march=rv32imafdvzfh_xdma_xfquarter -mabi=ilp32d -O3 -g -o CMakeFiles/test-spatzBenchmarks-online-softmax-merge-b2r.dir/online-softmax-merge/main.c.o -c /home/wxt/m1-matched-lut.7wqexi/repo/sw/spatzBenchmarks/online-softmax-merge/main.c,B2R_RVV,A0,memory,4696,YES,192,NA,NO_EXPLICIT_TRANSFER_PHASE,MAIN_PERFORMANCE,pass,PASS,NA,4256,NA,7225d41ad2d1c63376a9fb1ea4e56b3b24a3e97f,False,B2-R,0,3202ffe47e65df5158ea8112fc8b307286beff906a08c3d590c15edbc29e5816,main,DASM_MARKER_ENVELOPE_WITNESS,B2-R,6632,2.2437119469262068e-05,64,4,25.90625,0.0002593994140625,100000000,5.791646167894499e-05,7.255134264458761e-06,False,PASS,low_perturbation,62dfa7f90d7e9a8b6715f0cff44d7534ed6516c7fb645570afe7f304f6881881,20864,0,0,0,64,4,1.0,YES,NA,25.90625,0,scale_d64_n4/memory/B2R_RVV/trial-1/simulator.log,0,YES,NA,NA,2.0718938047338828e-05,20260811T100559Z_7225d41a_m2-matched-lut-scale-00,16512,NA,0,4504,1,33f066a87e3592e55aa4c78bcc583383243061423e6a790856d5b1be7f593fef,/home/wxt/work-online-merge-supplement/work-artifacts/work-online-merge-low-dasm-simulator-5c2aad2-r1/spatz_cluster.vlt,SCALE_D64,NA,0,NA,NA,NA,PASS,NA,PASS,256,d80be756319484264ad232e31562a02e1ee35cf67d4147ff2fcf45dbd0430f7f,pass,633,131072,0,NA,NA,NA,2026-08-11T10:30:24+00:00,scale_d64_n4/memory/B2R_RVV/trace-witness/instruction_trace_audit.json,630,2123,1892,216,1794,INDEPENDENT_DASM_WITNESS,6,PASS,NA,PASS,361ff71bcc241b448e49ff6d212d06a13a986e2fad861b0aa0b67e40e7a21d68,/home/wxt/work-online-merge-supplement/work-artifacts/work-online-merge-traced-simulator-088a44d-r1/spatz_cluster.vlt,default,62dfa7f90d7e9a8b6715f0cff44d7534ed6516c7fb645570afe7f304f6881881,1,192,Verilator 5.034 2025-02-24 rev v5.034,4f53cda18c2baa0c0354bb5f9a3ecbe5ed12ab4d8e11ba873c2f11161202b945,,,,,,
/home/wxt/work-online-merge-supplement/run-archive/m1-matched-lut-7wqexi/artifacts/work-online-merge-m2-matched-lut-scale-00-r1,64,4,4352,NA,3194be17ee2ed0e19b94008b120f3a012d000bc3b71fde50e37b21318062c7ce,6,0.022727272727272728,4352,4256,main,scale_d64_n4,main,120fa0c30199e54e6e9b5c60d8da40913eae8526640992cc5d4f130bef159775,264,/home/wxt/m1-matched-lut.7wqexi/repo/hw/system/spatz_cluster/cfg/spatz_cluster.default.dram.hjson,NA,YES,clang version 14.0.6 (git@github.com:pulp-platform/llvm-project.git b494f2d8dde88723026db8ec16ac6c7ee1e140ca) | Target: riscv32-unknown-unknown-elf | Thread model: posix,c78e6f9d3db9d6bd8d39848b19b139bfaea517c5e83f2d18d073581abc2c66d4,/home/wxt/m1-matched-lut.7wqexi/repo/install/llvm/bin/clang -DONLINE_MERGE_COUNTER_PROFILE=0 -DONLINE_MERGE_IMPLEMENTATION_SELECT=2 -DONLINE_MERGE_STACK_LOG2=13 -DONLINE_MERGE_TRACE_PROXY=0 -I/home/wxt/m1-matched-lut.7wqexi/repo/sw/spatzBenchmarks/include -I/home/wxt/m1-matched-lut.7wqexi/repo/sw/snRuntime/include -I/home/wxt/m1-matched-lut.7wqexi/repo/sw/snRuntime/vendor -I/home/wxt/m1-matched-lut.7wqexi/repo/sw/snRuntime/../toolchain/riscv-opcodes -I/home/wxt/work-online-merge-supplement/run-archive/m1-matched-lut-7wqexi/artifacts/work-online-merge-m2-matched-lut-scale-00-r1/build/spatzBenchmarks/online_merge_generated/N4_D64_S1_main_R1 -I/home/wxt/m1-matched-lut.7wqexi/repo/sw/spatzBenchmarks/online-softmax-merge  --gcc-toolchain=/home/wxt/m1-matched-lut.7wqexi/repo/install/riscv-gcc -mcpu=snitch -mcmodel=small -ffast-math -fno-builtin-printf -fno-common -falign-loops=16 -ffunction-sections -Wextra -static -mllvm -misched-topdown -menable-experimental-extensions -mno-relax -march=rv32imafdvzfh_xdma_xfquarter -mabi=ilp32d -O3 -g -o CMakeFiles/test-spatzBenchmarks-online-softmax-merge-b2r.dir/online-softmax-merge/main.c.o -c /home/wxt/m1-matched-lut.7wqexi/repo/sw/spatzBenchmarks/online-softmax-merge/main.c,B2R_RVV,A0,memory,4696,YES,192,NA,NO_EXPLICIT_TRANSFER_PHASE,MAIN_PERFORMANCE,pass,PASS,NA,4256,NA,7225d41ad2d1c63376a9fb1ea4e56b3b24a3e97f,False,B2-R,0,3202ffe47e65df5158ea8112fc8b307286beff906a08c3d590c15edbc29e5816,main,DASM_MARKER_ENVELOPE_WITNESS,B2-R,6632,2.2437119469262068e-05,64,4,25.90625,0.0002593994140625,100000000,5.791646167894499e-05,7.255134264458761e-06,False,PASS,low_perturbation,62dfa7f90d7e9a8b6715f0cff44d7534ed6516c7fb645570afe7f304f6881881,20864,0,0,0,64,4,1.0,YES,NA,25.90625,0,scale_d64_n4/memory/B2R_RVV/trial-2/simulator.log,0,YES,NA,NA,2.0718938047338828e-05,20260811T100559Z_7225d41a_m2-matched-lut-scale-00,16512,NA,0,4504,1,33f066a87e3592e55aa4c78bcc583383243061423e6a790856d5b1be7f593fef,/home/wxt/work-online-merge-supplement/work-artifacts/work-online-merge-low-dasm-simulator-5c2aad2-r1/spatz_cluster.vlt,SCALE_D64,NA,0,NA,NA,NA,PASS,NA,PASS,256,d80be756319484264ad232e31562a02e1ee35cf67d4147ff2fcf45dbd0430f7f,pass,633,131072,0,NA,NA,NA,2026-08-11T10:31:47+00:00,scale_d64_n4/memory/B2R_RVV/trace-witness/instruction_trace_audit.json,630,2123,1892,216,1794,INDEPENDENT_DASM_WITNESS,6,PASS,NA,PASS,361ff71bcc241b448e49ff6d212d06a13a986e2fad861b0aa0b67e40e7a21d68,/home/wxt/work-online-merge-supplement/work-artifacts/work-online-merge-traced-simulator-088a44d-r1/spatz_cluster.vlt,default,62dfa7f90d7e9a8b6715f0cff44d7534ed6516c7fb645570afe7f304f6881881,2,192,Verilator 5.034 2025-02-24 rev v5.034,4f53cda18c2baa0c0354bb5f9a3ecbe5ed12ab4d8e11ba873c2f11161202b945,,,,,,
/home/wxt/work-online-merge-supplement/run-archive/m1-matched-lut-7wqexi/artifacts/work-online-merge-m2-matched-lut-scale-00-r1,64,4,4352,NA,2088d27088880cc8863c9223a76cc906dbd1232999927d2c35028326df3698fc,6,0.022727272727272728,4352,4256,main,scale_d64_n4,main,120fa0c30199e54e6e9b5c60d8da40913eae8526640992cc5d4f130bef159775,264,/home/wxt/m1-matched-lut.7wqexi/repo/hw/system/spatz_cluster/cfg/spatz_cluster.default.dram.hjson,2229,YES,clang version 14.0.6 (git@github.com:pulp-platform/llvm-project.git b494f2d8dde88723026db8ec16ac6c7ee1e140ca) | Target: riscv32-unknown-unknown-elf | Thread model: posix,c78e6f9d3db9d6bd8d39848b19b139bfaea517c5e83f2d18d073581abc2c66d4,/home/wxt/m1-matched-lut.7wqexi/repo/install/llvm/bin/clang -DONLINE_MERGE_COUNTER_PROFILE=0 -DONLINE_MERGE_IMPLEMENTATION_SELECT=4 -DONLINE_MERGE_STACK_LOG2=13 -DONLINE_MERGE_TRACE_PROXY=0 -I/home/wxt/m1-matched-lut.7wqexi/repo/sw/spatzBenchmarks/include -I/home/wxt/m1-matched-lut.7wqexi/repo/sw/snRuntime/include -I/home/wxt/m1-matched-lut.7wqexi/repo/sw/snRuntime/vendor -I/home/wxt/m1-matched-lut.7wqexi/repo/sw/snRuntime/../toolchain/riscv-opcodes -I/home/wxt/work-online-merge-supplement/run-archive/m1-matched-lut-7wqexi/artifacts/work-online-merge-m2-matched-lut-scale-00-r1/build/spatzBenchmarks/online_merge_generated/N4_D64_S1_main_R1 -I/home/wxt/m1-matched-lut.7wqexi/repo/sw/spatzBenchmarks/online-softmax-merge  --gcc-toolchain=/home/wxt/m1-matched-lut.7wqexi/repo/install/riscv-gcc -mcpu=snitch -mcmodel=small -ffast-math -fno-builtin-printf -fno-common -falign-loops=16 -ffunction-sections -Wextra -static -mllvm -misched-topdown -menable-experimental-extensions -mno-relax -march=rv32imafdvzfh_xdma_xfquarter -mabi=ilp32d -O3 -g -o CMakeFiles/test-spatzBenchmarks-online-softmax-merge-a1.dir/online-softmax-merge/main.c.o -c /home/wxt/m1-matched-lut.7wqexi/repo/sw/spatzBenchmarks/online-softmax-merge/main.c,A1_SMU_SCALAR,NA,memory,NA,NO,NA,NA,NO_EXPLICIT_TRANSFER_PHASE,MAIN_PERFORMANCE,pass,PASS,NA,4256,PASS,7225d41ad2d1c63376a9fb1ea4e56b3b24a3e97f,False,A1,0,3202ffe47e65df5158ea8112fc8b307286beff906a08c3d590c15edbc29e5816,main,NA,A1,2325,2.2437119469262068e-05,64,4,9.08203125,0.0002593994140625,100000000,5.791646167894499e-05,7.255134264458761e-06,False,PASS,low_perturbation,30fd436a5bf945fbbaeccc7c21ba2531c48df146f05e077a8b00d9a149906d34,20864,0,0,0,64,4,1.0,YES,NA,9.08203125,0,scale_d64_n4/memory/A1_SMU_SCALAR/trial-0/simulator.log,0,YES,NA,NA,2.0718938047338828e-05,20260811T100559Z_7225d41a_m2-matched-lut-scale-00,16512,902,1,NA,1,33f066a87e3592e55aa4c78bcc583383243061423e6a790856d5b1be7f593fef,/home/wxt/work-online-merge-supplement/work-artifacts/work-online-merge-low-dasm-simulator-5c2aad2-r1/spatz_cluster.vlt,SCALE_D64,96,1,1423,NA,NA,PASS,NA,PASS,256,2295d8a24bbd0f02d34ee4dfaa1304ae109db1b59558f08bac217830865be927,pass,839,131072,0,NA,NA,NA,2026-08-11T10:33:08+00:00,NA,NA,NA,NA,NA,NA,NA,NA,NA,NA,NA,NA,NA,NA,NA,0,NA,Verilator 5.034 2025-02-24 rev v5.034,4f53cda18c2baa0c0354bb5f9a3ecbe5ed12ab4d8e11ba873c2f11161202b945,4,4,52,1,36,0
/home/wxt/work-online-merge-supplement/run-archive/m1-matched-lut-7wqexi/artifacts/work-online-merge-m2-matched-lut-scale-00-r1,64,4,4352,NA,2088d27088880cc8863c9223a76cc906dbd1232999927d2c35028326df3698fc,6,0.022727272727272728,4352,4256,main,scale_d64_n4,main,120fa0c30199e54e6e9b5c60d8da40913eae8526640992cc5d4f130bef159775,264,/home/wxt/m1-matched-lut.7wqexi/repo/hw/system/spatz_cluster/cfg/spatz_cluster.default.dram.hjson,2229,YES,clang version 14.0.6 (git@github.com:pulp-platform/llvm-project.git b494f2d8dde88723026db8ec16ac6c7ee1e140ca) | Target: riscv32-unknown-unknown-elf | Thread model: posix,c78e6f9d3db9d6bd8d39848b19b139bfaea517c5e83f2d18d073581abc2c66d4,/home/wxt/m1-matched-lut.7wqexi/repo/install/llvm/bin/clang -DONLINE_MERGE_COUNTER_PROFILE=0 -DONLINE_MERGE_IMPLEMENTATION_SELECT=4 -DONLINE_MERGE_STACK_LOG2=13 -DONLINE_MERGE_TRACE_PROXY=0 -I/home/wxt/m1-matched-lut.7wqexi/repo/sw/spatzBenchmarks/include -I/home/wxt/m1-matched-lut.7wqexi/repo/sw/snRuntime/include -I/home/wxt/m1-matched-lut.7wqexi/repo/sw/snRuntime/vendor -I/home/wxt/m1-matched-lut.7wqexi/repo/sw/snRuntime/../toolchain/riscv-opcodes -I/home/wxt/work-online-merge-supplement/run-archive/m1-matched-lut-7wqexi/artifacts/work-online-merge-m2-matched-lut-scale-00-r1/build/spatzBenchmarks/online_merge_generated/N4_D64_S1_main_R1 -I/home/wxt/m1-matched-lut.7wqexi/repo/sw/spatzBenchmarks/online-softmax-merge  --gcc-toolchain=/home/wxt/m1-matched-lut.7wqexi/repo/install/riscv-gcc -mcpu=snitch -mcmodel=small -ffast-math -fno-builtin-printf -fno-common -falign-loops=16 -ffunction-sections -Wextra -static -mllvm -misched-topdown -menable-experimental-extensions -mno-relax -march=rv32imafdvzfh_xdma_xfquarter -mabi=ilp32d -O3 -g -o CMakeFiles/test-spatzBenchmarks-online-softmax-merge-a1.dir/online-softmax-merge/main.c.o -c /home/wxt/m1-matched-lut.7wqexi/repo/sw/spatzBenchmarks/online-softmax-merge/main.c,A1_SMU_SCALAR,NA,memory,NA,NO,NA,NA,NO_EXPLICIT_TRANSFER_PHASE,MAIN_PERFORMANCE,pass,PASS,NA,4256,PASS,7225d41ad2d1c63376a9fb1ea4e56b3b24a3e97f,False,A1,0,3202ffe47e65df5158ea8112fc8b307286beff906a08c3d590c15edbc29e5816,main,NA,A1,2325,2.2437119469262068e-05,64,4,9.08203125,0.0002593994140625,100000000,5.791646167894499e-05,7.255134264458761e-06,False,PASS,low_perturbation,30fd436a5bf945fbbaeccc7c21ba2531c48df146f05e077a8b00d9a149906d34,20864,0,0,0,64,4,1.0,YES,NA,9.08203125,0,scale_d64_n4/memory/A1_SMU_SCALAR/trial-1/simulator.log,0,YES,NA,NA,2.0718938047338828e-05,20260811T100559Z_7225d41a_m2-matched-lut-scale-00,16512,902,1,NA,1,33f066a87e3592e55aa4c78bcc583383243061423e6a790856d5b1be7f593fef,/home/wxt/work-online-merge-supplement/work-artifacts/work-online-merge-low-dasm-simulator-5c2aad2-r1/spatz_cluster.vlt,SCALE_D64,96,1,1423,NA,NA,PASS,NA,PASS,256,2295d8a24bbd0f02d34ee4dfaa1304ae109db1b59558f08bac217830865be927,pass,839,131072,0,NA,NA,NA,2026-08-11T10:34:29+00:00,NA,NA,NA,NA,NA,NA,NA,NA,NA,NA,NA,NA,NA,NA,NA,1,NA,Verilator 5.034 2025-02-24 rev v5.034,4f53cda18c2baa0c0354bb5f9a3ecbe5ed12ab4d8e11ba873c2f11161202b945,4,4,52,1,36,0
/home/wxt/work-online-merge-supplement/run-archive/m1-matched-lut-7wqexi/artifacts/work-online-merge-m2-matched-lut-scale-00-r1,64,4,4352,NA,2088d27088880cc8863c9223a76cc906dbd1232999927d2c35028326df3698fc,6,0.022727272727272728,4352,4256,main,scale_d64_n4,main,120fa0c30199e54e6e9b5c60d8da40913eae8526640992cc5d4f130bef159775,264,/home/wxt/m1-matched-lut.7wqexi/repo/hw/system/spatz_cluster/cfg/spatz_cluster.default.dram.hjson,2229,YES,clang version 14.0.6 (git@github.com:pulp-platform/llvm-project.git b494f2d8dde88723026db8ec16ac6c7ee1e140ca) | Target: riscv32-unknown-unknown-elf | Thread model: posix,c78e6f9d3db9d6bd8d39848b19b139bfaea517c5e83f2d18d073581abc2c66d4,/home/wxt/m1-matched-lut.7wqexi/repo/install/llvm/bin/clang -DONLINE_MERGE_COUNTER_PROFILE=0 -DONLINE_MERGE_IMPLEMENTATION_SELECT=4 -DONLINE_MERGE_STACK_LOG2=13 -DONLINE_MERGE_TRACE_PROXY=0 -I/home/wxt/m1-matched-lut.7wqexi/repo/sw/spatzBenchmarks/include -I/home/wxt/m1-matched-lut.7wqexi/repo/sw/snRuntime/include -I/home/wxt/m1-matched-lut.7wqexi/repo/sw/snRuntime/vendor -I/home/wxt/m1-matched-lut.7wqexi/repo/sw/snRuntime/../toolchain/riscv-opcodes -I/home/wxt/work-online-merge-supplement/run-archive/m1-matched-lut-7wqexi/artifacts/work-online-merge-m2-matched-lut-scale-00-r1/build/spatzBenchmarks/online_merge_generated/N4_D64_S1_main_R1 -I/home/wxt/m1-matched-lut.7wqexi/repo/sw/spatzBenchmarks/online-softmax-merge  --gcc-toolchain=/home/wxt/m1-matched-lut.7wqexi/repo/install/riscv-gcc -mcpu=snitch -mcmodel=small -ffast-math -fno-builtin-printf -fno-common -falign-loops=16 -ffunction-sections -Wextra -static -mllvm -misched-topdown -menable-experimental-extensions -mno-relax -march=rv32imafdvzfh_xdma_xfquarter -mabi=ilp32d -O3 -g -o CMakeFiles/test-spatzBenchmarks-online-softmax-merge-a1.dir/online-softmax-merge/main.c.o -c /home/wxt/m1-matched-lut.7wqexi/repo/sw/spatzBenchmarks/online-softmax-merge/main.c,A1_SMU_SCALAR,NA,memory,NA,NO,NA,NA,NO_EXPLICIT_TRANSFER_PHASE,MAIN_PERFORMANCE,pass,PASS,NA,4256,PASS,7225d41ad2d1c63376a9fb1ea4e56b3b24a3e97f,False,A1,0,3202ffe47e65df5158ea8112fc8b307286beff906a08c3d590c15edbc29e5816,main,NA,A1,2325,2.2437119469262068e-05,64,4,9.08203125,0.0002593994140625,100000000,5.791646167894499e-05,7.255134264458761e-06,False,PASS,low_perturbation,30fd436a5bf945fbbaeccc7c21ba2531c48df146f05e077a8b00d9a149906d34,20864,0,0,0,64,4,1.0,YES,NA,9.08203125,0,scale_d64_n4/memory/A1_SMU_SCALAR/trial-2/simulator.log,0,YES,NA,NA,2.0718938047338828e-05,20260811T100559Z_7225d41a_m2-matched-lut-scale-00,16512,902,1,NA,1,33f066a87e3592e55aa4c78bcc583383243061423e6a790856d5b1be7f593fef,/home/wxt/work-online-merge-supplement/work-artifacts/work-online-merge-low-dasm-simulator-5c2aad2-r1/spatz_cluster.vlt,SCALE_D64,96,1,1423,NA,NA,PASS,NA,PASS,256,2295d8a24bbd0f02d34ee4dfaa1304ae109db1b59558f08bac217830865be927,pass,839,131072,0,NA,NA,NA,2026-08-11T10:35:50+00:00,NA,NA,NA,NA,NA,NA,NA,NA,NA,NA,NA,NA,NA,NA,NA,2,NA,Verilator 5.034 2025-02-24 rev v5.034,4f53cda18c2baa0c0354bb5f9a3ecbe5ed12ab4d8e11ba873c2f11161202b945,4,4,52,1,36,0
/home/wxt/work-online-merge-supplement/run-archive/m1-matched-lut-7wqexi/artifacts/work-online-merge-m2-matched-lut-scale-00-r1,64,4,4352,NA,46df433879e650b8f40b05e14195e37433f1ad09781f488f83417f5c6ecc836b,6,0.022727272727272728,4352,4256,main,scale_d64_n4,main,120fa0c30199e54e6e9b5c60d8da40913eae8526640992cc5d4f130bef159775,264,/home/wxt/m1-matched-lut.7wqexi/repo/hw/system/spatz_cluster/cfg/spatz_cluster.default.dram.hjson,1277,YES,clang version 14.0.6 (git@github.com:pulp-platform/llvm-project.git b494f2d8dde88723026db8ec16ac6c7ee1e140ca) | Target: riscv32-unknown-unknown-elf | Thread model: posix,c78e6f9d3db9d6bd8d39848b19b139bfaea517c5e83f2d18d073581abc2c66d4,/home/wxt/m1-matched-lut.7wqexi/repo/install/llvm/bin/clang -DONLINE_MERGE_COUNTER_PROFILE=0 -DONLINE_MERGE_IMPLEMENTATION_SELECT=3 -DONLINE_MERGE_STACK_LOG2=13 -DONLINE_MERGE_TRACE_PROXY=0 -I/home/wxt/m1-matched-lut.7wqexi/repo/sw/spatzBenchmarks/include -I/home/wxt/m1-matched-lut.7wqexi/repo/sw/snRuntime/include -I/home/wxt/m1-matched-lut.7wqexi/repo/sw/snRuntime/vendor -I/home/wxt/m1-matched-lut.7wqexi/repo/sw/snRuntime/../toolchain/riscv-opcodes -I/home/wxt/work-online-merge-supplement/run-archive/m1-matched-lut-7wqexi/artifacts/work-online-merge-m2-matched-lut-scale-00-r1/build/spatzBenchmarks/online_merge_generated/N4_D64_S1_main_R1 -I/home/wxt/m1-matched-lut.7wqexi/repo/sw/spatzBenchmarks/online-softmax-merge  --gcc-toolchain=/home/wxt/m1-matched-lut.7wqexi/repo/install/riscv-gcc -mcpu=snitch -mcmodel=small -ffast-math -fno-builtin-printf -fno-common -falign-loops=16 -ffunction-sections -Wextra -static -mllvm -misched-topdown -menable-experimental-extensions -mno-relax -march=rv32imafdvzfh_xdma_xfquarter -mabi=ilp32d -O3 -g -o CMakeFiles/test-spatzBenchmarks-online-softmax-merge-a2.dir/online-softmax-merge/main.c.o -c /home/wxt/m1-matched-lut.7wqexi/repo/sw/spatzBenchmarks/online-softmax-merge/main.c,A2_SMU_FULL,A2,memory,NA,NO,NA,NA,NO_EXPLICIT_TRANSFER_PHASE,MAIN_PERFORMANCE,pass,PASS,NA,4256,PASS,7225d41ad2d1c63376a9fb1ea4e56b3b24a3e97f,False,B3,0,3202ffe47e65df5158ea8112fc8b307286beff906a08c3d590c15edbc29e5816,main,NA,B3,3412,2.2437586506982004e-05,64,4,13.328125,0.0002593994140625,100000000,5.791646167894499e-05,7.2517793865479305e-06,False,PASS,low_perturbation,daba3e834931ef0f611cc9031d2e3f743108652586a5c2d7fe1283a679b2ca3e,20864,0,0,0,64,4,1.0,YES,NA,13.328125,0,scale_d64_n4/memory/A2_SMU_FULL/trial-0/simulator.log,0,YES,NA,NA,2.071936932041728e-05,20260811T100559Z_7225d41a_m2-matched-lut-scale-00,16512,NA,1,NA,1,33f066a87e3592e55aa4c78bcc583383243061423e6a790856d5b1be7f593fef,/home/wxt/work-online-merge-supplement/work-artifacts/work-online-merge-low-dasm-simulator-5c2aad2-r1/spatz_cluster.vlt,SCALE_D64,2135,1,NA,NA,NA,PASS,NA,PASS,256,71238e657e36f7566a4cc2dbe4e12c7112fe1f1d6589cfb02b00b0748e7eedf8,pass,1539,131072,4,NA,NA,NA,2026-08-11T10:37:10+00:00,NA,NA,NA,NA,NA,NA,NA,NA,NA,NA,NA,NA,NA,NA,NA,0,NA,Verilator 5.034 2025-02-24 rev v5.034,4f53cda18c2baa0c0354bb5f9a3ecbe5ed12ab4d8e11ba873c2f11161202b945,4,4,52,1,20,2055
/home/wxt/work-online-merge-supplement/run-archive/m1-matched-lut-7wqexi/artifacts/work-online-merge-m2-matched-lut-scale-00-r1,64,4,4352,NA,46df433879e650b8f40b05e14195e37433f1ad09781f488f83417f5c6ecc836b,6,0.022727272727272728,4352,4256,main,scale_d64_n4,main,120fa0c30199e54e6e9b5c60d8da40913eae8526640992cc5d4f130bef159775,264,/home/wxt/m1-matched-lut.7wqexi/repo/hw/system/spatz_cluster/cfg/spatz_cluster.default.dram.hjson,1277,YES,clang version 14.0.6 (git@github.com:pulp-platform/llvm-project.git b494f2d8dde88723026db8ec16ac6c7ee1e140ca) | Target: riscv32-unknown-unknown-elf | Thread model: posix,c78e6f9d3db9d6bd8d39848b19b139bfaea517c5e83f2d18d073581abc2c66d4,/home/wxt/m1-matched-lut.7wqexi/repo/install/llvm/bin/clang -DONLINE_MERGE_COUNTER_PROFILE=0 -DONLINE_MERGE_IMPLEMENTATION_SELECT=3 -DONLINE_MERGE_STACK_LOG2=13 -DONLINE_MERGE_TRACE_PROXY=0 -I/home/wxt/m1-matched-lut.7wqexi/repo/sw/spatzBenchmarks/include -I/home/wxt/m1-matched-lut.7wqexi/repo/sw/snRuntime/include -I/home/wxt/m1-matched-lut.7wqexi/repo/sw/snRuntime/vendor -I/home/wxt/m1-matched-lut.7wqexi/repo/sw/snRuntime/../toolchain/riscv-opcodes -I/home/wxt/work-online-merge-supplement/run-archive/m1-matched-lut-7wqexi/artifacts/work-online-merge-m2-matched-lut-scale-00-r1/build/spatzBenchmarks/online_merge_generated/N4_D64_S1_main_R1 -I/home/wxt/m1-matched-lut.7wqexi/repo/sw/spatzBenchmarks/online-softmax-merge  --gcc-toolchain=/home/wxt/m1-matched-lut.7wqexi/repo/install/riscv-gcc -mcpu=snitch -mcmodel=small -ffast-math -fno-builtin-printf -fno-common -falign-loops=16 -ffunction-sections -Wextra -static -mllvm -misched-topdown -menable-experimental-extensions -mno-relax -march=rv32imafdvzfh_xdma_xfquarter -mabi=ilp32d -O3 -g -o CMakeFiles/test-spatzBenchmarks-online-softmax-merge-a2.dir/online-softmax-merge/main.c.o -c /home/wxt/m1-matched-lut.7wqexi/repo/sw/spatzBenchmarks/online-softmax-merge/main.c,A2_SMU_FULL,A2,memory,NA,NO,NA,NA,NO_EXPLICIT_TRANSFER_PHASE,MAIN_PERFORMANCE,pass,PASS,NA,4256,PASS,7225d41ad2d1c63376a9fb1ea4e56b3b24a3e97f,False,B3,0,3202ffe47e65df5158ea8112fc8b307286beff906a08c3d590c15edbc29e5816,main,NA,B3,3412,2.2437586506982004e-05,64,4,13.328125,0.0002593994140625,100000000,5.791646167894499e-05,7.2517793865479305e-06,False,PASS,low_perturbation,daba3e834931ef0f611cc9031d2e3f743108652586a5c2d7fe1283a679b2ca3e,20864,0,0,0,64,4,1.0,YES,NA,13.328125,0,scale_d64_n4/memory/A2_SMU_FULL/trial-1/simulator.log,0,YES,NA,NA,2.071936932041728e-05,20260811T100559Z_7225d41a_m2-matched-lut-scale-00,16512,NA,1,NA,1,33f066a87e3592e55aa4c78bcc583383243061423e6a790856d5b1be7f593fef,/home/wxt/work-online-merge-supplement/work-artifacts/work-online-merge-low-dasm-simulator-5c2aad2-r1/spatz_cluster.vlt,SCALE_D64,2135,1,NA,NA,NA,PASS,NA,PASS,256,71238e657e36f7566a4cc2dbe4e12c7112fe1f1d6589cfb02b00b0748e7eedf8,pass,1539,131072,4,NA,NA,NA,2026-08-11T10:38:31+00:00,NA,NA,NA,NA,NA,NA,NA,NA,NA,NA,NA,NA,NA,NA,NA,1,NA,Verilator 5.034 2025-02-24 rev v5.034,4f53cda18c2baa0c0354bb5f9a3ecbe5ed12ab4d8e11ba873c2f11161202b945,4,4,52,1,20,2055
/home/wxt/work-online-merge-supplement/run-archive/m1-matched-lut-7wqexi/artifacts/work-online-merge-m2-matched-lut-scale-00-r1,64,4,4352,NA,46df433879e650b8f40b05e14195e37433f1ad09781f488f83417f5c6ecc836b,6,0.022727272727272728,4352,4256,main,scale_d64_n4,main,120fa0c30199e54e6e9b5c60d8da40913eae8526640992cc5d4f130bef159775,264,/home/wxt/m1-matched-lut.7wqexi/repo/hw/system/spatz_cluster/cfg/spatz_cluster.default.dram.hjson,1277,YES,clang version 14.0.6 (git@github.com:pulp-platform/llvm-project.git b494f2d8dde88723026db8ec16ac6c7ee1e140ca) | Target: riscv32-unknown-unknown-elf | Thread model: posix,c78e6f9d3db9d6bd8d39848b19b139bfaea517c5e83f2d18d073581abc2c66d4,/home/wxt/m1-matched-lut.7wqexi/repo/install/llvm/bin/clang -DONLINE_MERGE_COUNTER_PROFILE=0 -DONLINE_MERGE_IMPLEMENTATION_SELECT=3 -DONLINE_MERGE_STACK_LOG2=13 -DONLINE_MERGE_TRACE_PROXY=0 -I/home/wxt/m1-matched-lut.7wqexi/repo/sw/spatzBenchmarks/include -I/home/wxt/m1-matched-lut.7wqexi/repo/sw/snRuntime/include -I/home/wxt/m1-matched-lut.7wqexi/repo/sw/snRuntime/vendor -I/home/wxt/m1-matched-lut.7wqexi/repo/sw/snRuntime/../toolchain/riscv-opcodes -I/home/wxt/work-online-merge-supplement/run-archive/m1-matched-lut-7wqexi/artifacts/work-online-merge-m2-matched-lut-scale-00-r1/build/spatzBenchmarks/online_merge_generated/N4_D64_S1_main_R1 -I/home/wxt/m1-matched-lut.7wqexi/repo/sw/spatzBenchmarks/online-softmax-merge  --gcc-toolchain=/home/wxt/m1-matched-lut.7wqexi/repo/install/riscv-gcc -mcpu=snitch -mcmodel=small -ffast-math -fno-builtin-printf -fno-common -falign-loops=16 -ffunction-sections -Wextra -static -mllvm -misched-topdown -menable-experimental-extensions -mno-relax -march=rv32imafdvzfh_xdma_xfquarter -mabi=ilp32d -O3 -g -o CMakeFiles/test-spatzBenchmarks-online-softmax-merge-a2.dir/online-softmax-merge/main.c.o -c /home/wxt/m1-matched-lut.7wqexi/repo/sw/spatzBenchmarks/online-softmax-merge/main.c,A2_SMU_FULL,A2,memory,NA,NO,NA,NA,NO_EXPLICIT_TRANSFER_PHASE,MAIN_PERFORMANCE,pass,PASS,NA,4256,PASS,7225d41ad2d1c63376a9fb1ea4e56b3b24a3e97f,False,B3,0,3202ffe47e65df5158ea8112fc8b307286beff906a08c3d590c15edbc29e5816,main,NA,B3,3412,2.2437586506982004e-05,64,4,13.328125,0.0002593994140625,100000000,5.791646167894499e-05,7.2517793865479305e-06,False,PASS,low_perturbation,daba3e834931ef0f611cc9031d2e3f743108652586a5c2d7fe1283a679b2ca3e,20864,0,0,0,64,4,1.0,YES,NA,13.328125,0,scale_d64_n4/memory/A2_SMU_FULL/trial-2/simulator.log,0,YES,NA,NA,2.071936932041728e-05,20260811T100559Z_7225d41a_m2-matched-lut-scale-00,16512,NA,1,NA,1,33f066a87e3592e55aa4c78bcc583383243061423e6a790856d5b1be7f593fef,/home/wxt/work-online-merge-supplement/work-artifacts/work-online-merge-low-dasm-simulator-5c2aad2-r1/spatz_cluster.vlt,SCALE_D64,2135,1,NA,NA,NA,PASS,NA,PASS,256,71238e657e36f7566a4cc2dbe4e12c7112fe1f1d6589cfb02b00b0748e7eedf8,pass,1539,131072,4,NA,NA,NA,2026-08-11T10:39:47+00:00,NA,NA,NA,NA,NA,NA,NA,NA,NA,NA,NA,NA,NA,NA,NA,2,NA,Verilator 5.034 2025-02-24 rev v5.034,4f53cda18c2baa0c0354bb5f9a3ecbe5ed12ab4d8e11ba873c2f11161202b945,4,4,52,1,20,2055
/home/wxt/work-online-merge-supplement/run-archive/m1-matched-lut-7wqexi/artifacts/work-online-merge-m2-matched-lut-scale-01-r1,64,8,8704,NA,e91d1d61ef00ffd002b44fcb8340bbaeb266a4368bf8cf8fe9ca33c02a744b9b,11,0.020833333333333332,8704,8512,main,scale_d64_n8,main,120fa0c30199e54e6e9b5c60d8da40913eae8526640992cc5d4f130bef159775,528,/home/wxt/m1-matched-lut.7wqexi/repo/hw/system/spatz_cluster/cfg/spatz_cluster.default.dram.hjson,NA,YES,clang version 14.0.6 (git@github.com:pulp-platform/llvm-project.git b494f2d8dde88723026db8ec16ac6c7ee1e140ca) | Target: riscv32-unknown-unknown-elf | Thread model: posix,0b4d122fb362bbe88a374e1097c57ffb2361e0abebcf3b00726f0c3cc897d780,/home/wxt/m1-matched-lut.7wqexi/repo/install/llvm/bin/clang -DONLINE_MERGE_COUNTER_PROFILE=0 -DONLINE_MERGE_IMPLEMENTATION_SELECT=2 -DONLINE_MERGE_STACK_LOG2=13 -DONLINE_MERGE_TRACE_PROXY=0 -I/home/wxt/m1-matched-lut.7wqexi/repo/sw/spatzBenchmarks/include -I/home/wxt/m1-matched-lut.7wqexi/repo/sw/snRuntime/include -I/home/wxt/m1-matched-lut.7wqexi/repo/sw/snRuntime/vendor -I/home/wxt/m1-matched-lut.7wqexi/repo/sw/snRuntime/../toolchain/riscv-opcodes -I/home/wxt/work-online-merge-supplement/run-archive/m1-matched-lut-7wqexi/artifacts/work-online-merge-m2-matched-lut-scale-01-r1/build/spatzBenchmarks/online_merge_generated/N8_D64_S1_main_R1 -I/home/wxt/m1-matched-lut.7wqexi/repo/sw/spatzBenchmarks/online-softmax-merge  --gcc-toolchain=/home/wxt/m1-matched-lut.7wqexi/repo/install/riscv-gcc --gcc-toolchain=/home/wxt/m1-matched-lut.7wqexi/repo/install/riscv-gcc -mcpu=snitch -mcmodel=small -ffast-math -fno-builtin-printf -fno-common -falign-loops=16 -ffunction-sections -Wextra -static -mllvm -misched-topdown -menable-experimental-extensions -mno-relax -march=rv32imafdvzfh_xdma_xfquarter -mabi=ilp32d -O3 -g -o CMakeFiles/test-spatzBenchmarks-online-softmax-merge-b2r.dir/online-softmax-merge/main.c.o -c /home/wxt/m1-matched-lut.7wqexi/repo/sw/spatzBenchmarks/online-softmax-merge/main.c,B2R_RVV,A0,memory,9655,YES,384,NA,NO_EXPLICIT_TRANSFER_PHASE,MAIN_PERFORMANCE,pass,PASS,NA,8512,NA,7225d41ad2d1c63376a9fb1ea4e56b3b24a3e97f,False,B2-R,0,13ea8b2e411aa723023dca7ce0ffaa2ee5efb7417846acd13be43d07b3598a49,main,DASM_MARKER_ENVELOPE_WITNESS,B2-R,13131,2.1925014364402843e-05,64,8,25.646484375,0.0002593994140625,100000000,5.791646167894499e-05,7.776851293094682e-06,False,PASS,low_perturbation,59e11487ec0f8c7b63f0d9cffa2416b526f1020e990cb2ff081c550fca8a6b1d,25216,0,0,0,64,8,1.0,YES,NA,25.646484375,0,scale_d64_n8/memory/B2R_RVV/trial-0/simulator.log,0,YES,NA,NA,1.810715824245957e-05,20260811T104215Z_7225d41a_m2-matched-lut-scale-01,16512,NA,0,9271,1,33f066a87e3592e55aa4c78bcc583383243061423e6a790856d5b1be7f593fef,/home/wxt/work-online-merge-supplement/work-artifacts/work-online-merge-low-dasm-simulator-5c2aad2-r1/spatz_cluster.vlt,SCALE_D64_AND_N8,NA,0,NA,NA,NA,PASS,NA,PASS,256,cf3bb72d94bfea558e39254afa713aac0001ffc6fec0339198ce71f91fe903e2,pass,1197,131072,0,NA,NA,NA,2026-08-11T10:44:16+00:00,scale_d64_n8/memory/B2R_RVV/trace-witness/instruction_trace_audit.json,1166,3956,4009,432,3591,INDEPENDENT_DASM_WITNESS,6,PASS,NA,PASS,361ff71bcc241b448e49ff6d212d06a13a986e2fad861b0aa0b67e40e7a21d68,/home/wxt/work-online-merge-supplement/work-artifacts/work-online-merge-traced-simulator-088a44d-r1/spatz_cluster.vlt,default,59e11487ec0f8c7b63f0d9cffa2416b526f1020e990cb2ff081c550fca8a6b1d,0,384,Verilator 5.034 2025-02-24 rev v5.034,4f53cda18c2baa0c0354bb5f9a3ecbe5ed12ab4d8e11ba873c2f11161202b945,,,,,,
/home/wxt/work-online-merge-supplement/run-archive/m1-matched-lut-7wqexi/artifacts/work-online-merge-m2-matched-lut-scale-01-r1,64,8,8704,NA,e91d1d61ef00ffd002b44fcb8340bbaeb266a4368bf8cf8fe9ca33c02a744b9b,11,0.020833333333333332,8704,8512,main,scale_d64_n8,main,120fa0c30199e54e6e9b5c60d8da40913eae8526640992cc5d4f130bef159775,528,/home/wxt/m1-matched-lut.7wqexi/repo/hw/system/spatz_cluster/cfg/spatz_cluster.default.dram.hjson,NA,YES,clang version 14.0.6 (git@github.com:pulp-platform/llvm-project.git b494f2d8dde88723026db8ec16ac6c7ee1e140ca) | Target: riscv32-unknown-unknown-elf | Thread model: posix,0b4d122fb362bbe88a374e1097c57ffb2361e0abebcf3b00726f0c3cc897d780,/home/wxt/m1-matched-lut.7wqexi/repo/install/llvm/bin/clang -DONLINE_MERGE_COUNTER_PROFILE=0 -DONLINE_MERGE_IMPLEMENTATION_SELECT=2 -DONLINE_MERGE_STACK_LOG2=13 -DONLINE_MERGE_TRACE_PROXY=0 -I/home/wxt/m1-matched-lut.7wqexi/repo/sw/spatzBenchmarks/include -I/home/wxt/m1-matched-lut.7wqexi/repo/sw/snRuntime/include -I/home/wxt/m1-matched-lut.7wqexi/repo/sw/snRuntime/vendor -I/home/wxt/m1-matched-lut.7wqexi/repo/sw/snRuntime/../toolchain/riscv-opcodes -I/home/wxt/work-online-merge-supplement/run-archive/m1-matched-lut-7wqexi/artifacts/work-online-merge-m2-matched-lut-scale-01-r1/build/spatzBenchmarks/online_merge_generated/N8_D64_S1_main_R1 -I/home/wxt/m1-matched-lut.7wqexi/repo/sw/spatzBenchmarks/online-softmax-merge  --gcc-toolchain=/home/wxt/m1-matched-lut.7wqexi/repo/install/riscv-gcc --gcc-toolchain=/home/wxt/m1-matched-lut.7wqexi/repo/install/riscv-gcc -mcpu=snitch -mcmodel=small -ffast-math -fno-builtin-printf -fno-common -falign-loops=16 -ffunction-sections -Wextra -static -mllvm -misched-topdown -menable-experimental-extensions -mno-relax -march=rv32imafdvzfh_xdma_xfquarter -mabi=ilp32d -O3 -g -o CMakeFiles/test-spatzBenchmarks-online-softmax-merge-b2r.dir/online-softmax-merge/main.c.o -c /home/wxt/m1-matched-lut.7wqexi/repo/sw/spatzBenchmarks/online-softmax-merge/main.c,B2R_RVV,A0,memory,9655,YES,384,NA,NO_EXPLICIT_TRANSFER_PHASE,MAIN_PERFORMANCE,pass,PASS,NA,8512,NA,7225d41ad2d1c63376a9fb1ea4e56b3b24a3e97f,False,B2-R,0,13ea8b2e411aa723023dca7ce0ffaa2ee5efb7417846acd13be43d07b3598a49,main,DASM_MARKER_ENVELOPE_WITNESS,B2-R,13131,2.1925014364402843e-05,64,8,25.646484375,0.0002593994140625,100000000,5.791646167894499e-05,7.776851293094682e-06,False,PASS,low_perturbation,59e11487ec0f8c7b63f0d9cffa2416b526f1020e990cb2ff081c550fca8a6b1d,25216,0,0,0,64,8,1.0,YES,NA,25.646484375,0,scale_d64_n8/memory/B2R_RVV/trial-1/simulator.log,0,YES,NA,NA,1.810715824245957e-05,20260811T104215Z_7225d41a_m2-matched-lut-scale-01,16512,NA,0,9271,1,33f066a87e3592e55aa4c78bcc583383243061423e6a790856d5b1be7f593fef,/home/wxt/work-online-merge-supplement/work-artifacts/work-online-merge-low-dasm-simulator-5c2aad2-r1/spatz_cluster.vlt,SCALE_D64_AND_N8,NA,0,NA,NA,NA,PASS,NA,PASS,256,cf3bb72d94bfea558e39254afa713aac0001ffc6fec0339198ce71f91fe903e2,pass,1197,131072,0,NA,NA,NA,2026-08-11T10:46:03+00:00,scale_d64_n8/memory/B2R_RVV/trace-witness/instruction_trace_audit.json,1166,3956,4009,432,3591,INDEPENDENT_DASM_WITNESS,6,PASS,NA,PASS,361ff71bcc241b448e49ff6d212d06a13a986e2fad861b0aa0b67e40e7a21d68,/home/wxt/work-online-merge-supplement/work-artifacts/work-online-merge-traced-simulator-088a44d-r1/spatz_cluster.vlt,default,59e11487ec0f8c7b63f0d9cffa2416b526f1020e990cb2ff081c550fca8a6b1d,1,384,Verilator 5.034 2025-02-24 rev v5.034,4f53cda18c2baa0c0354bb5f9a3ecbe5ed12ab4d8e11ba873c2f11161202b945,,,,,,
/home/wxt/work-online-merge-supplement/run-archive/m1-matched-lut-7wqexi/artifacts/work-online-merge-m2-matched-lut-scale-01-r1,64,8,8704,NA,e91d1d61ef00ffd002b44fcb8340bbaeb266a4368bf8cf8fe9ca33c02a744b9b,11,0.020833333333333332,8704,8512,main,scale_d64_n8,main,120fa0c30199e54e6e9b5c60d8da40913eae8526640992cc5d4f130bef159775,528,/home/wxt/m1-matched-lut.7wqexi/repo/hw/system/spatz_cluster/cfg/spatz_cluster.default.dram.hjson,NA,YES,clang version 14.0.6 (git@github.com:pulp-platform/llvm-project.git b494f2d8dde88723026db8ec16ac6c7ee1e140ca) | Target: riscv32-unknown-unknown-elf | Thread model: posix,0b4d122fb362bbe88a374e1097c57ffb2361e0abebcf3b00726f0c3cc897d780,/home/wxt/m1-matched-lut.7wqexi/repo/install/llvm/bin/clang -DONLINE_MERGE_COUNTER_PROFILE=0 -DONLINE_MERGE_IMPLEMENTATION_SELECT=2 -DONLINE_MERGE_STACK_LOG2=13 -DONLINE_MERGE_TRACE_PROXY=0 -I/home/wxt/m1-matched-lut.7wqexi/repo/sw/spatzBenchmarks/include -I/home/wxt/m1-matched-lut.7wqexi/repo/sw/snRuntime/include -I/home/wxt/m1-matched-lut.7wqexi/repo/sw/snRuntime/vendor -I/home/wxt/m1-matched-lut.7wqexi/repo/sw/snRuntime/../toolchain/riscv-opcodes -I/home/wxt/work-online-merge-supplement/run-archive/m1-matched-lut-7wqexi/artifacts/work-online-merge-m2-matched-lut-scale-01-r1/build/spatzBenchmarks/online_merge_generated/N8_D64_S1_main_R1 -I/home/wxt/m1-matched-lut.7wqexi/repo/sw/spatzBenchmarks/online-softmax-merge  --gcc-toolchain=/home/wxt/m1-matched-lut.7wqexi/repo/install/riscv-gcc --gcc-toolchain=/home/wxt/m1-matched-lut.7wqexi/repo/install/riscv-gcc -mcpu=snitch -mcmodel=small -ffast-math -fno-builtin-printf -fno-common -falign-loops=16 -ffunction-sections -Wextra -static -mllvm -misched-topdown -menable-experimental-extensions -mno-relax -march=rv32imafdvzfh_xdma_xfquarter -mabi=ilp32d -O3 -g -o CMakeFiles/test-spatzBenchmarks-online-softmax-merge-b2r.dir/online-softmax-merge/main.c.o -c /home/wxt/m1-matched-lut.7wqexi/repo/sw/spatzBenchmarks/online-softmax-merge/main.c,B2R_RVV,A0,memory,9655,YES,384,NA,NO_EXPLICIT_TRANSFER_PHASE,MAIN_PERFORMANCE,pass,PASS,NA,8512,NA,7225d41ad2d1c63376a9fb1ea4e56b3b24a3e97f,False,B2-R,0,13ea8b2e411aa723023dca7ce0ffaa2ee5efb7417846acd13be43d07b3598a49,main,DASM_MARKER_ENVELOPE_WITNESS,B2-R,13131,2.1925014364402843e-05,64,8,25.646484375,0.0002593994140625,100000000,5.791646167894499e-05,7.776851293094682e-06,False,PASS,low_perturbation,59e11487ec0f8c7b63f0d9cffa2416b526f1020e990cb2ff081c550fca8a6b1d,25216,0,0,0,64,8,1.0,YES,NA,25.646484375,0,scale_d64_n8/memory/B2R_RVV/trial-2/simulator.log,0,YES,NA,NA,1.810715824245957e-05,20260811T104215Z_7225d41a_m2-matched-lut-scale-01,16512,NA,0,9271,1,33f066a87e3592e55aa4c78bcc583383243061423e6a790856d5b1be7f593fef,/home/wxt/work-online-merge-supplement/work-artifacts/work-online-merge-low-dasm-simulator-5c2aad2-r1/spatz_cluster.vlt,SCALE_D64_AND_N8,NA,0,NA,NA,NA,PASS,NA,PASS,256,cf3bb72d94bfea558e39254afa713aac0001ffc6fec0339198ce71f91fe903e2,pass,1197,131072,0,NA,NA,NA,2026-08-11T10:47:50+00:00,scale_d64_n8/memory/B2R_RVV/trace-witness/instruction_trace_audit.json,1166,3956,4009,432,3591,INDEPENDENT_DASM_WITNESS,6,PASS,NA,PASS,361ff71bcc241b448e49ff6d212d06a13a986e2fad861b0aa0b67e40e7a21d68,/home/wxt/work-online-merge-supplement/work-artifacts/work-online-merge-traced-simulator-088a44d-r1/spatz_cluster.vlt,default,59e11487ec0f8c7b63f0d9cffa2416b526f1020e990cb2ff081c550fca8a6b1d,2,384,Verilator 5.034 2025-02-24 rev v5.034,4f53cda18c2baa0c0354bb5f9a3ecbe5ed12ab4d8e11ba873c2f11161202b945,,,,,,
/home/wxt/work-online-merge-supplement/run-archive/m1-matched-lut-7wqexi/artifacts/work-online-merge-m2-matched-lut-scale-01-r1,64,8,8704,NA,60619610237059810af80728009649bc5f433c1d5168fabb99b2bf9b1416cfff,11,0.020833333333333332,8704,8512,main,scale_d64_n8,main,120fa0c30199e54e6e9b5c60d8da40913eae8526640992cc5d4f130bef159775,528,/home/wxt/m1-matched-lut.7wqexi/repo/hw/system/spatz_cluster/cfg/spatz_cluster.default.dram.hjson,3000,YES,clang version 14.0.6 (git@github.com:pulp-platform/llvm-project.git b494f2d8dde88723026db8ec16ac6c7ee1e140ca) | Target: riscv32-unknown-unknown-elf | Thread model: posix,0b4d122fb362bbe88a374e1097c57ffb2361e0abebcf3b00726f0c3cc897d780,/home/wxt/m1-matched-lut.7wqexi/repo/install/llvm/bin/clang -DONLINE_MERGE_COUNTER_PROFILE=0 -DONLINE_MERGE_IMPLEMENTATION_SELECT=4 -DONLINE_MERGE_STACK_LOG2=13 -DONLINE_MERGE_TRACE_PROXY=0 -I/home/wxt/m1-matched-lut.7wqexi/repo/sw/spatzBenchmarks/include -I/home/wxt/m1-matched-lut.7wqexi/repo/sw/snRuntime/include -I/home/wxt/m1-matched-lut.7wqexi/repo/sw/snRuntime/vendor -I/home/wxt/m1-matched-lut.7wqexi/repo/sw/snRuntime/../toolchain/riscv-opcodes -I/home/wxt/work-online-merge-supplement/run-archive/m1-matched-lut-7wqexi/artifacts/work-online-merge-m2-matched-lut-scale-01-r1/build/spatzBenchmarks/online_merge_generated/N8_D64_S1_main_R1 -I/home/wxt/m1-matched-lut.7wqexi/repo/sw/spatzBenchmarks/online-softmax-merge  --gcc-toolchain=/home/wxt/m1-matched-lut.7wqexi/repo/install/riscv-gcc --gcc-toolchain=/home/wxt/m1-matched-lut.7wqexi/repo/install/riscv-gcc -mcpu=snitch -mcmodel=small -ffast-math -fno-builtin-printf -fno-common -falign-loops=16 -ffunction-sections -Wextra -static -mllvm -misched-topdown -menable-experimental-extensions -mno-relax -march=rv32imafdvzfh_xdma_xfquarter -mabi=ilp32d -O3 -g -o CMakeFiles/test-spatzBenchmarks-online-softmax-merge-a1.dir/online-softmax-merge/main.c.o -c /home/wxt/m1-matched-lut.7wqexi/repo/sw/spatzBenchmarks/online-softmax-merge/main.c,A1_SMU_SCALAR,NA,memory,NA,NO,NA,NA,NO_EXPLICIT_TRANSFER_PHASE,MAIN_PERFORMANCE,pass,PASS,NA,8512,PASS,7225d41ad2d1c63376a9fb1ea4e56b3b24a3e97f,False,A1,0,13ea8b2e411aa723023dca7ce0ffaa2ee5efb7417846acd13be43d07b3598a49,main,NA,A1,3192,2.1925014364402843e-05,64,8,6.234375,0.0002593994140625,100000000,5.791646167894499e-05,7.776851293094682e-06,False,PASS,low_perturbation,2365702927e9dc5ca98625f0484ee663117f3236e3c7bb57108fed95584acaf4,25216,0,0,0,64,8,1.0,YES,NA,6.234375,0,scale_d64_n8/memory/A1_SMU_SCALAR/trial-0/simulator.log,0,YES,NA,NA,1.810715824245957e-05,20260811T104215Z_7225d41a_m2-matched-lut-scale-01,16512,1718,1,NA,1,33f066a87e3592e55aa4c78bcc583383243061423e6a790856d5b1be7f593fef,/home/wxt/work-online-merge-supplement/work-artifacts/work-online-merge-low-dasm-simulator-5c2aad2-r1/spatz_cluster.vlt,SCALE_D64_AND_N8,192,1,1474,NA,NA,PASS,NA,PASS,256,8a9c47eb467a57c8c890b846e32b02e64c28b4cd46feae15195bd399f0801159,pass,1302,131072,0,NA,NA,NA,2026-08-11T10:49:38+00:00,NA,NA,NA,NA,NA,NA,NA,NA,NA,NA,NA,NA,NA,NA,NA,0,NA,Verilator 5.034 2025-02-24 rev v5.034,4f53cda18c2baa0c0354bb5f9a3ecbe5ed12ab4d8e11ba873c2f11161202b945,8,8,104,1,72,0
/home/wxt/work-online-merge-supplement/run-archive/m1-matched-lut-7wqexi/artifacts/work-online-merge-m2-matched-lut-scale-01-r1,64,8,8704,NA,60619610237059810af80728009649bc5f433c1d5168fabb99b2bf9b1416cfff,11,0.020833333333333332,8704,8512,main,scale_d64_n8,main,120fa0c30199e54e6e9b5c60d8da40913eae8526640992cc5d4f130bef159775,528,/home/wxt/m1-matched-lut.7wqexi/repo/hw/system/spatz_cluster/cfg/spatz_cluster.default.dram.hjson,3000,YES,clang version 14.0.6 (git@github.com:pulp-platform/llvm-project.git b494f2d8dde88723026db8ec16ac6c7ee1e140ca) | Target: riscv32-unknown-unknown-elf | Thread model: posix,0b4d122fb362bbe88a374e1097c57ffb2361e0abebcf3b00726f0c3cc897d780,/home/wxt/m1-matched-lut.7wqexi/repo/install/llvm/bin/clang -DONLINE_MERGE_COUNTER_PROFILE=0 -DONLINE_MERGE_IMPLEMENTATION_SELECT=4 -DONLINE_MERGE_STACK_LOG2=13 -DONLINE_MERGE_TRACE_PROXY=0 -I/home/wxt/m1-matched-lut.7wqexi/repo/sw/spatzBenchmarks/include -I/home/wxt/m1-matched-lut.7wqexi/repo/sw/snRuntime/include -I/home/wxt/m1-matched-lut.7wqexi/repo/sw/snRuntime/vendor -I/home/wxt/m1-matched-lut.7wqexi/repo/sw/snRuntime/../toolchain/riscv-opcodes -I/home/wxt/work-online-merge-supplement/run-archive/m1-matched-lut-7wqexi/artifacts/work-online-merge-m2-matched-lut-scale-01-r1/build/spatzBenchmarks/online_merge_generated/N8_D64_S1_main_R1 -I/home/wxt/m1-matched-lut.7wqexi/repo/sw/spatzBenchmarks/online-softmax-merge  --gcc-toolchain=/home/wxt/m1-matched-lut.7wqexi/repo/install/riscv-gcc --gcc-toolchain=/home/wxt/m1-matched-lut.7wqexi/repo/install/riscv-gcc -mcpu=snitch -mcmodel=small -ffast-math -fno-builtin-printf -fno-common -falign-loops=16 -ffunction-sections -Wextra -static -mllvm -misched-topdown -menable-experimental-extensions -mno-relax -march=rv32imafdvzfh_xdma_xfquarter -mabi=ilp32d -O3 -g -o CMakeFiles/test-spatzBenchmarks-online-softmax-merge-a1.dir/online-softmax-merge/main.c.o -c /home/wxt/m1-matched-lut.7wqexi/repo/sw/spatzBenchmarks/online-softmax-merge/main.c,A1_SMU_SCALAR,NA,memory,NA,NO,NA,NA,NO_EXPLICIT_TRANSFER_PHASE,MAIN_PERFORMANCE,pass,PASS,NA,8512,PASS,7225d41ad2d1c63376a9fb1ea4e56b3b24a3e97f,False,A1,0,13ea8b2e411aa723023dca7ce0ffaa2ee5efb7417846acd13be43d07b3598a49,main,NA,A1,3192,2.1925014364402843e-05,64,8,6.234375,0.0002593994140625,100000000,5.791646167894499e-05,7.776851293094682e-06,False,PASS,low_perturbation,2365702927e9dc5ca98625f0484ee663117f3236e3c7bb57108fed95584acaf4,25216,0,0,0,64,8,1.0,YES,NA,6.234375,0,scale_d64_n8/memory/A1_SMU_SCALAR/trial-1/simulator.log,0,YES,NA,NA,1.810715824245957e-05,20260811T104215Z_7225d41a_m2-matched-lut-scale-01,16512,1718,1,NA,1,33f066a87e3592e55aa4c78bcc583383243061423e6a790856d5b1be7f593fef,/home/wxt/work-online-merge-supplement/work-artifacts/work-online-merge-low-dasm-simulator-5c2aad2-r1/spatz_cluster.vlt,SCALE_D64_AND_N8,192,1,1474,NA,NA,PASS,NA,PASS,256,8a9c47eb467a57c8c890b846e32b02e64c28b4cd46feae15195bd399f0801159,pass,1302,131072,0,NA,NA,NA,2026-08-11T10:51:19+00:00,NA,NA,NA,NA,NA,NA,NA,NA,NA,NA,NA,NA,NA,NA,NA,1,NA,Verilator 5.034 2025-02-24 rev v5.034,4f53cda18c2baa0c0354bb5f9a3ecbe5ed12ab4d8e11ba873c2f11161202b945,8,8,104,1,72,0
/home/wxt/work-online-merge-supplement/run-archive/m1-matched-lut-7wqexi/artifacts/work-online-merge-m2-matched-lut-scale-01-r1,64,8,8704,NA,60619610237059810af80728009649bc5f433c1d5168fabb99b2bf9b1416cfff,11,0.020833333333333332,8704,8512,main,scale_d64_n8,main,120fa0c30199e54e6e9b5c60d8da40913eae8526640992cc5d4f130bef159775,528,/home/wxt/m1-matched-lut.7wqexi/repo/hw/system/spatz_cluster/cfg/spatz_cluster.default.dram.hjson,3000,YES,clang version 14.0.6 (git@github.com:pulp-platform/llvm-project.git b494f2d8dde88723026db8ec16ac6c7ee1e140ca) | Target: riscv32-unknown-unknown-elf | Thread model: posix,0b4d122fb362bbe88a374e1097c57ffb2361e0abebcf3b00726f0c3cc897d780,/home/wxt/m1-matched-lut.7wqexi/repo/install/llvm/bin/clang -DONLINE_MERGE_COUNTER_PROFILE=0 -DONLINE_MERGE_IMPLEMENTATION_SELECT=4 -DONLINE_MERGE_STACK_LOG2=13 -DONLINE_MERGE_TRACE_PROXY=0 -I/home/wxt/m1-matched-lut.7wqexi/repo/sw/spatzBenchmarks/include -I/home/wxt/m1-matched-lut.7wqexi/repo/sw/snRuntime/include -I/home/wxt/m1-matched-lut.7wqexi/repo/sw/snRuntime/vendor -I/home/wxt/m1-matched-lut.7wqexi/repo/sw/snRuntime/../toolchain/riscv-opcodes -I/home/wxt/work-online-merge-supplement/run-archive/m1-matched-lut-7wqexi/artifacts/work-online-merge-m2-matched-lut-scale-01-r1/build/spatzBenchmarks/online_merge_generated/N8_D64_S1_main_R1 -I/home/wxt/m1-matched-lut.7wqexi/repo/sw/spatzBenchmarks/online-softmax-merge  --gcc-toolchain=/home/wxt/m1-matched-lut.7wqexi/repo/install/riscv-gcc --gcc-toolchain=/home/wxt/m1-matched-lut.7wqexi/repo/install/riscv-gcc -mcpu=snitch -mcmodel=small -ffast-math -fno-builtin-printf -fno-common -falign-loops=16 -ffunction-sections -Wextra -static -mllvm -misched-topdown -menable-experimental-extensions -mno-relax -march=rv32imafdvzfh_xdma_xfquarter -mabi=ilp32d -O3 -g -o CMakeFiles/test-spatzBenchmarks-online-softmax-merge-a1.dir/online-softmax-merge/main.c.o -c /home/wxt/m1-matched-lut.7wqexi/repo/sw/spatzBenchmarks/online-softmax-merge/main.c,A1_SMU_SCALAR,NA,memory,NA,NO,NA,NA,NO_EXPLICIT_TRANSFER_PHASE,MAIN_PERFORMANCE,pass,PASS,NA,8512,PASS,7225d41ad2d1c63376a9fb1ea4e56b3b24a3e97f,False,A1,0,13ea8b2e411aa723023dca7ce0ffaa2ee5efb7417846acd13be43d07b3598a49,main,NA,A1,3192,2.1925014364402843e-05,64,8,6.234375,0.0002593994140625,100000000,5.791646167894499e-05,7.776851293094682e-06,False,PASS,low_perturbation,2365702927e9dc5ca98625f0484ee663117f3236e3c7bb57108fed95584acaf4,25216,0,0,0,64,8,1.0,YES,NA,6.234375,0,scale_d64_n8/memory/A1_SMU_SCALAR/trial-2/simulator.log,0,YES,NA,NA,1.810715824245957e-05,20260811T104215Z_7225d41a_m2-matched-lut-scale-01,16512,1718,1,NA,1,33f066a87e3592e55aa4c78bcc583383243061423e6a790856d5b1be7f593fef,/home/wxt/work-online-merge-supplement/work-artifacts/work-online-merge-low-dasm-simulator-5c2aad2-r1/spatz_cluster.vlt,SCALE_D64_AND_N8,192,1,1474,NA,NA,PASS,NA,PASS,256,8a9c47eb467a57c8c890b846e32b02e64c28b4cd46feae15195bd399f0801159,pass,1302,131072,0,NA,NA,NA,2026-08-11T10:53:01+00:00,NA,NA,NA,NA,NA,NA,NA,NA,NA,NA,NA,NA,NA,NA,NA,2,NA,Verilator 5.034 2025-02-24 rev v5.034,4f53cda18c2baa0c0354bb5f9a3ecbe5ed12ab4d8e11ba873c2f11161202b945,8,8,104,1,72,0
/home/wxt/work-online-merge-supplement/run-archive/m1-matched-lut-7wqexi/artifacts/work-online-merge-m2-matched-lut-scale-01-r1,64,8,8704,NA,1f7236354b8c46ddff03397662ea4def0074c760485c9f5136ced2b1cf920fc1,11,0.020833333333333332,8704,8512,main,scale_d64_n8,main,120fa0c30199e54e6e9b5c60d8da40913eae8526640992cc5d4f130bef159775,528,/home/wxt/m1-matched-lut.7wqexi/repo/hw/system/spatz_cluster/cfg/spatz_cluster.default.dram.hjson,1280,YES,clang version 14.0.6 (git@github.com:pulp-platform/llvm-project.git b494f2d8dde88723026db8ec16ac6c7ee1e140ca) | Target: riscv32-unknown-unknown-elf | Thread model: posix,0b4d122fb362bbe88a374e1097c57ffb2361e0abebcf3b00726f0c3cc897d780,/home/wxt/m1-matched-lut.7wqexi/repo/install/llvm/bin/clang -DONLINE_MERGE_COUNTER_PROFILE=0 -DONLINE_MERGE_IMPLEMENTATION_SELECT=3 -DONLINE_MERGE_STACK_LOG2=13 -DONLINE_MERGE_TRACE_PROXY=0 -I/home/wxt/m1-matched-lut.7wqexi/repo/sw/spatzBenchmarks/include -I/home/wxt/m1-matched-lut.7wqexi/repo/sw/snRuntime/include -I/home/wxt/m1-matched-lut.7wqexi/repo/sw/snRuntime/vendor -I/home/wxt/m1-matched-lut.7wqexi/repo/sw/snRuntime/../toolchain/riscv-opcodes -I/home/wxt/work-online-merge-supplement/run-archive/m1-matched-lut-7wqexi/artifacts/work-online-merge-m2-matched-lut-scale-01-r1/build/spatzBenchmarks/online_merge_generated/N8_D64_S1_main_R1 -I/home/wxt/m1-matched-lut.7wqexi/repo/sw/spatzBenchmarks/online-softmax-merge  --gcc-toolchain=/home/wxt/m1-matched-lut.7wqexi/repo/install/riscv-gcc --gcc-toolchain=/home/wxt/m1-matched-lut.7wqexi/repo/install/riscv-gcc -mcpu=snitch -mcmodel=small -ffast-math -fno-builtin-printf -fno-common -falign-loops=16 -ffunction-sections -Wextra -static -mllvm -misched-topdown -menable-experimental-extensions -mno-relax -march=rv32imafdvzfh_xdma_xfquarter -mabi=ilp32d -O3 -g -o CMakeFiles/test-spatzBenchmarks-online-softmax-merge-a2.dir/online-softmax-merge/main.c.o -c /home/wxt/m1-matched-lut.7wqexi/repo/sw/spatzBenchmarks/online-softmax-merge/main.c,A2_SMU_FULL,A2,memory,NA,NO,NA,NA,NO_EXPLICIT_TRANSFER_PHASE,MAIN_PERFORMANCE,pass,PASS,NA,8512,PASS,7225d41ad2d1c63376a9fb1ea4e56b3b24a3e97f,False,B3,0,13ea8b2e411aa723023dca7ce0ffaa2ee5efb7417846acd13be43d07b3598a49,main,NA,B3,5559,2.1927093041192625e-05,64,8,10.857421875,0.0002593994140625,100000000,5.791646167894499e-05,7.775613939333143e-06,False,PASS,low_perturbation,6faad1607afa5727bc60e9e0d726256128fe2e37e78ce6c7b536d47bc12dd27d,25216,0,0,0,64,8,1.0,YES,NA,10.857421875,0,scale_d64_n8/memory/A2_SMU_FULL/trial-0/simulator.log,0,YES,NA,NA,1.810887495419996e-05,20260811T104215Z_7225d41a_m2-matched-lut-scale-01,16512,NA,1,NA,1,33f066a87e3592e55aa4c78bcc583383243061423e6a790856d5b1be7f593fef,/home/wxt/work-online-merge-supplement/work-artifacts/work-online-merge-low-dasm-simulator-5c2aad2-r1/spatz_cluster.vlt,SCALE_D64_AND_N8,4279,1,NA,NA,NA,PASS,NA,PASS,256,8ee2a845d353ad145c4bc87b2a857fc27f4a5657bcd89b4b6f98cf586ad0d75c,pass,2740,131072,28,NA,NA,NA,2026-08-11T10:54:46+00:00,NA,NA,NA,NA,NA,NA,NA,NA,NA,NA,NA,NA,NA,NA,NA,0,NA,Verilator 5.034 2025-02-24 rev v5.034,4f53cda18c2baa0c0354bb5f9a3ecbe5ed12ab4d8e11ba873c2f11161202b945,8,8,104,1,40,4119
/home/wxt/work-online-merge-supplement/run-archive/m1-matched-lut-7wqexi/artifacts/work-online-merge-m2-matched-lut-scale-01-r1,64,8,8704,NA,1f7236354b8c46ddff03397662ea4def0074c760485c9f5136ced2b1cf920fc1,11,0.020833333333333332,8704,8512,main,scale_d64_n8,main,120fa0c30199e54e6e9b5c60d8da40913eae8526640992cc5d4f130bef159775,528,/home/wxt/m1-matched-lut.7wqexi/repo/hw/system/spatz_cluster/cfg/spatz_cluster.default.dram.hjson,1280,YES,clang version 14.0.6 (git@github.com:pulp-platform/llvm-project.git b494f2d8dde88723026db8ec16ac6c7ee1e140ca) | Target: riscv32-unknown-unknown-elf | Thread model: posix,0b4d122fb362bbe88a374e1097c57ffb2361e0abebcf3b00726f0c3cc897d780,/home/wxt/m1-matched-lut.7wqexi/repo/install/llvm/bin/clang -DONLINE_MERGE_COUNTER_PROFILE=0 -DONLINE_MERGE_IMPLEMENTATION_SELECT=3 -DONLINE_MERGE_STACK_LOG2=13 -DONLINE_MERGE_TRACE_PROXY=0 -I/home/wxt/m1-matched-lut.7wqexi/repo/sw/spatzBenchmarks/include -I/home/wxt/m1-matched-lut.7wqexi/repo/sw/snRuntime/include -I/home/wxt/m1-matched-lut.7wqexi/repo/sw/snRuntime/vendor -I/home/wxt/m1-matched-lut.7wqexi/repo/sw/snRuntime/../toolchain/riscv-opcodes -I/home/wxt/work-online-merge-supplement/run-archive/m1-matched-lut-7wqexi/artifacts/work-online-merge-m2-matched-lut-scale-01-r1/build/spatzBenchmarks/online_merge_generated/N8_D64_S1_main_R1 -I/home/wxt/m1-matched-lut.7wqexi/repo/sw/spatzBenchmarks/online-softmax-merge  --gcc-toolchain=/home/wxt/m1-matched-lut.7wqexi/repo/install/riscv-gcc --gcc-toolchain=/home/wxt/m1-matched-lut.7wqexi/repo/install/riscv-gcc -mcpu=snitch -mcmodel=small -ffast-math -fno-builtin-printf -fno-common -falign-loops=16 -ffunction-sections -Wextra -static -mllvm -misched-topdown -menable-experimental-extensions -mno-relax -march=rv32imafdvzfh_xdma_xfquarter -mabi=ilp32d -O3 -g -o CMakeFiles/test-spatzBenchmarks-online-softmax-merge-a2.dir/online-softmax-merge/main.c.o -c /home/wxt/m1-matched-lut.7wqexi/repo/sw/spatzBenchmarks/online-softmax-merge/main.c,A2_SMU_FULL,A2,memory,NA,NO,NA,NA,NO_EXPLICIT_TRANSFER_PHASE,MAIN_PERFORMANCE,pass,PASS,NA,8512,PASS,7225d41ad2d1c63376a9fb1ea4e56b3b24a3e97f,False,B3,0,13ea8b2e411aa723023dca7ce0ffaa2ee5efb7417846acd13be43d07b3598a49,main,NA,B3,5559,2.1927093041192625e-05,64,8,10.857421875,0.0002593994140625,100000000,5.791646167894499e-05,7.775613939333143e-06,False,PASS,low_perturbation,6faad1607afa5727bc60e9e0d726256128fe2e37e78ce6c7b536d47bc12dd27d,25216,0,0,0,64,8,1.0,YES,NA,10.857421875,0,scale_d64_n8/memory/A2_SMU_FULL/trial-1/simulator.log,0,YES,NA,NA,1.810887495419996e-05,20260811T104215Z_7225d41a_m2-matched-lut-scale-01,16512,NA,1,NA,1,33f066a87e3592e55aa4c78bcc583383243061423e6a790856d5b1be7f593fef,/home/wxt/work-online-merge-supplement/work-artifacts/work-online-merge-low-dasm-simulator-5c2aad2-r1/spatz_cluster.vlt,SCALE_D64_AND_N8,4279,1,NA,NA,NA,PASS,NA,PASS,256,8ee2a845d353ad145c4bc87b2a857fc27f4a5657bcd89b4b6f98cf586ad0d75c,pass,2740,131072,28,NA,NA,NA,2026-08-11T10:56:28+00:00,NA,NA,NA,NA,NA,NA,NA,NA,NA,NA,NA,NA,NA,NA,NA,1,NA,Verilator 5.034 2025-02-24 rev v5.034,4f53cda18c2baa0c0354bb5f9a3ecbe5ed12ab4d8e11ba873c2f11161202b945,8,8,104,1,40,4119
/home/wxt/work-online-merge-supplement/run-archive/m1-matched-lut-7wqexi/artifacts/work-online-merge-m2-matched-lut-scale-01-r1,64,8,8704,NA,1f7236354b8c46ddff03397662ea4def0074c760485c9f5136ced2b1cf920fc1,11,0.020833333333333332,8704,8512,main,scale_d64_n8,main,120fa0c30199e54e6e9b5c60d8da40913eae8526640992cc5d4f130bef159775,528,/home/wxt/m1-matched-lut.7wqexi/repo/hw/system/spatz_cluster/cfg/spatz_cluster.default.dram.hjson,1280,YES,clang version 14.0.6 (git@github.com:pulp-platform/llvm-project.git b494f2d8dde88723026db8ec16ac6c7ee1e140ca) | Target: riscv32-unknown-unknown-elf | Thread model: posix,0b4d122fb362bbe88a374e1097c57ffb2361e0abebcf3b00726f0c3cc897d780,/home/wxt/m1-matched-lut.7wqexi/repo/install/llvm/bin/clang -DONLINE_MERGE_COUNTER_PROFILE=0 -DONLINE_MERGE_IMPLEMENTATION_SELECT=3 -DONLINE_MERGE_STACK_LOG2=13 -DONLINE_MERGE_TRACE_PROXY=0 -I/home/wxt/m1-matched-lut.7wqexi/repo/sw/spatzBenchmarks/include -I/home/wxt/m1-matched-lut.7wqexi/repo/sw/snRuntime/include -I/home/wxt/m1-matched-lut.7wqexi/repo/sw/snRuntime/vendor -I/home/wxt/m1-matched-lut.7wqexi/repo/sw/snRuntime/../toolchain/riscv-opcodes -I/home/wxt/work-online-merge-supplement/run-archive/m1-matched-lut-7wqexi/artifacts/work-online-merge-m2-matched-lut-scale-01-r1/build/spatzBenchmarks/online_merge_generated/N8_D64_S1_main_R1 -I/home/wxt/m1-matched-lut.7wqexi/repo/sw/spatzBenchmarks/online-softmax-merge  --gcc-toolchain=/home/wxt/m1-matched-lut.7wqexi/repo/install/riscv-gcc --gcc-toolchain=/home/wxt/m1-matched-lut.7wqexi/repo/install/riscv-gcc -mcpu=snitch -mcmodel=small -ffast-math -fno-builtin-printf -fno-common -falign-loops=16 -ffunction-sections -Wextra -static -mllvm -misched-topdown -menable-experimental-extensions -mno-relax -march=rv32imafdvzfh_xdma_xfquarter -mabi=ilp32d -O3 -g -o CMakeFiles/test-spatzBenchmarks-online-softmax-merge-a2.dir/online-softmax-merge/main.c.o -c /home/wxt/m1-matched-lut.7wqexi/repo/sw/spatzBenchmarks/online-softmax-merge/main.c,A2_SMU_FULL,A2,memory,NA,NO,NA,NA,NO_EXPLICIT_TRANSFER_PHASE,MAIN_PERFORMANCE,pass,PASS,NA,8512,PASS,7225d41ad2d1c63376a9fb1ea4e56b3b24a3e97f,False,B3,0,13ea8b2e411aa723023dca7ce0ffaa2ee5efb7417846acd13be43d07b3598a49,main,NA,B3,5559,2.1927093041192625e-05,64,8,10.857421875,0.0002593994140625,100000000,5.791646167894499e-05,7.775613939333143e-06,False,PASS,low_perturbation,6faad1607afa5727bc60e9e0d726256128fe2e37e78ce6c7b536d47bc12dd27d,25216,0,0,0,64,8,1.0,YES,NA,10.857421875,0,scale_d64_n8/memory/A2_SMU_FULL/trial-2/simulator.log,0,YES,NA,NA,1.810887495419996e-05,20260811T104215Z_7225d41a_m2-matched-lut-scale-01,16512,NA,1,NA,1,33f066a87e3592e55aa4c78bcc583383243061423e6a790856d5b1be7f593fef,/home/wxt/work-online-merge-supplement/work-artifacts/work-online-merge-low-dasm-simulator-5c2aad2-r1/spatz_cluster.vlt,SCALE_D64_AND_N8,4279,1,NA,NA,NA,PASS,NA,PASS,256,8ee2a845d353ad145c4bc87b2a857fc27f4a5657bcd89b4b6f98cf586ad0d75c,pass,2740,131072,28,NA,NA,NA,2026-08-11T10:58:16+00:00,NA,NA,NA,NA,NA,NA,NA,NA,NA,NA,NA,NA,NA,NA,NA,2,NA,Verilator 5.034 2025-02-24 rev v5.034,4f53cda18c2baa0c0354bb5f9a3ecbe5ed12ab4d8e11ba873c2f11161202b945,8,8,104,1,40,4119
/home/wxt/work-online-merge-supplement/run-archive/m1-matched-lut-7wqexi/artifacts/work-online-merge-m2-matched-lut-scale-01-r1,64,16,17152,NA,e24bdb0a816ff2ae0dc307a1bc36d17612e30b89f9672f73272c53b29fba3c49,24,0.022727272727272728,17152,17024,main,scale_d64_n16,main,120fa0c30199e54e6e9b5c60d8da40913eae8526640992cc5d4f130bef159775,1056,/home/wxt/m1-matched-lut.7wqexi/repo/hw/system/spatz_cluster/cfg/spatz_cluster.default.dram.hjson,NA,YES,clang version 14.0.6 (git@github.com:pulp-platform/llvm-project.git b494f2d8dde88723026db8ec16ac6c7ee1e140ca) | Target: riscv32-unknown-unknown-elf | Thread model: posix,e7e81adb47edafbaf0babcb4fc4a4baec25b23985f557d1bd0563d722be7fe50,/home/wxt/m1-matched-lut.7wqexi/repo/install/llvm/bin/clang -DONLINE_MERGE_COUNTER_PROFILE=0 -DONLINE_MERGE_IMPLEMENTATION_SELECT=2 -DONLINE_MERGE_STACK_LOG2=13 -DONLINE_MERGE_TRACE_PROXY=0 -I/home/wxt/m1-matched-lut.7wqexi/repo/sw/spatzBenchmarks/include -I/home/wxt/m1-matched-lut.7wqexi/repo/sw/snRuntime/include -I/home/wxt/m1-matched-lut.7wqexi/repo/sw/snRuntime/vendor -I/home/wxt/m1-matched-lut.7wqexi/repo/sw/snRuntime/../toolchain/riscv-opcodes -I/home/wxt/work-online-merge-supplement/run-archive/m1-matched-lut-7wqexi/artifacts/work-online-merge-m2-matched-lut-scale-01-r1/build/spatzBenchmarks/online_merge_generated/N16_D64_S1_main_R1 -I/home/wxt/m1-matched-lut.7wqexi/repo/sw/spatzBenchmarks/online-softmax-merge  --gcc-toolchain=/home/wxt/m1-matched-lut.7wqexi/repo/install/riscv-gcc -mcpu=snitch -mcmodel=small -ffast-math -fno-builtin-printf -fno-common -falign-loops=16 -ffunction-sections -Wextra -static -mllvm -misched-topdown -menable-experimental-extensions -mno-relax -march=rv32imafdvzfh_xdma_xfquarter -mabi=ilp32d -O3 -g -o CMakeFiles/test-spatzBenchmarks-online-softmax-merge-b2r.dir/online-softmax-merge/main.c.o -c /home/wxt/m1-matched-lut.7wqexi/repo/sw/spatzBenchmarks/online-softmax-merge/main.c,B2R_RVV,A0,memory,19182,YES,768,NA,NO_EXPLICIT_TRANSFER_PHASE,MAIN_PERFORMANCE,pass,PASS,NA,17024,NA,7225d41ad2d1c63376a9fb1ea4e56b3b24a3e97f,False,B2-R,0,2e988bc21ef578d746579ad77c2ec9aebf503112367514ae34f3dd01d95e8fd7,main,DASM_MARKER_ENVELOPE_WITNESS,B2-R,25485,1.665815918673608e-05,64,16,24.8876953125,0.0002593994140625,100000000,0.00016185392734602858,5.090996802953834e-06,False,PASS,low_perturbation,2c5df875ea77fa4595e41bd17030bc92847c0b02886db97699966d92cb792576,33664,0,0,0,64,16,1.0,YES,NA,24.8876953125,0,scale_d64_n16/memory/B2R_RVV/trial-0/simulator.log,0,YES,NA,NA,1.407338603562422e-05,20260811T104215Z_7225d41a_m2-matched-lut-scale-01,16512,NA,0,18414,1,33f066a87e3592e55aa4c78bcc583383243061423e6a790856d5b1be7f593fef,/home/wxt/work-online-merge-supplement/work-artifacts/work-online-merge-low-dasm-simulator-5c2aad2-r1/spatz_cluster.vlt,SCALE_D64,NA,0,NA,NA,NA,PASS,NA,PASS,256,d5b6c4d667ffe1d2c92bba61e647f6cc5560d051fa73e990a1ad91ae3965ac1f,pass,2325,131072,0,NA,NA,NA,2026-08-11T11:03:17+00:00,scale_d64_n16/memory/B2R_RVV/trace-witness/instruction_trace_audit.json,2118,7270,8042,768,7341,INDEPENDENT_DASM_WITNESS,6,PASS,NA,PASS,361ff71bcc241b448e49ff6d212d06a13a986e2fad861b0aa0b67e40e7a21d68,/home/wxt/work-online-merge-supplement/work-artifacts/work-online-merge-traced-simulator-088a44d-r1/spatz_cluster.vlt,default,2c5df875ea77fa4595e41bd17030bc92847c0b02886db97699966d92cb792576,0,768,Verilator 5.034 2025-02-24 rev v5.034,4f53cda18c2baa0c0354bb5f9a3ecbe5ed12ab4d8e11ba873c2f11161202b945,,,,,,
/home/wxt/work-online-merge-supplement/run-archive/m1-matched-lut-7wqexi/artifacts/work-online-merge-m2-matched-lut-scale-01-r1,64,16,17152,NA,e24bdb0a816ff2ae0dc307a1bc36d17612e30b89f9672f73272c53b29fba3c49,24,0.022727272727272728,17152,17024,main,scale_d64_n16,main,120fa0c30199e54e6e9b5c60d8da40913eae8526640992cc5d4f130bef159775,1056,/home/wxt/m1-matched-lut.7wqexi/repo/hw/system/spatz_cluster/cfg/spatz_cluster.default.dram.hjson,NA,YES,clang version 14.0.6 (git@github.com:pulp-platform/llvm-project.git b494f2d8dde88723026db8ec16ac6c7ee1e140ca) | Target: riscv32-unknown-unknown-elf | Thread model: posix,e7e81adb47edafbaf0babcb4fc4a4baec25b23985f557d1bd0563d722be7fe50,/home/wxt/m1-matched-lut.7wqexi/repo/install/llvm/bin/clang -DONLINE_MERGE_COUNTER_PROFILE=0 -DONLINE_MERGE_IMPLEMENTATION_SELECT=2 -DONLINE_MERGE_STACK_LOG2=13 -DONLINE_MERGE_TRACE_PROXY=0 -I/home/wxt/m1-matched-lut.7wqexi/repo/sw/spatzBenchmarks/include -I/home/wxt/m1-matched-lut.7wqexi/repo/sw/snRuntime/include -I/home/wxt/m1-matched-lut.7wqexi/repo/sw/snRuntime/vendor -I/home/wxt/m1-matched-lut.7wqexi/repo/sw/snRuntime/../toolchain/riscv-opcodes -I/home/wxt/work-online-merge-supplement/run-archive/m1-matched-lut-7wqexi/artifacts/work-online-merge-m2-matched-lut-scale-01-r1/build/spatzBenchmarks/online_merge_generated/N16_D64_S1_main_R1 -I/home/wxt/m1-matched-lut.7wqexi/repo/sw/spatzBenchmarks/online-softmax-merge  --gcc-toolchain=/home/wxt/m1-matched-lut.7wqexi/repo/install/riscv-gcc -mcpu=snitch -mcmodel=small -ffast-math -fno-builtin-printf -fno-common -falign-loops=16 -ffunction-sections -Wextra -static -mllvm -misched-topdown -menable-experimental-extensions -mno-relax -march=rv32imafdvzfh_xdma_xfquarter -mabi=ilp32d -O3 -g -o CMakeFiles/test-spatzBenchmarks-online-softmax-merge-b2r.dir/online-softmax-merge/main.c.o -c /home/wxt/m1-matched-lut.7wqexi/repo/sw/spatzBenchmarks/online-softmax-merge/main.c,B2R_RVV,A0,memory,19182,YES,768,NA,NO_EXPLICIT_TRANSFER_PHASE,MAIN_PERFORMANCE,pass,PASS,NA,17024,NA,7225d41ad2d1c63376a9fb1ea4e56b3b24a3e97f,False,B2-R,0,2e988bc21ef578d746579ad77c2ec9aebf503112367514ae34f3dd01d95e8fd7,main,DASM_MARKER_ENVELOPE_WITNESS,B2-R,25485,1.665815918673608e-05,64,16,24.8876953125,0.0002593994140625,100000000,0.00016185392734602858,5.090996802953834e-06,False,PASS,low_perturbation,2c5df875ea77fa4595e41bd17030bc92847c0b02886db97699966d92cb792576,33664,0,0,0,64,16,1.0,YES,NA,24.8876953125,0,scale_d64_n16/memory/B2R_RVV/trial-1/simulator.log,0,YES,NA,NA,1.407338603562422e-05,20260811T104215Z_7225d41a_m2-matched-lut-scale-01,16512,NA,0,18414,1,33f066a87e3592e55aa4c78bcc583383243061423e6a790856d5b1be7f593fef,/home/wxt/work-online-merge-supplement/work-artifacts/work-online-merge-low-dasm-simulator-5c2aad2-r1/spatz_cluster.vlt,SCALE_D64,NA,0,NA,NA,NA,PASS,NA,PASS,256,d5b6c4d667ffe1d2c92bba61e647f6cc5560d051fa73e990a1ad91ae3965ac1f,pass,2325,131072,0,NA,NA,NA,2026-08-11T11:06:03+00:00,scale_d64_n16/memory/B2R_RVV/trace-witness/instruction_trace_audit.json,2118,7270,8042,768,7341,INDEPENDENT_DASM_WITNESS,6,PASS,NA,PASS,361ff71bcc241b448e49ff6d212d06a13a986e2fad861b0aa0b67e40e7a21d68,/home/wxt/work-online-merge-supplement/work-artifacts/work-online-merge-traced-simulator-088a44d-r1/spatz_cluster.vlt,default,2c5df875ea77fa4595e41bd17030bc92847c0b02886db97699966d92cb792576,1,768,Verilator 5.034 2025-02-24 rev v5.034,4f53cda18c2baa0c0354bb5f9a3ecbe5ed12ab4d8e11ba873c2f11161202b945,,,,,,
/home/wxt/work-online-merge-supplement/run-archive/m1-matched-lut-7wqexi/artifacts/work-online-merge-m2-matched-lut-scale-01-r1,64,16,17152,NA,e24bdb0a816ff2ae0dc307a1bc36d17612e30b89f9672f73272c53b29fba3c49,24,0.022727272727272728,17152,17024,main,scale_d64_n16,main,120fa0c30199e54e6e9b5c60d8da40913eae8526640992cc5d4f130bef159775,1056,/home/wxt/m1-matched-lut.7wqexi/repo/hw/system/spatz_cluster/cfg/spatz_cluster.default.dram.hjson,NA,YES,clang version 14.0.6 (git@github.com:pulp-platform/llvm-project.git b494f2d8dde88723026db8ec16ac6c7ee1e140ca) | Target: riscv32-unknown-unknown-elf | Thread model: posix,e7e81adb47edafbaf0babcb4fc4a4baec25b23985f557d1bd0563d722be7fe50,/home/wxt/m1-matched-lut.7wqexi/repo/install/llvm/bin/clang -DONLINE_MERGE_COUNTER_PROFILE=0 -DONLINE_MERGE_IMPLEMENTATION_SELECT=2 -DONLINE_MERGE_STACK_LOG2=13 -DONLINE_MERGE_TRACE_PROXY=0 -I/home/wxt/m1-matched-lut.7wqexi/repo/sw/spatzBenchmarks/include -I/home/wxt/m1-matched-lut.7wqexi/repo/sw/snRuntime/include -I/home/wxt/m1-matched-lut.7wqexi/repo/sw/snRuntime/vendor -I/home/wxt/m1-matched-lut.7wqexi/repo/sw/snRuntime/../toolchain/riscv-opcodes -I/home/wxt/work-online-merge-supplement/run-archive/m1-matched-lut-7wqexi/artifacts/work-online-merge-m2-matched-lut-scale-01-r1/build/spatzBenchmarks/online_merge_generated/N16_D64_S1_main_R1 -I/home/wxt/m1-matched-lut.7wqexi/repo/sw/spatzBenchmarks/online-softmax-merge  --gcc-toolchain=/home/wxt/m1-matched-lut.7wqexi/repo/install/riscv-gcc -mcpu=snitch -mcmodel=small -ffast-math -fno-builtin-printf -fno-common -falign-loops=16 -ffunction-sections -Wextra -static -mllvm -misched-topdown -menable-experimental-extensions -mno-relax -march=rv32imafdvzfh_xdma_xfquarter -mabi=ilp32d -O3 -g -o CMakeFiles/test-spatzBenchmarks-online-softmax-merge-b2r.dir/online-softmax-merge/main.c.o -c /home/wxt/m1-matched-lut.7wqexi/repo/sw/spatzBenchmarks/online-softmax-merge/main.c,B2R_RVV,A0,memory,19182,YES,768,NA,NO_EXPLICIT_TRANSFER_PHASE,MAIN_PERFORMANCE,pass,PASS,NA,17024,NA,7225d41ad2d1c63376a9fb1ea4e56b3b24a3e97f,False,B2-R,0,2e988bc21ef578d746579ad77c2ec9aebf503112367514ae34f3dd01d95e8fd7,main,DASM_MARKER_ENVELOPE_WITNESS,B2-R,25485,1.665815918673608e-05,64,16,24.8876953125,0.0002593994140625,100000000,0.00016185392734602858,5.090996802953834e-06,False,PASS,low_perturbation,2c5df875ea77fa4595e41bd17030bc92847c0b02886db97699966d92cb792576,33664,0,0,0,64,16,1.0,YES,NA,24.8876953125,0,scale_d64_n16/memory/B2R_RVV/trial-2/simulator.log,0,YES,NA,NA,1.407338603562422e-05,20260811T104215Z_7225d41a_m2-matched-lut-scale-01,16512,NA,0,18414,1,33f066a87e3592e55aa4c78bcc583383243061423e6a790856d5b1be7f593fef,/home/wxt/work-online-merge-supplement/work-artifacts/work-online-merge-low-dasm-simulator-5c2aad2-r1/spatz_cluster.vlt,SCALE_D64,NA,0,NA,NA,NA,PASS,NA,PASS,256,d5b6c4d667ffe1d2c92bba61e647f6cc5560d051fa73e990a1ad91ae3965ac1f,pass,2325,131072,0,NA,NA,NA,2026-08-11T11:08:50+00:00,scale_d64_n16/memory/B2R_RVV/trace-witness/instruction_trace_audit.json,2118,7270,8042,768,7341,INDEPENDENT_DASM_WITNESS,6,PASS,NA,PASS,361ff71bcc241b448e49ff6d212d06a13a986e2fad861b0aa0b67e40e7a21d68,/home/wxt/work-online-merge-supplement/work-artifacts/work-online-merge-traced-simulator-088a44d-r1/spatz_cluster.vlt,default,2c5df875ea77fa4595e41bd17030bc92847c0b02886db97699966d92cb792576,2,768,Verilator 5.034 2025-02-24 rev v5.034,4f53cda18c2baa0c0354bb5f9a3ecbe5ed12ab4d8e11ba873c2f11161202b945,,,,,,
/home/wxt/work-online-merge-supplement/run-archive/m1-matched-lut-7wqexi/artifacts/work-online-merge-m2-matched-lut-scale-01-r1,64,16,17152,NA,bec6790f29aad53786212cf00d7d6c75f9974e2ea0af1119844fba1d7dc46240,24,0.022727272727272728,17152,17024,main,scale_d64_n16,main,120fa0c30199e54e6e9b5c60d8da40913eae8526640992cc5d4f130bef159775,1056,/home/wxt/m1-matched-lut.7wqexi/repo/hw/system/spatz_cluster/cfg/spatz_cluster.default.dram.hjson,4512,YES,clang version 14.0.6 (git@github.com:pulp-platform/llvm-project.git b494f2d8dde88723026db8ec16ac6c7ee1e140ca) | Target: riscv32-unknown-unknown-elf | Thread model: posix,e7e81adb47edafbaf0babcb4fc4a4baec25b23985f557d1bd0563d722be7fe50,/home/wxt/m1-matched-lut.7wqexi/repo/install/llvm/bin/clang -DONLINE_MERGE_COUNTER_PROFILE=0 -DONLINE_MERGE_IMPLEMENTATION_SELECT=4 -DONLINE_MERGE_STACK_LOG2=13 -DONLINE_MERGE_TRACE_PROXY=0 -I/home/wxt/m1-matched-lut.7wqexi/repo/sw/spatzBenchmarks/include -I/home/wxt/m1-matched-lut.7wqexi/repo/sw/snRuntime/include -I/home/wxt/m1-matched-lut.7wqexi/repo/sw/snRuntime/vendor -I/home/wxt/m1-matched-lut.7wqexi/repo/sw/snRuntime/../toolchain/riscv-opcodes -I/home/wxt/work-online-merge-supplement/run-archive/m1-matched-lut-7wqexi/artifacts/work-online-merge-m2-matched-lut-scale-01-r1/build/spatzBenchmarks/online_merge_generated/N16_D64_S1_main_R1 -I/home/wxt/m1-matched-lut.7wqexi/repo/sw/spatzBenchmarks/online-softmax-merge  --gcc-toolchain=/home/wxt/m1-matched-lut.7wqexi/repo/install/riscv-gcc -mcpu=snitch -mcmodel=small -ffast-math -fno-builtin-printf -fno-common -falign-loops=16 -ffunction-sections -Wextra -static -mllvm -misched-topdown -menable-experimental-extensions -mno-relax -march=rv32imafdvzfh_xdma_xfquarter -mabi=ilp32d -O3 -g -o CMakeFiles/test-spatzBenchmarks-online-softmax-merge-a1.dir/online-softmax-merge/main.c.o -c /home/wxt/m1-matched-lut.7wqexi/repo/sw/spatzBenchmarks/online-softmax-merge/main.c,A1_SMU_SCALAR,NA,memory,NA,NO,NA,NA,NO_EXPLICIT_TRANSFER_PHASE,MAIN_PERFORMANCE,pass,PASS,NA,17024,PASS,7225d41ad2d1c63376a9fb1ea4e56b3b24a3e97f,False,A1,0,2e988bc21ef578d746579ad77c2ec9aebf503112367514ae34f3dd01d95e8fd7,main,NA,A1,4896,1.665815918673608e-05,64,16,4.78125,0.0002593994140625,100000000,0.00016185392734602858,5.090996802953834e-06,False,PASS,low_perturbation,23345ee055d5d48376359e236248cbdf446eb6aebcc582faf3d227ab58ad1013,33664,0,0,0,64,16,1.0,YES,NA,4.78125,0,scale_d64_n16/memory/A1_SMU_SCALAR/trial-0/simulator.log,0,YES,NA,NA,1.407338603562422e-05,20260811T104215Z_7225d41a_m2-matched-lut-scale-01,16512,3240,1,NA,1,33f066a87e3592e55aa4c78bcc583383243061423e6a790856d5b1be7f593fef,/home/wxt/work-online-merge-supplement/work-artifacts/work-online-merge-low-dasm-simulator-5c2aad2-r1/spatz_cluster.vlt,SCALE_D64,384,1,1656,NA,NA,PASS,NA,PASS,256,b1e5481f5fb883c0c059a60e78818090e5ca05e95ff217c2d12122f2332f635f,pass,2239,131072,0,NA,NA,NA,2026-08-11T11:11:38+00:00,NA,NA,NA,NA,NA,NA,NA,NA,NA,NA,NA,NA,NA,NA,NA,0,NA,Verilator 5.034 2025-02-24 rev v5.034,4f53cda18c2baa0c0354bb5f9a3ecbe5ed12ab4d8e11ba873c2f11161202b945,16,16,208,1,144,0
/home/wxt/work-online-merge-supplement/run-archive/m1-matched-lut-7wqexi/artifacts/work-online-merge-m2-matched-lut-scale-01-r1,64,16,17152,NA,bec6790f29aad53786212cf00d7d6c75f9974e2ea0af1119844fba1d7dc46240,24,0.022727272727272728,17152,17024,main,scale_d64_n16,main,120fa0c30199e54e6e9b5c60d8da40913eae8526640992cc5d4f130bef159775,1056,/home/wxt/m1-matched-lut.7wqexi/repo/hw/system/spatz_cluster/cfg/spatz_cluster.default.dram.hjson,4512,YES,clang version 14.0.6 (git@github.com:pulp-platform/llvm-project.git b494f2d8dde88723026db8ec16ac6c7ee1e140ca) | Target: riscv32-unknown-unknown-elf | Thread model: posix,e7e81adb47edafbaf0babcb4fc4a4baec25b23985f557d1bd0563d722be7fe50,/home/wxt/m1-matched-lut.7wqexi/repo/install/llvm/bin/clang -DONLINE_MERGE_COUNTER_PROFILE=0 -DONLINE_MERGE_IMPLEMENTATION_SELECT=4 -DONLINE_MERGE_STACK_LOG2=13 -DONLINE_MERGE_TRACE_PROXY=0 -I/home/wxt/m1-matched-lut.7wqexi/repo/sw/spatzBenchmarks/include -I/home/wxt/m1-matched-lut.7wqexi/repo/sw/snRuntime/include -I/home/wxt/m1-matched-lut.7wqexi/repo/sw/snRuntime/vendor -I/home/wxt/m1-matched-lut.7wqexi/repo/sw/snRuntime/../toolchain/riscv-opcodes -I/home/wxt/work-online-merge-supplement/run-archive/m1-matched-lut-7wqexi/artifacts/work-online-merge-m2-matched-lut-scale-01-r1/build/spatzBenchmarks/online_merge_generated/N16_D64_S1_main_R1 -I/home/wxt/m1-matched-lut.7wqexi/repo/sw/spatzBenchmarks/online-softmax-merge  --gcc-toolchain=/home/wxt/m1-matched-lut.7wqexi/repo/install/riscv-gcc -mcpu=snitch -mcmodel=small -ffast-math -fno-builtin-printf -fno-common -falign-loops=16 -ffunction-sections -Wextra -static -mllvm -misched-topdown -menable-experimental-extensions -mno-relax -march=rv32imafdvzfh_xdma_xfquarter -mabi=ilp32d -O3 -g -o CMakeFiles/test-spatzBenchmarks-online-softmax-merge-a1.dir/online-softmax-merge/main.c.o -c /home/wxt/m1-matched-lut.7wqexi/repo/sw/spatzBenchmarks/online-softmax-merge/main.c,A1_SMU_SCALAR,NA,memory,NA,NO,NA,NA,NO_EXPLICIT_TRANSFER_PHASE,MAIN_PERFORMANCE,pass,PASS,NA,17024,PASS,7225d41ad2d1c63376a9fb1ea4e56b3b24a3e97f,False,A1,0,2e988bc21ef578d746579ad77c2ec9aebf503112367514ae34f3dd01d95e8fd7,main,NA,A1,4896,1.665815918673608e-05,64,16,4.78125,0.0002593994140625,100000000,0.00016185392734602858,5.090996802953834e-06,False,PASS,low_perturbation,23345ee055d5d48376359e236248cbdf446eb6aebcc582faf3d227ab58ad1013,33664,0,0,0,64,16,1.0,YES,NA,4.78125,0,scale_d64_n16/memory/A1_SMU_SCALAR/trial-1/simulator.log,0,YES,NA,NA,1.407338603562422e-05,20260811T104215Z_7225d41a_m2-matched-lut-scale-01,16512,3240,1,NA,1,33f066a87e3592e55aa4c78bcc583383243061423e6a790856d5b1be7f593fef,/home/wxt/work-online-merge-supplement/work-artifacts/work-online-merge-low-dasm-simulator-5c2aad2-r1/spatz_cluster.vlt,SCALE_D64,384,1,1656,NA,NA,PASS,NA,PASS,256,b1e5481f5fb883c0c059a60e78818090e5ca05e95ff217c2d12122f2332f635f,pass,2239,131072,0,NA,NA,NA,2026-08-11T11:14:06+00:00,NA,NA,NA,NA,NA,NA,NA,NA,NA,NA,NA,NA,NA,NA,NA,1,NA,Verilator 5.034 2025-02-24 rev v5.034,4f53cda18c2baa0c0354bb5f9a3ecbe5ed12ab4d8e11ba873c2f11161202b945,16,16,208,1,144,0
/home/wxt/work-online-merge-supplement/run-archive/m1-matched-lut-7wqexi/artifacts/work-online-merge-m2-matched-lut-scale-01-r1,64,16,17152,NA,bec6790f29aad53786212cf00d7d6c75f9974e2ea0af1119844fba1d7dc46240,24,0.022727272727272728,17152,17024,main,scale_d64_n16,main,120fa0c30199e54e6e9b5c60d8da40913eae8526640992cc5d4f130bef159775,1056,/home/wxt/m1-matched-lut.7wqexi/repo/hw/system/spatz_cluster/cfg/spatz_cluster.default.dram.hjson,4512,YES,clang version 14.0.6 (git@github.com:pulp-platform/llvm-project.git b494f2d8dde88723026db8ec16ac6c7ee1e140ca) | Target: riscv32-unknown-unknown-elf | Thread model: posix,e7e81adb47edafbaf0babcb4fc4a4baec25b23985f557d1bd0563d722be7fe50,/home/wxt/m1-matched-lut.7wqexi/repo/install/llvm/bin/clang -DONLINE_MERGE_COUNTER_PROFILE=0 -DONLINE_MERGE_IMPLEMENTATION_SELECT=4 -DONLINE_MERGE_STACK_LOG2=13 -DONLINE_MERGE_TRACE_PROXY=0 -I/home/wxt/m1-matched-lut.7wqexi/repo/sw/spatzBenchmarks/include -I/home/wxt/m1-matched-lut.7wqexi/repo/sw/snRuntime/include -I/home/wxt/m1-matched-lut.7wqexi/repo/sw/snRuntime/vendor -I/home/wxt/m1-matched-lut.7wqexi/repo/sw/snRuntime/../toolchain/riscv-opcodes -I/home/wxt/work-online-merge-supplement/run-archive/m1-matched-lut-7wqexi/artifacts/work-online-merge-m2-matched-lut-scale-01-r1/build/spatzBenchmarks/online_merge_generated/N16_D64_S1_main_R1 -I/home/wxt/m1-matched-lut.7wqexi/repo/sw/spatzBenchmarks/online-softmax-merge  --gcc-toolchain=/home/wxt/m1-matched-lut.7wqexi/repo/install/riscv-gcc -mcpu=snitch -mcmodel=small -ffast-math -fno-builtin-printf -fno-common -falign-loops=16 -ffunction-sections -Wextra -static -mllvm -misched-topdown -menable-experimental-extensions -mno-relax -march=rv32imafdvzfh_xdma_xfquarter -mabi=ilp32d -O3 -g -o CMakeFiles/test-spatzBenchmarks-online-softmax-merge-a1.dir/online-softmax-merge/main.c.o -c /home/wxt/m1-matched-lut.7wqexi/repo/sw/spatzBenchmarks/online-softmax-merge/main.c,A1_SMU_SCALAR,NA,memory,NA,NO,NA,NA,NO_EXPLICIT_TRANSFER_PHASE,MAIN_PERFORMANCE,pass,PASS,NA,17024,PASS,7225d41ad2d1c63376a9fb1ea4e56b3b24a3e97f,False,A1,0,2e988bc21ef578d746579ad77c2ec9aebf503112367514ae34f3dd01d95e8fd7,main,NA,A1,4896,1.665815918673608e-05,64,16,4.78125,0.0002593994140625,100000000,0.00016185392734602858,5.090996802953834e-06,False,PASS,low_perturbation,23345ee055d5d48376359e236248cbdf446eb6aebcc582faf3d227ab58ad1013,33664,0,0,0,64,16,1.0,YES,NA,4.78125,0,scale_d64_n16/memory/A1_SMU_SCALAR/trial-2/simulator.log,0,YES,NA,NA,1.407338603562422e-05,20260811T104215Z_7225d41a_m2-matched-lut-scale-01,16512,3240,1,NA,1,33f066a87e3592e55aa4c78bcc583383243061423e6a790856d5b1be7f593fef,/home/wxt/work-online-merge-supplement/work-artifacts/work-online-merge-low-dasm-simulator-5c2aad2-r1/spatz_cluster.vlt,SCALE_D64,384,1,1656,NA,NA,PASS,NA,PASS,256,b1e5481f5fb883c0c059a60e78818090e5ca05e95ff217c2d12122f2332f635f,pass,2239,131072,0,NA,NA,NA,2026-08-11T11:16:35+00:00,NA,NA,NA,NA,NA,NA,NA,NA,NA,NA,NA,NA,NA,NA,NA,2,NA,Verilator 5.034 2025-02-24 rev v5.034,4f53cda18c2baa0c0354bb5f9a3ecbe5ed12ab4d8e11ba873c2f11161202b945,16,16,208,1,144,0
/home/wxt/work-online-merge-supplement/run-archive/m1-matched-lut-7wqexi/artifacts/work-online-merge-m2-matched-lut-scale-01-r1,64,16,17152,NA,bfbafe0e60f1cb80df103fff2f2eb02504abdb6bccd25bc9059cf8ec8ed4697c,26,0.02462121212121212,17152,17024,main,scale_d64_n16,main,120fa0c30199e54e6e9b5c60d8da40913eae8526640992cc5d4f130bef159775,1056,/home/wxt/m1-matched-lut.7wqexi/repo/hw/system/spatz_cluster/cfg/spatz_cluster.default.dram.hjson,1283,YES,clang version 14.0.6 (git@github.com:pulp-platform/llvm-project.git b494f2d8dde88723026db8ec16ac6c7ee1e140ca) | Target: riscv32-unknown-unknown-elf | Thread model: posix,e7e81adb47edafbaf0babcb4fc4a4baec25b23985f557d1bd0563d722be7fe50,/home/wxt/m1-matched-lut.7wqexi/repo/install/llvm/bin/clang -DONLINE_MERGE_COUNTER_PROFILE=0 -DONLINE_MERGE_IMPLEMENTATION_SELECT=3 -DONLINE_MERGE_STACK_LOG2=13 -DONLINE_MERGE_TRACE_PROXY=0 -I/home/wxt/m1-matched-lut.7wqexi/repo/sw/spatzBenchmarks/include -I/home/wxt/m1-matched-lut.7wqexi/repo/sw/snRuntime/include -I/home/wxt/m1-matched-lut.7wqexi/repo/sw/snRuntime/vendor -I/home/wxt/m1-matched-lut.7wqexi/repo/sw/snRuntime/../toolchain/riscv-opcodes -I/home/wxt/work-online-merge-supplement/run-archive/m1-matched-lut-7wqexi/artifacts/work-online-merge-m2-matched-lut-scale-01-r1/build/spatzBenchmarks/online_merge_generated/N16_D64_S1_main_R1 -I/home/wxt/m1-matched-lut.7wqexi/repo/sw/spatzBenchmarks/online-softmax-merge  --gcc-toolchain=/home/wxt/m1-matched-lut.7wqexi/repo/install/riscv-gcc -mcpu=snitch -mcmodel=small -ffast-math -fno-builtin-printf -fno-common -falign-loops=16 -ffunction-sections -Wextra -static -mllvm -misched-topdown -menable-experimental-extensions -mno-relax -march=rv32imafdvzfh_xdma_xfquarter -mabi=ilp32d -O3 -g -o CMakeFiles/test-spatzBenchmarks-online-softmax-merge-a2.dir/online-softmax-merge/main.c.o -c /home/wxt/m1-matched-lut.7wqexi/repo/sw/spatzBenchmarks/online-softmax-merge/main.c,A2_SMU_FULL,A2,memory,NA,NO,NA,NA,NO_EXPLICIT_TRANSFER_PHASE,MAIN_PERFORMANCE,pass,PASS,NA,17024,PASS,7225d41ad2d1c63376a9fb1ea4e56b3b24a3e97f,False,B3,0,2e988bc21ef578d746579ad77c2ec9aebf503112367514ae34f3dd01d95e8fd7,main,NA,B3,9820,1.665997456356637e-05,64,16,9.58984375,0.0002593994140625,100000000,0.00016185392734602858,5.093020401104833e-06,False,PASS,low_perturbation,c713de1b669f235cff7bbd5cbad7c3396b321469a384a8e05b0ee65bff4910c5,33664,0,0,0,64,16,1.0,YES,NA,9.58984375,0,scale_d64_n16/memory/A2_SMU_FULL/trial-0/simulator.log,0,YES,NA,NA,1.4074919728431836e-05,20260811T104215Z_7225d41a_m2-matched-lut-scale-01,16512,NA,1,NA,1,33f066a87e3592e55aa4c78bcc583383243061423e6a790856d5b1be7f593fef,/home/wxt/work-online-merge-supplement/work-artifacts/work-online-merge-low-dasm-simulator-5c2aad2-r1/spatz_cluster.vlt,SCALE_D64,8537,1,NA,NA,NA,PASS,NA,PASS,256,795f180514424424f96d5f6931105e8b2e84683a6766a12cc223bcdc0c991871,pass,5112,131072,46,NA,NA,NA,2026-08-11T11:19:00+00:00,NA,NA,NA,NA,NA,NA,NA,NA,NA,NA,NA,NA,NA,NA,NA,0,NA,Verilator 5.034 2025-02-24 rev v5.034,4f53cda18c2baa0c0354bb5f9a3ecbe5ed12ab4d8e11ba873c2f11161202b945,16,16,208,1,80,8217
/home/wxt/work-online-merge-supplement/run-archive/m1-matched-lut-7wqexi/artifacts/work-online-merge-m2-matched-lut-scale-01-r1,64,16,17152,NA,bfbafe0e60f1cb80df103fff2f2eb02504abdb6bccd25bc9059cf8ec8ed4697c,26,0.02462121212121212,17152,17024,main,scale_d64_n16,main,120fa0c30199e54e6e9b5c60d8da40913eae8526640992cc5d4f130bef159775,1056,/home/wxt/m1-matched-lut.7wqexi/repo/hw/system/spatz_cluster/cfg/spatz_cluster.default.dram.hjson,1283,YES,clang version 14.0.6 (git@github.com:pulp-platform/llvm-project.git b494f2d8dde88723026db8ec16ac6c7ee1e140ca) | Target: riscv32-unknown-unknown-elf | Thread model: posix,e7e81adb47edafbaf0babcb4fc4a4baec25b23985f557d1bd0563d722be7fe50,/home/wxt/m1-matched-lut.7wqexi/repo/install/llvm/bin/clang -DONLINE_MERGE_COUNTER_PROFILE=0 -DONLINE_MERGE_IMPLEMENTATION_SELECT=3 -DONLINE_MERGE_STACK_LOG2=13 -DONLINE_MERGE_TRACE_PROXY=0 -I/home/wxt/m1-matched-lut.7wqexi/repo/sw/spatzBenchmarks/include -I/home/wxt/m1-matched-lut.7wqexi/repo/sw/snRuntime/include -I/home/wxt/m1-matched-lut.7wqexi/repo/sw/snRuntime/vendor -I/home/wxt/m1-matched-lut.7wqexi/repo/sw/snRuntime/../toolchain/riscv-opcodes -I/home/wxt/work-online-merge-supplement/run-archive/m1-matched-lut-7wqexi/artifacts/work-online-merge-m2-matched-lut-scale-01-r1/build/spatzBenchmarks/online_merge_generated/N16_D64_S1_main_R1 -I/home/wxt/m1-matched-lut.7wqexi/repo/sw/spatzBenchmarks/online-softmax-merge  --gcc-toolchain=/home/wxt/m1-matched-lut.7wqexi/repo/install/riscv-gcc -mcpu=snitch -mcmodel=small -ffast-math -fno-builtin-printf -fno-common -falign-loops=16 -ffunction-sections -Wextra -static -mllvm -misched-topdown -menable-experimental-extensions -mno-relax -march=rv32imafdvzfh_xdma_xfquarter -mabi=ilp32d -O3 -g -o CMakeFiles/test-spatzBenchmarks-online-softmax-merge-a2.dir/online-softmax-merge/main.c.o -c /home/wxt/m1-matched-lut.7wqexi/repo/sw/spatzBenchmarks/online-softmax-merge/main.c,A2_SMU_FULL,A2,memory,NA,NO,NA,NA,NO_EXPLICIT_TRANSFER_PHASE,MAIN_PERFORMANCE,pass,PASS,NA,17024,PASS,7225d41ad2d1c63376a9fb1ea4e56b3b24a3e97f,False,B3,0,2e988bc21ef578d746579ad77c2ec9aebf503112367514ae34f3dd01d95e8fd7,main,NA,B3,9820,1.665997456356637e-05,64,16,9.58984375,0.0002593994140625,100000000,0.00016185392734602858,5.093020401104833e-06,False,PASS,low_perturbation,c713de1b669f235cff7bbd5cbad7c3396b321469a384a8e05b0ee65bff4910c5,33664,0,0,0,64,16,1.0,YES,NA,9.58984375,0,scale_d64_n16/memory/A2_SMU_FULL/trial-1/simulator.log,0,YES,NA,NA,1.4074919728431836e-05,20260811T104215Z_7225d41a_m2-matched-lut-scale-01,16512,NA,1,NA,1,33f066a87e3592e55aa4c78bcc583383243061423e6a790856d5b1be7f593fef,/home/wxt/work-online-merge-supplement/work-artifacts/work-online-merge-low-dasm-simulator-5c2aad2-r1/spatz_cluster.vlt,SCALE_D64,8537,1,NA,NA,NA,PASS,NA,PASS,256,795f180514424424f96d5f6931105e8b2e84683a6766a12cc223bcdc0c991871,pass,5112,131072,46,NA,NA,NA,2026-08-11T11:21:36+00:00,NA,NA,NA,NA,NA,NA,NA,NA,NA,NA,NA,NA,NA,NA,NA,1,NA,Verilator 5.034 2025-02-24 rev v5.034,4f53cda18c2baa0c0354bb5f9a3ecbe5ed12ab4d8e11ba873c2f11161202b945,16,16,208,1,80,8217
/home/wxt/work-online-merge-supplement/run-archive/m1-matched-lut-7wqexi/artifacts/work-online-merge-m2-matched-lut-scale-01-r1,64,16,17152,NA,bfbafe0e60f1cb80df103fff2f2eb02504abdb6bccd25bc9059cf8ec8ed4697c,26,0.02462121212121212,17152,17024,main,scale_d64_n16,main,120fa0c30199e54e6e9b5c60d8da40913eae8526640992cc5d4f130bef159775,1056,/home/wxt/m1-matched-lut.7wqexi/repo/hw/system/spatz_cluster/cfg/spatz_cluster.default.dram.hjson,1283,YES,clang version 14.0.6 (git@github.com:pulp-platform/llvm-project.git b494f2d8dde88723026db8ec16ac6c7ee1e140ca) | Target: riscv32-unknown-unknown-elf | Thread model: posix,e7e81adb47edafbaf0babcb4fc4a4baec25b23985f557d1bd0563d722be7fe50,/home/wxt/m1-matched-lut.7wqexi/repo/install/llvm/bin/clang -DONLINE_MERGE_COUNTER_PROFILE=0 -DONLINE_MERGE_IMPLEMENTATION_SELECT=3 -DONLINE_MERGE_STACK_LOG2=13 -DONLINE_MERGE_TRACE_PROXY=0 -I/home/wxt/m1-matched-lut.7wqexi/repo/sw/spatzBenchmarks/include -I/home/wxt/m1-matched-lut.7wqexi/repo/sw/snRuntime/include -I/home/wxt/m1-matched-lut.7wqexi/repo/sw/snRuntime/vendor -I/home/wxt/m1-matched-lut.7wqexi/repo/sw/snRuntime/../toolchain/riscv-opcodes -I/home/wxt/work-online-merge-supplement/run-archive/m1-matched-lut-7wqexi/artifacts/work-online-merge-m2-matched-lut-scale-01-r1/build/spatzBenchmarks/online_merge_generated/N16_D64_S1_main_R1 -I/home/wxt/m1-matched-lut.7wqexi/repo/sw/spatzBenchmarks/online-softmax-merge  --gcc-toolchain=/home/wxt/m1-matched-lut.7wqexi/repo/install/riscv-gcc -mcpu=snitch -mcmodel=small -ffast-math -fno-builtin-printf -fno-common -falign-loops=16 -ffunction-sections -Wextra -static -mllvm -misched-topdown -menable-experimental-extensions -mno-relax -march=rv32imafdvzfh_xdma_xfquarter -mabi=ilp32d -O3 -g -o CMakeFiles/test-spatzBenchmarks-online-softmax-merge-a2.dir/online-softmax-merge/main.c.o -c /home/wxt/m1-matched-lut.7wqexi/repo/sw/spatzBenchmarks/online-softmax-merge/main.c,A2_SMU_FULL,A2,memory,NA,NO,NA,NA,NO_EXPLICIT_TRANSFER_PHASE,MAIN_PERFORMANCE,pass,PASS,NA,17024,PASS,7225d41ad2d1c63376a9fb1ea4e56b3b24a3e97f,False,B3,0,2e988bc21ef578d746579ad77c2ec9aebf503112367514ae34f3dd01d95e8fd7,main,NA,B3,9820,1.665997456356637e-05,64,16,9.58984375,0.0002593994140625,100000000,0.00016185392734602858,5.093020401104833e-06,False,PASS,low_perturbation,c713de1b669f235cff7bbd5cbad7c3396b321469a384a8e05b0ee65bff4910c5,33664,0,0,0,64,16,1.0,YES,NA,9.58984375,0,scale_d64_n16/memory/A2_SMU_FULL/trial-2/simulator.log,0,YES,NA,NA,1.4074919728431836e-05,20260811T104215Z_7225d41a_m2-matched-lut-scale-01,16512,NA,1,NA,1,33f066a87e3592e55aa4c78bcc583383243061423e6a790856d5b1be7f593fef,/home/wxt/work-online-merge-supplement/work-artifacts/work-online-merge-low-dasm-simulator-5c2aad2-r1/spatz_cluster.vlt,SCALE_D64,8537,1,NA,NA,NA,PASS,NA,PASS,256,795f180514424424f96d5f6931105e8b2e84683a6766a12cc223bcdc0c991871,pass,5112,131072,46,NA,NA,NA,2026-08-11T11:24:29+00:00,NA,NA,NA,NA,NA,NA,NA,NA,NA,NA,NA,NA,NA,NA,NA,2,NA,Verilator 5.034 2025-02-24 rev v5.034,4f53cda18c2baa0c0354bb5f9a3ecbe5ed12ab4d8e11ba873c2f11161202b945,16,16,208,1,80,8217
/home/wxt/work-online-merge-supplement/run-archive/m1-matched-lut-7wqexi/artifacts/work-online-merge-m2-matched-lut-scale-01-r1,64,32,34048,NA,80f615186dbb8ea79a101628aef193031a199413cf7459121c00d72bef6e0240,44,0.020833333333333332,34048,34048,main,scale_d64_n32,main,120fa0c30199e54e6e9b5c60d8da40913eae8526640992cc5d4f130bef159775,2112,/home/wxt/m1-matched-lut.7wqexi/repo/hw/system/spatz_cluster/cfg/spatz_cluster.default.dram.hjson,NA,YES,clang version 14.0.6 (git@github.com:pulp-platform/llvm-project.git b494f2d8dde88723026db8ec16ac6c7ee1e140ca) | Target: riscv32-unknown-unknown-elf | Thread model: posix,0263e7b524c85ae8e95c6b7b88d84f92ffc72c90d5c4de0a9d9bc44563179758,/home/wxt/m1-matched-lut.7wqexi/repo/install/llvm/bin/clang -DONLINE_MERGE_COUNTER_PROFILE=0 -DONLINE_MERGE_IMPLEMENTATION_SELECT=2 -DONLINE_MERGE_STACK_LOG2=13 -DONLINE_MERGE_TRACE_PROXY=0 -I/home/wxt/m1-matched-lut.7wqexi/repo/sw/spatzBenchmarks/include -I/home/wxt/m1-matched-lut.7wqexi/repo/sw/snRuntime/include -I/home/wxt/m1-matched-lut.7wqexi/repo/sw/snRuntime/vendor -I/home/wxt/m1-matched-lut.7wqexi/repo/sw/snRuntime/../toolchain/riscv-opcodes -I/home/wxt/work-online-merge-supplement/run-archive/m1-matched-lut-7wqexi/artifacts/work-online-merge-m2-matched-lut-scale-01-r1/build/spatzBenchmarks/online_merge_generated/N32_D64_S1_main_R1 -I/home/wxt/m1-matched-lut.7wqexi/repo/sw/spatzBenchmarks/online-softmax-merge  --gcc-toolchain=/home/wxt/m1-matched-lut.7wqexi/repo/install/riscv-gcc -mcpu=snitch -mcmodel=small -ffast-math -fno-builtin-printf -fno-common -falign-loops=16 -ffunction-sections -Wextra -static -mllvm -misched-topdown -menable-experimental-extensions -mno-relax -march=rv32imafdvzfh_xdma_xfquarter -mabi=ilp32d -O3 -g -o CMakeFiles/test-spatzBenchmarks-online-softmax-merge-b2r.dir/online-softmax-merge/main.c.o -c /home/wxt/m1-matched-lut.7wqexi/repo/sw/spatzBenchmarks/online-softmax-merge/main.c,B2R_RVV,A0,memory,38565,YES,1536,NA,NO_EXPLICIT_TRANSFER_PHASE,MAIN_PERFORMANCE,pass,PASS,NA,34048,NA,7225d41ad2d1c63376a9fb1ea4e56b3b24a3e97f,False,B2-R,0,838c461c60d2a947904132e4a6280f43e07be37406c7b8b68e53f5305d28c0d3,main,DASM_MARKER_ENVELOPE_WITNESS,B2-R,52066,3.147374867469214e-05,64,32,25.4228515625,0.0008955001831054688,100000000,0.00016185392734602858,8.691727557699338e-06,False,PASS,low_perturbation,7b7227e202e7413dc38df1ad669203d023f1df91858dd76d8a23e83aafeb44b6,50560,0,0,0,64,32,1.0,YES,NA,25.4228515625,0,scale_d64_n32/memory/B2R_RVV/trial-0/simulator.log,0,YES,NA,NA,2.819735176430857e-05,20260811T104215Z_7225d41a_m2-matched-lut-scale-01,16512,NA,0,37029,1,33f066a87e3592e55aa4c78bcc583383243061423e6a790856d5b1be7f593fef,/home/wxt/work-online-merge-supplement/work-artifacts/work-online-merge-low-dasm-simulator-5c2aad2-r1/spatz_cluster.vlt,SCALE_D64,NA,0,NA,NA,NA,PASS,NA,PASS,256,db11a0edbde90f6283963d1043fd46d7b0d57c8aaef43be5d0c2888084dcee82,pass,4581,131072,0,NA,NA,NA,2026-08-11T11:33:05+00:00,scale_d64_n32/memory/B2R_RVV/trace-witness/instruction_trace_audit.json,4276,14556,16148,1784,15325,INDEPENDENT_DASM_WITNESS,6,PASS,NA,PASS,361ff71bcc241b448e49ff6d212d06a13a986e2fad861b0aa0b67e40e7a21d68,/home/wxt/work-online-merge-supplement/work-artifacts/work-online-merge-traced-simulator-088a44d-r1/spatz_cluster.vlt,default,7b7227e202e7413dc38df1ad669203d023f1df91858dd76d8a23e83aafeb44b6,0,1536,Verilator 5.034 2025-02-24 rev v5.034,4f53cda18c2baa0c0354bb5f9a3ecbe5ed12ab4d8e11ba873c2f11161202b945,,,,,,
/home/wxt/work-online-merge-supplement/run-archive/m1-matched-lut-7wqexi/artifacts/work-online-merge-m2-matched-lut-scale-01-r1,64,32,34048,NA,80f615186dbb8ea79a101628aef193031a199413cf7459121c00d72bef6e0240,44,0.020833333333333332,34048,34048,main,scale_d64_n32,main,120fa0c30199e54e6e9b5c60d8da40913eae8526640992cc5d4f130bef159775,2112,/home/wxt/m1-matched-lut.7wqexi/repo/hw/system/spatz_cluster/cfg/spatz_cluster.default.dram.hjson,NA,YES,clang version 14.0.6 (git@github.com:pulp-platform/llvm-project.git b494f2d8dde88723026db8ec16ac6c7ee1e140ca) | Target: riscv32-unknown-unknown-elf | Thread model: posix,0263e7b524c85ae8e95c6b7b88d84f92ffc72c90d5c4de0a9d9bc44563179758,/home/wxt/m1-matched-lut.7wqexi/repo/install/llvm/bin/clang -DONLINE_MERGE_COUNTER_PROFILE=0 -DONLINE_MERGE_IMPLEMENTATION_SELECT=2 -DONLINE_MERGE_STACK_LOG2=13 -DONLINE_MERGE_TRACE_PROXY=0 -I/home/wxt/m1-matched-lut.7wqexi/repo/sw/spatzBenchmarks/include -I/home/wxt/m1-matched-lut.7wqexi/repo/sw/snRuntime/include -I/home/wxt/m1-matched-lut.7wqexi/repo/sw/snRuntime/vendor -I/home/wxt/m1-matched-lut.7wqexi/repo/sw/snRuntime/../toolchain/riscv-opcodes -I/home/wxt/work-online-merge-supplement/run-archive/m1-matched-lut-7wqexi/artifacts/work-online-merge-m2-matched-lut-scale-01-r1/build/spatzBenchmarks/online_merge_generated/N32_D64_S1_main_R1 -I/home/wxt/m1-matched-lut.7wqexi/repo/sw/spatzBenchmarks/online-softmax-merge  --gcc-toolchain=/home/wxt/m1-matched-lut.7wqexi/repo/install/riscv-gcc -mcpu=snitch -mcmodel=small -ffast-math -fno-builtin-printf -fno-common -falign-loops=16 -ffunction-sections -Wextra -static -mllvm -misched-topdown -menable-experimental-extensions -mno-relax -march=rv32imafdvzfh_xdma_xfquarter -mabi=ilp32d -O3 -g -o CMakeFiles/test-spatzBenchmarks-online-softmax-merge-b2r.dir/online-softmax-merge/main.c.o -c /home/wxt/m1-matched-lut.7wqexi/repo/sw/spatzBenchmarks/online-softmax-merge/main.c,B2R_RVV,A0,memory,38565,YES,1536,NA,NO_EXPLICIT_TRANSFER_PHASE,MAIN_PERFORMANCE,pass,PASS,NA,34048,NA,7225d41ad2d1c63376a9fb1ea4e56b3b24a3e97f,False,B2-R,0,838c461c60d2a947904132e4a6280f43e07be37406c7b8b68e53f5305d28c0d3,main,DASM_MARKER_ENVELOPE_WITNESS,B2-R,52066,3.147374867469214e-05,64,32,25.4228515625,0.0008955001831054688,100000000,0.00016185392734602858,8.691727557699338e-06,False,PASS,low_perturbation,7b7227e202e7413dc38df1ad669203d023f1df91858dd76d8a23e83aafeb44b6,50560,0,0,0,64,32,1.0,YES,NA,25.4228515625,0,scale_d64_n32/memory/B2R_RVV/trial-1/simulator.log,0,YES,NA,NA,2.819735176430857e-05,20260811T104215Z_7225d41a_m2-matched-lut-scale-01,16512,NA,0,37029,1,33f066a87e3592e55aa4c78bcc583383243061423e6a790856d5b1be7f593fef,/home/wxt/work-online-merge-supplement/work-artifacts/work-online-merge-low-dasm-simulator-5c2aad2-r1/spatz_cluster.vlt,SCALE_D64,NA,0,NA,NA,NA,PASS,NA,PASS,256,db11a0edbde90f6283963d1043fd46d7b0d57c8aaef43be5d0c2888084dcee82,pass,4581,131072,0,NA,NA,NA,2026-08-11T11:38:00+00:00,scale_d64_n32/memory/B2R_RVV/trace-witness/instruction_trace_audit.json,4276,14556,16148,1784,15325,INDEPENDENT_DASM_WITNESS,6,PASS,NA,PASS,361ff71bcc241b448e49ff6d212d06a13a986e2fad861b0aa0b67e40e7a21d68,/home/wxt/work-online-merge-supplement/work-artifacts/work-online-merge-traced-simulator-088a44d-r1/spatz_cluster.vlt,default,7b7227e202e7413dc38df1ad669203d023f1df91858dd76d8a23e83aafeb44b6,1,1536,Verilator 5.034 2025-02-24 rev v5.034,4f53cda18c2baa0c0354bb5f9a3ecbe5ed12ab4d8e11ba873c2f11161202b945,,,,,,
/home/wxt/work-online-merge-supplement/run-archive/m1-matched-lut-7wqexi/artifacts/work-online-merge-m2-matched-lut-scale-01-r1,64,32,34048,NA,80f615186dbb8ea79a101628aef193031a199413cf7459121c00d72bef6e0240,44,0.020833333333333332,34048,34048,main,scale_d64_n32,main,120fa0c30199e54e6e9b5c60d8da40913eae8526640992cc5d4f130bef159775,2112,/home/wxt/m1-matched-lut.7wqexi/repo/hw/system/spatz_cluster/cfg/spatz_cluster.default.dram.hjson,NA,YES,clang version 14.0.6 (git@github.com:pulp-platform/llvm-project.git b494f2d8dde88723026db8ec16ac6c7ee1e140ca) | Target: riscv32-unknown-unknown-elf | Thread model: posix,0263e7b524c85ae8e95c6b7b88d84f92ffc72c90d5c4de0a9d9bc44563179758,/home/wxt/m1-matched-lut.7wqexi/repo/install/llvm/bin/clang -DONLINE_MERGE_COUNTER_PROFILE=0 -DONLINE_MERGE_IMPLEMENTATION_SELECT=2 -DONLINE_MERGE_STACK_LOG2=13 -DONLINE_MERGE_TRACE_PROXY=0 -I/home/wxt/m1-matched-lut.7wqexi/repo/sw/spatzBenchmarks/include -I/home/wxt/m1-matched-lut.7wqexi/repo/sw/snRuntime/include -I/home/wxt/m1-matched-lut.7wqexi/repo/sw/snRuntime/vendor -I/home/wxt/m1-matched-lut.7wqexi/repo/sw/snRuntime/../toolchain/riscv-opcodes -I/home/wxt/work-online-merge-supplement/run-archive/m1-matched-lut-7wqexi/artifacts/work-online-merge-m2-matched-lut-scale-01-r1/build/spatzBenchmarks/online_merge_generated/N32_D64_S1_main_R1 -I/home/wxt/m1-matched-lut.7wqexi/repo/sw/spatzBenchmarks/online-softmax-merge  --gcc-toolchain=/home/wxt/m1-matched-lut.7wqexi/repo/install/riscv-gcc -mcpu=snitch -mcmodel=small -ffast-math -fno-builtin-printf -fno-common -falign-loops=16 -ffunction-sections -Wextra -static -mllvm -misched-topdown -menable-experimental-extensions -mno-relax -march=rv32imafdvzfh_xdma_xfquarter -mabi=ilp32d -O3 -g -o CMakeFiles/test-spatzBenchmarks-online-softmax-merge-b2r.dir/online-softmax-merge/main.c.o -c /home/wxt/m1-matched-lut.7wqexi/repo/sw/spatzBenchmarks/online-softmax-merge/main.c,B2R_RVV,A0,memory,38565,YES,1536,NA,NO_EXPLICIT_TRANSFER_PHASE,MAIN_PERFORMANCE,pass,PASS,NA,34048,NA,7225d41ad2d1c63376a9fb1ea4e56b3b24a3e97f,False,B2-R,0,838c461c60d2a947904132e4a6280f43e07be37406c7b8b68e53f5305d28c0d3,main,DASM_MARKER_ENVELOPE_WITNESS,B2-R,52066,3.147374867469214e-05,64,32,25.4228515625,0.0008955001831054688,100000000,0.00016185392734602858,8.691727557699338e-06,False,PASS,low_perturbation,7b7227e202e7413dc38df1ad669203d023f1df91858dd76d8a23e83aafeb44b6,50560,0,0,0,64,32,1.0,YES,NA,25.4228515625,0,scale_d64_n32/memory/B2R_RVV/trial-2/simulator.log,0,YES,NA,NA,2.819735176430857e-05,20260811T104215Z_7225d41a_m2-matched-lut-scale-01,16512,NA,0,37029,1,33f066a87e3592e55aa4c78bcc583383243061423e6a790856d5b1be7f593fef,/home/wxt/work-online-merge-supplement/work-artifacts/work-online-merge-low-dasm-simulator-5c2aad2-r1/spatz_cluster.vlt,SCALE_D64,NA,0,NA,NA,NA,PASS,NA,PASS,256,db11a0edbde90f6283963d1043fd46d7b0d57c8aaef43be5d0c2888084dcee82,pass,4581,131072,0,NA,NA,NA,2026-08-11T11:42:09+00:00,scale_d64_n32/memory/B2R_RVV/trace-witness/instruction_trace_audit.json,4276,14556,16148,1784,15325,INDEPENDENT_DASM_WITNESS,6,PASS,NA,PASS,361ff71bcc241b448e49ff6d212d06a13a986e2fad861b0aa0b67e40e7a21d68,/home/wxt/work-online-merge-supplement/work-artifacts/work-online-merge-traced-simulator-088a44d-r1/spatz_cluster.vlt,default,7b7227e202e7413dc38df1ad669203d023f1df91858dd76d8a23e83aafeb44b6,2,1536,Verilator 5.034 2025-02-24 rev v5.034,4f53cda18c2baa0c0354bb5f9a3ecbe5ed12ab4d8e11ba873c2f11161202b945,,,,,,
/home/wxt/work-online-merge-supplement/run-archive/m1-matched-lut-7wqexi/artifacts/work-online-merge-m2-matched-lut-scale-01-r1,64,32,34048,NA,61d44726d8b6b60b1d3e5486b05ef1f3453bd52ac2471258d1ca1de79a03173f,44,0.020833333333333332,34048,34048,main,scale_d64_n32,main,120fa0c30199e54e6e9b5c60d8da40913eae8526640992cc5d4f130bef159775,2112,/home/wxt/m1-matched-lut.7wqexi/repo/hw/system/spatz_cluster/cfg/spatz_cluster.default.dram.hjson,7914,YES,clang version 14.0.6 (git@github.com:pulp-platform/llvm-project.git b494f2d8dde88723026db8ec16ac6c7ee1e140ca) | Target: riscv32-unknown-unknown-elf | Thread model: posix,0263e7b524c85ae8e95c6b7b88d84f92ffc72c90d5c4de0a9d9bc44563179758,/home/wxt/m1-matched-lut.7wqexi/repo/install/llvm/bin/clang -DONLINE_MERGE_COUNTER_PROFILE=0 -DONLINE_MERGE_IMPLEMENTATION_SELECT=4 -DONLINE_MERGE_STACK_LOG2=13 -DONLINE_MERGE_TRACE_PROXY=0 -I/home/wxt/m1-matched-lut.7wqexi/repo/sw/spatzBenchmarks/include -I/home/wxt/m1-matched-lut.7wqexi/repo/sw/snRuntime/include -I/home/wxt/m1-matched-lut.7wqexi/repo/sw/snRuntime/vendor -I/home/wxt/m1-matched-lut.7wqexi/repo/sw/snRuntime/../toolchain/riscv-opcodes -I/home/wxt/work-online-merge-supplement/run-archive/m1-matched-lut-7wqexi/artifacts/work-online-merge-m2-matched-lut-scale-01-r1/build/spatzBenchmarks/online_merge_generated/N32_D64_S1_main_R1 -I/home/wxt/m1-matched-lut.7wqexi/repo/sw/spatzBenchmarks/online-softmax-merge  --gcc-toolchain=/home/wxt/m1-matched-lut.7wqexi/repo/install/riscv-gcc -mcpu=snitch -mcmodel=small -ffast-math -fno-builtin-printf -fno-common -falign-loops=16 -ffunction-sections -Wextra -static -mllvm -misched-topdown -menable-experimental-extensions -mno-relax -march=rv32imafdvzfh_xdma_xfquarter -mabi=ilp32d -O3 -g -o CMakeFiles/test-spatzBenchmarks-online-softmax-merge-a1.dir/online-softmax-merge/main.c.o -c /home/wxt/m1-matched-lut.7wqexi/repo/sw/spatzBenchmarks/online-softmax-merge/main.c,A1_SMU_SCALAR,NA,memory,NA,NO,NA,NA,NO_EXPLICIT_TRANSFER_PHASE,MAIN_PERFORMANCE,pass,PASS,NA,34048,PASS,7225d41ad2d1c63376a9fb1ea4e56b3b24a3e97f,False,A1,0,838c461c60d2a947904132e4a6280f43e07be37406c7b8b68e53f5305d28c0d3,main,NA,A1,8683,3.147374867469214e-05,64,32,4.23974609375,0.0008955001831054688,100000000,0.00016185392734602858,8.691727557699338e-06,False,PASS,low_perturbation,e968bb4d2cf763d9f61d2acdadf21f6a9bc4161d8e854e218a401d14b08e8e55,50560,0,0,0,64,32,1.0,YES,NA,4.23974609375,0,scale_d64_n32/memory/A1_SMU_SCALAR/trial-0/simulator.log,0,YES,NA,NA,2.819735176430857e-05,20260811T104215Z_7225d41a_m2-matched-lut-scale-01,16512,6614,1,NA,1,33f066a87e3592e55aa4c78bcc583383243061423e6a790856d5b1be7f593fef,/home/wxt/work-online-merge-supplement/work-artifacts/work-online-merge-low-dasm-simulator-5c2aad2-r1/spatz_cluster.vlt,SCALE_D64,769,1,2069,NA,NA,PASS,NA,PASS,256,6a1691c573de0d13fa5994ed2350f24452377f5c0280b77856b3e7237f6889a9,pass,4129,131072,5,NA,NA,NA,2026-08-11T11:46:46+00:00,NA,NA,NA,NA,NA,NA,NA,NA,NA,NA,NA,NA,NA,NA,NA,0,NA,Verilator 5.034 2025-02-24 rev v5.034,4f53cda18c2baa0c0354bb5f9a3ecbe5ed12ab4d8e11ba873c2f11161202b945,32,32,416,1,289,0
/home/wxt/work-online-merge-supplement/run-archive/m1-matched-lut-7wqexi/artifacts/work-online-merge-m2-matched-lut-scale-01-r1,64,32,34048,NA,61d44726d8b6b60b1d3e5486b05ef1f3453bd52ac2471258d1ca1de79a03173f,44,0.020833333333333332,34048,34048,main,scale_d64_n32,main,120fa0c30199e54e6e9b5c60d8da40913eae8526640992cc5d4f130bef159775,2112,/home/wxt/m1-matched-lut.7wqexi/repo/hw/system/spatz_cluster/cfg/spatz_cluster.default.dram.hjson,7914,YES,clang version 14.0.6 (git@github.com:pulp-platform/llvm-project.git b494f2d8dde88723026db8ec16ac6c7ee1e140ca) | Target: riscv32-unknown-unknown-elf | Thread model: posix,0263e7b524c85ae8e95c6b7b88d84f92ffc72c90d5c4de0a9d9bc44563179758,/home/wxt/m1-matched-lut.7wqexi/repo/install/llvm/bin/clang -DONLINE_MERGE_COUNTER_PROFILE=0 -DONLINE_MERGE_IMPLEMENTATION_SELECT=4 -DONLINE_MERGE_STACK_LOG2=13 -DONLINE_MERGE_TRACE_PROXY=0 -I/home/wxt/m1-matched-lut.7wqexi/repo/sw/spatzBenchmarks/include -I/home/wxt/m1-matched-lut.7wqexi/repo/sw/snRuntime/include -I/home/wxt/m1-matched-lut.7wqexi/repo/sw/snRuntime/vendor -I/home/wxt/m1-matched-lut.7wqexi/repo/sw/snRuntime/../toolchain/riscv-opcodes -I/home/wxt/work-online-merge-supplement/run-archive/m1-matched-lut-7wqexi/artifacts/work-online-merge-m2-matched-lut-scale-01-r1/build/spatzBenchmarks/online_merge_generated/N32_D64_S1_main_R1 -I/home/wxt/m1-matched-lut.7wqexi/repo/sw/spatzBenchmarks/online-softmax-merge  --gcc-toolchain=/home/wxt/m1-matched-lut.7wqexi/repo/install/riscv-gcc -mcpu=snitch -mcmodel=small -ffast-math -fno-builtin-printf -fno-common -falign-loops=16 -ffunction-sections -Wextra -static -mllvm -misched-topdown -menable-experimental-extensions -mno-relax -march=rv32imafdvzfh_xdma_xfquarter -mabi=ilp32d -O3 -g -o CMakeFiles/test-spatzBenchmarks-online-softmax-merge-a1.dir/online-softmax-merge/main.c.o -c /home/wxt/m1-matched-lut.7wqexi/repo/sw/spatzBenchmarks/online-softmax-merge/main.c,A1_SMU_SCALAR,NA,memory,NA,NO,NA,NA,NO_EXPLICIT_TRANSFER_PHASE,MAIN_PERFORMANCE,pass,PASS,NA,34048,PASS,7225d41ad2d1c63376a9fb1ea4e56b3b24a3e97f,False,A1,0,838c461c60d2a947904132e4a6280f43e07be37406c7b8b68e53f5305d28c0d3,main,NA,A1,8683,3.147374867469214e-05,64,32,4.23974609375,0.0008955001831054688,100000000,0.00016185392734602858,8.691727557699338e-06,False,PASS,low_perturbation,e968bb4d2cf763d9f61d2acdadf21f6a9bc4161d8e854e218a401d14b08e8e55,50560,0,0,0,64,32,1.0,YES,NA,4.23974609375,0,scale_d64_n32/memory/A1_SMU_SCALAR/trial-1/simulator.log,0,YES,NA,NA,2.819735176430857e-05,20260811T104215Z_7225d41a_m2-matched-lut-scale-01,16512,6614,1,NA,1,33f066a87e3592e55aa4c78bcc583383243061423e6a790856d5b1be7f593fef,/home/wxt/work-online-merge-supplement/work-artifacts/work-online-merge-low-dasm-simulator-5c2aad2-r1/spatz_cluster.vlt,SCALE_D64,769,1,2069,NA,NA,PASS,NA,PASS,256,6a1691c573de0d13fa5994ed2350f24452377f5c0280b77856b3e7237f6889a9,pass,4129,131072,5,NA,NA,NA,2026-08-11T11:50:58+00:00,NA,NA,NA,NA,NA,NA,NA,NA,NA,NA,NA,NA,NA,NA,NA,1,NA,Verilator 5.034 2025-02-24 rev v5.034,4f53cda18c2baa0c0354bb5f9a3ecbe5ed12ab4d8e11ba873c2f11161202b945,32,32,416,1,289,0
/home/wxt/work-online-merge-supplement/run-archive/m1-matched-lut-7wqexi/artifacts/work-online-merge-m2-matched-lut-scale-01-r1,64,32,34048,NA,61d44726d8b6b60b1d3e5486b05ef1f3453bd52ac2471258d1ca1de79a03173f,44,0.020833333333333332,34048,34048,main,scale_d64_n32,main,120fa0c30199e54e6e9b5c60d8da40913eae8526640992cc5d4f130bef159775,2112,/home/wxt/m1-matched-lut.7wqexi/repo/hw/system/spatz_cluster/cfg/spatz_cluster.default.dram.hjson,7914,YES,clang version 14.0.6 (git@github.com:pulp-platform/llvm-project.git b494f2d8dde88723026db8ec16ac6c7ee1e140ca) | Target: riscv32-unknown-unknown-elf | Thread model: posix,0263e7b524c85ae8e95c6b7b88d84f92ffc72c90d5c4de0a9d9bc44563179758,/home/wxt/m1-matched-lut.7wqexi/repo/install/llvm/bin/clang -DONLINE_MERGE_COUNTER_PROFILE=0 -DONLINE_MERGE_IMPLEMENTATION_SELECT=4 -DONLINE_MERGE_STACK_LOG2=13 -DONLINE_MERGE_TRACE_PROXY=0 -I/home/wxt/m1-matched-lut.7wqexi/repo/sw/spatzBenchmarks/include -I/home/wxt/m1-matched-lut.7wqexi/repo/sw/snRuntime/include -I/home/wxt/m1-matched-lut.7wqexi/repo/sw/snRuntime/vendor -I/home/wxt/m1-matched-lut.7wqexi/repo/sw/snRuntime/../toolchain/riscv-opcodes -I/home/wxt/work-online-merge-supplement/run-archive/m1-matched-lut-7wqexi/artifacts/work-online-merge-m2-matched-lut-scale-01-r1/build/spatzBenchmarks/online_merge_generated/N32_D64_S1_main_R1 -I/home/wxt/m1-matched-lut.7wqexi/repo/sw/spatzBenchmarks/online-softmax-merge  --gcc-toolchain=/home/wxt/m1-matched-lut.7wqexi/repo/install/riscv-gcc -mcpu=snitch -mcmodel=small -ffast-math -fno-builtin-printf -fno-common -falign-loops=16 -ffunction-sections -Wextra -static -mllvm -misched-topdown -menable-experimental-extensions -mno-relax -march=rv32imafdvzfh_xdma_xfquarter -mabi=ilp32d -O3 -g -o CMakeFiles/test-spatzBenchmarks-online-softmax-merge-a1.dir/online-softmax-merge/main.c.o -c /home/wxt/m1-matched-lut.7wqexi/repo/sw/spatzBenchmarks/online-softmax-merge/main.c,A1_SMU_SCALAR,NA,memory,NA,NO,NA,NA,NO_EXPLICIT_TRANSFER_PHASE,MAIN_PERFORMANCE,pass,PASS,NA,34048,PASS,7225d41ad2d1c63376a9fb1ea4e56b3b24a3e97f,False,A1,0,838c461c60d2a947904132e4a6280f43e07be37406c7b8b68e53f5305d28c0d3,main,NA,A1,8683,3.147374867469214e-05,64,32,4.23974609375,0.0008955001831054688,100000000,0.00016185392734602858,8.691727557699338e-06,False,PASS,low_perturbation,e968bb4d2cf763d9f61d2acdadf21f6a9bc4161d8e854e218a401d14b08e8e55,50560,0,0,0,64,32,1.0,YES,NA,4.23974609375,0,scale_d64_n32/memory/A1_SMU_SCALAR/trial-2/simulator.log,0,YES,NA,NA,2.819735176430857e-05,20260811T104215Z_7225d41a_m2-matched-lut-scale-01,16512,6614,1,NA,1,33f066a87e3592e55aa4c78bcc583383243061423e6a790856d5b1be7f593fef,/home/wxt/work-online-merge-supplement/work-artifacts/work-online-merge-low-dasm-simulator-5c2aad2-r1/spatz_cluster.vlt,SCALE_D64,769,1,2069,NA,NA,PASS,NA,PASS,256,6a1691c573de0d13fa5994ed2350f24452377f5c0280b77856b3e7237f6889a9,pass,4129,131072,5,NA,NA,NA,2026-08-11T11:54:46+00:00,NA,NA,NA,NA,NA,NA,NA,NA,NA,NA,NA,NA,NA,NA,NA,2,NA,Verilator 5.034 2025-02-24 rev v5.034,4f53cda18c2baa0c0354bb5f9a3ecbe5ed12ab4d8e11ba873c2f11161202b945,32,32,416,1,289,0
/home/wxt/work-online-merge-supplement/run-archive/m1-matched-lut-7wqexi/artifacts/work-online-merge-m2-matched-lut-scale-01-r1,64,32,34048,NA,c65b170ab017098926f41826e902648bc362021574bdfa6424a05ea444227b8f,46,0.021780303030303032,34048,34048,main,scale_d64_n32,main,120fa0c30199e54e6e9b5c60d8da40913eae8526640992cc5d4f130bef159775,2112,/home/wxt/m1-matched-lut.7wqexi/repo/hw/system/spatz_cluster/cfg/spatz_cluster.default.dram.hjson,1286,YES,clang version 14.0.6 (git@github.com:pulp-platform/llvm-project.git b494f2d8dde88723026db8ec16ac6c7ee1e140ca) | Target: riscv32-unknown-unknown-elf | Thread model: posix,0263e7b524c85ae8e95c6b7b88d84f92ffc72c90d5c4de0a9d9bc44563179758,/home/wxt/m1-matched-lut.7wqexi/repo/install/llvm/bin/clang -DONLINE_MERGE_COUNTER_PROFILE=0 -DONLINE_MERGE_IMPLEMENTATION_SELECT=3 -DONLINE_MERGE_STACK_LOG2=13 -DONLINE_MERGE_TRACE_PROXY=0 -I/home/wxt/m1-matched-lut.7wqexi/repo/sw/spatzBenchmarks/include -I/home/wxt/m1-matched-lut.7wqexi/repo/sw/snRuntime/include -I/home/wxt/m1-matched-lut.7wqexi/repo/sw/snRuntime/vendor -I/home/wxt/m1-matched-lut.7wqexi/repo/sw/snRuntime/../toolchain/riscv-opcodes -I/home/wxt/work-online-merge-supplement/run-archive/m1-matched-lut-7wqexi/artifacts/work-online-merge-m2-matched-lut-scale-01-r1/build/spatzBenchmarks/online_merge_generated/N32_D64_S1_main_R1 -I/home/wxt/m1-matched-lut.7wqexi/repo/sw/spatzBenchmarks/online-softmax-merge  --gcc-toolchain=/home/wxt/m1-matched-lut.7wqexi/repo/install/riscv-gcc -mcpu=snitch -mcmodel=small -ffast-math -fno-builtin-printf -fno-common -falign-loops=16 -ffunction-sections -Wextra -static -mllvm -misched-topdown -menable-experimental-extensions -mno-relax -march=rv32imafdvzfh_xdma_xfquarter -mabi=ilp32d -O3 -g -o CMakeFiles/test-spatzBenchmarks-online-softmax-merge-a2.dir/online-softmax-merge/main.c.o -c /home/wxt/m1-matched-lut.7wqexi/repo/sw/spatzBenchmarks/online-softmax-merge/main.c,A2_SMU_FULL,A2,memory,NA,NO,NA,NA,NO_EXPLICIT_TRANSFER_PHASE,MAIN_PERFORMANCE,pass,PASS,NA,34048,PASS,7225d41ad2d1c63376a9fb1ea4e56b3b24a3e97f,False,B3,0,838c461c60d2a947904132e4a6280f43e07be37406c7b8b68e53f5305d28c0d3,main,NA,B3,18353,3.1473557965137575e-05,64,32,8.96142578125,0.0008955001831054688,100000000,0.00016185392734602858,8.692120018443376e-06,False,PASS,low_perturbation,031c68d800af45af7b1efff7a23b95a91ccdf365d5b847056be065f7712c71c5,50560,0,0,0,64,32,1.0,YES,NA,8.96142578125,0,scale_d64_n32/memory/A2_SMU_FULL/trial-0/simulator.log,0,YES,NA,NA,2.8197180907495464e-05,20260811T104215Z_7225d41a_m2-matched-lut-scale-01,16512,NA,1,NA,1,33f066a87e3592e55aa4c78bcc583383243061423e6a790856d5b1be7f593fef,/home/wxt/work-online-merge-supplement/work-artifacts/work-online-merge-low-dasm-simulator-5c2aad2-r1/spatz_cluster.vlt,SCALE_D64,17067,1,NA,NA,NA,PASS,NA,PASS,256,c954b7d6f49881b6d34cd0571b3c29671887d96087dbc7bf0e33212a85731726,pass,9842,131072,79,NA,NA,NA,2026-08-11T11:58:49+00:00,NA,NA,NA,NA,NA,NA,NA,NA,NA,NA,NA,NA,NA,NA,NA,0,NA,Verilator 5.034 2025-02-24 rev v5.034,4f53cda18c2baa0c0354bb5f9a3ecbe5ed12ab4d8e11ba873c2f11161202b945,32,32,417,1,160,16426
/home/wxt/work-online-merge-supplement/run-archive/m1-matched-lut-7wqexi/artifacts/work-online-merge-m2-matched-lut-scale-01-r1,64,32,34048,NA,c65b170ab017098926f41826e902648bc362021574bdfa6424a05ea444227b8f,46,0.021780303030303032,34048,34048,main,scale_d64_n32,main,120fa0c30199e54e6e9b5c60d8da40913eae8526640992cc5d4f130bef159775,2112,/home/wxt/m1-matched-lut.7wqexi/repo/hw/system/spatz_cluster/cfg/spatz_cluster.default.dram.hjson,1286,YES,clang version 14.0.6 (git@github.com:pulp-platform/llvm-project.git b494f2d8dde88723026db8ec16ac6c7ee1e140ca) | Target: riscv32-unknown-unknown-elf | Thread model: posix,0263e7b524c85ae8e95c6b7b88d84f92ffc72c90d5c4de0a9d9bc44563179758,/home/wxt/m1-matched-lut.7wqexi/repo/install/llvm/bin/clang -DONLINE_MERGE_COUNTER_PROFILE=0 -DONLINE_MERGE_IMPLEMENTATION_SELECT=3 -DONLINE_MERGE_STACK_LOG2=13 -DONLINE_MERGE_TRACE_PROXY=0 -I/home/wxt/m1-matched-lut.7wqexi/repo/sw/spatzBenchmarks/include -I/home/wxt/m1-matched-lut.7wqexi/repo/sw/snRuntime/include -I/home/wxt/m1-matched-lut.7wqexi/repo/sw/snRuntime/vendor -I/home/wxt/m1-matched-lut.7wqexi/repo/sw/snRuntime/../toolchain/riscv-opcodes -I/home/wxt/work-online-merge-supplement/run-archive/m1-matched-lut-7wqexi/artifacts/work-online-merge-m2-matched-lut-scale-01-r1/build/spatzBenchmarks/online_merge_generated/N32_D64_S1_main_R1 -I/home/wxt/m1-matched-lut.7wqexi/repo/sw/spatzBenchmarks/online-softmax-merge  --gcc-toolchain=/home/wxt/m1-matched-lut.7wqexi/repo/install/riscv-gcc -mcpu=snitch -mcmodel=small -ffast-math -fno-builtin-printf -fno-common -falign-loops=16 -ffunction-sections -Wextra -static -mllvm -misched-topdown -menable-experimental-extensions -mno-relax -march=rv32imafdvzfh_xdma_xfquarter -mabi=ilp32d -O3 -g -o CMakeFiles/test-spatzBenchmarks-online-softmax-merge-a2.dir/online-softmax-merge/main.c.o -c /home/wxt/m1-matched-lut.7wqexi/repo/sw/spatzBenchmarks/online-softmax-merge/main.c,A2_SMU_FULL,A2,memory,NA,NO,NA,NA,NO_EXPLICIT_TRANSFER_PHASE,MAIN_PERFORMANCE,pass,PASS,NA,34048,PASS,7225d41ad2d1c63376a9fb1ea4e56b3b24a3e97f,False,B3,0,838c461c60d2a947904132e4a6280f43e07be37406c7b8b68e53f5305d28c0d3,main,NA,B3,18353,3.1473557965137575e-05,64,32,8.96142578125,0.0008955001831054688,100000000,0.00016185392734602858,8.692120018443376e-06,False,PASS,low_perturbation,031c68d800af45af7b1efff7a23b95a91ccdf365d5b847056be065f7712c71c5,50560,0,0,0,64,32,1.0,YES,NA,8.96142578125,0,scale_d64_n32/memory/A2_SMU_FULL/trial-1/simulator.log,0,YES,NA,NA,2.8197180907495464e-05,20260811T104215Z_7225d41a_m2-matched-lut-scale-01,16512,NA,1,NA,1,33f066a87e3592e55aa4c78bcc583383243061423e6a790856d5b1be7f593fef,/home/wxt/work-online-merge-supplement/work-artifacts/work-online-merge-low-dasm-simulator-5c2aad2-r1/spatz_cluster.vlt,SCALE_D64,17067,1,NA,NA,NA,PASS,NA,PASS,256,c954b7d6f49881b6d34cd0571b3c29671887d96087dbc7bf0e33212a85731726,pass,9842,131072,79,NA,NA,NA,2026-08-11T12:02:58+00:00,NA,NA,NA,NA,NA,NA,NA,NA,NA,NA,NA,NA,NA,NA,NA,1,NA,Verilator 5.034 2025-02-24 rev v5.034,4f53cda18c2baa0c0354bb5f9a3ecbe5ed12ab4d8e11ba873c2f11161202b945,32,32,417,1,160,16426
/home/wxt/work-online-merge-supplement/run-archive/m1-matched-lut-7wqexi/artifacts/work-online-merge-m2-matched-lut-scale-01-r1,64,32,34048,NA,c65b170ab017098926f41826e902648bc362021574bdfa6424a05ea444227b8f,46,0.021780303030303032,34048,34048,main,scale_d64_n32,main,120fa0c30199e54e6e9b5c60d8da40913eae8526640992cc5d4f130bef159775,2112,/home/wxt/m1-matched-lut.7wqexi/repo/hw/system/spatz_cluster/cfg/spatz_cluster.default.dram.hjson,1286,YES,clang version 14.0.6 (git@github.com:pulp-platform/llvm-project.git b494f2d8dde88723026db8ec16ac6c7ee1e140ca) | Target: riscv32-unknown-unknown-elf | Thread model: posix,0263e7b524c85ae8e95c6b7b88d84f92ffc72c90d5c4de0a9d9bc44563179758,/home/wxt/m1-matched-lut.7wqexi/repo/install/llvm/bin/clang -DONLINE_MERGE_COUNTER_PROFILE=0 -DONLINE_MERGE_IMPLEMENTATION_SELECT=3 -DONLINE_MERGE_STACK_LOG2=13 -DONLINE_MERGE_TRACE_PROXY=0 -I/home/wxt/m1-matched-lut.7wqexi/repo/sw/spatzBenchmarks/include -I/home/wxt/m1-matched-lut.7wqexi/repo/sw/snRuntime/include -I/home/wxt/m1-matched-lut.7wqexi/repo/sw/snRuntime/vendor -I/home/wxt/m1-matched-lut.7wqexi/repo/sw/snRuntime/../toolchain/riscv-opcodes -I/home/wxt/work-online-merge-supplement/run-archive/m1-matched-lut-7wqexi/artifacts/work-online-merge-m2-matched-lut-scale-01-r1/build/spatzBenchmarks/online_merge_generated/N32_D64_S1_main_R1 -I/home/wxt/m1-matched-lut.7wqexi/repo/sw/spatzBenchmarks/online-softmax-merge  --gcc-toolchain=/home/wxt/m1-matched-lut.7wqexi/repo/install/riscv-gcc -mcpu=snitch -mcmodel=small -ffast-math -fno-builtin-printf -fno-common -falign-loops=16 -ffunction-sections -Wextra -static -mllvm -misched-topdown -menable-experimental-extensions -mno-relax -march=rv32imafdvzfh_xdma_xfquarter -mabi=ilp32d -O3 -g -o CMakeFiles/test-spatzBenchmarks-online-softmax-merge-a2.dir/online-softmax-merge/main.c.o -c /home/wxt/m1-matched-lut.7wqexi/repo/sw/spatzBenchmarks/online-softmax-merge/main.c,A2_SMU_FULL,A2,memory,NA,NO,NA,NA,NO_EXPLICIT_TRANSFER_PHASE,MAIN_PERFORMANCE,pass,PASS,NA,34048,PASS,7225d41ad2d1c63376a9fb1ea4e56b3b24a3e97f,False,B3,0,838c461c60d2a947904132e4a6280f43e07be37406c7b8b68e53f5305d28c0d3,main,NA,B3,18353,3.1473557965137575e-05,64,32,8.96142578125,0.0008955001831054688,100000000,0.00016185392734602858,8.692120018443376e-06,False,PASS,low_perturbation,031c68d800af45af7b1efff7a23b95a91ccdf365d5b847056be065f7712c71c5,50560,0,0,0,64,32,1.0,YES,NA,8.96142578125,0,scale_d64_n32/memory/A2_SMU_FULL/trial-2/simulator.log,0,YES,NA,NA,2.8197180907495464e-05,20260811T104215Z_7225d41a_m2-matched-lut-scale-01,16512,NA,1,NA,1,33f066a87e3592e55aa4c78bcc583383243061423e6a790856d5b1be7f593fef,/home/wxt/work-online-merge-supplement/work-artifacts/work-online-merge-low-dasm-simulator-5c2aad2-r1/spatz_cluster.vlt,SCALE_D64,17067,1,NA,NA,NA,PASS,NA,PASS,256,c954b7d6f49881b6d34cd0571b3c29671887d96087dbc7bf0e33212a85731726,pass,9842,131072,79,NA,NA,NA,2026-08-11T12:07:03+00:00,NA,NA,NA,NA,NA,NA,NA,NA,NA,NA,NA,NA,NA,NA,NA,2,NA,Verilator 5.034 2025-02-24 rev v5.034,4f53cda18c2baa0c0354bb5f9a3ecbe5ed12ab4d8e11ba873c2f11161202b945,32,32,417,1,160,16426
/home/wxt/work-online-merge-supplement/run-archive/m1-matched-lut-7wqexi/artifacts/work-online-merge-m2-matched-lut-scale-02-r1,1,8,512,NA,1512b3892c109d601ffe855f5f2c57d4dec4a8c2e043aa23cc47e3059237c2d5,10,0.4166666666666667,512,448,main,scale_n8_d1,main,120fa0c30199e54e6e9b5c60d8da40913eae8526640992cc5d4f130bef159775,24,/home/wxt/m1-matched-lut.7wqexi/repo/hw/system/spatz_cluster/cfg/spatz_cluster.default.dram.hjson,NA,YES,clang version 14.0.6 (git@github.com:pulp-platform/llvm-project.git b494f2d8dde88723026db8ec16ac6c7ee1e140ca) | Target: riscv32-unknown-unknown-elf | Thread model: posix,69859f0ba47e471d4c45dfacd5bb4e493ce9a2f19254aa65c68e0fd0b2fbee07,/home/wxt/m1-matched-lut.7wqexi/repo/install/llvm/bin/clang -DONLINE_MERGE_COUNTER_PROFILE=0 -DONLINE_MERGE_IMPLEMENTATION_SELECT=2 -DONLINE_MERGE_STACK_LOG2=13 -DONLINE_MERGE_TRACE_PROXY=0 -I/home/wxt/m1-matched-lut.7wqexi/repo/sw/spatzBenchmarks/include -I/home/wxt/m1-matched-lut.7wqexi/repo/sw/snRuntime/include -I/home/wxt/m1-matched-lut.7wqexi/repo/sw/snRuntime/vendor -I/home/wxt/m1-matched-lut.7wqexi/repo/sw/snRuntime/../toolchain/riscv-opcodes -I/home/wxt/work-online-merge-supplement/run-archive/m1-matched-lut-7wqexi/artifacts/work-online-merge-m2-matched-lut-scale-02-r1/build/spatzBenchmarks/online_merge_generated/N8_D1_S1_main_R1 -I/home/wxt/m1-matched-lut.7wqexi/repo/sw/spatzBenchmarks/online-softmax-merge  --gcc-toolchain=/home/wxt/m1-matched-lut.7wqexi/repo/install/riscv-gcc --gcc-toolchain=/home/wxt/m1-matched-lut.7wqexi/repo/install/riscv-gcc -mcpu=snitch -mcmodel=small -ffast-math -fno-builtin-printf -fno-common -falign-loops=16 -ffunction-sections -Wextra -static -mllvm -misched-topdown -menable-experimental-extensions -mno-relax -march=rv32imafdvzfh_xdma_xfquarter -mabi=ilp32d -O3 -g -o CMakeFiles/test-spatzBenchmarks-online-softmax-merge-b2r.dir/online-softmax-merge/main.c.o -c /home/wxt/m1-matched-lut.7wqexi/repo/sw/spatzBenchmarks/online-softmax-merge/main.c,B2R_RVV,A0,memory,8659,YES,24,NA,NO_EXPLICIT_TRANSFER_PHASE,MAIN_PERFORMANCE,pass,PASS,NA,448,NA,7225d41ad2d1c63376a9fb1ea4e56b3b24a3e97f,False,B2-R,0,3f07de3553104fa557e409298bd2d0433a39924d8d5ee689d19933267775e1c2,main,DASM_MARKER_ENVELOPE_WITNESS,B2-R,11832,3.6781800290824956e-06,1,8,1479.0,3.892183303833008e-05,100000000,3.892183303833008e-05,4.266854375600815e-06,False,PASS,low_perturbation,e9bf119176ca828dd1a72e86fee1e40e513949d7cabc612dd11396179b8c7db1,17024,0,0,0,1,8,1.0,YES,NA,1479.0,0,scale_n8_d1/memory/B2R_RVV/trial-0/simulator.log,0,YES,NA,NA,1.027293093662117e-05,20260811T104215Z_7225d41a_m2-matched-lut-scale-02,16512,NA,0,8635,1,33f066a87e3592e55aa4c78bcc583383243061423e6a790856d5b1be7f593fef,/home/wxt/work-online-merge-supplement/work-artifacts/work-online-merge-low-dasm-simulator-5c2aad2-r1/spatz_cluster.vlt,SCALE_N8_BREAK_EVEN,NA,0,NA,NA,NA,PASS,NA,PASS,4,314001050ab63210a3503920d68b3c6d84841c6de7fb34efe394f2c84f8f1c1a,pass,453,131072,0,NA,NA,NA,2026-08-11T10:43:27+00:00,scale_n8_d1/memory/B2R_RVV/trace-witness/instruction_trace_audit.json,1114,3533,3525,24,3690,INDEPENDENT_DASM_WITNESS,6,PASS,NA,PASS,361ff71bcc241b448e49ff6d212d06a13a986e2fad861b0aa0b67e40e7a21d68,/home/wxt/work-online-merge-supplement/work-artifacts/work-online-merge-traced-simulator-088a44d-r1/spatz_cluster.vlt,default,e9bf119176ca828dd1a72e86fee1e40e513949d7cabc612dd11396179b8c7db1,0,24,Verilator 5.034 2025-02-24 rev v5.034,4f53cda18c2baa0c0354bb5f9a3ecbe5ed12ab4d8e11ba873c2f11161202b945,,,,,,
/home/wxt/work-online-merge-supplement/run-archive/m1-matched-lut-7wqexi/artifacts/work-online-merge-m2-matched-lut-scale-02-r1,1,8,512,NA,1512b3892c109d601ffe855f5f2c57d4dec4a8c2e043aa23cc47e3059237c2d5,10,0.4166666666666667,512,448,main,scale_n8_d1,main,120fa0c30199e54e6e9b5c60d8da40913eae8526640992cc5d4f130bef159775,24,/home/wxt/m1-matched-lut.7wqexi/repo/hw/system/spatz_cluster/cfg/spatz_cluster.default.dram.hjson,NA,YES,clang version 14.0.6 (git@github.com:pulp-platform/llvm-project.git b494f2d8dde88723026db8ec16ac6c7ee1e140ca) | Target: riscv32-unknown-unknown-elf | Thread model: posix,69859f0ba47e471d4c45dfacd5bb4e493ce9a2f19254aa65c68e0fd0b2fbee07,/home/wxt/m1-matched-lut.7wqexi/repo/install/llvm/bin/clang -DONLINE_MERGE_COUNTER_PROFILE=0 -DONLINE_MERGE_IMPLEMENTATION_SELECT=2 -DONLINE_MERGE_STACK_LOG2=13 -DONLINE_MERGE_TRACE_PROXY=0 -I/home/wxt/m1-matched-lut.7wqexi/repo/sw/spatzBenchmarks/include -I/home/wxt/m1-matched-lut.7wqexi/repo/sw/snRuntime/include -I/home/wxt/m1-matched-lut.7wqexi/repo/sw/snRuntime/vendor -I/home/wxt/m1-matched-lut.7wqexi/repo/sw/snRuntime/../toolchain/riscv-opcodes -I/home/wxt/work-online-merge-supplement/run-archive/m1-matched-lut-7wqexi/artifacts/work-online-merge-m2-matched-lut-scale-02-r1/build/spatzBenchmarks/online_merge_generated/N8_D1_S1_main_R1 -I/home/wxt/m1-matched-lut.7wqexi/repo/sw/spatzBenchmarks/online-softmax-merge  --gcc-toolchain=/home/wxt/m1-matched-lut.7wqexi/repo/install/riscv-gcc --gcc-toolchain=/home/wxt/m1-matched-lut.7wqexi/repo/install/riscv-gcc -mcpu=snitch -mcmodel=small -ffast-math -fno-builtin-printf -fno-common -falign-loops=16 -ffunction-sections -Wextra -static -mllvm -misched-topdown -menable-experimental-extensions -mno-relax -march=rv32imafdvzfh_xdma_xfquarter -mabi=ilp32d -O3 -g -o CMakeFiles/test-spatzBenchmarks-online-softmax-merge-b2r.dir/online-softmax-merge/main.c.o -c /home/wxt/m1-matched-lut.7wqexi/repo/sw/spatzBenchmarks/online-softmax-merge/main.c,B2R_RVV,A0,memory,8659,YES,24,NA,NO_EXPLICIT_TRANSFER_PHASE,MAIN_PERFORMANCE,pass,PASS,NA,448,NA,7225d41ad2d1c63376a9fb1ea4e56b3b24a3e97f,False,B2-R,0,3f07de3553104fa557e409298bd2d0433a39924d8d5ee689d19933267775e1c2,main,DASM_MARKER_ENVELOPE_WITNESS,B2-R,11832,3.6781800290824956e-06,1,8,1479.0,3.892183303833008e-05,100000000,3.892183303833008e-05,4.266854375600815e-06,False,PASS,low_perturbation,e9bf119176ca828dd1a72e86fee1e40e513949d7cabc612dd11396179b8c7db1,17024,0,0,0,1,8,1.0,YES,NA,1479.0,0,scale_n8_d1/memory/B2R_RVV/trial-1/simulator.log,0,YES,NA,NA,1.027293093662117e-05,20260811T104215Z_7225d41a_m2-matched-lut-scale-02,16512,NA,0,8635,1,33f066a87e3592e55aa4c78bcc583383243061423e6a790856d5b1be7f593fef,/home/wxt/work-online-merge-supplement/work-artifacts/work-online-merge-low-dasm-simulator-5c2aad2-r1/spatz_cluster.vlt,SCALE_N8_BREAK_EVEN,NA,0,NA,NA,NA,PASS,NA,PASS,4,314001050ab63210a3503920d68b3c6d84841c6de7fb34efe394f2c84f8f1c1a,pass,453,131072,0,NA,NA,NA,2026-08-11T10:44:36+00:00,scale_n8_d1/memory/B2R_RVV/trace-witness/instruction_trace_audit.json,1114,3533,3525,24,3690,INDEPENDENT_DASM_WITNESS,6,PASS,NA,PASS,361ff71bcc241b448e49ff6d212d06a13a986e2fad861b0aa0b67e40e7a21d68,/home/wxt/work-online-merge-supplement/work-artifacts/work-online-merge-traced-simulator-088a44d-r1/spatz_cluster.vlt,default,e9bf119176ca828dd1a72e86fee1e40e513949d7cabc612dd11396179b8c7db1,1,24,Verilator 5.034 2025-02-24 rev v5.034,4f53cda18c2baa0c0354bb5f9a3ecbe5ed12ab4d8e11ba873c2f11161202b945,,,,,,
/home/wxt/work-online-merge-supplement/run-archive/m1-matched-lut-7wqexi/artifacts/work-online-merge-m2-matched-lut-scale-02-r1,1,8,512,NA,1512b3892c109d601ffe855f5f2c57d4dec4a8c2e043aa23cc47e3059237c2d5,10,0.4166666666666667,512,448,main,scale_n8_d1,main,120fa0c30199e54e6e9b5c60d8da40913eae8526640992cc5d4f130bef159775,24,/home/wxt/m1-matched-lut.7wqexi/repo/hw/system/spatz_cluster/cfg/spatz_cluster.default.dram.hjson,NA,YES,clang version 14.0.6 (git@github.com:pulp-platform/llvm-project.git b494f2d8dde88723026db8ec16ac6c7ee1e140ca) | Target: riscv32-unknown-unknown-elf | Thread model: posix,69859f0ba47e471d4c45dfacd5bb4e493ce9a2f19254aa65c68e0fd0b2fbee07,/home/wxt/m1-matched-lut.7wqexi/repo/install/llvm/bin/clang -DONLINE_MERGE_COUNTER_PROFILE=0 -DONLINE_MERGE_IMPLEMENTATION_SELECT=2 -DONLINE_MERGE_STACK_LOG2=13 -DONLINE_MERGE_TRACE_PROXY=0 -I/home/wxt/m1-matched-lut.7wqexi/repo/sw/spatzBenchmarks/include -I/home/wxt/m1-matched-lut.7wqexi/repo/sw/snRuntime/include -I/home/wxt/m1-matched-lut.7wqexi/repo/sw/snRuntime/vendor -I/home/wxt/m1-matched-lut.7wqexi/repo/sw/snRuntime/../toolchain/riscv-opcodes -I/home/wxt/work-online-merge-supplement/run-archive/m1-matched-lut-7wqexi/artifacts/work-online-merge-m2-matched-lut-scale-02-r1/build/spatzBenchmarks/online_merge_generated/N8_D1_S1_main_R1 -I/home/wxt/m1-matched-lut.7wqexi/repo/sw/spatzBenchmarks/online-softmax-merge  --gcc-toolchain=/home/wxt/m1-matched-lut.7wqexi/repo/install/riscv-gcc --gcc-toolchain=/home/wxt/m1-matched-lut.7wqexi/repo/install/riscv-gcc -mcpu=snitch -mcmodel=small -ffast-math -fno-builtin-printf -fno-common -falign-loops=16 -ffunction-sections -Wextra -static -mllvm -misched-topdown -menable-experimental-extensions -mno-relax -march=rv32imafdvzfh_xdma_xfquarter -mabi=ilp32d -O3 -g -o CMakeFiles/test-spatzBenchmarks-online-softmax-merge-b2r.dir/online-softmax-merge/main.c.o -c /home/wxt/m1-matched-lut.7wqexi/repo/sw/spatzBenchmarks/online-softmax-merge/main.c,B2R_RVV,A0,memory,8659,YES,24,NA,NO_EXPLICIT_TRANSFER_PHASE,MAIN_PERFORMANCE,pass,PASS,NA,448,NA,7225d41ad2d1c63376a9fb1ea4e56b3b24a3e97f,False,B2-R,0,3f07de3553104fa557e409298bd2d0433a39924d8d5ee689d19933267775e1c2,main,DASM_MARKER_ENVELOPE_WITNESS,B2-R,11832,3.6781800290824956e-06,1,8,1479.0,3.892183303833008e-05,100000000,3.892183303833008e-05,4.266854375600815e-06,False,PASS,low_perturbation,e9bf119176ca828dd1a72e86fee1e40e513949d7cabc612dd11396179b8c7db1,17024,0,0,0,1,8,1.0,YES,NA,1479.0,0,scale_n8_d1/memory/B2R_RVV/trial-2/simulator.log,0,YES,NA,NA,1.027293093662117e-05,20260811T104215Z_7225d41a_m2-matched-lut-scale-02,16512,NA,0,8635,1,33f066a87e3592e55aa4c78bcc583383243061423e6a790856d5b1be7f593fef,/home/wxt/work-online-merge-supplement/work-artifacts/work-online-merge-low-dasm-simulator-5c2aad2-r1/spatz_cluster.vlt,SCALE_N8_BREAK_EVEN,NA,0,NA,NA,NA,PASS,NA,PASS,4,314001050ab63210a3503920d68b3c6d84841c6de7fb34efe394f2c84f8f1c1a,pass,453,131072,0,NA,NA,NA,2026-08-11T10:45:42+00:00,scale_n8_d1/memory/B2R_RVV/trace-witness/instruction_trace_audit.json,1114,3533,3525,24,3690,INDEPENDENT_DASM_WITNESS,6,PASS,NA,PASS,361ff71bcc241b448e49ff6d212d06a13a986e2fad861b0aa0b67e40e7a21d68,/home/wxt/work-online-merge-supplement/work-artifacts/work-online-merge-traced-simulator-088a44d-r1/spatz_cluster.vlt,default,e9bf119176ca828dd1a72e86fee1e40e513949d7cabc612dd11396179b8c7db1,2,24,Verilator 5.034 2025-02-24 rev v5.034,4f53cda18c2baa0c0354bb5f9a3ecbe5ed12ab4d8e11ba873c2f11161202b945,,,,,,
/home/wxt/work-online-merge-supplement/run-archive/m1-matched-lut-7wqexi/artifacts/work-online-merge-m2-matched-lut-scale-02-r1,1,8,512,NA,9af5b185e4766c401b7b7094e3c09e16498582f9963964eeaa3232ba7f483b6e,10,0.4166666666666667,512,448,main,scale_n8_d1,main,120fa0c30199e54e6e9b5c60d8da40913eae8526640992cc5d4f130bef159775,24,/home/wxt/m1-matched-lut.7wqexi/repo/hw/system/spatz_cluster/cfg/spatz_cluster.default.dram.hjson,1972,YES,clang version 14.0.6 (git@github.com:pulp-platform/llvm-project.git b494f2d8dde88723026db8ec16ac6c7ee1e140ca) | Target: riscv32-unknown-unknown-elf | Thread model: posix,69859f0ba47e471d4c45dfacd5bb4e493ce9a2f19254aa65c68e0fd0b2fbee07,/home/wxt/m1-matched-lut.7wqexi/repo/install/llvm/bin/clang -DONLINE_MERGE_COUNTER_PROFILE=0 -DONLINE_MERGE_IMPLEMENTATION_SELECT=4 -DONLINE_MERGE_STACK_LOG2=13 -DONLINE_MERGE_TRACE_PROXY=0 -I/home/wxt/m1-matched-lut.7wqexi/repo/sw/spatzBenchmarks/include -I/home/wxt/m1-matched-lut.7wqexi/repo/sw/snRuntime/include -I/home/wxt/m1-matched-lut.7wqexi/repo/sw/snRuntime/vendor -I/home/wxt/m1-matched-lut.7wqexi/repo/sw/snRuntime/../toolchain/riscv-opcodes -I/home/wxt/work-online-merge-supplement/run-archive/m1-matched-lut-7wqexi/artifacts/work-online-merge-m2-matched-lut-scale-02-r1/build/spatzBenchmarks/online_merge_generated/N8_D1_S1_main_R1 -I/home/wxt/m1-matched-lut.7wqexi/repo/sw/spatzBenchmarks/online-softmax-merge  --gcc-toolchain=/home/wxt/m1-matched-lut.7wqexi/repo/install/riscv-gcc --gcc-toolchain=/home/wxt/m1-matched-lut.7wqexi/repo/install/riscv-gcc -mcpu=snitch -mcmodel=small -ffast-math -fno-builtin-printf -fno-common -falign-loops=16 -ffunction-sections -Wextra -static -mllvm -misched-topdown -menable-experimental-extensions -mno-relax -march=rv32imafdvzfh_xdma_xfquarter -mabi=ilp32d -O3 -g -o CMakeFiles/test-spatzBenchmarks-online-softmax-merge-a1.dir/online-softmax-merge/main.c.o -c /home/wxt/m1-matched-lut.7wqexi/repo/sw/spatzBenchmarks/online-softmax-merge/main.c,A1_SMU_SCALAR,NA,memory,NA,NO,NA,NA,NO_EXPLICIT_TRANSFER_PHASE,MAIN_PERFORMANCE,pass,PASS,NA,448,PASS,7225d41ad2d1c63376a9fb1ea4e56b3b24a3e97f,False,A1,0,3f07de3553104fa557e409298bd2d0433a39924d8d5ee689d19933267775e1c2,main,NA,A1,2164,3.6781800290824956e-06,1,8,270.5,3.892183303833008e-05,100000000,3.892183303833008e-05,4.266854375600815e-06,False,PASS,low_perturbation,dea083f4249a9796dadecaf17d3b5d265303a468da036e360907a8a51915f7eb,17024,0,0,0,1,8,1.0,YES,NA,270.5,0,scale_n8_d1/memory/A1_SMU_SCALAR/trial-0/simulator.log,0,YES,NA,NA,1.027293093662117e-05,20260811T104215Z_7225d41a_m2-matched-lut-scale-02,16512,710,1,NA,1,33f066a87e3592e55aa4c78bcc583383243061423e6a790856d5b1be7f593fef,/home/wxt/work-online-merge-supplement/work-artifacts/work-online-merge-low-dasm-simulator-5c2aad2-r1/spatz_cluster.vlt,SCALE_N8_BREAK_EVEN,192,1,1454,NA,NA,PASS,NA,PASS,4,e1e85a8115433b6a1db105fca04904a1fc886dec72172473bd1683a184aa1cd7,pass,560,131072,2,NA,NA,NA,2026-08-11T10:46:47+00:00,NA,NA,NA,NA,NA,NA,NA,NA,NA,NA,NA,NA,NA,NA,NA,0,NA,Verilator 5.034 2025-02-24 rev v5.034,4f53cda18c2baa0c0354bb5f9a3ecbe5ed12ab4d8e11ba873c2f11161202b945,8,8,104,1,72,0
/home/wxt/work-online-merge-supplement/run-archive/m1-matched-lut-7wqexi/artifacts/work-online-merge-m2-matched-lut-scale-02-r1,1,8,512,NA,9af5b185e4766c401b7b7094e3c09e16498582f9963964eeaa3232ba7f483b6e,10,0.4166666666666667,512,448,main,scale_n8_d1,main,120fa0c30199e54e6e9b5c60d8da40913eae8526640992cc5d4f130bef159775,24,/home/wxt/m1-matched-lut.7wqexi/repo/hw/system/spatz_cluster/cfg/spatz_cluster.default.dram.hjson,1972,YES,clang version 14.0.6 (git@github.com:pulp-platform/llvm-project.git b494f2d8dde88723026db8ec16ac6c7ee1e140ca) | Target: riscv32-unknown-unknown-elf | Thread model: posix,69859f0ba47e471d4c45dfacd5bb4e493ce9a2f19254aa65c68e0fd0b2fbee07,/home/wxt/m1-matched-lut.7wqexi/repo/install/llvm/bin/clang -DONLINE_MERGE_COUNTER_PROFILE=0 -DONLINE_MERGE_IMPLEMENTATION_SELECT=4 -DONLINE_MERGE_STACK_LOG2=13 -DONLINE_MERGE_TRACE_PROXY=0 -I/home/wxt/m1-matched-lut.7wqexi/repo/sw/spatzBenchmarks/include -I/home/wxt/m1-matched-lut.7wqexi/repo/sw/snRuntime/include -I/home/wxt/m1-matched-lut.7wqexi/repo/sw/snRuntime/vendor -I/home/wxt/m1-matched-lut.7wqexi/repo/sw/snRuntime/../toolchain/riscv-opcodes -I/home/wxt/work-online-merge-supplement/run-archive/m1-matched-lut-7wqexi/artifacts/work-online-merge-m2-matched-lut-scale-02-r1/build/spatzBenchmarks/online_merge_generated/N8_D1_S1_main_R1 -I/home/wxt/m1-matched-lut.7wqexi/repo/sw/spatzBenchmarks/online-softmax-merge  --gcc-toolchain=/home/wxt/m1-matched-lut.7wqexi/repo/install/riscv-gcc --gcc-toolchain=/home/wxt/m1-matched-lut.7wqexi/repo/install/riscv-gcc -mcpu=snitch -mcmodel=small -ffast-math -fno-builtin-printf -fno-common -falign-loops=16 -ffunction-sections -Wextra -static -mllvm -misched-topdown -menable-experimental-extensions -mno-relax -march=rv32imafdvzfh_xdma_xfquarter -mabi=ilp32d -O3 -g -o CMakeFiles/test-spatzBenchmarks-online-softmax-merge-a1.dir/online-softmax-merge/main.c.o -c /home/wxt/m1-matched-lut.7wqexi/repo/sw/spatzBenchmarks/online-softmax-merge/main.c,A1_SMU_SCALAR,NA,memory,NA,NO,NA,NA,NO_EXPLICIT_TRANSFER_PHASE,MAIN_PERFORMANCE,pass,PASS,NA,448,PASS,7225d41ad2d1c63376a9fb1ea4e56b3b24a3e97f,False,A1,0,3f07de3553104fa557e409298bd2d0433a39924d8d5ee689d19933267775e1c2,main,NA,A1,2164,3.6781800290824956e-06,1,8,270.5,3.892183303833008e-05,100000000,3.892183303833008e-05,4.266854375600815e-06,False,PASS,low_perturbation,dea083f4249a9796dadecaf17d3b5d265303a468da036e360907a8a51915f7eb,17024,0,0,0,1,8,1.0,YES,NA,270.5,0,scale_n8_d1/memory/A1_SMU_SCALAR/trial-1/simulator.log,0,YES,NA,NA,1.027293093662117e-05,20260811T104215Z_7225d41a_m2-matched-lut-scale-02,16512,710,1,NA,1,33f066a87e3592e55aa4c78bcc583383243061423e6a790856d5b1be7f593fef,/home/wxt/work-online-merge-supplement/work-artifacts/work-online-merge-low-dasm-simulator-5c2aad2-r1/spatz_cluster.vlt,SCALE_N8_BREAK_EVEN,192,1,1454,NA,NA,PASS,NA,PASS,4,e1e85a8115433b6a1db105fca04904a1fc886dec72172473bd1683a184aa1cd7,pass,560,131072,2,NA,NA,NA,2026-08-11T10:47:44+00:00,NA,NA,NA,NA,NA,NA,NA,NA,NA,NA,NA,NA,NA,NA,NA,1,NA,Verilator 5.034 2025-02-24 rev v5.034,4f53cda18c2baa0c0354bb5f9a3ecbe5ed12ab4d8e11ba873c2f11161202b945,8,8,104,1,72,0
/home/wxt/work-online-merge-supplement/run-archive/m1-matched-lut-7wqexi/artifacts/work-online-merge-m2-matched-lut-scale-02-r1,1,8,512,NA,9af5b185e4766c401b7b7094e3c09e16498582f9963964eeaa3232ba7f483b6e,10,0.4166666666666667,512,448,main,scale_n8_d1,main,120fa0c30199e54e6e9b5c60d8da40913eae8526640992cc5d4f130bef159775,24,/home/wxt/m1-matched-lut.7wqexi/repo/hw/system/spatz_cluster/cfg/spatz_cluster.default.dram.hjson,1972,YES,clang version 14.0.6 (git@github.com:pulp-platform/llvm-project.git b494f2d8dde88723026db8ec16ac6c7ee1e140ca) | Target: riscv32-unknown-unknown-elf | Thread model: posix,69859f0ba47e471d4c45dfacd5bb4e493ce9a2f19254aa65c68e0fd0b2fbee07,/home/wxt/m1-matched-lut.7wqexi/repo/install/llvm/bin/clang -DONLINE_MERGE_COUNTER_PROFILE=0 -DONLINE_MERGE_IMPLEMENTATION_SELECT=4 -DONLINE_MERGE_STACK_LOG2=13 -DONLINE_MERGE_TRACE_PROXY=0 -I/home/wxt/m1-matched-lut.7wqexi/repo/sw/spatzBenchmarks/include -I/home/wxt/m1-matched-lut.7wqexi/repo/sw/snRuntime/include -I/home/wxt/m1-matched-lut.7wqexi/repo/sw/snRuntime/vendor -I/home/wxt/m1-matched-lut.7wqexi/repo/sw/snRuntime/../toolchain/riscv-opcodes -I/home/wxt/work-online-merge-supplement/run-archive/m1-matched-lut-7wqexi/artifacts/work-online-merge-m2-matched-lut-scale-02-r1/build/spatzBenchmarks/online_merge_generated/N8_D1_S1_main_R1 -I/home/wxt/m1-matched-lut.7wqexi/repo/sw/spatzBenchmarks/online-softmax-merge  --gcc-toolchain=/home/wxt/m1-matched-lut.7wqexi/repo/install/riscv-gcc --gcc-toolchain=/home/wxt/m1-matched-lut.7wqexi/repo/install/riscv-gcc -mcpu=snitch -mcmodel=small -ffast-math -fno-builtin-printf -fno-common -falign-loops=16 -ffunction-sections -Wextra -static -mllvm -misched-topdown -menable-experimental-extensions -mno-relax -march=rv32imafdvzfh_xdma_xfquarter -mabi=ilp32d -O3 -g -o CMakeFiles/test-spatzBenchmarks-online-softmax-merge-a1.dir/online-softmax-merge/main.c.o -c /home/wxt/m1-matched-lut.7wqexi/repo/sw/spatzBenchmarks/online-softmax-merge/main.c,A1_SMU_SCALAR,NA,memory,NA,NO,NA,NA,NO_EXPLICIT_TRANSFER_PHASE,MAIN_PERFORMANCE,pass,PASS,NA,448,PASS,7225d41ad2d1c63376a9fb1ea4e56b3b24a3e97f,False,A1,0,3f07de3553104fa557e409298bd2d0433a39924d8d5ee689d19933267775e1c2,main,NA,A1,2164,3.6781800290824956e-06,1,8,270.5,3.892183303833008e-05,100000000,3.892183303833008e-05,4.266854375600815e-06,False,PASS,low_perturbation,dea083f4249a9796dadecaf17d3b5d265303a468da036e360907a8a51915f7eb,17024,0,0,0,1,8,1.0,YES,NA,270.5,0,scale_n8_d1/memory/A1_SMU_SCALAR/trial-2/simulator.log,0,YES,NA,NA,1.027293093662117e-05,20260811T104215Z_7225d41a_m2-matched-lut-scale-02,16512,710,1,NA,1,33f066a87e3592e55aa4c78bcc583383243061423e6a790856d5b1be7f593fef,/home/wxt/work-online-merge-supplement/work-artifacts/work-online-merge-low-dasm-simulator-5c2aad2-r1/spatz_cluster.vlt,SCALE_N8_BREAK_EVEN,192,1,1454,NA,NA,PASS,NA,PASS,4,e1e85a8115433b6a1db105fca04904a1fc886dec72172473bd1683a184aa1cd7,pass,560,131072,2,NA,NA,NA,2026-08-11T10:48:40+00:00,NA,NA,NA,NA,NA,NA,NA,NA,NA,NA,NA,NA,NA,NA,NA,2,NA,Verilator 5.034 2025-02-24 rev v5.034,4f53cda18c2baa0c0354bb5f9a3ecbe5ed12ab4d8e11ba873c2f11161202b945,8,8,104,1,72,0
/home/wxt/work-online-merge-supplement/run-archive/m1-matched-lut-7wqexi/artifacts/work-online-merge-m2-matched-lut-scale-02-r1,1,8,512,NA,56fc66cfc0300fa775b1e3394e44faff9c5dc43d612b81d3e935bdb38dc11d33,10,0.4166666666666667,512,448,main,scale_n8_d1,main,120fa0c30199e54e6e9b5c60d8da40913eae8526640992cc5d4f130bef159775,24,/home/wxt/m1-matched-lut.7wqexi/repo/hw/system/spatz_cluster/cfg/spatz_cluster.default.dram.hjson,1270,YES,clang version 14.0.6 (git@github.com:pulp-platform/llvm-project.git b494f2d8dde88723026db8ec16ac6c7ee1e140ca) | Target: riscv32-unknown-unknown-elf | Thread model: posix,69859f0ba47e471d4c45dfacd5bb4e493ce9a2f19254aa65c68e0fd0b2fbee07,/home/wxt/m1-matched-lut.7wqexi/repo/install/llvm/bin/clang -DONLINE_MERGE_COUNTER_PROFILE=0 -DONLINE_MERGE_IMPLEMENTATION_SELECT=3 -DONLINE_MERGE_STACK_LOG2=13 -DONLINE_MERGE_TRACE_PROXY=0 -I/home/wxt/m1-matched-lut.7wqexi/repo/sw/spatzBenchmarks/include -I/home/wxt/m1-matched-lut.7wqexi/repo/sw/snRuntime/include -I/home/wxt/m1-matched-lut.7wqexi/repo/sw/snRuntime/vendor -I/home/wxt/m1-matched-lut.7wqexi/repo/sw/snRuntime/../toolchain/riscv-opcodes -I/home/wxt/work-online-merge-supplement/run-archive/m1-matched-lut-7wqexi/artifacts/work-online-merge-m2-matched-lut-scale-02-r1/build/spatzBenchmarks/online_merge_generated/N8_D1_S1_main_R1 -I/home/wxt/m1-matched-lut.7wqexi/repo/sw/spatzBenchmarks/online-softmax-merge  --gcc-toolchain=/home/wxt/m1-matched-lut.7wqexi/repo/install/riscv-gcc --gcc-toolchain=/home/wxt/m1-matched-lut.7wqexi/repo/install/riscv-gcc -mcpu=snitch -mcmodel=small -ffast-math -fno-builtin-printf -fno-common -falign-loops=16 -ffunction-sections -Wextra -static -mllvm -misched-topdown -menable-experimental-extensions -mno-relax -march=rv32imafdvzfh_xdma_xfquarter -mabi=ilp32d -O3 -g -o CMakeFiles/test-spatzBenchmarks-online-softmax-merge-a2.dir/online-softmax-merge/main.c.o -c /home/wxt/m1-matched-lut.7wqexi/repo/sw/spatzBenchmarks/online-softmax-merge/main.c,A2_SMU_FULL,A2,memory,NA,NO,NA,NA,NO_EXPLICIT_TRANSFER_PHASE,MAIN_PERFORMANCE,pass,PASS,NA,448,PASS,7225d41ad2d1c63376a9fb1ea4e56b3b24a3e97f,False,B3,0,3f07de3553104fa557e409298bd2d0433a39924d8d5ee689d19933267775e1c2,main,NA,B3,1502,3.6786482083808855e-06,1,8,187.75,3.892183303833008e-05,100000000,3.892183303833008e-05,4.2657678325970965e-06,False,PASS,low_perturbation,09a75dc49a110f008dd92ac69b64cf0490f9b06df21c480c6e310b2fe5a46011,17024,0,0,0,1,8,1.0,YES,NA,187.75,0,scale_n8_d1/memory/A2_SMU_FULL/trial-0/simulator.log,0,YES,NA,NA,1.027423853264972e-05,20260811T104215Z_7225d41a_m2-matched-lut-scale-02,16512,NA,1,NA,1,33f066a87e3592e55aa4c78bcc583383243061423e6a790856d5b1be7f593fef,/home/wxt/work-online-merge-supplement/work-artifacts/work-online-merge-low-dasm-simulator-5c2aad2-r1/spatz_cluster.vlt,SCALE_N8_BREAK_EVEN,232,1,NA,NA,NA,PASS,NA,PASS,4,035f94578f7139f7f8cb401333879a91fcab6a6456bb5782f9572ebeba0df817,pass,475,131072,1,NA,NA,NA,2026-08-11T10:49:37+00:00,NA,NA,NA,NA,NA,NA,NA,NA,NA,NA,NA,NA,NA,NA,NA,0,NA,Verilator 5.034 2025-02-24 rev v5.034,4f53cda18c2baa0c0354bb5f9a3ecbe5ed12ab4d8e11ba873c2f11161202b945,8,8,104,1,40,72
/home/wxt/work-online-merge-supplement/run-archive/m1-matched-lut-7wqexi/artifacts/work-online-merge-m2-matched-lut-scale-02-r1,1,8,512,NA,56fc66cfc0300fa775b1e3394e44faff9c5dc43d612b81d3e935bdb38dc11d33,10,0.4166666666666667,512,448,main,scale_n8_d1,main,120fa0c30199e54e6e9b5c60d8da40913eae8526640992cc5d4f130bef159775,24,/home/wxt/m1-matched-lut.7wqexi/repo/hw/system/spatz_cluster/cfg/spatz_cluster.default.dram.hjson,1270,YES,clang version 14.0.6 (git@github.com:pulp-platform/llvm-project.git b494f2d8dde88723026db8ec16ac6c7ee1e140ca) | Target: riscv32-unknown-unknown-elf | Thread model: posix,69859f0ba47e471d4c45dfacd5bb4e493ce9a2f19254aa65c68e0fd0b2fbee07,/home/wxt/m1-matched-lut.7wqexi/repo/install/llvm/bin/clang -DONLINE_MERGE_COUNTER_PROFILE=0 -DONLINE_MERGE_IMPLEMENTATION_SELECT=3 -DONLINE_MERGE_STACK_LOG2=13 -DONLINE_MERGE_TRACE_PROXY=0 -I/home/wxt/m1-matched-lut.7wqexi/repo/sw/spatzBenchmarks/include -I/home/wxt/m1-matched-lut.7wqexi/repo/sw/snRuntime/include -I/home/wxt/m1-matched-lut.7wqexi/repo/sw/snRuntime/vendor -I/home/wxt/m1-matched-lut.7wqexi/repo/sw/snRuntime/../toolchain/riscv-opcodes -I/home/wxt/work-online-merge-supplement/run-archive/m1-matched-lut-7wqexi/artifacts/work-online-merge-m2-matched-lut-scale-02-r1/build/spatzBenchmarks/online_merge_generated/N8_D1_S1_main_R1 -I/home/wxt/m1-matched-lut.7wqexi/repo/sw/spatzBenchmarks/online-softmax-merge  --gcc-toolchain=/home/wxt/m1-matched-lut.7wqexi/repo/install/riscv-gcc --gcc-toolchain=/home/wxt/m1-matched-lut.7wqexi/repo/install/riscv-gcc -mcpu=snitch -mcmodel=small -ffast-math -fno-builtin-printf -fno-common -falign-loops=16 -ffunction-sections -Wextra -static -mllvm -misched-topdown -menable-experimental-extensions -mno-relax -march=rv32imafdvzfh_xdma_xfquarter -mabi=ilp32d -O3 -g -o CMakeFiles/test-spatzBenchmarks-online-softmax-merge-a2.dir/online-softmax-merge/main.c.o -c /home/wxt/m1-matched-lut.7wqexi/repo/sw/spatzBenchmarks/online-softmax-merge/main.c,A2_SMU_FULL,A2,memory,NA,NO,NA,NA,NO_EXPLICIT_TRANSFER_PHASE,MAIN_PERFORMANCE,pass,PASS,NA,448,PASS,7225d41ad2d1c63376a9fb1ea4e56b3b24a3e97f,False,B3,0,3f07de3553104fa557e409298bd2d0433a39924d8d5ee689d19933267775e1c2,main,NA,B3,1502,3.6786482083808855e-06,1,8,187.75,3.892183303833008e-05,100000000,3.892183303833008e-05,4.2657678325970965e-06,False,PASS,low_perturbation,09a75dc49a110f008dd92ac69b64cf0490f9b06df21c480c6e310b2fe5a46011,17024,0,0,0,1,8,1.0,YES,NA,187.75,0,scale_n8_d1/memory/A2_SMU_FULL/trial-1/simulator.log,0,YES,NA,NA,1.027423853264972e-05,20260811T104215Z_7225d41a_m2-matched-lut-scale-02,16512,NA,1,NA,1,33f066a87e3592e55aa4c78bcc583383243061423e6a790856d5b1be7f593fef,/home/wxt/work-online-merge-supplement/work-artifacts/work-online-merge-low-dasm-simulator-5c2aad2-r1/spatz_cluster.vlt,SCALE_N8_BREAK_EVEN,232,1,NA,NA,NA,PASS,NA,PASS,4,035f94578f7139f7f8cb401333879a91fcab6a6456bb5782f9572ebeba0df817,pass,475,131072,1,NA,NA,NA,2026-08-11T10:50:34+00:00,NA,NA,NA,NA,NA,NA,NA,NA,NA,NA,NA,NA,NA,NA,NA,1,NA,Verilator 5.034 2025-02-24 rev v5.034,4f53cda18c2baa0c0354bb5f9a3ecbe5ed12ab4d8e11ba873c2f11161202b945,8,8,104,1,40,72
/home/wxt/work-online-merge-supplement/run-archive/m1-matched-lut-7wqexi/artifacts/work-online-merge-m2-matched-lut-scale-02-r1,1,8,512,NA,56fc66cfc0300fa775b1e3394e44faff9c5dc43d612b81d3e935bdb38dc11d33,10,0.4166666666666667,512,448,main,scale_n8_d1,main,120fa0c30199e54e6e9b5c60d8da40913eae8526640992cc5d4f130bef159775,24,/home/wxt/m1-matched-lut.7wqexi/repo/hw/system/spatz_cluster/cfg/spatz_cluster.default.dram.hjson,1270,YES,clang version 14.0.6 (git@github.com:pulp-platform/llvm-project.git b494f2d8dde88723026db8ec16ac6c7ee1e140ca) | Target: riscv32-unknown-unknown-elf | Thread model: posix,69859f0ba47e471d4c45dfacd5bb4e493ce9a2f19254aa65c68e0fd0b2fbee07,/home/wxt/m1-matched-lut.7wqexi/repo/install/llvm/bin/clang -DONLINE_MERGE_COUNTER_PROFILE=0 -DONLINE_MERGE_IMPLEMENTATION_SELECT=3 -DONLINE_MERGE_STACK_LOG2=13 -DONLINE_MERGE_TRACE_PROXY=0 -I/home/wxt/m1-matched-lut.7wqexi/repo/sw/spatzBenchmarks/include -I/home/wxt/m1-matched-lut.7wqexi/repo/sw/snRuntime/include -I/home/wxt/m1-matched-lut.7wqexi/repo/sw/snRuntime/vendor -I/home/wxt/m1-matched-lut.7wqexi/repo/sw/snRuntime/../toolchain/riscv-opcodes -I/home/wxt/work-online-merge-supplement/run-archive/m1-matched-lut-7wqexi/artifacts/work-online-merge-m2-matched-lut-scale-02-r1/build/spatzBenchmarks/online_merge_generated/N8_D1_S1_main_R1 -I/home/wxt/m1-matched-lut.7wqexi/repo/sw/spatzBenchmarks/online-softmax-merge  --gcc-toolchain=/home/wxt/m1-matched-lut.7wqexi/repo/install/riscv-gcc --gcc-toolchain=/home/wxt/m1-matched-lut.7wqexi/repo/install/riscv-gcc -mcpu=snitch -mcmodel=small -ffast-math -fno-builtin-printf -fno-common -falign-loops=16 -ffunction-sections -Wextra -static -mllvm -misched-topdown -menable-experimental-extensions -mno-relax -march=rv32imafdvzfh_xdma_xfquarter -mabi=ilp32d -O3 -g -o CMakeFiles/test-spatzBenchmarks-online-softmax-merge-a2.dir/online-softmax-merge/main.c.o -c /home/wxt/m1-matched-lut.7wqexi/repo/sw/spatzBenchmarks/online-softmax-merge/main.c,A2_SMU_FULL,A2,memory,NA,NO,NA,NA,NO_EXPLICIT_TRANSFER_PHASE,MAIN_PERFORMANCE,pass,PASS,NA,448,PASS,7225d41ad2d1c63376a9fb1ea4e56b3b24a3e97f,False,B3,0,3f07de3553104fa557e409298bd2d0433a39924d8d5ee689d19933267775e1c2,main,NA,B3,1502,3.6786482083808855e-06,1,8,187.75,3.892183303833008e-05,100000000,3.892183303833008e-05,4.2657678325970965e-06,False,PASS,low_perturbation,09a75dc49a110f008dd92ac69b64cf0490f9b06df21c480c6e310b2fe5a46011,17024,0,0,0,1,8,1.0,YES,NA,187.75,0,scale_n8_d1/memory/A2_SMU_FULL/trial-2/simulator.log,0,YES,NA,NA,1.027423853264972e-05,20260811T104215Z_7225d41a_m2-matched-lut-scale-02,16512,NA,1,NA,1,33f066a87e3592e55aa4c78bcc583383243061423e6a790856d5b1be7f593fef,/home/wxt/work-online-merge-supplement/work-artifacts/work-online-merge-low-dasm-simulator-5c2aad2-r1/spatz_cluster.vlt,SCALE_N8_BREAK_EVEN,232,1,NA,NA,NA,PASS,NA,PASS,4,035f94578f7139f7f8cb401333879a91fcab6a6456bb5782f9572ebeba0df817,pass,475,131072,1,NA,NA,NA,2026-08-11T10:51:29+00:00,NA,NA,NA,NA,NA,NA,NA,NA,NA,NA,NA,NA,NA,NA,NA,2,NA,Verilator 5.034 2025-02-24 rev v5.034,4f53cda18c2baa0c0354bb5f9a3ecbe5ed12ab4d8e11ba873c2f11161202b945,8,8,104,1,40,72
/home/wxt/work-online-merge-supplement/run-archive/m1-matched-lut-7wqexi/artifacts/work-online-merge-m2-matched-lut-scale-02-r1,8,8,1536,NA,9b9a058eb33d21f73525b880c1e07623095165c2c7cba07860fc151984c83725,9,0.1125,1536,1344,main,scale_n8_d8,main,120fa0c30199e54e6e9b5c60d8da40913eae8526640992cc5d4f130bef159775,80,/home/wxt/m1-matched-lut.7wqexi/repo/hw/system/spatz_cluster/cfg/spatz_cluster.default.dram.hjson,NA,YES,clang version 14.0.6 (git@github.com:pulp-platform/llvm-project.git b494f2d8dde88723026db8ec16ac6c7ee1e140ca) | Target: riscv32-unknown-unknown-elf | Thread model: posix,5ddef7751bbaadfed378c52c7e60ce7ba75e362b335cf84d3873fb91e8b828b0,/home/wxt/m1-matched-lut.7wqexi/repo/install/llvm/bin/clang -DONLINE_MERGE_COUNTER_PROFILE=0 -DONLINE_MERGE_IMPLEMENTATION_SELECT=2 -DONLINE_MERGE_STACK_LOG2=13 -DONLINE_MERGE_TRACE_PROXY=0 -I/home/wxt/m1-matched-lut.7wqexi/repo/sw/spatzBenchmarks/include -I/home/wxt/m1-matched-lut.7wqexi/repo/sw/snRuntime/include -I/home/wxt/m1-matched-lut.7wqexi/repo/sw/snRuntime/vendor -I/home/wxt/m1-matched-lut.7wqexi/repo/sw/snRuntime/../toolchain/riscv-opcodes -I/home/wxt/work-online-merge-supplement/run-archive/m1-matched-lut-7wqexi/artifacts/work-online-merge-m2-matched-lut-scale-02-r1/build/spatzBenchmarks/online_merge_generated/N8_D8_S1_main_R1 -I/home/wxt/m1-matched-lut.7wqexi/repo/sw/spatzBenchmarks/online-softmax-merge  --gcc-toolchain=/home/wxt/m1-matched-lut.7wqexi/repo/install/riscv-gcc -mcpu=snitch -mcmodel=small -ffast-math -fno-builtin-printf -fno-common -falign-loops=16 -ffunction-sections -Wextra -static -mllvm -misched-topdown -menable-experimental-extensions -mno-relax -march=rv32imafdvzfh_xdma_xfquarter -mabi=ilp32d -O3 -g -o CMakeFiles/test-spatzBenchmarks-online-softmax-merge-b2r.dir/online-softmax-merge/main.c.o -c /home/wxt/m1-matched-lut.7wqexi/repo/sw/spatzBenchmarks/online-softmax-merge/main.c,B2R_RVV,A0,memory,8695,YES,48,NA,NO_EXPLICIT_TRANSFER_PHASE,MAIN_PERFORMANCE,pass,PASS,NA,1344,NA,7225d41ad2d1c63376a9fb1ea4e56b3b24a3e97f,False,B2-R,0,ff9022ebfe764d65f778d11cf90366b78ded0ba9ef086d3e5fe567ac1dff2d99,main,DASM_MARKER_ENVELOPE_WITNESS,B2-R,12152,3.490501009506035e-05,8,8,189.875,0.00043773651123046875,100000000,0.00011326411637332742,1.6521313227713108e-05,False,PASS,low_perturbation,97714591c36c3e17c7a68e825bff2db7bbb713e9cc6871d447175c11dfb05da4,18048,0,0,0,8,8,1.0,YES,NA,189.875,0,scale_n8_d8/memory/B2R_RVV/trial-0/simulator.log,0,YES,NA,NA,5.456243985646212e-05,20260811T104215Z_7225d41a_m2-matched-lut-scale-02,16512,NA,0,8647,1,33f066a87e3592e55aa4c78bcc583383243061423e6a790856d5b1be7f593fef,/home/wxt/work-online-merge-supplement/work-artifacts/work-online-merge-low-dasm-simulator-5c2aad2-r1/spatz_cluster.vlt,SCALE_N8_BREAK_EVEN,NA,0,NA,NA,NA,PASS,NA,PASS,32,10695cfb14fd4651658576f07fca9c1960ee04a5259f5f7d3ab566a810af36cc,pass,525,131072,0,NA,NA,NA,2026-08-11T10:53:48+00:00,scale_n8_d8/memory/B2R_RVV/trace-witness/instruction_trace_audit.json,1096,3716,3641,48,3705,INDEPENDENT_DASM_WITNESS,6,PASS,NA,PASS,361ff71bcc241b448e49ff6d212d06a13a986e2fad861b0aa0b67e40e7a21d68,/home/wxt/work-online-merge-supplement/work-artifacts/work-online-merge-traced-simulator-088a44d-r1/spatz_cluster.vlt,default,97714591c36c3e17c7a68e825bff2db7bbb713e9cc6871d447175c11dfb05da4,0,48,Verilator 5.034 2025-02-24 rev v5.034,4f53cda18c2baa0c0354bb5f9a3ecbe5ed12ab4d8e11ba873c2f11161202b945,,,,,,
/home/wxt/work-online-merge-supplement/run-archive/m1-matched-lut-7wqexi/artifacts/work-online-merge-m2-matched-lut-scale-02-r1,8,8,1536,NA,9b9a058eb33d21f73525b880c1e07623095165c2c7cba07860fc151984c83725,9,0.1125,1536,1344,main,scale_n8_d8,main,120fa0c30199e54e6e9b5c60d8da40913eae8526640992cc5d4f130bef159775,80,/home/wxt/m1-matched-lut.7wqexi/repo/hw/system/spatz_cluster/cfg/spatz_cluster.default.dram.hjson,NA,YES,clang version 14.0.6 (git@github.com:pulp-platform/llvm-project.git b494f2d8dde88723026db8ec16ac6c7ee1e140ca) | Target: riscv32-unknown-unknown-elf | Thread model: posix,5ddef7751bbaadfed378c52c7e60ce7ba75e362b335cf84d3873fb91e8b828b0,/home/wxt/m1-matched-lut.7wqexi/repo/install/llvm/bin/clang -DONLINE_MERGE_COUNTER_PROFILE=0 -DONLINE_MERGE_IMPLEMENTATION_SELECT=2 -DONLINE_MERGE_STACK_LOG2=13 -DONLINE_MERGE_TRACE_PROXY=0 -I/home/wxt/m1-matched-lut.7wqexi/repo/sw/spatzBenchmarks/include -I/home/wxt/m1-matched-lut.7wqexi/repo/sw/snRuntime/include -I/home/wxt/m1-matched-lut.7wqexi/repo/sw/snRuntime/vendor -I/home/wxt/m1-matched-lut.7wqexi/repo/sw/snRuntime/../toolchain/riscv-opcodes -I/home/wxt/work-online-merge-supplement/run-archive/m1-matched-lut-7wqexi/artifacts/work-online-merge-m2-matched-lut-scale-02-r1/build/spatzBenchmarks/online_merge_generated/N8_D8_S1_main_R1 -I/home/wxt/m1-matched-lut.7wqexi/repo/sw/spatzBenchmarks/online-softmax-merge  --gcc-toolchain=/home/wxt/m1-matched-lut.7wqexi/repo/install/riscv-gcc -mcpu=snitch -mcmodel=small -ffast-math -fno-builtin-printf -fno-common -falign-loops=16 -ffunction-sections -Wextra -static -mllvm -misched-topdown -menable-experimental-extensions -mno-relax -march=rv32imafdvzfh_xdma_xfquarter -mabi=ilp32d -O3 -g -o CMakeFiles/test-spatzBenchmarks-online-softmax-merge-b2r.dir/online-softmax-merge/main.c.o -c /home/wxt/m1-matched-lut.7wqexi/repo/sw/spatzBenchmarks/online-softmax-merge/main.c,B2R_RVV,A0,memory,8695,YES,48,NA,NO_EXPLICIT_TRANSFER_PHASE,MAIN_PERFORMANCE,pass,PASS,NA,1344,NA,7225d41ad2d1c63376a9fb1ea4e56b3b24a3e97f,False,B2-R,0,ff9022ebfe764d65f778d11cf90366b78ded0ba9ef086d3e5fe567ac1dff2d99,main,DASM_MARKER_ENVELOPE_WITNESS,B2-R,12152,3.490501009506035e-05,8,8,189.875,0.00043773651123046875,100000000,0.00011326411637332742,1.6521313227713108e-05,False,PASS,low_perturbation,97714591c36c3e17c7a68e825bff2db7bbb713e9cc6871d447175c11dfb05da4,18048,0,0,0,8,8,1.0,YES,NA,189.875,0,scale_n8_d8/memory/B2R_RVV/trial-1/simulator.log,0,YES,NA,NA,5.456243985646212e-05,20260811T104215Z_7225d41a_m2-matched-lut-scale-02,16512,NA,0,8647,1,33f066a87e3592e55aa4c78bcc583383243061423e6a790856d5b1be7f593fef,/home/wxt/work-online-merge-supplement/work-artifacts/work-online-merge-low-dasm-simulator-5c2aad2-r1/spatz_cluster.vlt,SCALE_N8_BREAK_EVEN,NA,0,NA,NA,NA,PASS,NA,PASS,32,10695cfb14fd4651658576f07fca9c1960ee04a5259f5f7d3ab566a810af36cc,pass,525,131072,0,NA,NA,NA,2026-08-11T10:54:58+00:00,scale_n8_d8/memory/B2R_RVV/trace-witness/instruction_trace_audit.json,1096,3716,3641,48,3705,INDEPENDENT_DASM_WITNESS,6,PASS,NA,PASS,361ff71bcc241b448e49ff6d212d06a13a986e2fad861b0aa0b67e40e7a21d68,/home/wxt/work-online-merge-supplement/work-artifacts/work-online-merge-traced-simulator-088a44d-r1/spatz_cluster.vlt,default,97714591c36c3e17c7a68e825bff2db7bbb713e9cc6871d447175c11dfb05da4,1,48,Verilator 5.034 2025-02-24 rev v5.034,4f53cda18c2baa0c0354bb5f9a3ecbe5ed12ab4d8e11ba873c2f11161202b945,,,,,,
/home/wxt/work-online-merge-supplement/run-archive/m1-matched-lut-7wqexi/artifacts/work-online-merge-m2-matched-lut-scale-02-r1,8,8,1536,NA,9b9a058eb33d21f73525b880c1e07623095165c2c7cba07860fc151984c83725,9,0.1125,1536,1344,main,scale_n8_d8,main,120fa0c30199e54e6e9b5c60d8da40913eae8526640992cc5d4f130bef159775,80,/home/wxt/m1-matched-lut.7wqexi/repo/hw/system/spatz_cluster/cfg/spatz_cluster.default.dram.hjson,NA,YES,clang version 14.0.6 (git@github.com:pulp-platform/llvm-project.git b494f2d8dde88723026db8ec16ac6c7ee1e140ca) | Target: riscv32-unknown-unknown-elf | Thread model: posix,5ddef7751bbaadfed378c52c7e60ce7ba75e362b335cf84d3873fb91e8b828b0,/home/wxt/m1-matched-lut.7wqexi/repo/install/llvm/bin/clang -DONLINE_MERGE_COUNTER_PROFILE=0 -DONLINE_MERGE_IMPLEMENTATION_SELECT=2 -DONLINE_MERGE_STACK_LOG2=13 -DONLINE_MERGE_TRACE_PROXY=0 -I/home/wxt/m1-matched-lut.7wqexi/repo/sw/spatzBenchmarks/include -I/home/wxt/m1-matched-lut.7wqexi/repo/sw/snRuntime/include -I/home/wxt/m1-matched-lut.7wqexi/repo/sw/snRuntime/vendor -I/home/wxt/m1-matched-lut.7wqexi/repo/sw/snRuntime/../toolchain/riscv-opcodes -I/home/wxt/work-online-merge-supplement/run-archive/m1-matched-lut-7wqexi/artifacts/work-online-merge-m2-matched-lut-scale-02-r1/build/spatzBenchmarks/online_merge_generated/N8_D8_S1_main_R1 -I/home/wxt/m1-matched-lut.7wqexi/repo/sw/spatzBenchmarks/online-softmax-merge  --gcc-toolchain=/home/wxt/m1-matched-lut.7wqexi/repo/install/riscv-gcc -mcpu=snitch -mcmodel=small -ffast-math -fno-builtin-printf -fno-common -falign-loops=16 -ffunction-sections -Wextra -static -mllvm -misched-topdown -menable-experimental-extensions -mno-relax -march=rv32imafdvzfh_xdma_xfquarter -mabi=ilp32d -O3 -g -o CMakeFiles/test-spatzBenchmarks-online-softmax-merge-b2r.dir/online-softmax-merge/main.c.o -c /home/wxt/m1-matched-lut.7wqexi/repo/sw/spatzBenchmarks/online-softmax-merge/main.c,B2R_RVV,A0,memory,8695,YES,48,NA,NO_EXPLICIT_TRANSFER_PHASE,MAIN_PERFORMANCE,pass,PASS,NA,1344,NA,7225d41ad2d1c63376a9fb1ea4e56b3b24a3e97f,False,B2-R,0,ff9022ebfe764d65f778d11cf90366b78ded0ba9ef086d3e5fe567ac1dff2d99,main,DASM_MARKER_ENVELOPE_WITNESS,B2-R,12152,3.490501009506035e-05,8,8,189.875,0.00043773651123046875,100000000,0.00011326411637332742,1.6521313227713108e-05,False,PASS,low_perturbation,97714591c36c3e17c7a68e825bff2db7bbb713e9cc6871d447175c11dfb05da4,18048,0,0,0,8,8,1.0,YES,NA,189.875,0,scale_n8_d8/memory/B2R_RVV/trial-2/simulator.log,0,YES,NA,NA,5.456243985646212e-05,20260811T104215Z_7225d41a_m2-matched-lut-scale-02,16512,NA,0,8647,1,33f066a87e3592e55aa4c78bcc583383243061423e6a790856d5b1be7f593fef,/home/wxt/work-online-merge-supplement/work-artifacts/work-online-merge-low-dasm-simulator-5c2aad2-r1/spatz_cluster.vlt,SCALE_N8_BREAK_EVEN,NA,0,NA,NA,NA,PASS,NA,PASS,32,10695cfb14fd4651658576f07fca9c1960ee04a5259f5f7d3ab566a810af36cc,pass,525,131072,0,NA,NA,NA,2026-08-11T10:56:08+00:00,scale_n8_d8/memory/B2R_RVV/trace-witness/instruction_trace_audit.json,1096,3716,3641,48,3705,INDEPENDENT_DASM_WITNESS,6,PASS,NA,PASS,361ff71bcc241b448e49ff6d212d06a13a986e2fad861b0aa0b67e40e7a21d68,/home/wxt/work-online-merge-supplement/work-artifacts/work-online-merge-traced-simulator-088a44d-r1/spatz_cluster.vlt,default,97714591c36c3e17c7a68e825bff2db7bbb713e9cc6871d447175c11dfb05da4,2,48,Verilator 5.034 2025-02-24 rev v5.034,4f53cda18c2baa0c0354bb5f9a3ecbe5ed12ab4d8e11ba873c2f11161202b945,,,,,,
/home/wxt/work-online-merge-supplement/run-archive/m1-matched-lut-7wqexi/artifacts/work-online-merge-m2-matched-lut-scale-02-r1,8,8,1536,NA,a95a50b7babd5439d27e29a6e2152c3fc37ca3bf88d02ce1e67b008c06305658,9,0.1125,1536,1344,main,scale_n8_d8,main,120fa0c30199e54e6e9b5c60d8da40913eae8526640992cc5d4f130bef159775,80,/home/wxt/m1-matched-lut.7wqexi/repo/hw/system/spatz_cluster/cfg/spatz_cluster.default.dram.hjson,1979,YES,clang version 14.0.6 (git@github.com:pulp-platform/llvm-project.git b494f2d8dde88723026db8ec16ac6c7ee1e140ca) | Target: riscv32-unknown-unknown-elf | Thread model: posix,5ddef7751bbaadfed378c52c7e60ce7ba75e362b335cf84d3873fb91e8b828b0,/home/wxt/m1-matched-lut.7wqexi/repo/install/llvm/bin/clang -DONLINE_MERGE_COUNTER_PROFILE=0 -DONLINE_MERGE_IMPLEMENTATION_SELECT=4 -DONLINE_MERGE_STACK_LOG2=13 -DONLINE_MERGE_TRACE_PROXY=0 -I/home/wxt/m1-matched-lut.7wqexi/repo/sw/spatzBenchmarks/include -I/home/wxt/m1-matched-lut.7wqexi/repo/sw/snRuntime/include -I/home/wxt/m1-matched-lut.7wqexi/repo/sw/snRuntime/vendor -I/home/wxt/m1-matched-lut.7wqexi/repo/sw/snRuntime/../toolchain/riscv-opcodes -I/home/wxt/work-online-merge-supplement/run-archive/m1-matched-lut-7wqexi/artifacts/work-online-merge-m2-matched-lut-scale-02-r1/build/spatzBenchmarks/online_merge_generated/N8_D8_S1_main_R1 -I/home/wxt/m1-matched-lut.7wqexi/repo/sw/spatzBenchmarks/online-softmax-merge  --gcc-toolchain=/home/wxt/m1-matched-lut.7wqexi/repo/install/riscv-gcc -mcpu=snitch -mcmodel=small -ffast-math -fno-builtin-printf -fno-common -falign-loops=16 -ffunction-sections -Wextra -static -mllvm -misched-topdown -menable-experimental-extensions -mno-relax -march=rv32imafdvzfh_xdma_xfquarter -mabi=ilp32d -O3 -g -o CMakeFiles/test-spatzBenchmarks-online-softmax-merge-a1.dir/online-softmax-merge/main.c.o -c /home/wxt/m1-matched-lut.7wqexi/repo/sw/spatzBenchmarks/online-softmax-merge/main.c,A1_SMU_SCALAR,NA,memory,NA,NO,NA,NA,NO_EXPLICIT_TRANSFER_PHASE,MAIN_PERFORMANCE,pass,PASS,NA,1344,PASS,7225d41ad2d1c63376a9fb1ea4e56b3b24a3e97f,False,A1,0,ff9022ebfe764d65f778d11cf90366b78ded0ba9ef086d3e5fe567ac1dff2d99,main,NA,A1,2171,3.490501009506035e-05,8,8,33.921875,0.00043773651123046875,100000000,0.00011326411637332742,1.6521313227713108e-05,False,PASS,low_perturbation,6cd58afe4e89360db54f9dea87e03a13225d47b7bf9d76e6cf55494b1717c846,18048,0,0,0,8,8,1.0,YES,NA,33.921875,0,scale_n8_d8/memory/A1_SMU_SCALAR/trial-0/simulator.log,0,YES,NA,NA,5.456243985646212e-05,20260811T104215Z_7225d41a_m2-matched-lut-scale-02,16512,710,1,NA,1,33f066a87e3592e55aa4c78bcc583383243061423e6a790856d5b1be7f593fef,/home/wxt/work-online-merge-supplement/work-artifacts/work-online-merge-low-dasm-simulator-5c2aad2-r1/spatz_cluster.vlt,SCALE_N8_BREAK_EVEN,192,1,1461,NA,NA,PASS,NA,PASS,32,c9e80b2934abd4491fd5e2e92605c98f3385844d1633dfba2e61b3c885ea0d37,pass,630,131072,0,NA,NA,NA,2026-08-11T10:57:23+00:00,NA,NA,NA,NA,NA,NA,NA,NA,NA,NA,NA,NA,NA,NA,NA,0,NA,Verilator 5.034 2025-02-24 rev v5.034,4f53cda18c2baa0c0354bb5f9a3ecbe5ed12ab4d8e11ba873c2f11161202b945,8,8,104,1,72,0
/home/wxt/work-online-merge-supplement/run-archive/m1-matched-lut-7wqexi/artifacts/work-online-merge-m2-matched-lut-scale-02-r1,8,8,1536,NA,a95a50b7babd5439d27e29a6e2152c3fc37ca3bf88d02ce1e67b008c06305658,9,0.1125,1536,1344,main,scale_n8_d8,main,120fa0c30199e54e6e9b5c60d8da40913eae8526640992cc5d4f130bef159775,80,/home/wxt/m1-matched-lut.7wqexi/repo/hw/system/spatz_cluster/cfg/spatz_cluster.default.dram.hjson,1979,YES,clang version 14.0.6 (git@github.com:pulp-platform/llvm-project.git b494f2d8dde88723026db8ec16ac6c7ee1e140ca) | Target: riscv32-unknown-unknown-elf | Thread model: posix,5ddef7751bbaadfed378c52c7e60ce7ba75e362b335cf84d3873fb91e8b828b0,/home/wxt/m1-matched-lut.7wqexi/repo/install/llvm/bin/clang -DONLINE_MERGE_COUNTER_PROFILE=0 -DONLINE_MERGE_IMPLEMENTATION_SELECT=4 -DONLINE_MERGE_STACK_LOG2=13 -DONLINE_MERGE_TRACE_PROXY=0 -I/home/wxt/m1-matched-lut.7wqexi/repo/sw/spatzBenchmarks/include -I/home/wxt/m1-matched-lut.7wqexi/repo/sw/snRuntime/include -I/home/wxt/m1-matched-lut.7wqexi/repo/sw/snRuntime/vendor -I/home/wxt/m1-matched-lut.7wqexi/repo/sw/snRuntime/../toolchain/riscv-opcodes -I/home/wxt/work-online-merge-supplement/run-archive/m1-matched-lut-7wqexi/artifacts/work-online-merge-m2-matched-lut-scale-02-r1/build/spatzBenchmarks/online_merge_generated/N8_D8_S1_main_R1 -I/home/wxt/m1-matched-lut.7wqexi/repo/sw/spatzBenchmarks/online-softmax-merge  --gcc-toolchain=/home/wxt/m1-matched-lut.7wqexi/repo/install/riscv-gcc -mcpu=snitch -mcmodel=small -ffast-math -fno-builtin-printf -fno-common -falign-loops=16 -ffunction-sections -Wextra -static -mllvm -misched-topdown -menable-experimental-extensions -mno-relax -march=rv32imafdvzfh_xdma_xfquarter -mabi=ilp32d -O3 -g -o CMakeFiles/test-spatzBenchmarks-online-softmax-merge-a1.dir/online-softmax-merge/main.c.o -c /home/wxt/m1-matched-lut.7wqexi/repo/sw/spatzBenchmarks/online-softmax-merge/main.c,A1_SMU_SCALAR,NA,memory,NA,NO,NA,NA,NO_EXPLICIT_TRANSFER_PHASE,MAIN_PERFORMANCE,pass,PASS,NA,1344,PASS,7225d41ad2d1c63376a9fb1ea4e56b3b24a3e97f,False,A1,0,ff9022ebfe764d65f778d11cf90366b78ded0ba9ef086d3e5fe567ac1dff2d99,main,NA,A1,2171,3.490501009506035e-05,8,8,33.921875,0.00043773651123046875,100000000,0.00011326411637332742,1.6521313227713108e-05,False,PASS,low_perturbation,6cd58afe4e89360db54f9dea87e03a13225d47b7bf9d76e6cf55494b1717c846,18048,0,0,0,8,8,1.0,YES,NA,33.921875,0,scale_n8_d8/memory/A1_SMU_SCALAR/trial-1/simulator.log,0,YES,NA,NA,5.456243985646212e-05,20260811T104215Z_7225d41a_m2-matched-lut-scale-02,16512,710,1,NA,1,33f066a87e3592e55aa4c78bcc583383243061423e6a790856d5b1be7f593fef,/home/wxt/work-online-merge-supplement/work-artifacts/work-online-merge-low-dasm-simulator-5c2aad2-r1/spatz_cluster.vlt,SCALE_N8_BREAK_EVEN,192,1,1461,NA,NA,PASS,NA,PASS,32,c9e80b2934abd4491fd5e2e92605c98f3385844d1633dfba2e61b3c885ea0d37,pass,630,131072,0,NA,NA,NA,2026-08-11T10:58:31+00:00,NA,NA,NA,NA,NA,NA,NA,NA,NA,NA,NA,NA,NA,NA,NA,1,NA,Verilator 5.034 2025-02-24 rev v5.034,4f53cda18c2baa0c0354bb5f9a3ecbe5ed12ab4d8e11ba873c2f11161202b945,8,8,104,1,72,0
/home/wxt/work-online-merge-supplement/run-archive/m1-matched-lut-7wqexi/artifacts/work-online-merge-m2-matched-lut-scale-02-r1,8,8,1536,NA,a95a50b7babd5439d27e29a6e2152c3fc37ca3bf88d02ce1e67b008c06305658,9,0.1125,1536,1344,main,scale_n8_d8,main,120fa0c30199e54e6e9b5c60d8da40913eae8526640992cc5d4f130bef159775,80,/home/wxt/m1-matched-lut.7wqexi/repo/hw/system/spatz_cluster/cfg/spatz_cluster.default.dram.hjson,1979,YES,clang version 14.0.6 (git@github.com:pulp-platform/llvm-project.git b494f2d8dde88723026db8ec16ac6c7ee1e140ca) | Target: riscv32-unknown-unknown-elf | Thread model: posix,5ddef7751bbaadfed378c52c7e60ce7ba75e362b335cf84d3873fb91e8b828b0,/home/wxt/m1-matched-lut.7wqexi/repo/install/llvm/bin/clang -DONLINE_MERGE_COUNTER_PROFILE=0 -DONLINE_MERGE_IMPLEMENTATION_SELECT=4 -DONLINE_MERGE_STACK_LOG2=13 -DONLINE_MERGE_TRACE_PROXY=0 -I/home/wxt/m1-matched-lut.7wqexi/repo/sw/spatzBenchmarks/include -I/home/wxt/m1-matched-lut.7wqexi/repo/sw/snRuntime/include -I/home/wxt/m1-matched-lut.7wqexi/repo/sw/snRuntime/vendor -I/home/wxt/m1-matched-lut.7wqexi/repo/sw/snRuntime/../toolchain/riscv-opcodes -I/home/wxt/work-online-merge-supplement/run-archive/m1-matched-lut-7wqexi/artifacts/work-online-merge-m2-matched-lut-scale-02-r1/build/spatzBenchmarks/online_merge_generated/N8_D8_S1_main_R1 -I/home/wxt/m1-matched-lut.7wqexi/repo/sw/spatzBenchmarks/online-softmax-merge  --gcc-toolchain=/home/wxt/m1-matched-lut.7wqexi/repo/install/riscv-gcc -mcpu=snitch -mcmodel=small -ffast-math -fno-builtin-printf -fno-common -falign-loops=16 -ffunction-sections -Wextra -static -mllvm -misched-topdown -menable-experimental-extensions -mno-relax -march=rv32imafdvzfh_xdma_xfquarter -mabi=ilp32d -O3 -g -o CMakeFiles/test-spatzBenchmarks-online-softmax-merge-a1.dir/online-softmax-merge/main.c.o -c /home/wxt/m1-matched-lut.7wqexi/repo/sw/spatzBenchmarks/online-softmax-merge/main.c,A1_SMU_SCALAR,NA,memory,NA,NO,NA,NA,NO_EXPLICIT_TRANSFER_PHASE,MAIN_PERFORMANCE,pass,PASS,NA,1344,PASS,7225d41ad2d1c63376a9fb1ea4e56b3b24a3e97f,False,A1,0,ff9022ebfe764d65f778d11cf90366b78ded0ba9ef086d3e5fe567ac1dff2d99,main,NA,A1,2171,3.490501009506035e-05,8,8,33.921875,0.00043773651123046875,100000000,0.00011326411637332742,1.6521313227713108e-05,False,PASS,low_perturbation,6cd58afe4e89360db54f9dea87e03a13225d47b7bf9d76e6cf55494b1717c846,18048,0,0,0,8,8,1.0,YES,NA,33.921875,0,scale_n8_d8/memory/A1_SMU_SCALAR/trial-2/simulator.log,0,YES,NA,NA,5.456243985646212e-05,20260811T104215Z_7225d41a_m2-matched-lut-scale-02,16512,710,1,NA,1,33f066a87e3592e55aa4c78bcc583383243061423e6a790856d5b1be7f593fef,/home/wxt/work-online-merge-supplement/work-artifacts/work-online-merge-low-dasm-simulator-5c2aad2-r1/spatz_cluster.vlt,SCALE_N8_BREAK_EVEN,192,1,1461,NA,NA,PASS,NA,PASS,32,c9e80b2934abd4491fd5e2e92605c98f3385844d1633dfba2e61b3c885ea0d37,pass,630,131072,0,NA,NA,NA,2026-08-11T10:59:35+00:00,NA,NA,NA,NA,NA,NA,NA,NA,NA,NA,NA,NA,NA,NA,NA,2,NA,Verilator 5.034 2025-02-24 rev v5.034,4f53cda18c2baa0c0354bb5f9a3ecbe5ed12ab4d8e11ba873c2f11161202b945,8,8,104,1,72,0
/home/wxt/work-online-merge-supplement/run-archive/m1-matched-lut-7wqexi/artifacts/work-online-merge-m2-matched-lut-scale-02-r1,8,8,1536,NA,e8cb72b0719f33ce01d055d0f51262ad4436b547391ff8b79c632078f44137a8,9,0.1125,1536,1344,main,scale_n8_d8,main,120fa0c30199e54e6e9b5c60d8da40913eae8526640992cc5d4f130bef159775,80,/home/wxt/m1-matched-lut.7wqexi/repo/hw/system/spatz_cluster/cfg/spatz_cluster.default.dram.hjson,1250,YES,clang version 14.0.6 (git@github.com:pulp-platform/llvm-project.git b494f2d8dde88723026db8ec16ac6c7ee1e140ca) | Target: riscv32-unknown-unknown-elf | Thread model: posix,5ddef7751bbaadfed378c52c7e60ce7ba75e362b335cf84d3873fb91e8b828b0,/home/wxt/m1-matched-lut.7wqexi/repo/install/llvm/bin/clang -DONLINE_MERGE_COUNTER_PROFILE=0 -DONLINE_MERGE_IMPLEMENTATION_SELECT=3 -DONLINE_MERGE_STACK_LOG2=13 -DONLINE_MERGE_TRACE_PROXY=0 -I/home/wxt/m1-matched-lut.7wqexi/repo/sw/spatzBenchmarks/include -I/home/wxt/m1-matched-lut.7wqexi/repo/sw/snRuntime/include -I/home/wxt/m1-matched-lut.7wqexi/repo/sw/snRuntime/vendor -I/home/wxt/m1-matched-lut.7wqexi/repo/sw/snRuntime/../toolchain/riscv-opcodes -I/home/wxt/work-online-merge-supplement/run-archive/m1-matched-lut-7wqexi/artifacts/work-online-merge-m2-matched-lut-scale-02-r1/build/spatzBenchmarks/online_merge_generated/N8_D8_S1_main_R1 -I/home/wxt/m1-matched-lut.7wqexi/repo/sw/spatzBenchmarks/online-softmax-merge  --gcc-toolchain=/home/wxt/m1-matched-lut.7wqexi/repo/install/riscv-gcc -mcpu=snitch -mcmodel=small -ffast-math -fno-builtin-printf -fno-common -falign-loops=16 -ffunction-sections -Wextra -static -mllvm -misched-topdown -menable-experimental-extensions -mno-relax -march=rv32imafdvzfh_xdma_xfquarter -mabi=ilp32d -O3 -g -o CMakeFiles/test-spatzBenchmarks-online-softmax-merge-a2.dir/online-softmax-merge/main.c.o -c /home/wxt/m1-matched-lut.7wqexi/repo/sw/spatzBenchmarks/online-softmax-merge/main.c,A2_SMU_FULL,A2,memory,NA,NO,NA,NA,NO_EXPLICIT_TRANSFER_PHASE,MAIN_PERFORMANCE,pass,PASS,NA,1344,PASS,7225d41ad2d1c63376a9fb1ea4e56b3b24a3e97f,False,B3,0,ff9022ebfe764d65f778d11cf90366b78ded0ba9ef086d3e5fe567ac1dff2d99,main,NA,B3,1931,3.490580464283406e-05,8,8,30.171875,0.00043773651123046875,100000000,0.00011326411637332742,1.652379287406802e-05,False,PASS,low_perturbation,6c55d6cdd0e0d99c7abc13668baa4122bc8e50d5f19ab78803cf91b555a2a39b,18048,0,0,0,8,8,1.0,YES,NA,30.171875,0,scale_n8_d8/memory/A2_SMU_FULL/trial-0/simulator.log,0,YES,NA,NA,5.456368186914161e-05,20260811T104215Z_7225d41a_m2-matched-lut-scale-02,16512,NA,1,NA,1,33f066a87e3592e55aa4c78bcc583383243061423e6a790856d5b1be7f593fef,/home/wxt/work-online-merge-supplement/work-artifacts/work-online-merge-low-dasm-simulator-5c2aad2-r1/spatz_cluster.vlt,SCALE_N8_BREAK_EVEN,681,1,NA,NA,NA,PASS,NA,PASS,32,6735b143fe612d9ca1a4b444a3ec3ce1b320cf8ad5ded362ed1e8babf8e70fe1,pass,722,131072,3,NA,NA,NA,2026-08-11T11:00:39+00:00,NA,NA,NA,NA,NA,NA,NA,NA,NA,NA,NA,NA,NA,NA,NA,0,NA,Verilator 5.034 2025-02-24 rev v5.034,4f53cda18c2baa0c0354bb5f9a3ecbe5ed12ab4d8e11ba873c2f11161202b945,8,8,105,1,40,520
/home/wxt/work-online-merge-supplement/run-archive/m1-matched-lut-7wqexi/artifacts/work-online-merge-m2-matched-lut-scale-02-r1,8,8,1536,NA,e8cb72b0719f33ce01d055d0f51262ad4436b547391ff8b79c632078f44137a8,9,0.1125,1536,1344,main,scale_n8_d8,main,120fa0c30199e54e6e9b5c60d8da40913eae8526640992cc5d4f130bef159775,80,/home/wxt/m1-matched-lut.7wqexi/repo/hw/system/spatz_cluster/cfg/spatz_cluster.default.dram.hjson,1250,YES,clang version 14.0.6 (git@github.com:pulp-platform/llvm-project.git b494f2d8dde88723026db8ec16ac6c7ee1e140ca) | Target: riscv32-unknown-unknown-elf | Thread model: posix,5ddef7751bbaadfed378c52c7e60ce7ba75e362b335cf84d3873fb91e8b828b0,/home/wxt/m1-matched-lut.7wqexi/repo/install/llvm/bin/clang -DONLINE_MERGE_COUNTER_PROFILE=0 -DONLINE_MERGE_IMPLEMENTATION_SELECT=3 -DONLINE_MERGE_STACK_LOG2=13 -DONLINE_MERGE_TRACE_PROXY=0 -I/home/wxt/m1-matched-lut.7wqexi/repo/sw/spatzBenchmarks/include -I/home/wxt/m1-matched-lut.7wqexi/repo/sw/snRuntime/include -I/home/wxt/m1-matched-lut.7wqexi/repo/sw/snRuntime/vendor -I/home/wxt/m1-matched-lut.7wqexi/repo/sw/snRuntime/../toolchain/riscv-opcodes -I/home/wxt/work-online-merge-supplement/run-archive/m1-matched-lut-7wqexi/artifacts/work-online-merge-m2-matched-lut-scale-02-r1/build/spatzBenchmarks/online_merge_generated/N8_D8_S1_main_R1 -I/home/wxt/m1-matched-lut.7wqexi/repo/sw/spatzBenchmarks/online-softmax-merge  --gcc-toolchain=/home/wxt/m1-matched-lut.7wqexi/repo/install/riscv-gcc -mcpu=snitch -mcmodel=small -ffast-math -fno-builtin-printf -fno-common -falign-loops=16 -ffunction-sections -Wextra -static -mllvm -misched-topdown -menable-experimental-extensions -mno-relax -march=rv32imafdvzfh_xdma_xfquarter -mabi=ilp32d -O3 -g -o CMakeFiles/test-spatzBenchmarks-online-softmax-merge-a2.dir/online-softmax-merge/main.c.o -c /home/wxt/m1-matched-lut.7wqexi/repo/sw/spatzBenchmarks/online-softmax-merge/main.c,A2_SMU_FULL,A2,memory,NA,NO,NA,NA,NO_EXPLICIT_TRANSFER_PHASE,MAIN_PERFORMANCE,pass,PASS,NA,1344,PASS,7225d41ad2d1c63376a9fb1ea4e56b3b24a3e97f,False,B3,0,ff9022ebfe764d65f778d11cf90366b78ded0ba9ef086d3e5fe567ac1dff2d99,main,NA,B3,1931,3.490580464283406e-05,8,8,30.171875,0.00043773651123046875,100000000,0.00011326411637332742,1.652379287406802e-05,False,PASS,low_perturbation,6c55d6cdd0e0d99c7abc13668baa4122bc8e50d5f19ab78803cf91b555a2a39b,18048,0,0,0,8,8,1.0,YES,NA,30.171875,0,scale_n8_d8/memory/A2_SMU_FULL/trial-1/simulator.log,0,YES,NA,NA,5.456368186914161e-05,20260811T104215Z_7225d41a_m2-matched-lut-scale-02,16512,NA,1,NA,1,33f066a87e3592e55aa4c78bcc583383243061423e6a790856d5b1be7f593fef,/home/wxt/work-online-merge-supplement/work-artifacts/work-online-merge-low-dasm-simulator-5c2aad2-r1/spatz_cluster.vlt,SCALE_N8_BREAK_EVEN,681,1,NA,NA,NA,PASS,NA,PASS,32,6735b143fe612d9ca1a4b444a3ec3ce1b320cf8ad5ded362ed1e8babf8e70fe1,pass,722,131072,3,NA,NA,NA,2026-08-11T11:01:44+00:00,NA,NA,NA,NA,NA,NA,NA,NA,NA,NA,NA,NA,NA,NA,NA,1,NA,Verilator 5.034 2025-02-24 rev v5.034,4f53cda18c2baa0c0354bb5f9a3ecbe5ed12ab4d8e11ba873c2f11161202b945,8,8,105,1,40,520
/home/wxt/work-online-merge-supplement/run-archive/m1-matched-lut-7wqexi/artifacts/work-online-merge-m2-matched-lut-scale-02-r1,8,8,1536,NA,e8cb72b0719f33ce01d055d0f51262ad4436b547391ff8b79c632078f44137a8,9,0.1125,1536,1344,main,scale_n8_d8,main,120fa0c30199e54e6e9b5c60d8da40913eae8526640992cc5d4f130bef159775,80,/home/wxt/m1-matched-lut.7wqexi/repo/hw/system/spatz_cluster/cfg/spatz_cluster.default.dram.hjson,1250,YES,clang version 14.0.6 (git@github.com:pulp-platform/llvm-project.git b494f2d8dde88723026db8ec16ac6c7ee1e140ca) | Target: riscv32-unknown-unknown-elf | Thread model: posix,5ddef7751bbaadfed378c52c7e60ce7ba75e362b335cf84d3873fb91e8b828b0,/home/wxt/m1-matched-lut.7wqexi/repo/install/llvm/bin/clang -DONLINE_MERGE_COUNTER_PROFILE=0 -DONLINE_MERGE_IMPLEMENTATION_SELECT=3 -DONLINE_MERGE_STACK_LOG2=13 -DONLINE_MERGE_TRACE_PROXY=0 -I/home/wxt/m1-matched-lut.7wqexi/repo/sw/spatzBenchmarks/include -I/home/wxt/m1-matched-lut.7wqexi/repo/sw/snRuntime/include -I/home/wxt/m1-matched-lut.7wqexi/repo/sw/snRuntime/vendor -I/home/wxt/m1-matched-lut.7wqexi/repo/sw/snRuntime/../toolchain/riscv-opcodes -I/home/wxt/work-online-merge-supplement/run-archive/m1-matched-lut-7wqexi/artifacts/work-online-merge-m2-matched-lut-scale-02-r1/build/spatzBenchmarks/online_merge_generated/N8_D8_S1_main_R1 -I/home/wxt/m1-matched-lut.7wqexi/repo/sw/spatzBenchmarks/online-softmax-merge  --gcc-toolchain=/home/wxt/m1-matched-lut.7wqexi/repo/install/riscv-gcc -mcpu=snitch -mcmodel=small -ffast-math -fno-builtin-printf -fno-common -falign-loops=16 -ffunction-sections -Wextra -static -mllvm -misched-topdown -menable-experimental-extensions -mno-relax -march=rv32imafdvzfh_xdma_xfquarter -mabi=ilp32d -O3 -g -o CMakeFiles/test-spatzBenchmarks-online-softmax-merge-a2.dir/online-softmax-merge/main.c.o -c /home/wxt/m1-matched-lut.7wqexi/repo/sw/spatzBenchmarks/online-softmax-merge/main.c,A2_SMU_FULL,A2,memory,NA,NO,NA,NA,NO_EXPLICIT_TRANSFER_PHASE,MAIN_PERFORMANCE,pass,PASS,NA,1344,PASS,7225d41ad2d1c63376a9fb1ea4e56b3b24a3e97f,False,B3,0,ff9022ebfe764d65f778d11cf90366b78ded0ba9ef086d3e5fe567ac1dff2d99,main,NA,B3,1931,3.490580464283406e-05,8,8,30.171875,0.00043773651123046875,100000000,0.00011326411637332742,1.652379287406802e-05,False,PASS,low_perturbation,6c55d6cdd0e0d99c7abc13668baa4122bc8e50d5f19ab78803cf91b555a2a39b,18048,0,0,0,8,8,1.0,YES,NA,30.171875,0,scale_n8_d8/memory/A2_SMU_FULL/trial-2/simulator.log,0,YES,NA,NA,5.456368186914161e-05,20260811T104215Z_7225d41a_m2-matched-lut-scale-02,16512,NA,1,NA,1,33f066a87e3592e55aa4c78bcc583383243061423e6a790856d5b1be7f593fef,/home/wxt/work-online-merge-supplement/work-artifacts/work-online-merge-low-dasm-simulator-5c2aad2-r1/spatz_cluster.vlt,SCALE_N8_BREAK_EVEN,681,1,NA,NA,NA,PASS,NA,PASS,32,6735b143fe612d9ca1a4b444a3ec3ce1b320cf8ad5ded362ed1e8babf8e70fe1,pass,722,131072,3,NA,NA,NA,2026-08-11T11:02:46+00:00,NA,NA,NA,NA,NA,NA,NA,NA,NA,NA,NA,NA,NA,NA,NA,2,NA,Verilator 5.034 2025-02-24 rev v5.034,4f53cda18c2baa0c0354bb5f9a3ecbe5ed12ab4d8e11ba873c2f11161202b945,8,8,105,1,40,520
/home/wxt/work-online-merge-supplement/run-archive/m1-matched-lut-7wqexi/artifacts/work-online-merge-m2-matched-lut-scale-02-r1,16,8,2560,NA,9adbac0ae0ae1a33540ceb1b1ad7718cbc9dd71312d7de18551700bc555bd339,10,0.06944444444444445,2560,2368,main,scale_n8_d16,main,120fa0c30199e54e6e9b5c60d8da40913eae8526640992cc5d4f130bef159775,144,/home/wxt/m1-matched-lut.7wqexi/repo/hw/system/spatz_cluster/cfg/spatz_cluster.default.dram.hjson,NA,YES,clang version 14.0.6 (git@github.com:pulp-platform/llvm-project.git b494f2d8dde88723026db8ec16ac6c7ee1e140ca) | Target: riscv32-unknown-unknown-elf | Thread model: posix,dc605d112397c2823b8c3b96dfb1632bc759ca401265eef9b5e11edf67e6d71e,/home/wxt/m1-matched-lut.7wqexi/repo/install/llvm/bin/clang -DONLINE_MERGE_COUNTER_PROFILE=0 -DONLINE_MERGE_IMPLEMENTATION_SELECT=2 -DONLINE_MERGE_STACK_LOG2=13 -DONLINE_MERGE_TRACE_PROXY=0 -I/home/wxt/m1-matched-lut.7wqexi/repo/sw/spatzBenchmarks/include -I/home/wxt/m1-matched-lut.7wqexi/repo/sw/snRuntime/include -I/home/wxt/m1-matched-lut.7wqexi/repo/sw/snRuntime/vendor -I/home/wxt/m1-matched-lut.7wqexi/repo/sw/snRuntime/../toolchain/riscv-opcodes -I/home/wxt/work-online-merge-supplement/run-archive/m1-matched-lut-7wqexi/artifacts/work-online-merge-m2-matched-lut-scale-02-r1/build/spatzBenchmarks/online_merge_generated/N8_D16_S1_main_R1 -I/home/wxt/m1-matched-lut.7wqexi/repo/sw/spatzBenchmarks/online-softmax-merge  --gcc-toolchain=/home/wxt/m1-matched-lut.7wqexi/repo/install/riscv-gcc -mcpu=snitch -mcmodel=small -ffast-math -fno-builtin-printf -fno-common -falign-loops=16 -ffunction-sections -Wextra -static -mllvm -misched-topdown -menable-experimental-extensions -mno-relax -march=rv32imafdvzfh_xdma_xfquarter -mabi=ilp32d -O3 -g -o CMakeFiles/test-spatzBenchmarks-online-softmax-merge-b2r.dir/online-softmax-merge/main.c.o -c /home/wxt/m1-matched-lut.7wqexi/repo/sw/spatzBenchmarks/online-softmax-merge/main.c,B2R_RVV,A0,memory,8809,YES,96,NA,NO_EXPLICIT_TRANSFER_PHASE,MAIN_PERFORMANCE,pass,PASS,NA,2368,NA,7225d41ad2d1c63376a9fb1ea4e56b3b24a3e97f,False,B2-R,0,1bf00b599b64c963c4da94e22fee1be8770e34a1aa1d595c2236136dc3d042fc,main,DASM_MARKER_ENVELOPE_WITNESS,B2-R,12453,7.714144196708055e-05,16,8,97.2890625,0.0012054443359375,100000000,0.00014238784872913212,2.117668110359874e-05,False,PASS,low_perturbation,001d3da8e500625336c455ef8fe065e40ecddb903661349c22d3bcd7f76ab0f7,19072,0,0,0,16,8,1.0,YES,NA,97.2890625,0,scale_n8_d16/memory/B2R_RVV/trial-0/simulator.log,0,YES,NA,NA,0.00010590818264455575,20260811T104215Z_7225d41a_m2-matched-lut-scale-02,16512,NA,0,8713,1,33f066a87e3592e55aa4c78bcc583383243061423e6a790856d5b1be7f593fef,/home/wxt/work-online-merge-supplement/work-artifacts/work-online-merge-low-dasm-simulator-5c2aad2-r1/spatz_cluster.vlt,SCALE_N8_BREAK_EVEN,NA,0,NA,NA,NA,PASS,NA,PASS,64,ff56d294c8aec7633270070f8c9ac306c5ddca3b353fc61a0f4ad54e12a59c06,pass,621,131072,0,NA,NA,NA,2026-08-11T11:05:15+00:00,scale_n8_d16/memory/B2R_RVV/trace-witness/instruction_trace_audit.json,1198,3876,3582,112,3708,INDEPENDENT_DASM_WITNESS,6,PASS,NA,PASS,361ff71bcc241b448e49ff6d212d06a13a986e2fad861b0aa0b67e40e7a21d68,/home/wxt/work-online-merge-supplement/work-artifacts/work-online-merge-traced-simulator-088a44d-r1/spatz_cluster.vlt,default,001d3da8e500625336c455ef8fe065e40ecddb903661349c22d3bcd7f76ab0f7,0,96,Verilator 5.034 2025-02-24 rev v5.034,4f53cda18c2baa0c0354bb5f9a3ecbe5ed12ab4d8e11ba873c2f11161202b945,,,,,,
/home/wxt/work-online-merge-supplement/run-archive/m1-matched-lut-7wqexi/artifacts/work-online-merge-m2-matched-lut-scale-02-r1,16,8,2560,NA,9adbac0ae0ae1a33540ceb1b1ad7718cbc9dd71312d7de18551700bc555bd339,10,0.06944444444444445,2560,2368,main,scale_n8_d16,main,120fa0c30199e54e6e9b5c60d8da40913eae8526640992cc5d4f130bef159775,144,/home/wxt/m1-matched-lut.7wqexi/repo/hw/system/spatz_cluster/cfg/spatz_cluster.default.dram.hjson,NA,YES,clang version 14.0.6 (git@github.com:pulp-platform/llvm-project.git b494f2d8dde88723026db8ec16ac6c7ee1e140ca) | Target: riscv32-unknown-unknown-elf | Thread model: posix,dc605d112397c2823b8c3b96dfb1632bc759ca401265eef9b5e11edf67e6d71e,/home/wxt/m1-matched-lut.7wqexi/repo/install/llvm/bin/clang -DONLINE_MERGE_COUNTER_PROFILE=0 -DONLINE_MERGE_IMPLEMENTATION_SELECT=2 -DONLINE_MERGE_STACK_LOG2=13 -DONLINE_MERGE_TRACE_PROXY=0 -I/home/wxt/m1-matched-lut.7wqexi/repo/sw/spatzBenchmarks/include -I/home/wxt/m1-matched-lut.7wqexi/repo/sw/snRuntime/include -I/home/wxt/m1-matched-lut.7wqexi/repo/sw/snRuntime/vendor -I/home/wxt/m1-matched-lut.7wqexi/repo/sw/snRuntime/../toolchain/riscv-opcodes -I/home/wxt/work-online-merge-supplement/run-archive/m1-matched-lut-7wqexi/artifacts/work-online-merge-m2-matched-lut-scale-02-r1/build/spatzBenchmarks/online_merge_generated/N8_D16_S1_main_R1 -I/home/wxt/m1-matched-lut.7wqexi/repo/sw/spatzBenchmarks/online-softmax-merge  --gcc-toolchain=/home/wxt/m1-matched-lut.7wqexi/repo/install/riscv-gcc -mcpu=snitch -mcmodel=small -ffast-math -fno-builtin-printf -fno-common -falign-loops=16 -ffunction-sections -Wextra -static -mllvm -misched-topdown -menable-experimental-extensions -mno-relax -march=rv32imafdvzfh_xdma_xfquarter -mabi=ilp32d -O3 -g -o CMakeFiles/test-spatzBenchmarks-online-softmax-merge-b2r.dir/online-softmax-merge/main.c.o -c /home/wxt/m1-matched-lut.7wqexi/repo/sw/spatzBenchmarks/online-softmax-merge/main.c,B2R_RVV,A0,memory,8809,YES,96,NA,NO_EXPLICIT_TRANSFER_PHASE,MAIN_PERFORMANCE,pass,PASS,NA,2368,NA,7225d41ad2d1c63376a9fb1ea4e56b3b24a3e97f,False,B2-R,0,1bf00b599b64c963c4da94e22fee1be8770e34a1aa1d595c2236136dc3d042fc,main,DASM_MARKER_ENVELOPE_WITNESS,B2-R,12453,7.714144196708055e-05,16,8,97.2890625,0.0012054443359375,100000000,0.00014238784872913212,2.117668110359874e-05,False,PASS,low_perturbation,001d3da8e500625336c455ef8fe065e40ecddb903661349c22d3bcd7f76ab0f7,19072,0,0,0,16,8,1.0,YES,NA,97.2890625,0,scale_n8_d16/memory/B2R_RVV/trial-1/simulator.log,0,YES,NA,NA,0.00010590818264455575,20260811T104215Z_7225d41a_m2-matched-lut-scale-02,16512,NA,0,8713,1,33f066a87e3592e55aa4c78bcc583383243061423e6a790856d5b1be7f593fef,/home/wxt/work-online-merge-supplement/work-artifacts/work-online-merge-low-dasm-simulator-5c2aad2-r1/spatz_cluster.vlt,SCALE_N8_BREAK_EVEN,NA,0,NA,NA,NA,PASS,NA,PASS,64,ff56d294c8aec7633270070f8c9ac306c5ddca3b353fc61a0f4ad54e12a59c06,pass,621,131072,0,NA,NA,NA,2026-08-11T11:06:31+00:00,scale_n8_d16/memory/B2R_RVV/trace-witness/instruction_trace_audit.json,1198,3876,3582,112,3708,INDEPENDENT_DASM_WITNESS,6,PASS,NA,PASS,361ff71bcc241b448e49ff6d212d06a13a986e2fad861b0aa0b67e40e7a21d68,/home/wxt/work-online-merge-supplement/work-artifacts/work-online-merge-traced-simulator-088a44d-r1/spatz_cluster.vlt,default,001d3da8e500625336c455ef8fe065e40ecddb903661349c22d3bcd7f76ab0f7,1,96,Verilator 5.034 2025-02-24 rev v5.034,4f53cda18c2baa0c0354bb5f9a3ecbe5ed12ab4d8e11ba873c2f11161202b945,,,,,,
/home/wxt/work-online-merge-supplement/run-archive/m1-matched-lut-7wqexi/artifacts/work-online-merge-m2-matched-lut-scale-02-r1,16,8,2560,NA,9adbac0ae0ae1a33540ceb1b1ad7718cbc9dd71312d7de18551700bc555bd339,10,0.06944444444444445,2560,2368,main,scale_n8_d16,main,120fa0c30199e54e6e9b5c60d8da40913eae8526640992cc5d4f130bef159775,144,/home/wxt/m1-matched-lut.7wqexi/repo/hw/system/spatz_cluster/cfg/spatz_cluster.default.dram.hjson,NA,YES,clang version 14.0.6 (git@github.com:pulp-platform/llvm-project.git b494f2d8dde88723026db8ec16ac6c7ee1e140ca) | Target: riscv32-unknown-unknown-elf | Thread model: posix,dc605d112397c2823b8c3b96dfb1632bc759ca401265eef9b5e11edf67e6d71e,/home/wxt/m1-matched-lut.7wqexi/repo/install/llvm/bin/clang -DONLINE_MERGE_COUNTER_PROFILE=0 -DONLINE_MERGE_IMPLEMENTATION_SELECT=2 -DONLINE_MERGE_STACK_LOG2=13 -DONLINE_MERGE_TRACE_PROXY=0 -I/home/wxt/m1-matched-lut.7wqexi/repo/sw/spatzBenchmarks/include -I/home/wxt/m1-matched-lut.7wqexi/repo/sw/snRuntime/include -I/home/wxt/m1-matched-lut.7wqexi/repo/sw/snRuntime/vendor -I/home/wxt/m1-matched-lut.7wqexi/repo/sw/snRuntime/../toolchain/riscv-opcodes -I/home/wxt/work-online-merge-supplement/run-archive/m1-matched-lut-7wqexi/artifacts/work-online-merge-m2-matched-lut-scale-02-r1/build/spatzBenchmarks/online_merge_generated/N8_D16_S1_main_R1 -I/home/wxt/m1-matched-lut.7wqexi/repo/sw/spatzBenchmarks/online-softmax-merge  --gcc-toolchain=/home/wxt/m1-matched-lut.7wqexi/repo/install/riscv-gcc -mcpu=snitch -mcmodel=small -ffast-math -fno-builtin-printf -fno-common -falign-loops=16 -ffunction-sections -Wextra -static -mllvm -misched-topdown -menable-experimental-extensions -mno-relax -march=rv32imafdvzfh_xdma_xfquarter -mabi=ilp32d -O3 -g -o CMakeFiles/test-spatzBenchmarks-online-softmax-merge-b2r.dir/online-softmax-merge/main.c.o -c /home/wxt/m1-matched-lut.7wqexi/repo/sw/spatzBenchmarks/online-softmax-merge/main.c,B2R_RVV,A0,memory,8809,YES,96,NA,NO_EXPLICIT_TRANSFER_PHASE,MAIN_PERFORMANCE,pass,PASS,NA,2368,NA,7225d41ad2d1c63376a9fb1ea4e56b3b24a3e97f,False,B2-R,0,1bf00b599b64c963c4da94e22fee1be8770e34a1aa1d595c2236136dc3d042fc,main,DASM_MARKER_ENVELOPE_WITNESS,B2-R,12453,7.714144196708055e-05,16,8,97.2890625,0.0012054443359375,100000000,0.00014238784872913212,2.117668110359874e-05,False,PASS,low_perturbation,001d3da8e500625336c455ef8fe065e40ecddb903661349c22d3bcd7f76ab0f7,19072,0,0,0,16,8,1.0,YES,NA,97.2890625,0,scale_n8_d16/memory/B2R_RVV/trial-2/simulator.log,0,YES,NA,NA,0.00010590818264455575,20260811T104215Z_7225d41a_m2-matched-lut-scale-02,16512,NA,0,8713,1,33f066a87e3592e55aa4c78bcc583383243061423e6a790856d5b1be7f593fef,/home/wxt/work-online-merge-supplement/work-artifacts/work-online-merge-low-dasm-simulator-5c2aad2-r1/spatz_cluster.vlt,SCALE_N8_BREAK_EVEN,NA,0,NA,NA,NA,PASS,NA,PASS,64,ff56d294c8aec7633270070f8c9ac306c5ddca3b353fc61a0f4ad54e12a59c06,pass,621,131072,0,NA,NA,NA,2026-08-11T11:07:48+00:00,scale_n8_d16/memory/B2R_RVV/trace-witness/instruction_trace_audit.json,1198,3876,3582,112,3708,INDEPENDENT_DASM_WITNESS,6,PASS,NA,PASS,361ff71bcc241b448e49ff6d212d06a13a986e2fad861b0aa0b67e40e7a21d68,/home/wxt/work-online-merge-supplement/work-artifacts/work-online-merge-traced-simulator-088a44d-r1/spatz_cluster.vlt,default,001d3da8e500625336c455ef8fe065e40ecddb903661349c22d3bcd7f76ab0f7,2,96,Verilator 5.034 2025-02-24 rev v5.034,4f53cda18c2baa0c0354bb5f9a3ecbe5ed12ab4d8e11ba873c2f11161202b945,,,,,,
/home/wxt/work-online-merge-supplement/run-archive/m1-matched-lut-7wqexi/artifacts/work-online-merge-m2-matched-lut-scale-02-r1,16,8,2560,NA,fe2f47b9b1fcc6b3ad06f04d50df6aa6aa2ceb25916a41de42e38e208d6ec454,10,0.06944444444444445,2560,2368,main,scale_n8_d16,main,120fa0c30199e54e6e9b5c60d8da40913eae8526640992cc5d4f130bef159775,144,/home/wxt/m1-matched-lut.7wqexi/repo/hw/system/spatz_cluster/cfg/spatz_cluster.default.dram.hjson,2168,YES,clang version 14.0.6 (git@github.com:pulp-platform/llvm-project.git b494f2d8dde88723026db8ec16ac6c7ee1e140ca) | Target: riscv32-unknown-unknown-elf | Thread model: posix,dc605d112397c2823b8c3b96dfb1632bc759ca401265eef9b5e11edf67e6d71e,/home/wxt/m1-matched-lut.7wqexi/repo/install/llvm/bin/clang -DONLINE_MERGE_COUNTER_PROFILE=0 -DONLINE_MERGE_IMPLEMENTATION_SELECT=4 -DONLINE_MERGE_STACK_LOG2=13 -DONLINE_MERGE_TRACE_PROXY=0 -I/home/wxt/m1-matched-lut.7wqexi/repo/sw/spatzBenchmarks/include -I/home/wxt/m1-matched-lut.7wqexi/repo/sw/snRuntime/include -I/home/wxt/m1-matched-lut.7wqexi/repo/sw/snRuntime/vendor -I/home/wxt/m1-matched-lut.7wqexi/repo/sw/snRuntime/../toolchain/riscv-opcodes -I/home/wxt/work-online-merge-supplement/run-archive/m1-matched-lut-7wqexi/artifacts/work-online-merge-m2-matched-lut-scale-02-r1/build/spatzBenchmarks/online_merge_generated/N8_D16_S1_main_R1 -I/home/wxt/m1-matched-lut.7wqexi/repo/sw/spatzBenchmarks/online-softmax-merge  --gcc-toolchain=/home/wxt/m1-matched-lut.7wqexi/repo/install/riscv-gcc -mcpu=snitch -mcmodel=small -ffast-math -fno-builtin-printf -fno-common -falign-loops=16 -ffunction-sections -Wextra -static -mllvm -misched-topdown -menable-experimental-extensions -mno-relax -march=rv32imafdvzfh_xdma_xfquarter -mabi=ilp32d -O3 -g -o CMakeFiles/test-spatzBenchmarks-online-softmax-merge-a1.dir/online-softmax-merge/main.c.o -c /home/wxt/m1-matched-lut.7wqexi/repo/sw/spatzBenchmarks/online-softmax-merge/main.c,A1_SMU_SCALAR,NA,memory,NA,NO,NA,NA,NO_EXPLICIT_TRANSFER_PHASE,MAIN_PERFORMANCE,pass,PASS,NA,2368,PASS,7225d41ad2d1c63376a9fb1ea4e56b3b24a3e97f,False,A1,0,1bf00b599b64c963c4da94e22fee1be8770e34a1aa1d595c2236136dc3d042fc,main,NA,A1,2360,7.714144196708055e-05,16,8,18.4375,0.0012054443359375,100000000,0.00014238784872913212,2.117668110359874e-05,False,PASS,low_perturbation,fdb009183e773e5492a176d17bd4d9ea0f39a217022878dc55f52e4bf29065fb,19072,0,0,0,16,8,1.0,YES,NA,18.4375,0,scale_n8_d16/memory/A1_SMU_SCALAR/trial-0/simulator.log,0,YES,NA,NA,0.00010590818264455575,20260811T104215Z_7225d41a_m2-matched-lut-scale-02,16512,884,1,NA,1,33f066a87e3592e55aa4c78bcc583383243061423e6a790856d5b1be7f593fef,/home/wxt/work-online-merge-supplement/work-artifacts/work-online-merge-low-dasm-simulator-5c2aad2-r1/spatz_cluster.vlt,SCALE_N8_BREAK_EVEN,192,1,1476,NA,NA,PASS,NA,PASS,64,182ced58fbb2d1ab4592d001c1fa3de4405195245d6fd42711d149315763ec12,pass,726,131072,0,NA,NA,NA,2026-08-11T11:09:06+00:00,NA,NA,NA,NA,NA,NA,NA,NA,NA,NA,NA,NA,NA,NA,NA,0,NA,Verilator 5.034 2025-02-24 rev v5.034,4f53cda18c2baa0c0354bb5f9a3ecbe5ed12ab4d8e11ba873c2f11161202b945,8,8,104,1,72,0
/home/wxt/work-online-merge-supplement/run-archive/m1-matched-lut-7wqexi/artifacts/work-online-merge-m2-matched-lut-scale-02-r1,16,8,2560,NA,fe2f47b9b1fcc6b3ad06f04d50df6aa6aa2ceb25916a41de42e38e208d6ec454,10,0.06944444444444445,2560,2368,main,scale_n8_d16,main,120fa0c30199e54e6e9b5c60d8da40913eae8526640992cc5d4f130bef159775,144,/home/wxt/m1-matched-lut.7wqexi/repo/hw/system/spatz_cluster/cfg/spatz_cluster.default.dram.hjson,2168,YES,clang version 14.0.6 (git@github.com:pulp-platform/llvm-project.git b494f2d8dde88723026db8ec16ac6c7ee1e140ca) | Target: riscv32-unknown-unknown-elf | Thread model: posix,dc605d112397c2823b8c3b96dfb1632bc759ca401265eef9b5e11edf67e6d71e,/home/wxt/m1-matched-lut.7wqexi/repo/install/llvm/bin/clang -DONLINE_MERGE_COUNTER_PROFILE=0 -DONLINE_MERGE_IMPLEMENTATION_SELECT=4 -DONLINE_MERGE_STACK_LOG2=13 -DONLINE_MERGE_TRACE_PROXY=0 -I/home/wxt/m1-matched-lut.7wqexi/repo/sw/spatzBenchmarks/include -I/home/wxt/m1-matched-lut.7wqexi/repo/sw/snRuntime/include -I/home/wxt/m1-matched-lut.7wqexi/repo/sw/snRuntime/vendor -I/home/wxt/m1-matched-lut.7wqexi/repo/sw/snRuntime/../toolchain/riscv-opcodes -I/home/wxt/work-online-merge-supplement/run-archive/m1-matched-lut-7wqexi/artifacts/work-online-merge-m2-matched-lut-scale-02-r1/build/spatzBenchmarks/online_merge_generated/N8_D16_S1_main_R1 -I/home/wxt/m1-matched-lut.7wqexi/repo/sw/spatzBenchmarks/online-softmax-merge  --gcc-toolchain=/home/wxt/m1-matched-lut.7wqexi/repo/install/riscv-gcc -mcpu=snitch -mcmodel=small -ffast-math -fno-builtin-printf -fno-common -falign-loops=16 -ffunction-sections -Wextra -static -mllvm -misched-topdown -menable-experimental-extensions -mno-relax -march=rv32imafdvzfh_xdma_xfquarter -mabi=ilp32d -O3 -g -o CMakeFiles/test-spatzBenchmarks-online-softmax-merge-a1.dir/online-softmax-merge/main.c.o -c /home/wxt/m1-matched-lut.7wqexi/repo/sw/spatzBenchmarks/online-softmax-merge/main.c,A1_SMU_SCALAR,NA,memory,NA,NO,NA,NA,NO_EXPLICIT_TRANSFER_PHASE,MAIN_PERFORMANCE,pass,PASS,NA,2368,PASS,7225d41ad2d1c63376a9fb1ea4e56b3b24a3e97f,False,A1,0,1bf00b599b64c963c4da94e22fee1be8770e34a1aa1d595c2236136dc3d042fc,main,NA,A1,2360,7.714144196708055e-05,16,8,18.4375,0.0012054443359375,100000000,0.00014238784872913212,2.117668110359874e-05,False,PASS,low_perturbation,fdb009183e773e5492a176d17bd4d9ea0f39a217022878dc55f52e4bf29065fb,19072,0,0,0,16,8,1.0,YES,NA,18.4375,0,scale_n8_d16/memory/A1_SMU_SCALAR/trial-1/simulator.log,0,YES,NA,NA,0.00010590818264455575,20260811T104215Z_7225d41a_m2-matched-lut-scale-02,16512,884,1,NA,1,33f066a87e3592e55aa4c78bcc583383243061423e6a790856d5b1be7f593fef,/home/wxt/work-online-merge-supplement/work-artifacts/work-online-merge-low-dasm-simulator-5c2aad2-r1/spatz_cluster.vlt,SCALE_N8_BREAK_EVEN,192,1,1476,NA,NA,PASS,NA,PASS,64,182ced58fbb2d1ab4592d001c1fa3de4405195245d6fd42711d149315763ec12,pass,726,131072,0,NA,NA,NA,2026-08-11T11:10:16+00:00,NA,NA,NA,NA,NA,NA,NA,NA,NA,NA,NA,NA,NA,NA,NA,1,NA,Verilator 5.034 2025-02-24 rev v5.034,4f53cda18c2baa0c0354bb5f9a3ecbe5ed12ab4d8e11ba873c2f11161202b945,8,8,104,1,72,0
/home/wxt/work-online-merge-supplement/run-archive/m1-matched-lut-7wqexi/artifacts/work-online-merge-m2-matched-lut-scale-02-r1,16,8,2560,NA,fe2f47b9b1fcc6b3ad06f04d50df6aa6aa2ceb25916a41de42e38e208d6ec454,10,0.06944444444444445,2560,2368,main,scale_n8_d16,main,120fa0c30199e54e6e9b5c60d8da40913eae8526640992cc5d4f130bef159775,144,/home/wxt/m1-matched-lut.7wqexi/repo/hw/system/spatz_cluster/cfg/spatz_cluster.default.dram.hjson,2168,YES,clang version 14.0.6 (git@github.com:pulp-platform/llvm-project.git b494f2d8dde88723026db8ec16ac6c7ee1e140ca) | Target: riscv32-unknown-unknown-elf | Thread model: posix,dc605d112397c2823b8c3b96dfb1632bc759ca401265eef9b5e11edf67e6d71e,/home/wxt/m1-matched-lut.7wqexi/repo/install/llvm/bin/clang -DONLINE_MERGE_COUNTER_PROFILE=0 -DONLINE_MERGE_IMPLEMENTATION_SELECT=4 -DONLINE_MERGE_STACK_LOG2=13 -DONLINE_MERGE_TRACE_PROXY=0 -I/home/wxt/m1-matched-lut.7wqexi/repo/sw/spatzBenchmarks/include -I/home/wxt/m1-matched-lut.7wqexi/repo/sw/snRuntime/include -I/home/wxt/m1-matched-lut.7wqexi/repo/sw/snRuntime/vendor -I/home/wxt/m1-matched-lut.7wqexi/repo/sw/snRuntime/../toolchain/riscv-opcodes -I/home/wxt/work-online-merge-supplement/run-archive/m1-matched-lut-7wqexi/artifacts/work-online-merge-m2-matched-lut-scale-02-r1/build/spatzBenchmarks/online_merge_generated/N8_D16_S1_main_R1 -I/home/wxt/m1-matched-lut.7wqexi/repo/sw/spatzBenchmarks/online-softmax-merge  --gcc-toolchain=/home/wxt/m1-matched-lut.7wqexi/repo/install/riscv-gcc -mcpu=snitch -mcmodel=small -ffast-math -fno-builtin-printf -fno-common -falign-loops=16 -ffunction-sections -Wextra -static -mllvm -misched-topdown -menable-experimental-extensions -mno-relax -march=rv32imafdvzfh_xdma_xfquarter -mabi=ilp32d -O3 -g -o CMakeFiles/test-spatzBenchmarks-online-softmax-merge-a1.dir/online-softmax-merge/main.c.o -c /home/wxt/m1-matched-lut.7wqexi/repo/sw/spatzBenchmarks/online-softmax-merge/main.c,A1_SMU_SCALAR,NA,memory,NA,NO,NA,NA,NO_EXPLICIT_TRANSFER_PHASE,MAIN_PERFORMANCE,pass,PASS,NA,2368,PASS,7225d41ad2d1c63376a9fb1ea4e56b3b24a3e97f,False,A1,0,1bf00b599b64c963c4da94e22fee1be8770e34a1aa1d595c2236136dc3d042fc,main,NA,A1,2360,7.714144196708055e-05,16,8,18.4375,0.0012054443359375,100000000,0.00014238784872913212,2.117668110359874e-05,False,PASS,low_perturbation,fdb009183e773e5492a176d17bd4d9ea0f39a217022878dc55f52e4bf29065fb,19072,0,0,0,16,8,1.0,YES,NA,18.4375,0,scale_n8_d16/memory/A1_SMU_SCALAR/trial-2/simulator.log,0,YES,NA,NA,0.00010590818264455575,20260811T104215Z_7225d41a_m2-matched-lut-scale-02,16512,884,1,NA,1,33f066a87e3592e55aa4c78bcc583383243061423e6a790856d5b1be7f593fef,/home/wxt/work-online-merge-supplement/work-artifacts/work-online-merge-low-dasm-simulator-5c2aad2-r1/spatz_cluster.vlt,SCALE_N8_BREAK_EVEN,192,1,1476,NA,NA,PASS,NA,PASS,64,182ced58fbb2d1ab4592d001c1fa3de4405195245d6fd42711d149315763ec12,pass,726,131072,0,NA,NA,NA,2026-08-11T11:11:25+00:00,NA,NA,NA,NA,NA,NA,NA,NA,NA,NA,NA,NA,NA,NA,NA,2,NA,Verilator 5.034 2025-02-24 rev v5.034,4f53cda18c2baa0c0354bb5f9a3ecbe5ed12ab4d8e11ba873c2f11161202b945,8,8,104,1,72,0
/home/wxt/work-online-merge-supplement/run-archive/m1-matched-lut-7wqexi/artifacts/work-online-merge-m2-matched-lut-scale-02-r1,16,8,2560,NA,d1af03bca2888201c620098b463961e44897f0fdcb4302f8ef148de86281434f,10,0.06944444444444445,2560,2368,main,scale_n8_d16,main,120fa0c30199e54e6e9b5c60d8da40913eae8526640992cc5d4f130bef159775,144,/home/wxt/m1-matched-lut.7wqexi/repo/hw/system/spatz_cluster/cfg/spatz_cluster.default.dram.hjson,1301,YES,clang version 14.0.6 (git@github.com:pulp-platform/llvm-project.git b494f2d8dde88723026db8ec16ac6c7ee1e140ca) | Target: riscv32-unknown-unknown-elf | Thread model: posix,dc605d112397c2823b8c3b96dfb1632bc759ca401265eef9b5e11edf67e6d71e,/home/wxt/m1-matched-lut.7wqexi/repo/install/llvm/bin/clang -DONLINE_MERGE_COUNTER_PROFILE=0 -DONLINE_MERGE_IMPLEMENTATION_SELECT=3 -DONLINE_MERGE_STACK_LOG2=13 -DONLINE_MERGE_TRACE_PROXY=0 -I/home/wxt/m1-matched-lut.7wqexi/repo/sw/spatzBenchmarks/include -I/home/wxt/m1-matched-lut.7wqexi/repo/sw/snRuntime/include -I/home/wxt/m1-matched-lut.7wqexi/repo/sw/snRuntime/vendor -I/home/wxt/m1-matched-lut.7wqexi/repo/sw/snRuntime/../toolchain/riscv-opcodes -I/home/wxt/work-online-merge-supplement/run-archive/m1-matched-lut-7wqexi/artifacts/work-online-merge-m2-matched-lut-scale-02-r1/build/spatzBenchmarks/online_merge_generated/N8_D16_S1_main_R1 -I/home/wxt/m1-matched-lut.7wqexi/repo/sw/spatzBenchmarks/online-softmax-merge  --gcc-toolchain=/home/wxt/m1-matched-lut.7wqexi/repo/install/riscv-gcc -mcpu=snitch -mcmodel=small -ffast-math -fno-builtin-printf -fno-common -falign-loops=16 -ffunction-sections -Wextra -static -mllvm -misched-topdown -menable-experimental-extensions -mno-relax -march=rv32imafdvzfh_xdma_xfquarter -mabi=ilp32d -O3 -g -o CMakeFiles/test-spatzBenchmarks-online-softmax-merge-a2.dir/online-softmax-merge/main.c.o -c /home/wxt/m1-matched-lut.7wqexi/repo/sw/spatzBenchmarks/online-softmax-merge/main.c,A2_SMU_FULL,A2,memory,NA,NO,NA,NA,NO_EXPLICIT_TRANSFER_PHASE,MAIN_PERFORMANCE,pass,PASS,NA,2368,PASS,7225d41ad2d1c63376a9fb1ea4e56b3b24a3e97f,False,B3,0,1bf00b599b64c963c4da94e22fee1be8770e34a1aa1d595c2236136dc3d042fc,main,NA,B3,2494,7.714086370108983e-05,16,8,19.484375,0.0012054443359375,100000000,0.00014238784872913212,2.117390977218747e-05,False,PASS,low_perturbation,be89e45307ddd5e122969f3c1c63060a1d311c3e715cb6d379e2811b27f4c28d,19072,0,0,0,16,8,1.0,YES,NA,19.484375,0,scale_n8_d16/memory/A2_SMU_FULL/trial-0/simulator.log,0,YES,NA,NA,0.00010590738873795247,20260811T104215Z_7225d41a_m2-matched-lut-scale-02,16512,NA,1,NA,1,33f066a87e3592e55aa4c78bcc583383243061423e6a790856d5b1be7f593fef,/home/wxt/work-online-merge-supplement/work-artifacts/work-online-merge-low-dasm-simulator-5c2aad2-r1/spatz_cluster.vlt,SCALE_N8_BREAK_EVEN,1193,1,NA,NA,NA,PASS,NA,PASS,64,84b8a8fee2958e181faf67fb351d0f772ae72fa895433206f85b910a7819b037,pass,1014,131072,4,NA,NA,NA,2026-08-11T11:12:36+00:00,NA,NA,NA,NA,NA,NA,NA,NA,NA,NA,NA,NA,NA,NA,NA,0,NA,Verilator 5.034 2025-02-24 rev v5.034,4f53cda18c2baa0c0354bb5f9a3ecbe5ed12ab4d8e11ba873c2f11161202b945,8,8,104,1,40,1033
/home/wxt/work-online-merge-supplement/run-archive/m1-matched-lut-7wqexi/artifacts/work-online-merge-m2-matched-lut-scale-02-r1,16,8,2560,NA,d1af03bca2888201c620098b463961e44897f0fdcb4302f8ef148de86281434f,10,0.06944444444444445,2560,2368,main,scale_n8_d16,main,120fa0c30199e54e6e9b5c60d8da40913eae8526640992cc5d4f130bef159775,144,/home/wxt/m1-matched-lut.7wqexi/repo/hw/system/spatz_cluster/cfg/spatz_cluster.default.dram.hjson,1301,YES,clang version 14.0.6 (git@github.com:pulp-platform/llvm-project.git b494f2d8dde88723026db8ec16ac6c7ee1e140ca) | Target: riscv32-unknown-unknown-elf | Thread model: posix,dc605d112397c2823b8c3b96dfb1632bc759ca401265eef9b5e11edf67e6d71e,/home/wxt/m1-matched-lut.7wqexi/repo/install/llvm/bin/clang -DONLINE_MERGE_COUNTER_PROFILE=0 -DONLINE_MERGE_IMPLEMENTATION_SELECT=3 -DONLINE_MERGE_STACK_LOG2=13 -DONLINE_MERGE_TRACE_PROXY=0 -I/home/wxt/m1-matched-lut.7wqexi/repo/sw/spatzBenchmarks/include -I/home/wxt/m1-matched-lut.7wqexi/repo/sw/snRuntime/include -I/home/wxt/m1-matched-lut.7wqexi/repo/sw/snRuntime/vendor -I/home/wxt/m1-matched-lut.7wqexi/repo/sw/snRuntime/../toolchain/riscv-opcodes -I/home/wxt/work-online-merge-supplement/run-archive/m1-matched-lut-7wqexi/artifacts/work-online-merge-m2-matched-lut-scale-02-r1/build/spatzBenchmarks/online_merge_generated/N8_D16_S1_main_R1 -I/home/wxt/m1-matched-lut.7wqexi/repo/sw/spatzBenchmarks/online-softmax-merge  --gcc-toolchain=/home/wxt/m1-matched-lut.7wqexi/repo/install/riscv-gcc -mcpu=snitch -mcmodel=small -ffast-math -fno-builtin-printf -fno-common -falign-loops=16 -ffunction-sections -Wextra -static -mllvm -misched-topdown -menable-experimental-extensions -mno-relax -march=rv32imafdvzfh_xdma_xfquarter -mabi=ilp32d -O3 -g -o CMakeFiles/test-spatzBenchmarks-online-softmax-merge-a2.dir/online-softmax-merge/main.c.o -c /home/wxt/m1-matched-lut.7wqexi/repo/sw/spatzBenchmarks/online-softmax-merge/main.c,A2_SMU_FULL,A2,memory,NA,NO,NA,NA,NO_EXPLICIT_TRANSFER_PHASE,MAIN_PERFORMANCE,pass,PASS,NA,2368,PASS,7225d41ad2d1c63376a9fb1ea4e56b3b24a3e97f,False,B3,0,1bf00b599b64c963c4da94e22fee1be8770e34a1aa1d595c2236136dc3d042fc,main,NA,B3,2494,7.714086370108983e-05,16,8,19.484375,0.0012054443359375,100000000,0.00014238784872913212,2.117390977218747e-05,False,PASS,low_perturbation,be89e45307ddd5e122969f3c1c63060a1d311c3e715cb6d379e2811b27f4c28d,19072,0,0,0,16,8,1.0,YES,NA,19.484375,0,scale_n8_d16/memory/A2_SMU_FULL/trial-1/simulator.log,0,YES,NA,NA,0.00010590738873795247,20260811T104215Z_7225d41a_m2-matched-lut-scale-02,16512,NA,1,NA,1,33f066a87e3592e55aa4c78bcc583383243061423e6a790856d5b1be7f593fef,/home/wxt/work-online-merge-supplement/work-artifacts/work-online-merge-low-dasm-simulator-5c2aad2-r1/spatz_cluster.vlt,SCALE_N8_BREAK_EVEN,1193,1,NA,NA,NA,PASS,NA,PASS,64,84b8a8fee2958e181faf67fb351d0f772ae72fa895433206f85b910a7819b037,pass,1014,131072,4,NA,NA,NA,2026-08-11T11:13:46+00:00,NA,NA,NA,NA,NA,NA,NA,NA,NA,NA,NA,NA,NA,NA,NA,1,NA,Verilator 5.034 2025-02-24 rev v5.034,4f53cda18c2baa0c0354bb5f9a3ecbe5ed12ab4d8e11ba873c2f11161202b945,8,8,104,1,40,1033
/home/wxt/work-online-merge-supplement/run-archive/m1-matched-lut-7wqexi/artifacts/work-online-merge-m2-matched-lut-scale-02-r1,16,8,2560,NA,d1af03bca2888201c620098b463961e44897f0fdcb4302f8ef148de86281434f,10,0.06944444444444445,2560,2368,main,scale_n8_d16,main,120fa0c30199e54e6e9b5c60d8da40913eae8526640992cc5d4f130bef159775,144,/home/wxt/m1-matched-lut.7wqexi/repo/hw/system/spatz_cluster/cfg/spatz_cluster.default.dram.hjson,1301,YES,clang version 14.0.6 (git@github.com:pulp-platform/llvm-project.git b494f2d8dde88723026db8ec16ac6c7ee1e140ca) | Target: riscv32-unknown-unknown-elf | Thread model: posix,dc605d112397c2823b8c3b96dfb1632bc759ca401265eef9b5e11edf67e6d71e,/home/wxt/m1-matched-lut.7wqexi/repo/install/llvm/bin/clang -DONLINE_MERGE_COUNTER_PROFILE=0 -DONLINE_MERGE_IMPLEMENTATION_SELECT=3 -DONLINE_MERGE_STACK_LOG2=13 -DONLINE_MERGE_TRACE_PROXY=0 -I/home/wxt/m1-matched-lut.7wqexi/repo/sw/spatzBenchmarks/include -I/home/wxt/m1-matched-lut.7wqexi/repo/sw/snRuntime/include -I/home/wxt/m1-matched-lut.7wqexi/repo/sw/snRuntime/vendor -I/home/wxt/m1-matched-lut.7wqexi/repo/sw/snRuntime/../toolchain/riscv-opcodes -I/home/wxt/work-online-merge-supplement/run-archive/m1-matched-lut-7wqexi/artifacts/work-online-merge-m2-matched-lut-scale-02-r1/build/spatzBenchmarks/online_merge_generated/N8_D16_S1_main_R1 -I/home/wxt/m1-matched-lut.7wqexi/repo/sw/spatzBenchmarks/online-softmax-merge  --gcc-toolchain=/home/wxt/m1-matched-lut.7wqexi/repo/install/riscv-gcc -mcpu=snitch -mcmodel=small -ffast-math -fno-builtin-printf -fno-common -falign-loops=16 -ffunction-sections -Wextra -static -mllvm -misched-topdown -menable-experimental-extensions -mno-relax -march=rv32imafdvzfh_xdma_xfquarter -mabi=ilp32d -O3 -g -o CMakeFiles/test-spatzBenchmarks-online-softmax-merge-a2.dir/online-softmax-merge/main.c.o -c /home/wxt/m1-matched-lut.7wqexi/repo/sw/spatzBenchmarks/online-softmax-merge/main.c,A2_SMU_FULL,A2,memory,NA,NO,NA,NA,NO_EXPLICIT_TRANSFER_PHASE,MAIN_PERFORMANCE,pass,PASS,NA,2368,PASS,7225d41ad2d1c63376a9fb1ea4e56b3b24a3e97f,False,B3,0,1bf00b599b64c963c4da94e22fee1be8770e34a1aa1d595c2236136dc3d042fc,main,NA,B3,2494,7.714086370108983e-05,16,8,19.484375,0.0012054443359375,100000000,0.00014238784872913212,2.117390977218747e-05,False,PASS,low_perturbation,be89e45307ddd5e122969f3c1c63060a1d311c3e715cb6d379e2811b27f4c28d,19072,0,0,0,16,8,1.0,YES,NA,19.484375,0,scale_n8_d16/memory/A2_SMU_FULL/trial-2/simulator.log,0,YES,NA,NA,0.00010590738873795247,20260811T104215Z_7225d41a_m2-matched-lut-scale-02,16512,NA,1,NA,1,33f066a87e3592e55aa4c78bcc583383243061423e6a790856d5b1be7f593fef,/home/wxt/work-online-merge-supplement/work-artifacts/work-online-merge-low-dasm-simulator-5c2aad2-r1/spatz_cluster.vlt,SCALE_N8_BREAK_EVEN,1193,1,NA,NA,NA,PASS,NA,PASS,64,84b8a8fee2958e181faf67fb351d0f772ae72fa895433206f85b910a7819b037,pass,1014,131072,4,NA,NA,NA,2026-08-11T11:14:56+00:00,NA,NA,NA,NA,NA,NA,NA,NA,NA,NA,NA,NA,NA,NA,NA,2,NA,Verilator 5.034 2025-02-24 rev v5.034,4f53cda18c2baa0c0354bb5f9a3ecbe5ed12ab4d8e11ba873c2f11161202b945,8,8,104,1,40,1033
/home/wxt/work-online-merge-supplement/run-archive/m1-matched-lut-7wqexi/artifacts/work-online-merge-m2-matched-lut-scale-03-r1,32,8,4608,NA,13e06c826b522ddd33a223fe46c6cfe98ebd67cccda67020d648ae097d76435a,10,0.03676470588235294,4608,4416,main,scale_n8_d32,main,120fa0c30199e54e6e9b5c60d8da40913eae8526640992cc5d4f130bef159775,272,/home/wxt/m1-matched-lut.7wqexi/repo/hw/system/spatz_cluster/cfg/spatz_cluster.default.dram.hjson,NA,YES,clang version 14.0.6 (git@github.com:pulp-platform/llvm-project.git b494f2d8dde88723026db8ec16ac6c7ee1e140ca) | Target: riscv32-unknown-unknown-elf | Thread model: posix,b1df64fdecc185de5d567bce372ef0a23281aac5c46134dfb1d68c4559c85148,/home/wxt/m1-matched-lut.7wqexi/repo/install/llvm/bin/clang -DONLINE_MERGE_COUNTER_PROFILE=0 -DONLINE_MERGE_IMPLEMENTATION_SELECT=2 -DONLINE_MERGE_STACK_LOG2=13 -DONLINE_MERGE_TRACE_PROXY=0 -I/home/wxt/m1-matched-lut.7wqexi/repo/sw/spatzBenchmarks/include -I/home/wxt/m1-matched-lut.7wqexi/repo/sw/snRuntime/include -I/home/wxt/m1-matched-lut.7wqexi/repo/sw/snRuntime/vendor -I/home/wxt/m1-matched-lut.7wqexi/repo/sw/snRuntime/../toolchain/riscv-opcodes -I/home/wxt/work-online-merge-supplement/run-archive/m1-matched-lut-7wqexi/artifacts/work-online-merge-m2-matched-lut-scale-03-r1/build/spatzBenchmarks/online_merge_generated/N8_D32_S1_main_R1 -I/home/wxt/m1-matched-lut.7wqexi/repo/sw/spatzBenchmarks/online-softmax-merge  --gcc-toolchain=/home/wxt/m1-matched-lut.7wqexi/repo/install/riscv-gcc --gcc-toolchain=/home/wxt/m1-matched-lut.7wqexi/repo/install/riscv-gcc -mcpu=snitch -mcmodel=small -ffast-math -fno-builtin-printf -fno-common -falign-loops=16 -ffunction-sections -Wextra -static -mllvm -misched-topdown -menable-experimental-extensions -mno-relax -march=rv32imafdvzfh_xdma_xfquarter -mabi=ilp32d -O3 -g -o CMakeFiles/test-spatzBenchmarks-online-softmax-merge-b2r.dir/online-softmax-merge/main.c.o -c /home/wxt/m1-matched-lut.7wqexi/repo/sw/spatzBenchmarks/online-softmax-merge/main.c,B2R_RVV,A0,memory,9095,YES,192,NA,NO_EXPLICIT_TRANSFER_PHASE,MAIN_PERFORMANCE,pass,PASS,NA,4416,NA,7225d41ad2d1c63376a9fb1ea4e56b3b24a3e97f,False,B2-R,0,a6729cab23284a7f45ea5d928850fbd01099cf12ada8eff06df8d75f5ac1cb70,main,DASM_MARKER_ENVELOPE_WITNESS,B2-R,12756,4.5539865012701725e-05,32,8,49.828125,0.0006031990051269531,100000000,0.00014736815617622854,1.359465258086429e-05,False,PASS,low_perturbation,a0bb8da90b01459193fe5e516167111b37048e000921b6d7d490600c49df5a72,21120,0,0,0,32,8,1.0,YES,NA,49.828125,0,scale_n8_d32/memory/B2R_RVV/trial-0/simulator.log,0,YES,NA,NA,4.2925245550748374e-05,20260811T104215Z_7225d41a_m2-matched-lut-scale-03,16512,NA,0,8903,1,33f066a87e3592e55aa4c78bcc583383243061423e6a790856d5b1be7f593fef,/home/wxt/work-online-merge-supplement/work-artifacts/work-online-merge-low-dasm-simulator-5c2aad2-r1/spatz_cluster.vlt,SCALE_N8_BREAK_EVEN,NA,0,NA,NA,NA,PASS,NA,PASS,128,e24c4cb95fe8646681f83d6ca6a6332d1a8bab4f4e4bb04425c714bc71ddb98d,pass,813,131072,0,NA,NA,NA,2026-08-11T10:43:49+00:00,scale_n8_d32/memory/B2R_RVV/trace-witness/instruction_trace_audit.json,1211,3954,3709,240,3665,INDEPENDENT_DASM_WITNESS,6,PASS,NA,PASS,361ff71bcc241b448e49ff6d212d06a13a986e2fad861b0aa0b67e40e7a21d68,/home/wxt/work-online-merge-supplement/work-artifacts/work-online-merge-traced-simulator-088a44d-r1/spatz_cluster.vlt,default,a0bb8da90b01459193fe5e516167111b37048e000921b6d7d490600c49df5a72,0,192,Verilator 5.034 2025-02-24 rev v5.034,4f53cda18c2baa0c0354bb5f9a3ecbe5ed12ab4d8e11ba873c2f11161202b945,,,,,,
/home/wxt/work-online-merge-supplement/run-archive/m1-matched-lut-7wqexi/artifacts/work-online-merge-m2-matched-lut-scale-03-r1,32,8,4608,NA,13e06c826b522ddd33a223fe46c6cfe98ebd67cccda67020d648ae097d76435a,10,0.03676470588235294,4608,4416,main,scale_n8_d32,main,120fa0c30199e54e6e9b5c60d8da40913eae8526640992cc5d4f130bef159775,272,/home/wxt/m1-matched-lut.7wqexi/repo/hw/system/spatz_cluster/cfg/spatz_cluster.default.dram.hjson,NA,YES,clang version 14.0.6 (git@github.com:pulp-platform/llvm-project.git b494f2d8dde88723026db8ec16ac6c7ee1e140ca) | Target: riscv32-unknown-unknown-elf | Thread model: posix,b1df64fdecc185de5d567bce372ef0a23281aac5c46134dfb1d68c4559c85148,/home/wxt/m1-matched-lut.7wqexi/repo/install/llvm/bin/clang -DONLINE_MERGE_COUNTER_PROFILE=0 -DONLINE_MERGE_IMPLEMENTATION_SELECT=2 -DONLINE_MERGE_STACK_LOG2=13 -DONLINE_MERGE_TRACE_PROXY=0 -I/home/wxt/m1-matched-lut.7wqexi/repo/sw/spatzBenchmarks/include -I/home/wxt/m1-matched-lut.7wqexi/repo/sw/snRuntime/include -I/home/wxt/m1-matched-lut.7wqexi/repo/sw/snRuntime/vendor -I/home/wxt/m1-matched-lut.7wqexi/repo/sw/snRuntime/../toolchain/riscv-opcodes -I/home/wxt/work-online-merge-supplement/run-archive/m1-matched-lut-7wqexi/artifacts/work-online-merge-m2-matched-lut-scale-03-r1/build/spatzBenchmarks/online_merge_generated/N8_D32_S1_main_R1 -I/home/wxt/m1-matched-lut.7wqexi/repo/sw/spatzBenchmarks/online-softmax-merge  --gcc-toolchain=/home/wxt/m1-matched-lut.7wqexi/repo/install/riscv-gcc --gcc-toolchain=/home/wxt/m1-matched-lut.7wqexi/repo/install/riscv-gcc -mcpu=snitch -mcmodel=small -ffast-math -fno-builtin-printf -fno-common -falign-loops=16 -ffunction-sections -Wextra -static -mllvm -misched-topdown -menable-experimental-extensions -mno-relax -march=rv32imafdvzfh_xdma_xfquarter -mabi=ilp32d -O3 -g -o CMakeFiles/test-spatzBenchmarks-online-softmax-merge-b2r.dir/online-softmax-merge/main.c.o -c /home/wxt/m1-matched-lut.7wqexi/repo/sw/spatzBenchmarks/online-softmax-merge/main.c,B2R_RVV,A0,memory,9095,YES,192,NA,NO_EXPLICIT_TRANSFER_PHASE,MAIN_PERFORMANCE,pass,PASS,NA,4416,NA,7225d41ad2d1c63376a9fb1ea4e56b3b24a3e97f,False,B2-R,0,a6729cab23284a7f45ea5d928850fbd01099cf12ada8eff06df8d75f5ac1cb70,main,DASM_MARKER_ENVELOPE_WITNESS,B2-R,12756,4.5539865012701725e-05,32,8,49.828125,0.0006031990051269531,100000000,0.00014736815617622854,1.359465258086429e-05,False,PASS,low_perturbation,a0bb8da90b01459193fe5e516167111b37048e000921b6d7d490600c49df5a72,21120,0,0,0,32,8,1.0,YES,NA,49.828125,0,scale_n8_d32/memory/B2R_RVV/trial-1/simulator.log,0,YES,NA,NA,4.2925245550748374e-05,20260811T104215Z_7225d41a_m2-matched-lut-scale-03,16512,NA,0,8903,1,33f066a87e3592e55aa4c78bcc583383243061423e6a790856d5b1be7f593fef,/home/wxt/work-online-merge-supplement/work-artifacts/work-online-merge-low-dasm-simulator-5c2aad2-r1/spatz_cluster.vlt,SCALE_N8_BREAK_EVEN,NA,0,NA,NA,NA,PASS,NA,PASS,128,e24c4cb95fe8646681f83d6ca6a6332d1a8bab4f4e4bb04425c714bc71ddb98d,pass,813,131072,0,NA,NA,NA,2026-08-11T10:45:16+00:00,scale_n8_d32/memory/B2R_RVV/trace-witness/instruction_trace_audit.json,1211,3954,3709,240,3665,INDEPENDENT_DASM_WITNESS,6,PASS,NA,PASS,361ff71bcc241b448e49ff6d212d06a13a986e2fad861b0aa0b67e40e7a21d68,/home/wxt/work-online-merge-supplement/work-artifacts/work-online-merge-traced-simulator-088a44d-r1/spatz_cluster.vlt,default,a0bb8da90b01459193fe5e516167111b37048e000921b6d7d490600c49df5a72,1,192,Verilator 5.034 2025-02-24 rev v5.034,4f53cda18c2baa0c0354bb5f9a3ecbe5ed12ab4d8e11ba873c2f11161202b945,,,,,,
/home/wxt/work-online-merge-supplement/run-archive/m1-matched-lut-7wqexi/artifacts/work-online-merge-m2-matched-lut-scale-03-r1,32,8,4608,NA,13e06c826b522ddd33a223fe46c6cfe98ebd67cccda67020d648ae097d76435a,10,0.03676470588235294,4608,4416,main,scale_n8_d32,main,120fa0c30199e54e6e9b5c60d8da40913eae8526640992cc5d4f130bef159775,272,/home/wxt/m1-matched-lut.7wqexi/repo/hw/system/spatz_cluster/cfg/spatz_cluster.default.dram.hjson,NA,YES,clang version 14.0.6 (git@github.com:pulp-platform/llvm-project.git b494f2d8dde88723026db8ec16ac6c7ee1e140ca) | Target: riscv32-unknown-unknown-elf | Thread model: posix,b1df64fdecc185de5d567bce372ef0a23281aac5c46134dfb1d68c4559c85148,/home/wxt/m1-matched-lut.7wqexi/repo/install/llvm/bin/clang -DONLINE_MERGE_COUNTER_PROFILE=0 -DONLINE_MERGE_IMPLEMENTATION_SELECT=2 -DONLINE_MERGE_STACK_LOG2=13 -DONLINE_MERGE_TRACE_PROXY=0 -I/home/wxt/m1-matched-lut.7wqexi/repo/sw/spatzBenchmarks/include -I/home/wxt/m1-matched-lut.7wqexi/repo/sw/snRuntime/include -I/home/wxt/m1-matched-lut.7wqexi/repo/sw/snRuntime/vendor -I/home/wxt/m1-matched-lut.7wqexi/repo/sw/snRuntime/../toolchain/riscv-opcodes -I/home/wxt/work-online-merge-supplement/run-archive/m1-matched-lut-7wqexi/artifacts/work-online-merge-m2-matched-lut-scale-03-r1/build/spatzBenchmarks/online_merge_generated/N8_D32_S1_main_R1 -I/home/wxt/m1-matched-lut.7wqexi/repo/sw/spatzBenchmarks/online-softmax-merge  --gcc-toolchain=/home/wxt/m1-matched-lut.7wqexi/repo/install/riscv-gcc --gcc-toolchain=/home/wxt/m1-matched-lut.7wqexi/repo/install/riscv-gcc -mcpu=snitch -mcmodel=small -ffast-math -fno-builtin-printf -fno-common -falign-loops=16 -ffunction-sections -Wextra -static -mllvm -misched-topdown -menable-experimental-extensions -mno-relax -march=rv32imafdvzfh_xdma_xfquarter -mabi=ilp32d -O3 -g -o CMakeFiles/test-spatzBenchmarks-online-softmax-merge-b2r.dir/online-softmax-merge/main.c.o -c /home/wxt/m1-matched-lut.7wqexi/repo/sw/spatzBenchmarks/online-softmax-merge/main.c,B2R_RVV,A0,memory,9095,YES,192,NA,NO_EXPLICIT_TRANSFER_PHASE,MAIN_PERFORMANCE,pass,PASS,NA,4416,NA,7225d41ad2d1c63376a9fb1ea4e56b3b24a3e97f,False,B2-R,0,a6729cab23284a7f45ea5d928850fbd01099cf12ada8eff06df8d75f5ac1cb70,main,DASM_MARKER_ENVELOPE_WITNESS,B2-R,12756,4.5539865012701725e-05,32,8,49.828125,0.0006031990051269531,100000000,0.00014736815617622854,1.359465258086429e-05,False,PASS,low_perturbation,a0bb8da90b01459193fe5e516167111b37048e000921b6d7d490600c49df5a72,21120,0,0,0,32,8,1.0,YES,NA,49.828125,0,scale_n8_d32/memory/B2R_RVV/trial-2/simulator.log,0,YES,NA,NA,4.2925245550748374e-05,20260811T104215Z_7225d41a_m2-matched-lut-scale-03,16512,NA,0,8903,1,33f066a87e3592e55aa4c78bcc583383243061423e6a790856d5b1be7f593fef,/home/wxt/work-online-merge-supplement/work-artifacts/work-online-merge-low-dasm-simulator-5c2aad2-r1/spatz_cluster.vlt,SCALE_N8_BREAK_EVEN,NA,0,NA,NA,NA,PASS,NA,PASS,128,e24c4cb95fe8646681f83d6ca6a6332d1a8bab4f4e4bb04425c714bc71ddb98d,pass,813,131072,0,NA,NA,NA,2026-08-11T10:46:41+00:00,scale_n8_d32/memory/B2R_RVV/trace-witness/instruction_trace_audit.json,1211,3954,3709,240,3665,INDEPENDENT_DASM_WITNESS,6,PASS,NA,PASS,361ff71bcc241b448e49ff6d212d06a13a986e2fad861b0aa0b67e40e7a21d68,/home/wxt/work-online-merge-supplement/work-artifacts/work-online-merge-traced-simulator-088a44d-r1/spatz_cluster.vlt,default,a0bb8da90b01459193fe5e516167111b37048e000921b6d7d490600c49df5a72,2,192,Verilator 5.034 2025-02-24 rev v5.034,4f53cda18c2baa0c0354bb5f9a3ecbe5ed12ab4d8e11ba873c2f11161202b945,,,,,,
/home/wxt/work-online-merge-supplement/run-archive/m1-matched-lut-7wqexi/artifacts/work-online-merge-m2-matched-lut-scale-03-r1,32,8,4608,NA,c78ccffa9e92b1188382c43020fed5122cf803b8629c4c016d0a16f416bef9f3,10,0.03676470588235294,4608,4416,main,scale_n8_d32,main,120fa0c30199e54e6e9b5c60d8da40913eae8526640992cc5d4f130bef159775,272,/home/wxt/m1-matched-lut.7wqexi/repo/hw/system/spatz_cluster/cfg/spatz_cluster.default.dram.hjson,2440,YES,clang version 14.0.6 (git@github.com:pulp-platform/llvm-project.git b494f2d8dde88723026db8ec16ac6c7ee1e140ca) | Target: riscv32-unknown-unknown-elf | Thread model: posix,b1df64fdecc185de5d567bce372ef0a23281aac5c46134dfb1d68c4559c85148,/home/wxt/m1-matched-lut.7wqexi/repo/install/llvm/bin/clang -DONLINE_MERGE_COUNTER_PROFILE=0 -DONLINE_MERGE_IMPLEMENTATION_SELECT=4 -DONLINE_MERGE_STACK_LOG2=13 -DONLINE_MERGE_TRACE_PROXY=0 -I/home/wxt/m1-matched-lut.7wqexi/repo/sw/spatzBenchmarks/include -I/home/wxt/m1-matched-lut.7wqexi/repo/sw/snRuntime/include -I/home/wxt/m1-matched-lut.7wqexi/repo/sw/snRuntime/vendor -I/home/wxt/m1-matched-lut.7wqexi/repo/sw/snRuntime/../toolchain/riscv-opcodes -I/home/wxt/work-online-merge-supplement/run-archive/m1-matched-lut-7wqexi/artifacts/work-online-merge-m2-matched-lut-scale-03-r1/build/spatzBenchmarks/online_merge_generated/N8_D32_S1_main_R1 -I/home/wxt/m1-matched-lut.7wqexi/repo/sw/spatzBenchmarks/online-softmax-merge  --gcc-toolchain=/home/wxt/m1-matched-lut.7wqexi/repo/install/riscv-gcc --gcc-toolchain=/home/wxt/m1-matched-lut.7wqexi/repo/install/riscv-gcc -mcpu=snitch -mcmodel=small -ffast-math -fno-builtin-printf -fno-common -falign-loops=16 -ffunction-sections -Wextra -static -mllvm -misched-topdown -menable-experimental-extensions -mno-relax -march=rv32imafdvzfh_xdma_xfquarter -mabi=ilp32d -O3 -g -o CMakeFiles/test-spatzBenchmarks-online-softmax-merge-a1.dir/online-softmax-merge/main.c.o -c /home/wxt/m1-matched-lut.7wqexi/repo/sw/spatzBenchmarks/online-softmax-merge/main.c,A1_SMU_SCALAR,NA,memory,NA,NO,NA,NA,NO_EXPLICIT_TRANSFER_PHASE,MAIN_PERFORMANCE,pass,PASS,NA,4416,PASS,7225d41ad2d1c63376a9fb1ea4e56b3b24a3e97f,False,A1,0,a6729cab23284a7f45ea5d928850fbd01099cf12ada8eff06df8d75f5ac1cb70,main,NA,A1,2632,4.5539865012701725e-05,32,8,10.28125,0.0006031990051269531,100000000,0.00014736815617622854,1.359465258086429e-05,False,PASS,low_perturbation,67507e1297250701555047cd5a7ac6f10e3bc397047e2f258ac4049f27ab1405,21120,0,0,0,32,8,1.0,YES,NA,10.28125,0,scale_n8_d32/memory/A1_SMU_SCALAR/trial-0/simulator.log,0,YES,NA,NA,4.2925245550748374e-05,20260811T104215Z_7225d41a_m2-matched-lut-scale-03,16512,1156,1,NA,1,33f066a87e3592e55aa4c78bcc583383243061423e6a790856d5b1be7f593fef,/home/wxt/work-online-merge-supplement/work-artifacts/work-online-merge-low-dasm-simulator-5c2aad2-r1/spatz_cluster.vlt,SCALE_N8_BREAK_EVEN,192,1,1476,NA,NA,PASS,NA,PASS,128,c1139d90b44cefda305ef2d3461046e026727a3167ec801cef4575bd3ab1a7a2,pass,918,131072,0,NA,NA,NA,2026-08-11T10:48:07+00:00,NA,NA,NA,NA,NA,NA,NA,NA,NA,NA,NA,NA,NA,NA,NA,0,NA,Verilator 5.034 2025-02-24 rev v5.034,4f53cda18c2baa0c0354bb5f9a3ecbe5ed12ab4d8e11ba873c2f11161202b945,8,8,104,1,72,0
/home/wxt/work-online-merge-supplement/run-archive/m1-matched-lut-7wqexi/artifacts/work-online-merge-m2-matched-lut-scale-03-r1,32,8,4608,NA,c78ccffa9e92b1188382c43020fed5122cf803b8629c4c016d0a16f416bef9f3,10,0.03676470588235294,4608,4416,main,scale_n8_d32,main,120fa0c30199e54e6e9b5c60d8da40913eae8526640992cc5d4f130bef159775,272,/home/wxt/m1-matched-lut.7wqexi/repo/hw/system/spatz_cluster/cfg/spatz_cluster.default.dram.hjson,2440,YES,clang version 14.0.6 (git@github.com:pulp-platform/llvm-project.git b494f2d8dde88723026db8ec16ac6c7ee1e140ca) | Target: riscv32-unknown-unknown-elf | Thread model: posix,b1df64fdecc185de5d567bce372ef0a23281aac5c46134dfb1d68c4559c85148,/home/wxt/m1-matched-lut.7wqexi/repo/install/llvm/bin/clang -DONLINE_MERGE_COUNTER_PROFILE=0 -DONLINE_MERGE_IMPLEMENTATION_SELECT=4 -DONLINE_MERGE_STACK_LOG2=13 -DONLINE_MERGE_TRACE_PROXY=0 -I/home/wxt/m1-matched-lut.7wqexi/repo/sw/spatzBenchmarks/include -I/home/wxt/m1-matched-lut.7wqexi/repo/sw/snRuntime/include -I/home/wxt/m1-matched-lut.7wqexi/repo/sw/snRuntime/vendor -I/home/wxt/m1-matched-lut.7wqexi/repo/sw/snRuntime/../toolchain/riscv-opcodes -I/home/wxt/work-online-merge-supplement/run-archive/m1-matched-lut-7wqexi/artifacts/work-online-merge-m2-matched-lut-scale-03-r1/build/spatzBenchmarks/online_merge_generated/N8_D32_S1_main_R1 -I/home/wxt/m1-matched-lut.7wqexi/repo/sw/spatzBenchmarks/online-softmax-merge  --gcc-toolchain=/home/wxt/m1-matched-lut.7wqexi/repo/install/riscv-gcc --gcc-toolchain=/home/wxt/m1-matched-lut.7wqexi/repo/install/riscv-gcc -mcpu=snitch -mcmodel=small -ffast-math -fno-builtin-printf -fno-common -falign-loops=16 -ffunction-sections -Wextra -static -mllvm -misched-topdown -menable-experimental-extensions -mno-relax -march=rv32imafdvzfh_xdma_xfquarter -mabi=ilp32d -O3 -g -o CMakeFiles/test-spatzBenchmarks-online-softmax-merge-a1.dir/online-softmax-merge/main.c.o -c /home/wxt/m1-matched-lut.7wqexi/repo/sw/spatzBenchmarks/online-softmax-merge/main.c,A1_SMU_SCALAR,NA,memory,NA,NO,NA,NA,NO_EXPLICIT_TRANSFER_PHASE,MAIN_PERFORMANCE,pass,PASS,NA,4416,PASS,7225d41ad2d1c63376a9fb1ea4e56b3b24a3e97f,False,A1,0,a6729cab23284a7f45ea5d928850fbd01099cf12ada8eff06df8d75f5ac1cb70,main,NA,A1,2632,4.5539865012701725e-05,32,8,10.28125,0.0006031990051269531,100000000,0.00014736815617622854,1.359465258086429e-05,False,PASS,low_perturbation,67507e1297250701555047cd5a7ac6f10e3bc397047e2f258ac4049f27ab1405,21120,0,0,0,32,8,1.0,YES,NA,10.28125,0,scale_n8_d32/memory/A1_SMU_SCALAR/trial-1/simulator.log,0,YES,NA,NA,4.2925245550748374e-05,20260811T104215Z_7225d41a_m2-matched-lut-scale-03,16512,1156,1,NA,1,33f066a87e3592e55aa4c78bcc583383243061423e6a790856d5b1be7f593fef,/home/wxt/work-online-merge-supplement/work-artifacts/work-online-merge-low-dasm-simulator-5c2aad2-r1/spatz_cluster.vlt,SCALE_N8_BREAK_EVEN,192,1,1476,NA,NA,PASS,NA,PASS,128,c1139d90b44cefda305ef2d3461046e026727a3167ec801cef4575bd3ab1a7a2,pass,918,131072,0,NA,NA,NA,2026-08-11T10:49:28+00:00,NA,NA,NA,NA,NA,NA,NA,NA,NA,NA,NA,NA,NA,NA,NA,1,NA,Verilator 5.034 2025-02-24 rev v5.034,4f53cda18c2baa0c0354bb5f9a3ecbe5ed12ab4d8e11ba873c2f11161202b945,8,8,104,1,72,0
/home/wxt/work-online-merge-supplement/run-archive/m1-matched-lut-7wqexi/artifacts/work-online-merge-m2-matched-lut-scale-03-r1,32,8,4608,NA,c78ccffa9e92b1188382c43020fed5122cf803b8629c4c016d0a16f416bef9f3,10,0.03676470588235294,4608,4416,main,scale_n8_d32,main,120fa0c30199e54e6e9b5c60d8da40913eae8526640992cc5d4f130bef159775,272,/home/wxt/m1-matched-lut.7wqexi/repo/hw/system/spatz_cluster/cfg/spatz_cluster.default.dram.hjson,2440,YES,clang version 14.0.6 (git@github.com:pulp-platform/llvm-project.git b494f2d8dde88723026db8ec16ac6c7ee1e140ca) | Target: riscv32-unknown-unknown-elf | Thread model: posix,b1df64fdecc185de5d567bce372ef0a23281aac5c46134dfb1d68c4559c85148,/home/wxt/m1-matched-lut.7wqexi/repo/install/llvm/bin/clang -DONLINE_MERGE_COUNTER_PROFILE=0 -DONLINE_MERGE_IMPLEMENTATION_SELECT=4 -DONLINE_MERGE_STACK_LOG2=13 -DONLINE_MERGE_TRACE_PROXY=0 -I/home/wxt/m1-matched-lut.7wqexi/repo/sw/spatzBenchmarks/include -I/home/wxt/m1-matched-lut.7wqexi/repo/sw/snRuntime/include -I/home/wxt/m1-matched-lut.7wqexi/repo/sw/snRuntime/vendor -I/home/wxt/m1-matched-lut.7wqexi/repo/sw/snRuntime/../toolchain/riscv-opcodes -I/home/wxt/work-online-merge-supplement/run-archive/m1-matched-lut-7wqexi/artifacts/work-online-merge-m2-matched-lut-scale-03-r1/build/spatzBenchmarks/online_merge_generated/N8_D32_S1_main_R1 -I/home/wxt/m1-matched-lut.7wqexi/repo/sw/spatzBenchmarks/online-softmax-merge  --gcc-toolchain=/home/wxt/m1-matched-lut.7wqexi/repo/install/riscv-gcc --gcc-toolchain=/home/wxt/m1-matched-lut.7wqexi/repo/install/riscv-gcc -mcpu=snitch -mcmodel=small -ffast-math -fno-builtin-printf -fno-common -falign-loops=16 -ffunction-sections -Wextra -static -mllvm -misched-topdown -menable-experimental-extensions -mno-relax -march=rv32imafdvzfh_xdma_xfquarter -mabi=ilp32d -O3 -g -o CMakeFiles/test-spatzBenchmarks-online-softmax-merge-a1.dir/online-softmax-merge/main.c.o -c /home/wxt/m1-matched-lut.7wqexi/repo/sw/spatzBenchmarks/online-softmax-merge/main.c,A1_SMU_SCALAR,NA,memory,NA,NO,NA,NA,NO_EXPLICIT_TRANSFER_PHASE,MAIN_PERFORMANCE,pass,PASS,NA,4416,PASS,7225d41ad2d1c63376a9fb1ea4e56b3b24a3e97f,False,A1,0,a6729cab23284a7f45ea5d928850fbd01099cf12ada8eff06df8d75f5ac1cb70,main,NA,A1,2632,4.5539865012701725e-05,32,8,10.28125,0.0006031990051269531,100000000,0.00014736815617622854,1.359465258086429e-05,False,PASS,low_perturbation,67507e1297250701555047cd5a7ac6f10e3bc397047e2f258ac4049f27ab1405,21120,0,0,0,32,8,1.0,YES,NA,10.28125,0,scale_n8_d32/memory/A1_SMU_SCALAR/trial-2/simulator.log,0,YES,NA,NA,4.2925245550748374e-05,20260811T104215Z_7225d41a_m2-matched-lut-scale-03,16512,1156,1,NA,1,33f066a87e3592e55aa4c78bcc583383243061423e6a790856d5b1be7f593fef,/home/wxt/work-online-merge-supplement/work-artifacts/work-online-merge-low-dasm-simulator-5c2aad2-r1/spatz_cluster.vlt,SCALE_N8_BREAK_EVEN,192,1,1476,NA,NA,PASS,NA,PASS,128,c1139d90b44cefda305ef2d3461046e026727a3167ec801cef4575bd3ab1a7a2,pass,918,131072,0,NA,NA,NA,2026-08-11T10:50:46+00:00,NA,NA,NA,NA,NA,NA,NA,NA,NA,NA,NA,NA,NA,NA,NA,2,NA,Verilator 5.034 2025-02-24 rev v5.034,4f53cda18c2baa0c0354bb5f9a3ecbe5ed12ab4d8e11ba873c2f11161202b945,8,8,104,1,72,0
/home/wxt/work-online-merge-supplement/run-archive/m1-matched-lut-7wqexi/artifacts/work-online-merge-m2-matched-lut-scale-03-r1,32,8,4608,NA,32af013ffe7606ac93f4cf26b94b7d1682b352045014c3c98072b129cae94691,11,0.04044117647058824,4608,4416,main,scale_n8_d32,main,120fa0c30199e54e6e9b5c60d8da40913eae8526640992cc5d4f130bef159775,272,/home/wxt/m1-matched-lut.7wqexi/repo/hw/system/spatz_cluster/cfg/spatz_cluster.default.dram.hjson,1250,YES,clang version 14.0.6 (git@github.com:pulp-platform/llvm-project.git b494f2d8dde88723026db8ec16ac6c7ee1e140ca) | Target: riscv32-unknown-unknown-elf | Thread model: posix,b1df64fdecc185de5d567bce372ef0a23281aac5c46134dfb1d68c4559c85148,/home/wxt/m1-matched-lut.7wqexi/repo/install/llvm/bin/clang -DONLINE_MERGE_COUNTER_PROFILE=0 -DONLINE_MERGE_IMPLEMENTATION_SELECT=3 -DONLINE_MERGE_STACK_LOG2=13 -DONLINE_MERGE_TRACE_PROXY=0 -I/home/wxt/m1-matched-lut.7wqexi/repo/sw/spatzBenchmarks/include -I/home/wxt/m1-matched-lut.7wqexi/repo/sw/snRuntime/include -I/home/wxt/m1-matched-lut.7wqexi/repo/sw/snRuntime/vendor -I/home/wxt/m1-matched-lut.7wqexi/repo/sw/snRuntime/../toolchain/riscv-opcodes -I/home/wxt/work-online-merge-supplement/run-archive/m1-matched-lut-7wqexi/artifacts/work-online-merge-m2-matched-lut-scale-03-r1/build/spatzBenchmarks/online_merge_generated/N8_D32_S1_main_R1 -I/home/wxt/m1-matched-lut.7wqexi/repo/sw/spatzBenchmarks/online-softmax-merge  --gcc-toolchain=/home/wxt/m1-matched-lut.7wqexi/repo/install/riscv-gcc --gcc-toolchain=/home/wxt/m1-matched-lut.7wqexi/repo/install/riscv-gcc -mcpu=snitch -mcmodel=small -ffast-math -fno-builtin-printf -fno-common -falign-loops=16 -ffunction-sections -Wextra -static -mllvm -misched-topdown -menable-experimental-extensions -mno-relax -march=rv32imafdvzfh_xdma_xfquarter -mabi=ilp32d -O3 -g -o CMakeFiles/test-spatzBenchmarks-online-softmax-merge-a2.dir/online-softmax-merge/main.c.o -c /home/wxt/m1-matched-lut.7wqexi/repo/sw/spatzBenchmarks/online-softmax-merge/main.c,A2_SMU_FULL,A2,memory,NA,NO,NA,NA,NO_EXPLICIT_TRANSFER_PHASE,MAIN_PERFORMANCE,pass,PASS,NA,4416,PASS,7225d41ad2d1c63376a9fb1ea4e56b3b24a3e97f,False,B3,0,a6729cab23284a7f45ea5d928850fbd01099cf12ada8eff06df8d75f5ac1cb70,main,NA,B3,3477,4.554134736789027e-05,32,8,13.58203125,0.0006031990051269531,100000000,0.00014736815617622854,1.3598973643692101e-05,False,PASS,low_perturbation,7c819d896b9df66e2014ffbe420856eb46e09047b8f542d315716f477bc142c8,21120,0,0,0,32,8,1.0,YES,NA,13.58203125,0,scale_n8_d32/memory/A2_SMU_FULL/trial-0/simulator.log,0,YES,NA,NA,4.292664279820275e-05,20260811T104215Z_7225d41a_m2-matched-lut-scale-03,16512,NA,1,NA,1,33f066a87e3592e55aa4c78bcc583383243061423e6a790856d5b1be7f593fef,/home/wxt/work-online-merge-supplement/work-artifacts/work-online-merge-low-dasm-simulator-5c2aad2-r1/spatz_cluster.vlt,SCALE_N8_BREAK_EVEN,2227,1,NA,NA,NA,PASS,NA,PASS,128,3d621e536c9f792631e3e3ca9fb239a105a55bf09a56b67fddb669b26b5ee922,pass,1591,131072,21,NA,NA,NA,2026-08-11T10:52:04+00:00,NA,NA,NA,NA,NA,NA,NA,NA,NA,NA,NA,NA,NA,NA,NA,0,NA,Verilator 5.034 2025-02-24 rev v5.034,4f53cda18c2baa0c0354bb5f9a3ecbe5ed12ab4d8e11ba873c2f11161202b945,8,8,105,1,40,2066
/home/wxt/work-online-merge-supplement/run-archive/m1-matched-lut-7wqexi/artifacts/work-online-merge-m2-matched-lut-scale-03-r1,32,8,4608,NA,32af013ffe7606ac93f4cf26b94b7d1682b352045014c3c98072b129cae94691,11,0.04044117647058824,4608,4416,main,scale_n8_d32,main,120fa0c30199e54e6e9b5c60d8da40913eae8526640992cc5d4f130bef159775,272,/home/wxt/m1-matched-lut.7wqexi/repo/hw/system/spatz_cluster/cfg/spatz_cluster.default.dram.hjson,1250,YES,clang version 14.0.6 (git@github.com:pulp-platform/llvm-project.git b494f2d8dde88723026db8ec16ac6c7ee1e140ca) | Target: riscv32-unknown-unknown-elf | Thread model: posix,b1df64fdecc185de5d567bce372ef0a23281aac5c46134dfb1d68c4559c85148,/home/wxt/m1-matched-lut.7wqexi/repo/install/llvm/bin/clang -DONLINE_MERGE_COUNTER_PROFILE=0 -DONLINE_MERGE_IMPLEMENTATION_SELECT=3 -DONLINE_MERGE_STACK_LOG2=13 -DONLINE_MERGE_TRACE_PROXY=0 -I/home/wxt/m1-matched-lut.7wqexi/repo/sw/spatzBenchmarks/include -I/home/wxt/m1-matched-lut.7wqexi/repo/sw/snRuntime/include -I/home/wxt/m1-matched-lut.7wqexi/repo/sw/snRuntime/vendor -I/home/wxt/m1-matched-lut.7wqexi/repo/sw/snRuntime/../toolchain/riscv-opcodes -I/home/wxt/work-online-merge-supplement/run-archive/m1-matched-lut-7wqexi/artifacts/work-online-merge-m2-matched-lut-scale-03-r1/build/spatzBenchmarks/online_merge_generated/N8_D32_S1_main_R1 -I/home/wxt/m1-matched-lut.7wqexi/repo/sw/spatzBenchmarks/online-softmax-merge  --gcc-toolchain=/home/wxt/m1-matched-lut.7wqexi/repo/install/riscv-gcc --gcc-toolchain=/home/wxt/m1-matched-lut.7wqexi/repo/install/riscv-gcc -mcpu=snitch -mcmodel=small -ffast-math -fno-builtin-printf -fno-common -falign-loops=16 -ffunction-sections -Wextra -static -mllvm -misched-topdown -menable-experimental-extensions -mno-relax -march=rv32imafdvzfh_xdma_xfquarter -mabi=ilp32d -O3 -g -o CMakeFiles/test-spatzBenchmarks-online-softmax-merge-a2.dir/online-softmax-merge/main.c.o -c /home/wxt/m1-matched-lut.7wqexi/repo/sw/spatzBenchmarks/online-softmax-merge/main.c,A2_SMU_FULL,A2,memory,NA,NO,NA,NA,NO_EXPLICIT_TRANSFER_PHASE,MAIN_PERFORMANCE,pass,PASS,NA,4416,PASS,7225d41ad2d1c63376a9fb1ea4e56b3b24a3e97f,False,B3,0,a6729cab23284a7f45ea5d928850fbd01099cf12ada8eff06df8d75f5ac1cb70,main,NA,B3,3477,4.554134736789027e-05,32,8,13.58203125,0.0006031990051269531,100000000,0.00014736815617622854,1.3598973643692101e-05,False,PASS,low_perturbation,7c819d896b9df66e2014ffbe420856eb46e09047b8f542d315716f477bc142c8,21120,0,0,0,32,8,1.0,YES,NA,13.58203125,0,scale_n8_d32/memory/A2_SMU_FULL/trial-1/simulator.log,0,YES,NA,NA,4.292664279820275e-05,20260811T104215Z_7225d41a_m2-matched-lut-scale-03,16512,NA,1,NA,1,33f066a87e3592e55aa4c78bcc583383243061423e6a790856d5b1be7f593fef,/home/wxt/work-online-merge-supplement/work-artifacts/work-online-merge-low-dasm-simulator-5c2aad2-r1/spatz_cluster.vlt,SCALE_N8_BREAK_EVEN,2227,1,NA,NA,NA,PASS,NA,PASS,128,3d621e536c9f792631e3e3ca9fb239a105a55bf09a56b67fddb669b26b5ee922,pass,1591,131072,21,NA,NA,NA,2026-08-11T10:53:28+00:00,NA,NA,NA,NA,NA,NA,NA,NA,NA,NA,NA,NA,NA,NA,NA,1,NA,Verilator 5.034 2025-02-24 rev v5.034,4f53cda18c2baa0c0354bb5f9a3ecbe5ed12ab4d8e11ba873c2f11161202b945,8,8,105,1,40,2066
/home/wxt/work-online-merge-supplement/run-archive/m1-matched-lut-7wqexi/artifacts/work-online-merge-m2-matched-lut-scale-03-r1,32,8,4608,NA,32af013ffe7606ac93f4cf26b94b7d1682b352045014c3c98072b129cae94691,11,0.04044117647058824,4608,4416,main,scale_n8_d32,main,120fa0c30199e54e6e9b5c60d8da40913eae8526640992cc5d4f130bef159775,272,/home/wxt/m1-matched-lut.7wqexi/repo/hw/system/spatz_cluster/cfg/spatz_cluster.default.dram.hjson,1250,YES,clang version 14.0.6 (git@github.com:pulp-platform/llvm-project.git b494f2d8dde88723026db8ec16ac6c7ee1e140ca) | Target: riscv32-unknown-unknown-elf | Thread model: posix,b1df64fdecc185de5d567bce372ef0a23281aac5c46134dfb1d68c4559c85148,/home/wxt/m1-matched-lut.7wqexi/repo/install/llvm/bin/clang -DONLINE_MERGE_COUNTER_PROFILE=0 -DONLINE_MERGE_IMPLEMENTATION_SELECT=3 -DONLINE_MERGE_STACK_LOG2=13 -DONLINE_MERGE_TRACE_PROXY=0 -I/home/wxt/m1-matched-lut.7wqexi/repo/sw/spatzBenchmarks/include -I/home/wxt/m1-matched-lut.7wqexi/repo/sw/snRuntime/include -I/home/wxt/m1-matched-lut.7wqexi/repo/sw/snRuntime/vendor -I/home/wxt/m1-matched-lut.7wqexi/repo/sw/snRuntime/../toolchain/riscv-opcodes -I/home/wxt/work-online-merge-supplement/run-archive/m1-matched-lut-7wqexi/artifacts/work-online-merge-m2-matched-lut-scale-03-r1/build/spatzBenchmarks/online_merge_generated/N8_D32_S1_main_R1 -I/home/wxt/m1-matched-lut.7wqexi/repo/sw/spatzBenchmarks/online-softmax-merge  --gcc-toolchain=/home/wxt/m1-matched-lut.7wqexi/repo/install/riscv-gcc --gcc-toolchain=/home/wxt/m1-matched-lut.7wqexi/repo/install/riscv-gcc -mcpu=snitch -mcmodel=small -ffast-math -fno-builtin-printf -fno-common -falign-loops=16 -ffunction-sections -Wextra -static -mllvm -misched-topdown -menable-experimental-extensions -mno-relax -march=rv32imafdvzfh_xdma_xfquarter -mabi=ilp32d -O3 -g -o CMakeFiles/test-spatzBenchmarks-online-softmax-merge-a2.dir/online-softmax-merge/main.c.o -c /home/wxt/m1-matched-lut.7wqexi/repo/sw/spatzBenchmarks/online-softmax-merge/main.c,A2_SMU_FULL,A2,memory,NA,NO,NA,NA,NO_EXPLICIT_TRANSFER_PHASE,MAIN_PERFORMANCE,pass,PASS,NA,4416,PASS,7225d41ad2d1c63376a9fb1ea4e56b3b24a3e97f,False,B3,0,a6729cab23284a7f45ea5d928850fbd01099cf12ada8eff06df8d75f5ac1cb70,main,NA,B3,3477,4.554134736789027e-05,32,8,13.58203125,0.0006031990051269531,100000000,0.00014736815617622854,1.3598973643692101e-05,False,PASS,low_perturbation,7c819d896b9df66e2014ffbe420856eb46e09047b8f542d315716f477bc142c8,21120,0,0,0,32,8,1.0,YES,NA,13.58203125,0,scale_n8_d32/memory/A2_SMU_FULL/trial-2/simulator.log,0,YES,NA,NA,4.292664279820275e-05,20260811T104215Z_7225d41a_m2-matched-lut-scale-03,16512,NA,1,NA,1,33f066a87e3592e55aa4c78bcc583383243061423e6a790856d5b1be7f593fef,/home/wxt/work-online-merge-supplement/work-artifacts/work-online-merge-low-dasm-simulator-5c2aad2-r1/spatz_cluster.vlt,SCALE_N8_BREAK_EVEN,2227,1,NA,NA,NA,PASS,NA,PASS,128,3d621e536c9f792631e3e3ca9fb239a105a55bf09a56b67fddb669b26b5ee922,pass,1591,131072,21,NA,NA,NA,2026-08-11T10:54:48+00:00,NA,NA,NA,NA,NA,NA,NA,NA,NA,NA,NA,NA,NA,NA,NA,2,NA,Verilator 5.034 2025-02-24 rev v5.034,4f53cda18c2baa0c0354bb5f9a3ecbe5ed12ab4d8e11ba873c2f11161202b945,8,8,105,1,40,2066
/home/wxt/work-online-merge-supplement/run-archive/m1-matched-lut-7wqexi/artifacts/work-online-merge-m2-matched-lut-scale-03-r1,128,8,16896,NA,b10f201cd697096e64423b233d3c7175a5fb71724ae6e83e4728bc8f2907eae7,10,0.009615384615384616,16896,16704,main,scale_n8_d128,main,120fa0c30199e54e6e9b5c60d8da40913eae8526640992cc5d4f130bef159775,1040,/home/wxt/m1-matched-lut.7wqexi/repo/hw/system/spatz_cluster/cfg/spatz_cluster.default.dram.hjson,NA,YES,clang version 14.0.6 (git@github.com:pulp-platform/llvm-project.git b494f2d8dde88723026db8ec16ac6c7ee1e140ca) | Target: riscv32-unknown-unknown-elf | Thread model: posix,0b372325926b66a6c5b83afa796658075ddbced3552cb71f36627406b3d4cf7a,/home/wxt/m1-matched-lut.7wqexi/repo/install/llvm/bin/clang -DONLINE_MERGE_COUNTER_PROFILE=0 -DONLINE_MERGE_IMPLEMENTATION_SELECT=2 -DONLINE_MERGE_STACK_LOG2=13 -DONLINE_MERGE_TRACE_PROXY=0 -I/home/wxt/m1-matched-lut.7wqexi/repo/sw/spatzBenchmarks/include -I/home/wxt/m1-matched-lut.7wqexi/repo/sw/snRuntime/include -I/home/wxt/m1-matched-lut.7wqexi/repo/sw/snRuntime/vendor -I/home/wxt/m1-matched-lut.7wqexi/repo/sw/snRuntime/../toolchain/riscv-opcodes -I/home/wxt/work-online-merge-supplement/run-archive/m1-matched-lut-7wqexi/artifacts/work-online-merge-m2-matched-lut-scale-03-r1/build/spatzBenchmarks/online_merge_generated/N8_D128_S1_main_R1 -I/home/wxt/m1-matched-lut.7wqexi/repo/sw/spatzBenchmarks/online-softmax-merge  --gcc-toolchain=/home/wxt/m1-matched-lut.7wqexi/repo/install/riscv-gcc -mcpu=snitch -mcmodel=small -ffast-math -fno-builtin-printf -fno-common -falign-loops=16 -ffunction-sections -Wextra -static -mllvm -misched-topdown -menable-experimental-extensions -mno-relax -march=rv32imafdvzfh_xdma_xfquarter -mabi=ilp32d -O3 -g -o CMakeFiles/test-spatzBenchmarks-online-softmax-merge-b2r.dir/online-softmax-merge/main.c.o -c /home/wxt/m1-matched-lut.7wqexi/repo/sw/spatzBenchmarks/online-softmax-merge/main.c,B2R_RVV,A0,memory,10692,YES,768,NA,NO_EXPLICIT_TRANSFER_PHASE,MAIN_PERFORMANCE,pass,PASS,NA,16704,NA,7225d41ad2d1c63376a9fb1ea4e56b3b24a3e97f,False,B2-R,0,e9ec25ecdc8f280819e9a00435e7a642cb17e551815ce55e5e67bd8503e99b66,main,DASM_MARKER_ENVELOPE_WITNESS,B2-R,14382,4.7533981819531635e-05,128,8,14.044921875,0.0007348060607910156,100000000,0.00012778052198633453,1.3519227146529234e-05,False,PASS,low_perturbation,985b1555a64f602533c81a94281aca08fd491b6df438f3d7d21a5695eda540c2,33408,0,0,0,128,8,1.0,YES,NA,14.044921875,0,scale_n8_d128/memory/B2R_RVV/trial-0/simulator.log,0,YES,NA,NA,3.153156172533741e-05,20260811T104215Z_7225d41a_m2-matched-lut-scale-03,16512,NA,0,9924,1,33f066a87e3592e55aa4c78bcc583383243061423e6a790856d5b1be7f593fef,/home/wxt/work-online-merge-supplement/work-artifacts/work-online-merge-low-dasm-simulator-5c2aad2-r1/spatz_cluster.vlt,SCALE_N8,NA,0,NA,NA,NA,PASS,NA,PASS,512,452bbd324787b79dd26d942bf4f7acfa60bf09d2b9b0cfb7b9de1e6af50c70c1,pass,1965,131072,0,NA,NA,NA,2026-08-11T10:59:13+00:00,scale_n8_d128/memory/B2R_RVV/trace-witness/instruction_trace_audit.json,1185,4301,4461,816,3642,INDEPENDENT_DASM_WITNESS,6,PASS,NA,PASS,361ff71bcc241b448e49ff6d212d06a13a986e2fad861b0aa0b67e40e7a21d68,/home/wxt/work-online-merge-supplement/work-artifacts/work-online-merge-traced-simulator-088a44d-r1/spatz_cluster.vlt,default,985b1555a64f602533c81a94281aca08fd491b6df438f3d7d21a5695eda540c2,0,768,Verilator 5.034 2025-02-24 rev v5.034,4f53cda18c2baa0c0354bb5f9a3ecbe5ed12ab4d8e11ba873c2f11161202b945,,,,,,
/home/wxt/work-online-merge-supplement/run-archive/m1-matched-lut-7wqexi/artifacts/work-online-merge-m2-matched-lut-scale-03-r1,128,8,16896,NA,b10f201cd697096e64423b233d3c7175a5fb71724ae6e83e4728bc8f2907eae7,10,0.009615384615384616,16896,16704,main,scale_n8_d128,main,120fa0c30199e54e6e9b5c60d8da40913eae8526640992cc5d4f130bef159775,1040,/home/wxt/m1-matched-lut.7wqexi/repo/hw/system/spatz_cluster/cfg/spatz_cluster.default.dram.hjson,NA,YES,clang version 14.0.6 (git@github.com:pulp-platform/llvm-project.git b494f2d8dde88723026db8ec16ac6c7ee1e140ca) | Target: riscv32-unknown-unknown-elf | Thread model: posix,0b372325926b66a6c5b83afa796658075ddbced3552cb71f36627406b3d4cf7a,/home/wxt/m1-matched-lut.7wqexi/repo/install/llvm/bin/clang -DONLINE_MERGE_COUNTER_PROFILE=0 -DONLINE_MERGE_IMPLEMENTATION_SELECT=2 -DONLINE_MERGE_STACK_LOG2=13 -DONLINE_MERGE_TRACE_PROXY=0 -I/home/wxt/m1-matched-lut.7wqexi/repo/sw/spatzBenchmarks/include -I/home/wxt/m1-matched-lut.7wqexi/repo/sw/snRuntime/include -I/home/wxt/m1-matched-lut.7wqexi/repo/sw/snRuntime/vendor -I/home/wxt/m1-matched-lut.7wqexi/repo/sw/snRuntime/../toolchain/riscv-opcodes -I/home/wxt/work-online-merge-supplement/run-archive/m1-matched-lut-7wqexi/artifacts/work-online-merge-m2-matched-lut-scale-03-r1/build/spatzBenchmarks/online_merge_generated/N8_D128_S1_main_R1 -I/home/wxt/m1-matched-lut.7wqexi/repo/sw/spatzBenchmarks/online-softmax-merge  --gcc-toolchain=/home/wxt/m1-matched-lut.7wqexi/repo/install/riscv-gcc -mcpu=snitch -mcmodel=small -ffast-math -fno-builtin-printf -fno-common -falign-loops=16 -ffunction-sections -Wextra -static -mllvm -misched-topdown -menable-experimental-extensions -mno-relax -march=rv32imafdvzfh_xdma_xfquarter -mabi=ilp32d -O3 -g -o CMakeFiles/test-spatzBenchmarks-online-softmax-merge-b2r.dir/online-softmax-merge/main.c.o -c /home/wxt/m1-matched-lut.7wqexi/repo/sw/spatzBenchmarks/online-softmax-merge/main.c,B2R_RVV,A0,memory,10692,YES,768,NA,NO_EXPLICIT_TRANSFER_PHASE,MAIN_PERFORMANCE,pass,PASS,NA,16704,NA,7225d41ad2d1c63376a9fb1ea4e56b3b24a3e97f,False,B2-R,0,e9ec25ecdc8f280819e9a00435e7a642cb17e551815ce55e5e67bd8503e99b66,main,DASM_MARKER_ENVELOPE_WITNESS,B2-R,14382,4.7533981819531635e-05,128,8,14.044921875,0.0007348060607910156,100000000,0.00012778052198633453,1.3519227146529234e-05,False,PASS,low_perturbation,985b1555a64f602533c81a94281aca08fd491b6df438f3d7d21a5695eda540c2,33408,0,0,0,128,8,1.0,YES,NA,14.044921875,0,scale_n8_d128/memory/B2R_RVV/trial-1/simulator.log,0,YES,NA,NA,3.153156172533741e-05,20260811T104215Z_7225d41a_m2-matched-lut-scale-03,16512,NA,0,9924,1,33f066a87e3592e55aa4c78bcc583383243061423e6a790856d5b1be7f593fef,/home/wxt/work-online-merge-supplement/work-artifacts/work-online-merge-low-dasm-simulator-5c2aad2-r1/spatz_cluster.vlt,SCALE_N8,NA,0,NA,NA,NA,PASS,NA,PASS,512,452bbd324787b79dd26d942bf4f7acfa60bf09d2b9b0cfb7b9de1e6af50c70c1,pass,1965,131072,0,NA,NA,NA,2026-08-11T11:01:48+00:00,scale_n8_d128/memory/B2R_RVV/trace-witness/instruction_trace_audit.json,1185,4301,4461,816,3642,INDEPENDENT_DASM_WITNESS,6,PASS,NA,PASS,361ff71bcc241b448e49ff6d212d06a13a986e2fad861b0aa0b67e40e7a21d68,/home/wxt/work-online-merge-supplement/work-artifacts/work-online-merge-traced-simulator-088a44d-r1/spatz_cluster.vlt,default,985b1555a64f602533c81a94281aca08fd491b6df438f3d7d21a5695eda540c2,1,768,Verilator 5.034 2025-02-24 rev v5.034,4f53cda18c2baa0c0354bb5f9a3ecbe5ed12ab4d8e11ba873c2f11161202b945,,,,,,
/home/wxt/work-online-merge-supplement/run-archive/m1-matched-lut-7wqexi/artifacts/work-online-merge-m2-matched-lut-scale-03-r1,128,8,16896,NA,b10f201cd697096e64423b233d3c7175a5fb71724ae6e83e4728bc8f2907eae7,10,0.009615384615384616,16896,16704,main,scale_n8_d128,main,120fa0c30199e54e6e9b5c60d8da40913eae8526640992cc5d4f130bef159775,1040,/home/wxt/m1-matched-lut.7wqexi/repo/hw/system/spatz_cluster/cfg/spatz_cluster.default.dram.hjson,NA,YES,clang version 14.0.6 (git@github.com:pulp-platform/llvm-project.git b494f2d8dde88723026db8ec16ac6c7ee1e140ca) | Target: riscv32-unknown-unknown-elf | Thread model: posix,0b372325926b66a6c5b83afa796658075ddbced3552cb71f36627406b3d4cf7a,/home/wxt/m1-matched-lut.7wqexi/repo/install/llvm/bin/clang -DONLINE_MERGE_COUNTER_PROFILE=0 -DONLINE_MERGE_IMPLEMENTATION_SELECT=2 -DONLINE_MERGE_STACK_LOG2=13 -DONLINE_MERGE_TRACE_PROXY=0 -I/home/wxt/m1-matched-lut.7wqexi/repo/sw/spatzBenchmarks/include -I/home/wxt/m1-matched-lut.7wqexi/repo/sw/snRuntime/include -I/home/wxt/m1-matched-lut.7wqexi/repo/sw/snRuntime/vendor -I/home/wxt/m1-matched-lut.7wqexi/repo/sw/snRuntime/../toolchain/riscv-opcodes -I/home/wxt/work-online-merge-supplement/run-archive/m1-matched-lut-7wqexi/artifacts/work-online-merge-m2-matched-lut-scale-03-r1/build/spatzBenchmarks/online_merge_generated/N8_D128_S1_main_R1 -I/home/wxt/m1-matched-lut.7wqexi/repo/sw/spatzBenchmarks/online-softmax-merge  --gcc-toolchain=/home/wxt/m1-matched-lut.7wqexi/repo/install/riscv-gcc -mcpu=snitch -mcmodel=small -ffast-math -fno-builtin-printf -fno-common -falign-loops=16 -ffunction-sections -Wextra -static -mllvm -misched-topdown -menable-experimental-extensions -mno-relax -march=rv32imafdvzfh_xdma_xfquarter -mabi=ilp32d -O3 -g -o CMakeFiles/test-spatzBenchmarks-online-softmax-merge-b2r.dir/online-softmax-merge/main.c.o -c /home/wxt/m1-matched-lut.7wqexi/repo/sw/spatzBenchmarks/online-softmax-merge/main.c,B2R_RVV,A0,memory,10692,YES,768,NA,NO_EXPLICIT_TRANSFER_PHASE,MAIN_PERFORMANCE,pass,PASS,NA,16704,NA,7225d41ad2d1c63376a9fb1ea4e56b3b24a3e97f,False,B2-R,0,e9ec25ecdc8f280819e9a00435e7a642cb17e551815ce55e5e67bd8503e99b66,main,DASM_MARKER_ENVELOPE_WITNESS,B2-R,14382,4.7533981819531635e-05,128,8,14.044921875,0.0007348060607910156,100000000,0.00012778052198633453,1.3519227146529234e-05,False,PASS,low_perturbation,985b1555a64f602533c81a94281aca08fd491b6df438f3d7d21a5695eda540c2,33408,0,0,0,128,8,1.0,YES,NA,14.044921875,0,scale_n8_d128/memory/B2R_RVV/trial-2/simulator.log,0,YES,NA,NA,3.153156172533741e-05,20260811T104215Z_7225d41a_m2-matched-lut-scale-03,16512,NA,0,9924,1,33f066a87e3592e55aa4c78bcc583383243061423e6a790856d5b1be7f593fef,/home/wxt/work-online-merge-supplement/work-artifacts/work-online-merge-low-dasm-simulator-5c2aad2-r1/spatz_cluster.vlt,SCALE_N8,NA,0,NA,NA,NA,PASS,NA,PASS,512,452bbd324787b79dd26d942bf4f7acfa60bf09d2b9b0cfb7b9de1e6af50c70c1,pass,1965,131072,0,NA,NA,NA,2026-08-11T11:04:23+00:00,scale_n8_d128/memory/B2R_RVV/trace-witness/instruction_trace_audit.json,1185,4301,4461,816,3642,INDEPENDENT_DASM_WITNESS,6,PASS,NA,PASS,361ff71bcc241b448e49ff6d212d06a13a986e2fad861b0aa0b67e40e7a21d68,/home/wxt/work-online-merge-supplement/work-artifacts/work-online-merge-traced-simulator-088a44d-r1/spatz_cluster.vlt,default,985b1555a64f602533c81a94281aca08fd491b6df438f3d7d21a5695eda540c2,2,768,Verilator 5.034 2025-02-24 rev v5.034,4f53cda18c2baa0c0354bb5f9a3ecbe5ed12ab4d8e11ba873c2f11161202b945,,,,,,
/home/wxt/work-online-merge-supplement/run-archive/m1-matched-lut-7wqexi/artifacts/work-online-merge-m2-matched-lut-scale-03-r1,128,8,16896,NA,b8203d56fa571d86a25aafb1ada229ede14ab087d63977d0ab1db6677b010efb,10,0.009615384615384616,16896,16704,main,scale_n8_d128,main,120fa0c30199e54e6e9b5c60d8da40913eae8526640992cc5d4f130bef159775,1040,/home/wxt/m1-matched-lut.7wqexi/repo/hw/system/spatz_cluster/cfg/spatz_cluster.default.dram.hjson,4088,YES,clang version 14.0.6 (git@github.com:pulp-platform/llvm-project.git b494f2d8dde88723026db8ec16ac6c7ee1e140ca) | Target: riscv32-unknown-unknown-elf | Thread model: posix,0b372325926b66a6c5b83afa796658075ddbced3552cb71f36627406b3d4cf7a,/home/wxt/m1-matched-lut.7wqexi/repo/install/llvm/bin/clang -DONLINE_MERGE_COUNTER_PROFILE=0 -DONLINE_MERGE_IMPLEMENTATION_SELECT=4 -DONLINE_MERGE_STACK_LOG2=13 -DONLINE_MERGE_TRACE_PROXY=0 -I/home/wxt/m1-matched-lut.7wqexi/repo/sw/spatzBenchmarks/include -I/home/wxt/m1-matched-lut.7wqexi/repo/sw/snRuntime/include -I/home/wxt/m1-matched-lut.7wqexi/repo/sw/snRuntime/vendor -I/home/wxt/m1-matched-lut.7wqexi/repo/sw/snRuntime/../toolchain/riscv-opcodes -I/home/wxt/work-online-merge-supplement/run-archive/m1-matched-lut-7wqexi/artifacts/work-online-merge-m2-matched-lut-scale-03-r1/build/spatzBenchmarks/online_merge_generated/N8_D128_S1_main_R1 -I/home/wxt/m1-matched-lut.7wqexi/repo/sw/spatzBenchmarks/online-softmax-merge  --gcc-toolchain=/home/wxt/m1-matched-lut.7wqexi/repo/install/riscv-gcc -mcpu=snitch -mcmodel=small -ffast-math -fno-builtin-printf -fno-common -falign-loops=16 -ffunction-sections -Wextra -static -mllvm -misched-topdown -menable-experimental-extensions -mno-relax -march=rv32imafdvzfh_xdma_xfquarter -mabi=ilp32d -O3 -g -o CMakeFiles/test-spatzBenchmarks-online-softmax-merge-a1.dir/online-softmax-merge/main.c.o -c /home/wxt/m1-matched-lut.7wqexi/repo/sw/spatzBenchmarks/online-softmax-merge/main.c,A1_SMU_SCALAR,NA,memory,NA,NO,NA,NA,NO_EXPLICIT_TRANSFER_PHASE,MAIN_PERFORMANCE,pass,PASS,NA,16704,PASS,7225d41ad2d1c63376a9fb1ea4e56b3b24a3e97f,False,A1,0,e9ec25ecdc8f280819e9a00435e7a642cb17e551815ce55e5e67bd8503e99b66,main,NA,A1,4280,4.7533981819531635e-05,128,8,4.1796875,0.0007348060607910156,100000000,0.00012778052198633453,1.3519227146529234e-05,False,PASS,low_perturbation,cbb4a4c9c82caec1a33a80ed58ffc4ce4f5f7a7bb6162f215dd2d39c3dfcdfc5,33408,0,0,0,128,8,1.0,YES,NA,4.1796875,0,scale_n8_d128/memory/A1_SMU_SCALAR/trial-0/simulator.log,0,YES,NA,NA,3.153156172533741e-05,20260811T104215Z_7225d41a_m2-matched-lut-scale-03,16512,2806,1,NA,1,33f066a87e3592e55aa4c78bcc583383243061423e6a790856d5b1be7f593fef,/home/wxt/work-online-merge-supplement/work-artifacts/work-online-merge-low-dasm-simulator-5c2aad2-r1/spatz_cluster.vlt,SCALE_N8,192,1,1474,NA,NA,PASS,NA,PASS,512,b99d8c1b21f067b78c46ee9de6291c103607953d187b8f9a669236c00936cbb4,pass,2070,131072,0,NA,NA,NA,2026-08-11T11:07:01+00:00,NA,NA,NA,NA,NA,NA,NA,NA,NA,NA,NA,NA,NA,NA,NA,0,NA,Verilator 5.034 2025-02-24 rev v5.034,4f53cda18c2baa0c0354bb5f9a3ecbe5ed12ab4d8e11ba873c2f11161202b945,8,8,104,1,72,0
/home/wxt/work-online-merge-supplement/run-archive/m1-matched-lut-7wqexi/artifacts/work-online-merge-m2-matched-lut-scale-03-r1,128,8,16896,NA,b8203d56fa571d86a25aafb1ada229ede14ab087d63977d0ab1db6677b010efb,10,0.009615384615384616,16896,16704,main,scale_n8_d128,main,120fa0c30199e54e6e9b5c60d8da40913eae8526640992cc5d4f130bef159775,1040,/home/wxt/m1-matched-lut.7wqexi/repo/hw/system/spatz_cluster/cfg/spatz_cluster.default.dram.hjson,4088,YES,clang version 14.0.6 (git@github.com:pulp-platform/llvm-project.git b494f2d8dde88723026db8ec16ac6c7ee1e140ca) | Target: riscv32-unknown-unknown-elf | Thread model: posix,0b372325926b66a6c5b83afa796658075ddbced3552cb71f36627406b3d4cf7a,/home/wxt/m1-matched-lut.7wqexi/repo/install/llvm/bin/clang -DONLINE_MERGE_COUNTER_PROFILE=0 -DONLINE_MERGE_IMPLEMENTATION_SELECT=4 -DONLINE_MERGE_STACK_LOG2=13 -DONLINE_MERGE_TRACE_PROXY=0 -I/home/wxt/m1-matched-lut.7wqexi/repo/sw/spatzBenchmarks/include -I/home/wxt/m1-matched-lut.7wqexi/repo/sw/snRuntime/include -I/home/wxt/m1-matched-lut.7wqexi/repo/sw/snRuntime/vendor -I/home/wxt/m1-matched-lut.7wqexi/repo/sw/snRuntime/../toolchain/riscv-opcodes -I/home/wxt/work-online-merge-supplement/run-archive/m1-matched-lut-7wqexi/artifacts/work-online-merge-m2-matched-lut-scale-03-r1/build/spatzBenchmarks/online_merge_generated/N8_D128_S1_main_R1 -I/home/wxt/m1-matched-lut.7wqexi/repo/sw/spatzBenchmarks/online-softmax-merge  --gcc-toolchain=/home/wxt/m1-matched-lut.7wqexi/repo/install/riscv-gcc -mcpu=snitch -mcmodel=small -ffast-math -fno-builtin-printf -fno-common -falign-loops=16 -ffunction-sections -Wextra -static -mllvm -misched-topdown -menable-experimental-extensions -mno-relax -march=rv32imafdvzfh_xdma_xfquarter -mabi=ilp32d -O3 -g -o CMakeFiles/test-spatzBenchmarks-online-softmax-merge-a1.dir/online-softmax-merge/main.c.o -c /home/wxt/m1-matched-lut.7wqexi/repo/sw/spatzBenchmarks/online-softmax-merge/main.c,A1_SMU_SCALAR,NA,memory,NA,NO,NA,NA,NO_EXPLICIT_TRANSFER_PHASE,MAIN_PERFORMANCE,pass,PASS,NA,16704,PASS,7225d41ad2d1c63376a9fb1ea4e56b3b24a3e97f,False,A1,0,e9ec25ecdc8f280819e9a00435e7a642cb17e551815ce55e5e67bd8503e99b66,main,NA,A1,4280,4.7533981819531635e-05,128,8,4.1796875,0.0007348060607910156,100000000,0.00012778052198633453,1.3519227146529234e-05,False,PASS,low_perturbation,cbb4a4c9c82caec1a33a80ed58ffc4ce4f5f7a7bb6162f215dd2d39c3dfcdfc5,33408,0,0,0,128,8,1.0,YES,NA,4.1796875,0,scale_n8_d128/memory/A1_SMU_SCALAR/trial-1/simulator.log,0,YES,NA,NA,3.153156172533741e-05,20260811T104215Z_7225d41a_m2-matched-lut-scale-03,16512,2806,1,NA,1,33f066a87e3592e55aa4c78bcc583383243061423e6a790856d5b1be7f593fef,/home/wxt/work-online-merge-supplement/work-artifacts/work-online-merge-low-dasm-simulator-5c2aad2-r1/spatz_cluster.vlt,SCALE_N8,192,1,1474,NA,NA,PASS,NA,PASS,512,b99d8c1b21f067b78c46ee9de6291c103607953d187b8f9a669236c00936cbb4,pass,2070,131072,0,NA,NA,NA,2026-08-11T11:09:29+00:00,NA,NA,NA,NA,NA,NA,NA,NA,NA,NA,NA,NA,NA,NA,NA,1,NA,Verilator 5.034 2025-02-24 rev v5.034,4f53cda18c2baa0c0354bb5f9a3ecbe5ed12ab4d8e11ba873c2f11161202b945,8,8,104,1,72,0
/home/wxt/work-online-merge-supplement/run-archive/m1-matched-lut-7wqexi/artifacts/work-online-merge-m2-matched-lut-scale-03-r1,128,8,16896,NA,b8203d56fa571d86a25aafb1ada229ede14ab087d63977d0ab1db6677b010efb,10,0.009615384615384616,16896,16704,main,scale_n8_d128,main,120fa0c30199e54e6e9b5c60d8da40913eae8526640992cc5d4f130bef159775,1040,/home/wxt/m1-matched-lut.7wqexi/repo/hw/system/spatz_cluster/cfg/spatz_cluster.default.dram.hjson,4088,YES,clang version 14.0.6 (git@github.com:pulp-platform/llvm-project.git b494f2d8dde88723026db8ec16ac6c7ee1e140ca) | Target: riscv32-unknown-unknown-elf | Thread model: posix,0b372325926b66a6c5b83afa796658075ddbced3552cb71f36627406b3d4cf7a,/home/wxt/m1-matched-lut.7wqexi/repo/install/llvm/bin/clang -DONLINE_MERGE_COUNTER_PROFILE=0 -DONLINE_MERGE_IMPLEMENTATION_SELECT=4 -DONLINE_MERGE_STACK_LOG2=13 -DONLINE_MERGE_TRACE_PROXY=0 -I/home/wxt/m1-matched-lut.7wqexi/repo/sw/spatzBenchmarks/include -I/home/wxt/m1-matched-lut.7wqexi/repo/sw/snRuntime/include -I/home/wxt/m1-matched-lut.7wqexi/repo/sw/snRuntime/vendor -I/home/wxt/m1-matched-lut.7wqexi/repo/sw/snRuntime/../toolchain/riscv-opcodes -I/home/wxt/work-online-merge-supplement/run-archive/m1-matched-lut-7wqexi/artifacts/work-online-merge-m2-matched-lut-scale-03-r1/build/spatzBenchmarks/online_merge_generated/N8_D128_S1_main_R1 -I/home/wxt/m1-matched-lut.7wqexi/repo/sw/spatzBenchmarks/online-softmax-merge  --gcc-toolchain=/home/wxt/m1-matched-lut.7wqexi/repo/install/riscv-gcc -mcpu=snitch -mcmodel=small -ffast-math -fno-builtin-printf -fno-common -falign-loops=16 -ffunction-sections -Wextra -static -mllvm -misched-topdown -menable-experimental-extensions -mno-relax -march=rv32imafdvzfh_xdma_xfquarter -mabi=ilp32d -O3 -g -o CMakeFiles/test-spatzBenchmarks-online-softmax-merge-a1.dir/online-softmax-merge/main.c.o -c /home/wxt/m1-matched-lut.7wqexi/repo/sw/spatzBenchmarks/online-softmax-merge/main.c,A1_SMU_SCALAR,NA,memory,NA,NO,NA,NA,NO_EXPLICIT_TRANSFER_PHASE,MAIN_PERFORMANCE,pass,PASS,NA,16704,PASS,7225d41ad2d1c63376a9fb1ea4e56b3b24a3e97f,False,A1,0,e9ec25ecdc8f280819e9a00435e7a642cb17e551815ce55e5e67bd8503e99b66,main,NA,A1,4280,4.7533981819531635e-05,128,8,4.1796875,0.0007348060607910156,100000000,0.00012778052198633453,1.3519227146529234e-05,False,PASS,low_perturbation,cbb4a4c9c82caec1a33a80ed58ffc4ce4f5f7a7bb6162f215dd2d39c3dfcdfc5,33408,0,0,0,128,8,1.0,YES,NA,4.1796875,0,scale_n8_d128/memory/A1_SMU_SCALAR/trial-2/simulator.log,0,YES,NA,NA,3.153156172533741e-05,20260811T104215Z_7225d41a_m2-matched-lut-scale-03,16512,2806,1,NA,1,33f066a87e3592e55aa4c78bcc583383243061423e6a790856d5b1be7f593fef,/home/wxt/work-online-merge-supplement/work-artifacts/work-online-merge-low-dasm-simulator-5c2aad2-r1/spatz_cluster.vlt,SCALE_N8,192,1,1474,NA,NA,PASS,NA,PASS,512,b99d8c1b21f067b78c46ee9de6291c103607953d187b8f9a669236c00936cbb4,pass,2070,131072,0,NA,NA,NA,2026-08-11T11:11:58+00:00,NA,NA,NA,NA,NA,NA,NA,NA,NA,NA,NA,NA,NA,NA,NA,2,NA,Verilator 5.034 2025-02-24 rev v5.034,4f53cda18c2baa0c0354bb5f9a3ecbe5ed12ab4d8e11ba873c2f11161202b945,8,8,104,1,72,0
/home/wxt/work-online-merge-supplement/run-archive/m1-matched-lut-7wqexi/artifacts/work-online-merge-m2-matched-lut-scale-03-r1,128,8,16896,NA,92a20ef2a0c833a48d2abfb9337870ff2d4009ad03ce1a3cf5e4165c7300d4fa,10,0.009615384615384616,16896,16704,main,scale_n8_d128,main,120fa0c30199e54e6e9b5c60d8da40913eae8526640992cc5d4f130bef159775,1040,/home/wxt/m1-matched-lut.7wqexi/repo/hw/system/spatz_cluster/cfg/spatz_cluster.default.dram.hjson,1268,YES,clang version 14.0.6 (git@github.com:pulp-platform/llvm-project.git b494f2d8dde88723026db8ec16ac6c7ee1e140ca) | Target: riscv32-unknown-unknown-elf | Thread model: posix,0b372325926b66a6c5b83afa796658075ddbced3552cb71f36627406b3d4cf7a,/home/wxt/m1-matched-lut.7wqexi/repo/install/llvm/bin/clang -DONLINE_MERGE_COUNTER_PROFILE=0 -DONLINE_MERGE_IMPLEMENTATION_SELECT=3 -DONLINE_MERGE_STACK_LOG2=13 -DONLINE_MERGE_TRACE_PROXY=0 -I/home/wxt/m1-matched-lut.7wqexi/repo/sw/spatzBenchmarks/include -I/home/wxt/m1-matched-lut.7wqexi/repo/sw/snRuntime/include -I/home/wxt/m1-matched-lut.7wqexi/repo/sw/snRuntime/vendor -I/home/wxt/m1-matched-lut.7wqexi/repo/sw/snRuntime/../toolchain/riscv-opcodes -I/home/wxt/work-online-merge-supplement/run-archive/m1-matched-lut-7wqexi/artifacts/work-online-merge-m2-matched-lut-scale-03-r1/build/spatzBenchmarks/online_merge_generated/N8_D128_S1_main_R1 -I/home/wxt/m1-matched-lut.7wqexi/repo/sw/spatzBenchmarks/online-softmax-merge  --gcc-toolchain=/home/wxt/m1-matched-lut.7wqexi/repo/install/riscv-gcc -mcpu=snitch -mcmodel=small -ffast-math -fno-builtin-printf -fno-common -falign-loops=16 -ffunction-sections -Wextra -static -mllvm -misched-topdown -menable-experimental-extensions -mno-relax -march=rv32imafdvzfh_xdma_xfquarter -mabi=ilp32d -O3 -g -o CMakeFiles/test-spatzBenchmarks-online-softmax-merge-a2.dir/online-softmax-merge/main.c.o -c /home/wxt/m1-matched-lut.7wqexi/repo/sw/spatzBenchmarks/online-softmax-merge/main.c,A2_SMU_FULL,A2,memory,NA,NO,NA,NA,NO_EXPLICIT_TRANSFER_PHASE,MAIN_PERFORMANCE,pass,PASS,NA,16704,PASS,7225d41ad2d1c63376a9fb1ea4e56b3b24a3e97f,False,B3,0,e9ec25ecdc8f280819e9a00435e7a642cb17e551815ce55e5e67bd8503e99b66,main,NA,B3,9652,4.7532471409634376e-05,128,8,9.42578125,0.0007348060607910156,100000000,0.00012778052198633453,1.3522033651287738e-05,False,PASS,low_perturbation,66b4439269270387e22ba4fef0ab0e412c3d6c04aa79fc93a303584c4bb6de22,33408,0,0,0,128,8,1.0,YES,NA,9.42578125,0,scale_n8_d128/memory/A2_SMU_FULL/trial-0/simulator.log,0,YES,NA,NA,3.1530559798272114e-05,20260811T104215Z_7225d41a_m2-matched-lut-scale-03,16512,NA,1,NA,1,33f066a87e3592e55aa4c78bcc583383243061423e6a790856d5b1be7f593fef,/home/wxt/work-online-merge-supplement/work-artifacts/work-online-merge-low-dasm-simulator-5c2aad2-r1/spatz_cluster.vlt,SCALE_N8,8384,1,NA,NA,NA,PASS,NA,PASS,512,abc526d143fbd3879b968848526fab643ada6a7705f8d4c15b2a171d6c4a989a,pass,5028,131072,43,NA,NA,NA,2026-08-11T11:14:24+00:00,NA,NA,NA,NA,NA,NA,NA,NA,NA,NA,NA,NA,NA,NA,NA,0,NA,Verilator 5.034 2025-02-24 rev v5.034,4f53cda18c2baa0c0354bb5f9a3ecbe5ed12ab4d8e11ba873c2f11161202b945,8,8,104,1,40,8224
/home/wxt/work-online-merge-supplement/run-archive/m1-matched-lut-7wqexi/artifacts/work-online-merge-m2-matched-lut-scale-03-r1,128,8,16896,NA,92a20ef2a0c833a48d2abfb9337870ff2d4009ad03ce1a3cf5e4165c7300d4fa,10,0.009615384615384616,16896,16704,main,scale_n8_d128,main,120fa0c30199e54e6e9b5c60d8da40913eae8526640992cc5d4f130bef159775,1040,/home/wxt/m1-matched-lut.7wqexi/repo/hw/system/spatz_cluster/cfg/spatz_cluster.default.dram.hjson,1268,YES,clang version 14.0.6 (git@github.com:pulp-platform/llvm-project.git b494f2d8dde88723026db8ec16ac6c7ee1e140ca) | Target: riscv32-unknown-unknown-elf | Thread model: posix,0b372325926b66a6c5b83afa796658075ddbced3552cb71f36627406b3d4cf7a,/home/wxt/m1-matched-lut.7wqexi/repo/install/llvm/bin/clang -DONLINE_MERGE_COUNTER_PROFILE=0 -DONLINE_MERGE_IMPLEMENTATION_SELECT=3 -DONLINE_MERGE_STACK_LOG2=13 -DONLINE_MERGE_TRACE_PROXY=0 -I/home/wxt/m1-matched-lut.7wqexi/repo/sw/spatzBenchmarks/include -I/home/wxt/m1-matched-lut.7wqexi/repo/sw/snRuntime/include -I/home/wxt/m1-matched-lut.7wqexi/repo/sw/snRuntime/vendor -I/home/wxt/m1-matched-lut.7wqexi/repo/sw/snRuntime/../toolchain/riscv-opcodes -I/home/wxt/work-online-merge-supplement/run-archive/m1-matched-lut-7wqexi/artifacts/work-online-merge-m2-matched-lut-scale-03-r1/build/spatzBenchmarks/online_merge_generated/N8_D128_S1_main_R1 -I/home/wxt/m1-matched-lut.7wqexi/repo/sw/spatzBenchmarks/online-softmax-merge  --gcc-toolchain=/home/wxt/m1-matched-lut.7wqexi/repo/install/riscv-gcc -mcpu=snitch -mcmodel=small -ffast-math -fno-builtin-printf -fno-common -falign-loops=16 -ffunction-sections -Wextra -static -mllvm -misched-topdown -menable-experimental-extensions -mno-relax -march=rv32imafdvzfh_xdma_xfquarter -mabi=ilp32d -O3 -g -o CMakeFiles/test-spatzBenchmarks-online-softmax-merge-a2.dir/online-softmax-merge/main.c.o -c /home/wxt/m1-matched-lut.7wqexi/repo/sw/spatzBenchmarks/online-softmax-merge/main.c,A2_SMU_FULL,A2,memory,NA,NO,NA,NA,NO_EXPLICIT_TRANSFER_PHASE,MAIN_PERFORMANCE,pass,PASS,NA,16704,PASS,7225d41ad2d1c63376a9fb1ea4e56b3b24a3e97f,False,B3,0,e9ec25ecdc8f280819e9a00435e7a642cb17e551815ce55e5e67bd8503e99b66,main,NA,B3,9652,4.7532471409634376e-05,128,8,9.42578125,0.0007348060607910156,100000000,0.00012778052198633453,1.3522033651287738e-05,False,PASS,low_perturbation,66b4439269270387e22ba4fef0ab0e412c3d6c04aa79fc93a303584c4bb6de22,33408,0,0,0,128,8,1.0,YES,NA,9.42578125,0,scale_n8_d128/memory/A2_SMU_FULL/trial-1/simulator.log,0,YES,NA,NA,3.1530559798272114e-05,20260811T104215Z_7225d41a_m2-matched-lut-scale-03,16512,NA,1,NA,1,33f066a87e3592e55aa4c78bcc583383243061423e6a790856d5b1be7f593fef,/home/wxt/work-online-merge-supplement/work-artifacts/work-online-merge-low-dasm-simulator-5c2aad2-r1/spatz_cluster.vlt,SCALE_N8,8384,1,NA,NA,NA,PASS,NA,PASS,512,abc526d143fbd3879b968848526fab643ada6a7705f8d4c15b2a171d6c4a989a,pass,5028,131072,43,NA,NA,NA,2026-08-11T11:16:53+00:00,NA,NA,NA,NA,NA,NA,NA,NA,NA,NA,NA,NA,NA,NA,NA,1,NA,Verilator 5.034 2025-02-24 rev v5.034,4f53cda18c2baa0c0354bb5f9a3ecbe5ed12ab4d8e11ba873c2f11161202b945,8,8,104,1,40,8224
/home/wxt/work-online-merge-supplement/run-archive/m1-matched-lut-7wqexi/artifacts/work-online-merge-m2-matched-lut-scale-03-r1,128,8,16896,NA,92a20ef2a0c833a48d2abfb9337870ff2d4009ad03ce1a3cf5e4165c7300d4fa,10,0.009615384615384616,16896,16704,main,scale_n8_d128,main,120fa0c30199e54e6e9b5c60d8da40913eae8526640992cc5d4f130bef159775,1040,/home/wxt/m1-matched-lut.7wqexi/repo/hw/system/spatz_cluster/cfg/spatz_cluster.default.dram.hjson,1268,YES,clang version 14.0.6 (git@github.com:pulp-platform/llvm-project.git b494f2d8dde88723026db8ec16ac6c7ee1e140ca) | Target: riscv32-unknown-unknown-elf | Thread model: posix,0b372325926b66a6c5b83afa796658075ddbced3552cb71f36627406b3d4cf7a,/home/wxt/m1-matched-lut.7wqexi/repo/install/llvm/bin/clang -DONLINE_MERGE_COUNTER_PROFILE=0 -DONLINE_MERGE_IMPLEMENTATION_SELECT=3 -DONLINE_MERGE_STACK_LOG2=13 -DONLINE_MERGE_TRACE_PROXY=0 -I/home/wxt/m1-matched-lut.7wqexi/repo/sw/spatzBenchmarks/include -I/home/wxt/m1-matched-lut.7wqexi/repo/sw/snRuntime/include -I/home/wxt/m1-matched-lut.7wqexi/repo/sw/snRuntime/vendor -I/home/wxt/m1-matched-lut.7wqexi/repo/sw/snRuntime/../toolchain/riscv-opcodes -I/home/wxt/work-online-merge-supplement/run-archive/m1-matched-lut-7wqexi/artifacts/work-online-merge-m2-matched-lut-scale-03-r1/build/spatzBenchmarks/online_merge_generated/N8_D128_S1_main_R1 -I/home/wxt/m1-matched-lut.7wqexi/repo/sw/spatzBenchmarks/online-softmax-merge  --gcc-toolchain=/home/wxt/m1-matched-lut.7wqexi/repo/install/riscv-gcc -mcpu=snitch -mcmodel=small -ffast-math -fno-builtin-printf -fno-common -falign-loops=16 -ffunction-sections -Wextra -static -mllvm -misched-topdown -menable-experimental-extensions -mno-relax -march=rv32imafdvzfh_xdma_xfquarter -mabi=ilp32d -O3 -g -o CMakeFiles/test-spatzBenchmarks-online-softmax-merge-a2.dir/online-softmax-merge/main.c.o -c /home/wxt/m1-matched-lut.7wqexi/repo/sw/spatzBenchmarks/online-softmax-merge/main.c,A2_SMU_FULL,A2,memory,NA,NO,NA,NA,NO_EXPLICIT_TRANSFER_PHASE,MAIN_PERFORMANCE,pass,PASS,NA,16704,PASS,7225d41ad2d1c63376a9fb1ea4e56b3b24a3e97f,False,B3,0,e9ec25ecdc8f280819e9a00435e7a642cb17e551815ce55e5e67bd8503e99b66,main,NA,B3,9652,4.7532471409634376e-05,128,8,9.42578125,0.0007348060607910156,100000000,0.00012778052198633453,1.3522033651287738e-05,False,PASS,low_perturbation,66b4439269270387e22ba4fef0ab0e412c3d6c04aa79fc93a303584c4bb6de22,33408,0,0,0,128,8,1.0,YES,NA,9.42578125,0,scale_n8_d128/memory/A2_SMU_FULL/trial-2/simulator.log,0,YES,NA,NA,3.1530559798272114e-05,20260811T104215Z_7225d41a_m2-matched-lut-scale-03,16512,NA,1,NA,1,33f066a87e3592e55aa4c78bcc583383243061423e6a790856d5b1be7f593fef,/home/wxt/work-online-merge-supplement/work-artifacts/work-online-merge-low-dasm-simulator-5c2aad2-r1/spatz_cluster.vlt,SCALE_N8,8384,1,NA,NA,NA,PASS,NA,PASS,512,abc526d143fbd3879b968848526fab643ada6a7705f8d4c15b2a171d6c4a989a,pass,5028,131072,43,NA,NA,NA,2026-08-11T11:19:21+00:00,NA,NA,NA,NA,NA,NA,NA,NA,NA,NA,NA,NA,NA,NA,NA,2,NA,Verilator 5.034 2025-02-24 rev v5.034,4f53cda18c2baa0c0354bb5f9a3ecbe5ed12ab4d8e11ba873c2f11161202b945,8,8,104,1,40,8224
/home/wxt/work-online-merge-supplement/run-archive/m1-matched-lut-7wqexi/artifacts/work-online-merge-m2-matched-lut-scale-03-r1,1,1,256,NA,2fdae62fbb0d2a3dd5969b4a35cb9bbabc52f29bf369b708ccb3a44f8f328acd,2,0.6666666666666666,256,56,main,break_even_n1_d1,main,120fa0c30199e54e6e9b5c60d8da40913eae8526640992cc5d4f130bef159775,3,/home/wxt/m1-matched-lut.7wqexi/repo/hw/system/spatz_cluster/cfg/spatz_cluster.default.dram.hjson,NA,YES,clang version 14.0.6 (git@github.com:pulp-platform/llvm-project.git b494f2d8dde88723026db8ec16ac6c7ee1e140ca) | Target: riscv32-unknown-unknown-elf | Thread model: posix,f604aec0dc9b5db45db95e7ae587c471411b9a8738ba8acc0d57a10766336943,/home/wxt/m1-matched-lut.7wqexi/repo/install/llvm/bin/clang -DONLINE_MERGE_COUNTER_PROFILE=0 -DONLINE_MERGE_IMPLEMENTATION_SELECT=2 -DONLINE_MERGE_STACK_LOG2=13 -DONLINE_MERGE_TRACE_PROXY=0 -I/home/wxt/m1-matched-lut.7wqexi/repo/sw/spatzBenchmarks/include -I/home/wxt/m1-matched-lut.7wqexi/repo/sw/snRuntime/include -I/home/wxt/m1-matched-lut.7wqexi/repo/sw/snRuntime/vendor -I/home/wxt/m1-matched-lut.7wqexi/repo/sw/snRuntime/../toolchain/riscv-opcodes -I/home/wxt/work-online-merge-supplement/run-archive/m1-matched-lut-7wqexi/artifacts/work-online-merge-m2-matched-lut-scale-03-r1/build/spatzBenchmarks/online_merge_generated/N1_D1_S1_main_R1 -I/home/wxt/m1-matched-lut.7wqexi/repo/sw/spatzBenchmarks/online-softmax-merge  --gcc-toolchain=/home/wxt/m1-matched-lut.7wqexi/repo/install/riscv-gcc -mcpu=snitch -mcmodel=small -ffast-math -fno-builtin-printf -fno-common -falign-loops=16 -ffunction-sections -Wextra -static -mllvm -misched-topdown -menable-experimental-extensions -mno-relax -march=rv32imafdvzfh_xdma_xfquarter -mabi=ilp32d -O3 -g -o CMakeFiles/test-spatzBenchmarks-online-softmax-merge-b2r.dir/online-softmax-merge/main.c.o -c /home/wxt/m1-matched-lut.7wqexi/repo/sw/spatzBenchmarks/online-softmax-merge/main.c,B2R_RVV,A0,memory,1038,YES,6,NA,NO_EXPLICIT_TRANSFER_PHASE,MAIN_PERFORMANCE,pass,PASS,NA,56,NA,7225d41ad2d1c63376a9fb1ea4e56b3b24a3e97f,False,B2-R,0,9d2d7b5a01325e3a0b252f9c9ba34371b2a01c2103351f1c6d5bae30afa62286,main,DASM_MARKER_ENVELOPE_WITNESS,B2-R,1719,3.152311533271239e-07,1,1,1719.0,1.2516975402832031e-06,100000000,1.2516975402832031e-06,4.172325134277344e-07,False,PASS,low_perturbation,862b5aee2bf0501541ddee35505dfcac8d2140e4905f327156cb61899db552c9,16768,0,0,0,1,1,1.0,YES,NA,1719.0,0,break_even_n1_d1/memory/B2R_RVV/trial-0/simulator.log,0,YES,NA,NA,7.226679118264997e-07,20260811T104215Z_7225d41a_m2-matched-lut-scale-03,16512,NA,0,1032,1,33f066a87e3592e55aa4c78bcc583383243061423e6a790856d5b1be7f593fef,/home/wxt/work-online-merge-supplement/work-artifacts/work-online-merge-low-dasm-simulator-5c2aad2-r1/spatz_cluster.vlt,BREAK_EVEN,NA,0,NA,NA,NA,PASS,NA,PASS,4,351d49d778cd6886bdef24d5ff50ed6b28538384f8d3fa06e2774d3f7408116c,pass,117,131072,0,NA,NA,NA,2026-08-11T11:23:14+00:00,break_even_n1_d1/memory/B2R_RVV/trace-witness/instruction_trace_audit.json,254,600,364,6,522,INDEPENDENT_DASM_WITNESS,6,PASS,NA,PASS,361ff71bcc241b448e49ff6d212d06a13a986e2fad861b0aa0b67e40e7a21d68,/home/wxt/work-online-merge-supplement/work-artifacts/work-online-merge-traced-simulator-088a44d-r1/spatz_cluster.vlt,default,862b5aee2bf0501541ddee35505dfcac8d2140e4905f327156cb61899db552c9,0,6,Verilator 5.034 2025-02-24 rev v5.034,4f53cda18c2baa0c0354bb5f9a3ecbe5ed12ab4d8e11ba873c2f11161202b945,,,,,,
/home/wxt/work-online-merge-supplement/run-archive/m1-matched-lut-7wqexi/artifacts/work-online-merge-m2-matched-lut-scale-03-r1,1,1,256,NA,2fdae62fbb0d2a3dd5969b4a35cb9bbabc52f29bf369b708ccb3a44f8f328acd,2,0.6666666666666666,256,56,main,break_even_n1_d1,main,120fa0c30199e54e6e9b5c60d8da40913eae8526640992cc5d4f130bef159775,3,/home/wxt/m1-matched-lut.7wqexi/repo/hw/system/spatz_cluster/cfg/spatz_cluster.default.dram.hjson,NA,YES,clang version 14.0.6 (git@github.com:pulp-platform/llvm-project.git b494f2d8dde88723026db8ec16ac6c7ee1e140ca) | Target: riscv32-unknown-unknown-elf | Thread model: posix,f604aec0dc9b5db45db95e7ae587c471411b9a8738ba8acc0d57a10766336943,/home/wxt/m1-matched-lut.7wqexi/repo/install/llvm/bin/clang -DONLINE_MERGE_COUNTER_PROFILE=0 -DONLINE_MERGE_IMPLEMENTATION_SELECT=2 -DONLINE_MERGE_STACK_LOG2=13 -DONLINE_MERGE_TRACE_PROXY=0 -I/home/wxt/m1-matched-lut.7wqexi/repo/sw/spatzBenchmarks/include -I/home/wxt/m1-matched-lut.7wqexi/repo/sw/snRuntime/include -I/home/wxt/m1-matched-lut.7wqexi/repo/sw/snRuntime/vendor -I/home/wxt/m1-matched-lut.7wqexi/repo/sw/snRuntime/../toolchain/riscv-opcodes -I/home/wxt/work-online-merge-supplement/run-archive/m1-matched-lut-7wqexi/artifacts/work-online-merge-m2-matched-lut-scale-03-r1/build/spatzBenchmarks/online_merge_generated/N1_D1_S1_main_R1 -I/home/wxt/m1-matched-lut.7wqexi/repo/sw/spatzBenchmarks/online-softmax-merge  --gcc-toolchain=/home/wxt/m1-matched-lut.7wqexi/repo/install/riscv-gcc -mcpu=snitch -mcmodel=small -ffast-math -fno-builtin-printf -fno-common -falign-loops=16 -ffunction-sections -Wextra -static -mllvm -misched-topdown -menable-experimental-extensions -mno-relax -march=rv32imafdvzfh_xdma_xfquarter -mabi=ilp32d -O3 -g -o CMakeFiles/test-spatzBenchmarks-online-softmax-merge-b2r.dir/online-softmax-merge/main.c.o -c /home/wxt/m1-matched-lut.7wqexi/repo/sw/spatzBenchmarks/online-softmax-merge/main.c,B2R_RVV,A0,memory,1038,YES,6,NA,NO_EXPLICIT_TRANSFER_PHASE,MAIN_PERFORMANCE,pass,PASS,NA,56,NA,7225d41ad2d1c63376a9fb1ea4e56b3b24a3e97f,False,B2-R,0,9d2d7b5a01325e3a0b252f9c9ba34371b2a01c2103351f1c6d5bae30afa62286,main,DASM_MARKER_ENVELOPE_WITNESS,B2-R,1719,3.152311533271239e-07,1,1,1719.0,1.2516975402832031e-06,100000000,1.2516975402832031e-06,4.172325134277344e-07,False,PASS,low_perturbation,862b5aee2bf0501541ddee35505dfcac8d2140e4905f327156cb61899db552c9,16768,0,0,0,1,1,1.0,YES,NA,1719.0,0,break_even_n1_d1/memory/B2R_RVV/trial-1/simulator.log,0,YES,NA,NA,7.226679118264997e-07,20260811T104215Z_7225d41a_m2-matched-lut-scale-03,16512,NA,0,1032,1,33f066a87e3592e55aa4c78bcc583383243061423e6a790856d5b1be7f593fef,/home/wxt/work-online-merge-supplement/work-artifacts/work-online-merge-low-dasm-simulator-5c2aad2-r1/spatz_cluster.vlt,BREAK_EVEN,NA,0,NA,NA,NA,PASS,NA,PASS,4,351d49d778cd6886bdef24d5ff50ed6b28538384f8d3fa06e2774d3f7408116c,pass,117,131072,0,NA,NA,NA,2026-08-11T11:24:11+00:00,break_even_n1_d1/memory/B2R_RVV/trace-witness/instruction_trace_audit.json,254,600,364,6,522,INDEPENDENT_DASM_WITNESS,6,PASS,NA,PASS,361ff71bcc241b448e49ff6d212d06a13a986e2fad861b0aa0b67e40e7a21d68,/home/wxt/work-online-merge-supplement/work-artifacts/work-online-merge-traced-simulator-088a44d-r1/spatz_cluster.vlt,default,862b5aee2bf0501541ddee35505dfcac8d2140e4905f327156cb61899db552c9,1,6,Verilator 5.034 2025-02-24 rev v5.034,4f53cda18c2baa0c0354bb5f9a3ecbe5ed12ab4d8e11ba873c2f11161202b945,,,,,,
/home/wxt/work-online-merge-supplement/run-archive/m1-matched-lut-7wqexi/artifacts/work-online-merge-m2-matched-lut-scale-03-r1,1,1,256,NA,2fdae62fbb0d2a3dd5969b4a35cb9bbabc52f29bf369b708ccb3a44f8f328acd,2,0.6666666666666666,256,56,main,break_even_n1_d1,main,120fa0c30199e54e6e9b5c60d8da40913eae8526640992cc5d4f130bef159775,3,/home/wxt/m1-matched-lut.7wqexi/repo/hw/system/spatz_cluster/cfg/spatz_cluster.default.dram.hjson,NA,YES,clang version 14.0.6 (git@github.com:pulp-platform/llvm-project.git b494f2d8dde88723026db8ec16ac6c7ee1e140ca) | Target: riscv32-unknown-unknown-elf | Thread model: posix,f604aec0dc9b5db45db95e7ae587c471411b9a8738ba8acc0d57a10766336943,/home/wxt/m1-matched-lut.7wqexi/repo/install/llvm/bin/clang -DONLINE_MERGE_COUNTER_PROFILE=0 -DONLINE_MERGE_IMPLEMENTATION_SELECT=2 -DONLINE_MERGE_STACK_LOG2=13 -DONLINE_MERGE_TRACE_PROXY=0 -I/home/wxt/m1-matched-lut.7wqexi/repo/sw/spatzBenchmarks/include -I/home/wxt/m1-matched-lut.7wqexi/repo/sw/snRuntime/include -I/home/wxt/m1-matched-lut.7wqexi/repo/sw/snRuntime/vendor -I/home/wxt/m1-matched-lut.7wqexi/repo/sw/snRuntime/../toolchain/riscv-opcodes -I/home/wxt/work-online-merge-supplement/run-archive/m1-matched-lut-7wqexi/artifacts/work-online-merge-m2-matched-lut-scale-03-r1/build/spatzBenchmarks/online_merge_generated/N1_D1_S1_main_R1 -I/home/wxt/m1-matched-lut.7wqexi/repo/sw/spatzBenchmarks/online-softmax-merge  --gcc-toolchain=/home/wxt/m1-matched-lut.7wqexi/repo/install/riscv-gcc -mcpu=snitch -mcmodel=small -ffast-math -fno-builtin-printf -fno-common -falign-loops=16 -ffunction-sections -Wextra -static -mllvm -misched-topdown -menable-experimental-extensions -mno-relax -march=rv32imafdvzfh_xdma_xfquarter -mabi=ilp32d -O3 -g -o CMakeFiles/test-spatzBenchmarks-online-softmax-merge-b2r.dir/online-softmax-merge/main.c.o -c /home/wxt/m1-matched-lut.7wqexi/repo/sw/spatzBenchmarks/online-softmax-merge/main.c,B2R_RVV,A0,memory,1038,YES,6,NA,NO_EXPLICIT_TRANSFER_PHASE,MAIN_PERFORMANCE,pass,PASS,NA,56,NA,7225d41ad2d1c63376a9fb1ea4e56b3b24a3e97f,False,B2-R,0,9d2d7b5a01325e3a0b252f9c9ba34371b2a01c2103351f1c6d5bae30afa62286,main,DASM_MARKER_ENVELOPE_WITNESS,B2-R,1719,3.152311533271239e-07,1,1,1719.0,1.2516975402832031e-06,100000000,1.2516975402832031e-06,4.172325134277344e-07,False,PASS,low_perturbation,862b5aee2bf0501541ddee35505dfcac8d2140e4905f327156cb61899db552c9,16768,0,0,0,1,1,1.0,YES,NA,1719.0,0,break_even_n1_d1/memory/B2R_RVV/trial-2/simulator.log,0,YES,NA,NA,7.226679118264997e-07,20260811T104215Z_7225d41a_m2-matched-lut-scale-03,16512,NA,0,1032,1,33f066a87e3592e55aa4c78bcc583383243061423e6a790856d5b1be7f593fef,/home/wxt/work-online-merge-supplement/work-artifacts/work-online-merge-low-dasm-simulator-5c2aad2-r1/spatz_cluster.vlt,BREAK_EVEN,NA,0,NA,NA,NA,PASS,NA,PASS,4,351d49d778cd6886bdef24d5ff50ed6b28538384f8d3fa06e2774d3f7408116c,pass,117,131072,0,NA,NA,NA,2026-08-11T11:25:08+00:00,break_even_n1_d1/memory/B2R_RVV/trace-witness/instruction_trace_audit.json,254,600,364,6,522,INDEPENDENT_DASM_WITNESS,6,PASS,NA,PASS,361ff71bcc241b448e49ff6d212d06a13a986e2fad861b0aa0b67e40e7a21d68,/home/wxt/work-online-merge-supplement/work-artifacts/work-online-merge-traced-simulator-088a44d-r1/spatz_cluster.vlt,default,862b5aee2bf0501541ddee35505dfcac8d2140e4905f327156cb61899db552c9,2,6,Verilator 5.034 2025-02-24 rev v5.034,4f53cda18c2baa0c0354bb5f9a3ecbe5ed12ab4d8e11ba873c2f11161202b945,,,,,,
/home/wxt/work-online-merge-supplement/run-archive/m1-matched-lut-7wqexi/artifacts/work-online-merge-m2-matched-lut-scale-03-r1,1,1,256,NA,505ce09caba0162e7cbc5e1a9df338825a971d35aacc32ead19931d9146ab260,2,0.6666666666666666,256,56,main,break_even_n1_d1,main,120fa0c30199e54e6e9b5c60d8da40913eae8526640992cc5d4f130bef159775,3,/home/wxt/m1-matched-lut.7wqexi/repo/hw/system/spatz_cluster/cfg/spatz_cluster.default.dram.hjson,1464,YES,clang version 14.0.6 (git@github.com:pulp-platform/llvm-project.git b494f2d8dde88723026db8ec16ac6c7ee1e140ca) | Target: riscv32-unknown-unknown-elf | Thread model: posix,f604aec0dc9b5db45db95e7ae587c471411b9a8738ba8acc0d57a10766336943,/home/wxt/m1-matched-lut.7wqexi/repo/install/llvm/bin/clang -DONLINE_MERGE_COUNTER_PROFILE=0 -DONLINE_MERGE_IMPLEMENTATION_SELECT=4 -DONLINE_MERGE_STACK_LOG2=13 -DONLINE_MERGE_TRACE_PROXY=0 -I/home/wxt/m1-matched-lut.7wqexi/repo/sw/spatzBenchmarks/include -I/home/wxt/m1-matched-lut.7wqexi/repo/sw/snRuntime/include -I/home/wxt/m1-matched-lut.7wqexi/repo/sw/snRuntime/vendor -I/home/wxt/m1-matched-lut.7wqexi/repo/sw/snRuntime/../toolchain/riscv-opcodes -I/home/wxt/work-online-merge-supplement/run-archive/m1-matched-lut-7wqexi/artifacts/work-online-merge-m2-matched-lut-scale-03-r1/build/spatzBenchmarks/online_merge_generated/N1_D1_S1_main_R1 -I/home/wxt/m1-matched-lut.7wqexi/repo/sw/spatzBenchmarks/online-softmax-merge  --gcc-toolchain=/home/wxt/m1-matched-lut.7wqexi/repo/install/riscv-gcc -mcpu=snitch -mcmodel=small -ffast-math -fno-builtin-printf -fno-common -falign-loops=16 -ffunction-sections -Wextra -static -mllvm -misched-topdown -menable-experimental-extensions -mno-relax -march=rv32imafdvzfh_xdma_xfquarter -mabi=ilp32d -O3 -g -o CMakeFiles/test-spatzBenchmarks-online-softmax-merge-a1.dir/online-softmax-merge/main.c.o -c /home/wxt/m1-matched-lut.7wqexi/repo/sw/spatzBenchmarks/online-softmax-merge/main.c,A1_SMU_SCALAR,NA,memory,NA,NO,NA,NA,NO_EXPLICIT_TRANSFER_PHASE,MAIN_PERFORMANCE,pass,PASS,NA,56,PASS,7225d41ad2d1c63376a9fb1ea4e56b3b24a3e97f,False,A1,0,9d2d7b5a01325e3a0b252f9c9ba34371b2a01c2103351f1c6d5bae30afa62286,main,NA,A1,1488,3.152311533271239e-07,1,1,1488.0,1.2516975402832031e-06,100000000,1.2516975402832031e-06,4.172325134277344e-07,False,PASS,low_perturbation,ca04433738f408efecedc7a89489b1795568eb19feec4808480542591b7c1fd5,16768,0,0,0,1,1,1.0,YES,NA,1488.0,0,break_even_n1_d1/memory/A1_SMU_SCALAR/trial-0/simulator.log,0,YES,NA,NA,7.226679118264997e-07,20260811T104215Z_7225d41a_m2-matched-lut-scale-03,16512,150,0,NA,1,33f066a87e3592e55aa4c78bcc583383243061423e6a790856d5b1be7f593fef,/home/wxt/work-online-merge-supplement/work-artifacts/work-online-merge-low-dasm-simulator-5c2aad2-r1/spatz_cluster.vlt,BREAK_EVEN,24,1,1338,NA,NA,PASS,NA,PASS,4,f4049ee6d1e1b91cefae3023d4f542d3acbed19ea5556189c02c584620416abf,pass,396,131072,0,NA,NA,NA,2026-08-11T11:26:06+00:00,NA,NA,NA,NA,NA,NA,NA,NA,NA,NA,NA,NA,NA,NA,NA,0,NA,Verilator 5.034 2025-02-24 rev v5.034,4f53cda18c2baa0c0354bb5f9a3ecbe5ed12ab4d8e11ba873c2f11161202b945,1,1,13,1,9,0
/home/wxt/work-online-merge-supplement/run-archive/m1-matched-lut-7wqexi/artifacts/work-online-merge-m2-matched-lut-scale-03-r1,1,1,256,NA,505ce09caba0162e7cbc5e1a9df338825a971d35aacc32ead19931d9146ab260,2,0.6666666666666666,256,56,main,break_even_n1_d1,main,120fa0c30199e54e6e9b5c60d8da40913eae8526640992cc5d4f130bef159775,3,/home/wxt/m1-matched-lut.7wqexi/repo/hw/system/spatz_cluster/cfg/spatz_cluster.default.dram.hjson,1464,YES,clang version 14.0.6 (git@github.com:pulp-platform/llvm-project.git b494f2d8dde88723026db8ec16ac6c7ee1e140ca) | Target: riscv32-unknown-unknown-elf | Thread model: posix,f604aec0dc9b5db45db95e7ae587c471411b9a8738ba8acc0d57a10766336943,/home/wxt/m1-matched-lut.7wqexi/repo/install/llvm/bin/clang -DONLINE_MERGE_COUNTER_PROFILE=0 -DONLINE_MERGE_IMPLEMENTATION_SELECT=4 -DONLINE_MERGE_STACK_LOG2=13 -DONLINE_MERGE_TRACE_PROXY=0 -I/home/wxt/m1-matched-lut.7wqexi/repo/sw/spatzBenchmarks/include -I/home/wxt/m1-matched-lut.7wqexi/repo/sw/snRuntime/include -I/home/wxt/m1-matched-lut.7wqexi/repo/sw/snRuntime/vendor -I/home/wxt/m1-matched-lut.7wqexi/repo/sw/snRuntime/../toolchain/riscv-opcodes -I/home/wxt/work-online-merge-supplement/run-archive/m1-matched-lut-7wqexi/artifacts/work-online-merge-m2-matched-lut-scale-03-r1/build/spatzBenchmarks/online_merge_generated/N1_D1_S1_main_R1 -I/home/wxt/m1-matched-lut.7wqexi/repo/sw/spatzBenchmarks/online-softmax-merge  --gcc-toolchain=/home/wxt/m1-matched-lut.7wqexi/repo/install/riscv-gcc -mcpu=snitch -mcmodel=small -ffast-math -fno-builtin-printf -fno-common -falign-loops=16 -ffunction-sections -Wextra -static -mllvm -misched-topdown -menable-experimental-extensions -mno-relax -march=rv32imafdvzfh_xdma_xfquarter -mabi=ilp32d -O3 -g -o CMakeFiles/test-spatzBenchmarks-online-softmax-merge-a1.dir/online-softmax-merge/main.c.o -c /home/wxt/m1-matched-lut.7wqexi/repo/sw/spatzBenchmarks/online-softmax-merge/main.c,A1_SMU_SCALAR,NA,memory,NA,NO,NA,NA,NO_EXPLICIT_TRANSFER_PHASE,MAIN_PERFORMANCE,pass,PASS,NA,56,PASS,7225d41ad2d1c63376a9fb1ea4e56b3b24a3e97f,False,A1,0,9d2d7b5a01325e3a0b252f9c9ba34371b2a01c2103351f1c6d5bae30afa62286,main,NA,A1,1488,3.152311533271239e-07,1,1,1488.0,1.2516975402832031e-06,100000000,1.2516975402832031e-06,4.172325134277344e-07,False,PASS,low_perturbation,ca04433738f408efecedc7a89489b1795568eb19feec4808480542591b7c1fd5,16768,0,0,0,1,1,1.0,YES,NA,1488.0,0,break_even_n1_d1/memory/A1_SMU_SCALAR/trial-1/simulator.log,0,YES,NA,NA,7.226679118264997e-07,20260811T104215Z_7225d41a_m2-matched-lut-scale-03,16512,150,0,NA,1,33f066a87e3592e55aa4c78bcc583383243061423e6a790856d5b1be7f593fef,/home/wxt/work-online-merge-supplement/work-artifacts/work-online-merge-low-dasm-simulator-5c2aad2-r1/spatz_cluster.vlt,BREAK_EVEN,24,1,1338,NA,NA,PASS,NA,PASS,4,f4049ee6d1e1b91cefae3023d4f542d3acbed19ea5556189c02c584620416abf,pass,396,131072,0,NA,NA,NA,2026-08-11T11:27:04+00:00,NA,NA,NA,NA,NA,NA,NA,NA,NA,NA,NA,NA,NA,NA,NA,1,NA,Verilator 5.034 2025-02-24 rev v5.034,4f53cda18c2baa0c0354bb5f9a3ecbe5ed12ab4d8e11ba873c2f11161202b945,1,1,13,1,9,0
/home/wxt/work-online-merge-supplement/run-archive/m1-matched-lut-7wqexi/artifacts/work-online-merge-m2-matched-lut-scale-03-r1,1,1,256,NA,505ce09caba0162e7cbc5e1a9df338825a971d35aacc32ead19931d9146ab260,2,0.6666666666666666,256,56,main,break_even_n1_d1,main,120fa0c30199e54e6e9b5c60d8da40913eae8526640992cc5d4f130bef159775,3,/home/wxt/m1-matched-lut.7wqexi/repo/hw/system/spatz_cluster/cfg/spatz_cluster.default.dram.hjson,1464,YES,clang version 14.0.6 (git@github.com:pulp-platform/llvm-project.git b494f2d8dde88723026db8ec16ac6c7ee1e140ca) | Target: riscv32-unknown-unknown-elf | Thread model: posix,f604aec0dc9b5db45db95e7ae587c471411b9a8738ba8acc0d57a10766336943,/home/wxt/m1-matched-lut.7wqexi/repo/install/llvm/bin/clang -DONLINE_MERGE_COUNTER_PROFILE=0 -DONLINE_MERGE_IMPLEMENTATION_SELECT=4 -DONLINE_MERGE_STACK_LOG2=13 -DONLINE_MERGE_TRACE_PROXY=0 -I/home/wxt/m1-matched-lut.7wqexi/repo/sw/spatzBenchmarks/include -I/home/wxt/m1-matched-lut.7wqexi/repo/sw/snRuntime/include -I/home/wxt/m1-matched-lut.7wqexi/repo/sw/snRuntime/vendor -I/home/wxt/m1-matched-lut.7wqexi/repo/sw/snRuntime/../toolchain/riscv-opcodes -I/home/wxt/work-online-merge-supplement/run-archive/m1-matched-lut-7wqexi/artifacts/work-online-merge-m2-matched-lut-scale-03-r1/build/spatzBenchmarks/online_merge_generated/N1_D1_S1_main_R1 -I/home/wxt/m1-matched-lut.7wqexi/repo/sw/spatzBenchmarks/online-softmax-merge  --gcc-toolchain=/home/wxt/m1-matched-lut.7wqexi/repo/install/riscv-gcc -mcpu=snitch -mcmodel=small -ffast-math -fno-builtin-printf -fno-common -falign-loops=16 -ffunction-sections -Wextra -static -mllvm -misched-topdown -menable-experimental-extensions -mno-relax -march=rv32imafdvzfh_xdma_xfquarter -mabi=ilp32d -O3 -g -o CMakeFiles/test-spatzBenchmarks-online-softmax-merge-a1.dir/online-softmax-merge/main.c.o -c /home/wxt/m1-matched-lut.7wqexi/repo/sw/spatzBenchmarks/online-softmax-merge/main.c,A1_SMU_SCALAR,NA,memory,NA,NO,NA,NA,NO_EXPLICIT_TRANSFER_PHASE,MAIN_PERFORMANCE,pass,PASS,NA,56,PASS,7225d41ad2d1c63376a9fb1ea4e56b3b24a3e97f,False,A1,0,9d2d7b5a01325e3a0b252f9c9ba34371b2a01c2103351f1c6d5bae30afa62286,main,NA,A1,1488,3.152311533271239e-07,1,1,1488.0,1.2516975402832031e-06,100000000,1.2516975402832031e-06,4.172325134277344e-07,False,PASS,low_perturbation,ca04433738f408efecedc7a89489b1795568eb19feec4808480542591b7c1fd5,16768,0,0,0,1,1,1.0,YES,NA,1488.0,0,break_even_n1_d1/memory/A1_SMU_SCALAR/trial-2/simulator.log,0,YES,NA,NA,7.226679118264997e-07,20260811T104215Z_7225d41a_m2-matched-lut-scale-03,16512,150,0,NA,1,33f066a87e3592e55aa4c78bcc583383243061423e6a790856d5b1be7f593fef,/home/wxt/work-online-merge-supplement/work-artifacts/work-online-merge-low-dasm-simulator-5c2aad2-r1/spatz_cluster.vlt,BREAK_EVEN,24,1,1338,NA,NA,PASS,NA,PASS,4,f4049ee6d1e1b91cefae3023d4f542d3acbed19ea5556189c02c584620416abf,pass,396,131072,0,NA,NA,NA,2026-08-11T11:28:14+00:00,NA,NA,NA,NA,NA,NA,NA,NA,NA,NA,NA,NA,NA,NA,NA,2,NA,Verilator 5.034 2025-02-24 rev v5.034,4f53cda18c2baa0c0354bb5f9a3ecbe5ed12ab4d8e11ba873c2f11161202b945,1,1,13,1,9,0
/home/wxt/work-online-merge-supplement/run-archive/m1-matched-lut-7wqexi/artifacts/work-online-merge-m2-matched-lut-scale-03-r1,1,1,256,NA,ff1ce0103df7694b51d6146f7710c95628c8b2b86d64a7ef690a828c9f27cdf6,2,0.6666666666666666,256,56,main,break_even_n1_d1,main,120fa0c30199e54e6e9b5c60d8da40913eae8526640992cc5d4f130bef159775,3,/home/wxt/m1-matched-lut.7wqexi/repo/hw/system/spatz_cluster/cfg/spatz_cluster.default.dram.hjson,1309,YES,clang version 14.0.6 (git@github.com:pulp-platform/llvm-project.git b494f2d8dde88723026db8ec16ac6c7ee1e140ca) | Target: riscv32-unknown-unknown-elf | Thread model: posix,f604aec0dc9b5db45db95e7ae587c471411b9a8738ba8acc0d57a10766336943,/home/wxt/m1-matched-lut.7wqexi/repo/install/llvm/bin/clang -DONLINE_MERGE_COUNTER_PROFILE=0 -DONLINE_MERGE_IMPLEMENTATION_SELECT=3 -DONLINE_MERGE_STACK_LOG2=13 -DONLINE_MERGE_TRACE_PROXY=0 -I/home/wxt/m1-matched-lut.7wqexi/repo/sw/spatzBenchmarks/include -I/home/wxt/m1-matched-lut.7wqexi/repo/sw/snRuntime/include -I/home/wxt/m1-matched-lut.7wqexi/repo/sw/snRuntime/vendor -I/home/wxt/m1-matched-lut.7wqexi/repo/sw/snRuntime/../toolchain/riscv-opcodes -I/home/wxt/work-online-merge-supplement/run-archive/m1-matched-lut-7wqexi/artifacts/work-online-merge-m2-matched-lut-scale-03-r1/build/spatzBenchmarks/online_merge_generated/N1_D1_S1_main_R1 -I/home/wxt/m1-matched-lut.7wqexi/repo/sw/spatzBenchmarks/online-softmax-merge  --gcc-toolchain=/home/wxt/m1-matched-lut.7wqexi/repo/install/riscv-gcc -mcpu=snitch -mcmodel=small -ffast-math -fno-builtin-printf -fno-common -falign-loops=16 -ffunction-sections -Wextra -static -mllvm -misched-topdown -menable-experimental-extensions -mno-relax -march=rv32imafdvzfh_xdma_xfquarter -mabi=ilp32d -O3 -g -o CMakeFiles/test-spatzBenchmarks-online-softmax-merge-a2.dir/online-softmax-merge/main.c.o -c /home/wxt/m1-matched-lut.7wqexi/repo/sw/spatzBenchmarks/online-softmax-merge/main.c,A2_SMU_FULL,A2,memory,NA,NO,NA,NA,NO_EXPLICIT_TRANSFER_PHASE,MAIN_PERFORMANCE,pass,PASS,NA,56,PASS,7225d41ad2d1c63376a9fb1ea4e56b3b24a3e97f,False,B3,0,9d2d7b5a01325e3a0b252f9c9ba34371b2a01c2103351f1c6d5bae30afa62286,main,NA,B3,1338,3.152311533271239e-07,1,1,1338.0,1.2516975402832031e-06,100000000,1.2516975402832031e-06,4.172325134277344e-07,False,PASS,low_perturbation,c6cafb723d5e4a5bddf153f8811bd219dbe2f7da8de2ca73e0fb543ee9e14f60,16768,0,0,0,1,1,1.0,YES,NA,1338.0,0,break_even_n1_d1/memory/A2_SMU_FULL/trial-0/simulator.log,0,YES,NA,NA,7.226679118264997e-07,20260811T104215Z_7225d41a_m2-matched-lut-scale-03,16512,NA,0,NA,1,33f066a87e3592e55aa4c78bcc583383243061423e6a790856d5b1be7f593fef,/home/wxt/work-online-merge-supplement/work-artifacts/work-online-merge-low-dasm-simulator-5c2aad2-r1/spatz_cluster.vlt,BREAK_EVEN,29,1,NA,NA,NA,PASS,NA,PASS,4,ff78879508c2a070a70ab088d5b9c1c1ba07e58713a5918d5027c3929e0b5e47,pass,378,131072,0,NA,NA,NA,2026-08-11T11:29:23+00:00,NA,NA,NA,NA,NA,NA,NA,NA,NA,NA,NA,NA,NA,NA,NA,0,NA,Verilator 5.034 2025-02-24 rev v5.034,4f53cda18c2baa0c0354bb5f9a3ecbe5ed12ab4d8e11ba873c2f11161202b945,1,1,13,1,5,9
/home/wxt/work-online-merge-supplement/run-archive/m1-matched-lut-7wqexi/artifacts/work-online-merge-m2-matched-lut-scale-03-r1,1,1,256,NA,ff1ce0103df7694b51d6146f7710c95628c8b2b86d64a7ef690a828c9f27cdf6,2,0.6666666666666666,256,56,main,break_even_n1_d1,main,120fa0c30199e54e6e9b5c60d8da40913eae8526640992cc5d4f130bef159775,3,/home/wxt/m1-matched-lut.7wqexi/repo/hw/system/spatz_cluster/cfg/spatz_cluster.default.dram.hjson,1309,YES,clang version 14.0.6 (git@github.com:pulp-platform/llvm-project.git b494f2d8dde88723026db8ec16ac6c7ee1e140ca) | Target: riscv32-unknown-unknown-elf | Thread model: posix,f604aec0dc9b5db45db95e7ae587c471411b9a8738ba8acc0d57a10766336943,/home/wxt/m1-matched-lut.7wqexi/repo/install/llvm/bin/clang -DONLINE_MERGE_COUNTER_PROFILE=0 -DONLINE_MERGE_IMPLEMENTATION_SELECT=3 -DONLINE_MERGE_STACK_LOG2=13 -DONLINE_MERGE_TRACE_PROXY=0 -I/home/wxt/m1-matched-lut.7wqexi/repo/sw/spatzBenchmarks/include -I/home/wxt/m1-matched-lut.7wqexi/repo/sw/snRuntime/include -I/home/wxt/m1-matched-lut.7wqexi/repo/sw/snRuntime/vendor -I/home/wxt/m1-matched-lut.7wqexi/repo/sw/snRuntime/../toolchain/riscv-opcodes -I/home/wxt/work-online-merge-supplement/run-archive/m1-matched-lut-7wqexi/artifacts/work-online-merge-m2-matched-lut-scale-03-r1/build/spatzBenchmarks/online_merge_generated/N1_D1_S1_main_R1 -I/home/wxt/m1-matched-lut.7wqexi/repo/sw/spatzBenchmarks/online-softmax-merge  --gcc-toolchain=/home/wxt/m1-matched-lut.7wqexi/repo/install/riscv-gcc -mcpu=snitch -mcmodel=small -ffast-math -fno-builtin-printf -fno-common -falign-loops=16 -ffunction-sections -Wextra -static -mllvm -misched-topdown -menable-experimental-extensions -mno-relax -march=rv32imafdvzfh_xdma_xfquarter -mabi=ilp32d -O3 -g -o CMakeFiles/test-spatzBenchmarks-online-softmax-merge-a2.dir/online-softmax-merge/main.c.o -c /home/wxt/m1-matched-lut.7wqexi/repo/sw/spatzBenchmarks/online-softmax-merge/main.c,A2_SMU_FULL,A2,memory,NA,NO,NA,NA,NO_EXPLICIT_TRANSFER_PHASE,MAIN_PERFORMANCE,pass,PASS,NA,56,PASS,7225d41ad2d1c63376a9fb1ea4e56b3b24a3e97f,False,B3,0,9d2d7b5a01325e3a0b252f9c9ba34371b2a01c2103351f1c6d5bae30afa62286,main,NA,B3,1338,3.152311533271239e-07,1,1,1338.0,1.2516975402832031e-06,100000000,1.2516975402832031e-06,4.172325134277344e-07,False,PASS,low_perturbation,c6cafb723d5e4a5bddf153f8811bd219dbe2f7da8de2ca73e0fb543ee9e14f60,16768,0,0,0,1,1,1.0,YES,NA,1338.0,0,break_even_n1_d1/memory/A2_SMU_FULL/trial-1/simulator.log,0,YES,NA,NA,7.226679118264997e-07,20260811T104215Z_7225d41a_m2-matched-lut-scale-03,16512,NA,0,NA,1,33f066a87e3592e55aa4c78bcc583383243061423e6a790856d5b1be7f593fef,/home/wxt/work-online-merge-supplement/work-artifacts/work-online-merge-low-dasm-simulator-5c2aad2-r1/spatz_cluster.vlt,BREAK_EVEN,29,1,NA,NA,NA,PASS,NA,PASS,4,ff78879508c2a070a70ab088d5b9c1c1ba07e58713a5918d5027c3929e0b5e47,pass,378,131072,0,NA,NA,NA,2026-08-11T11:30:31+00:00,NA,NA,NA,NA,NA,NA,NA,NA,NA,NA,NA,NA,NA,NA,NA,1,NA,Verilator 5.034 2025-02-24 rev v5.034,4f53cda18c2baa0c0354bb5f9a3ecbe5ed12ab4d8e11ba873c2f11161202b945,1,1,13,1,5,9
/home/wxt/work-online-merge-supplement/run-archive/m1-matched-lut-7wqexi/artifacts/work-online-merge-m2-matched-lut-scale-03-r1,1,1,256,NA,ff1ce0103df7694b51d6146f7710c95628c8b2b86d64a7ef690a828c9f27cdf6,2,0.6666666666666666,256,56,main,break_even_n1_d1,main,120fa0c30199e54e6e9b5c60d8da40913eae8526640992cc5d4f130bef159775,3,/home/wxt/m1-matched-lut.7wqexi/repo/hw/system/spatz_cluster/cfg/spatz_cluster.default.dram.hjson,1309,YES,clang version 14.0.6 (git@github.com:pulp-platform/llvm-project.git b494f2d8dde88723026db8ec16ac6c7ee1e140ca) | Target: riscv32-unknown-unknown-elf | Thread model: posix,f604aec0dc9b5db45db95e7ae587c471411b9a8738ba8acc0d57a10766336943,/home/wxt/m1-matched-lut.7wqexi/repo/install/llvm/bin/clang -DONLINE_MERGE_COUNTER_PROFILE=0 -DONLINE_MERGE_IMPLEMENTATION_SELECT=3 -DONLINE_MERGE_STACK_LOG2=13 -DONLINE_MERGE_TRACE_PROXY=0 -I/home/wxt/m1-matched-lut.7wqexi/repo/sw/spatzBenchmarks/include -I/home/wxt/m1-matched-lut.7wqexi/repo/sw/snRuntime/include -I/home/wxt/m1-matched-lut.7wqexi/repo/sw/snRuntime/vendor -I/home/wxt/m1-matched-lut.7wqexi/repo/sw/snRuntime/../toolchain/riscv-opcodes -I/home/wxt/work-online-merge-supplement/run-archive/m1-matched-lut-7wqexi/artifacts/work-online-merge-m2-matched-lut-scale-03-r1/build/spatzBenchmarks/online_merge_generated/N1_D1_S1_main_R1 -I/home/wxt/m1-matched-lut.7wqexi/repo/sw/spatzBenchmarks/online-softmax-merge  --gcc-toolchain=/home/wxt/m1-matched-lut.7wqexi/repo/install/riscv-gcc -mcpu=snitch -mcmodel=small -ffast-math -fno-builtin-printf -fno-common -falign-loops=16 -ffunction-sections -Wextra -static -mllvm -misched-topdown -menable-experimental-extensions -mno-relax -march=rv32imafdvzfh_xdma_xfquarter -mabi=ilp32d -O3 -g -o CMakeFiles/test-spatzBenchmarks-online-softmax-merge-a2.dir/online-softmax-merge/main.c.o -c /home/wxt/m1-matched-lut.7wqexi/repo/sw/spatzBenchmarks/online-softmax-merge/main.c,A2_SMU_FULL,A2,memory,NA,NO,NA,NA,NO_EXPLICIT_TRANSFER_PHASE,MAIN_PERFORMANCE,pass,PASS,NA,56,PASS,7225d41ad2d1c63376a9fb1ea4e56b3b24a3e97f,False,B3,0,9d2d7b5a01325e3a0b252f9c9ba34371b2a01c2103351f1c6d5bae30afa62286,main,NA,B3,1338,3.152311533271239e-07,1,1,1338.0,1.2516975402832031e-06,100000000,1.2516975402832031e-06,4.172325134277344e-07,False,PASS,low_perturbation,c6cafb723d5e4a5bddf153f8811bd219dbe2f7da8de2ca73e0fb543ee9e14f60,16768,0,0,0,1,1,1.0,YES,NA,1338.0,0,break_even_n1_d1/memory/A2_SMU_FULL/trial-2/simulator.log,0,YES,NA,NA,7.226679118264997e-07,20260811T104215Z_7225d41a_m2-matched-lut-scale-03,16512,NA,0,NA,1,33f066a87e3592e55aa4c78bcc583383243061423e6a790856d5b1be7f593fef,/home/wxt/work-online-merge-supplement/work-artifacts/work-online-merge-low-dasm-simulator-5c2aad2-r1/spatz_cluster.vlt,BREAK_EVEN,29,1,NA,NA,NA,PASS,NA,PASS,4,ff78879508c2a070a70ab088d5b9c1c1ba07e58713a5918d5027c3929e0b5e47,pass,378,131072,0,NA,NA,NA,2026-08-11T11:31:39+00:00,NA,NA,NA,NA,NA,NA,NA,NA,NA,NA,NA,NA,NA,NA,NA,2,NA,Verilator 5.034 2025-02-24 rev v5.034,4f53cda18c2baa0c0354bb5f9a3ecbe5ed12ab4d8e11ba873c2f11161202b945,1,1,13,1,5,9
/home/wxt/work-online-merge-supplement/run-archive/m1-matched-lut-7wqexi/artifacts/work-online-merge-m2-matched-lut-scale-04-r1,8,1,256,NA,e345304eb4ecee0d2806879528fccfd7170e36bdd837c6282c27dc09ea6f54c1,2,0.2,256,168,main,break_even_n1_d8,main,120fa0c30199e54e6e9b5c60d8da40913eae8526640992cc5d4f130bef159775,10,/home/wxt/m1-matched-lut.7wqexi/repo/hw/system/spatz_cluster/cfg/spatz_cluster.default.dram.hjson,NA,YES,clang version 14.0.6 (git@github.com:pulp-platform/llvm-project.git b494f2d8dde88723026db8ec16ac6c7ee1e140ca) | Target: riscv32-unknown-unknown-elf | Thread model: posix,7c5a4620dadb3103273be09c35a7430513205e4ed587b4ed4ab28493a93e3533,/home/wxt/m1-matched-lut.7wqexi/repo/install/llvm/bin/clang -DONLINE_MERGE_COUNTER_PROFILE=0 -DONLINE_MERGE_IMPLEMENTATION_SELECT=2 -DONLINE_MERGE_STACK_LOG2=13 -DONLINE_MERGE_TRACE_PROXY=0 -I/home/wxt/m1-matched-lut.7wqexi/repo/sw/spatzBenchmarks/include -I/home/wxt/m1-matched-lut.7wqexi/repo/sw/snRuntime/include -I/home/wxt/m1-matched-lut.7wqexi/repo/sw/snRuntime/vendor -I/home/wxt/m1-matched-lut.7wqexi/repo/sw/snRuntime/../toolchain/riscv-opcodes -I/home/wxt/work-online-merge-supplement/run-archive/m1-matched-lut-7wqexi/artifacts/work-online-merge-m2-matched-lut-scale-04-r1/build/spatzBenchmarks/online_merge_generated/N1_D8_S1_main_R1 -I/home/wxt/m1-matched-lut.7wqexi/repo/sw/spatzBenchmarks/online-softmax-merge  --gcc-toolchain=/home/wxt/m1-matched-lut.7wqexi/repo/install/riscv-gcc --gcc-toolchain=/home/wxt/m1-matched-lut.7wqexi/repo/install/riscv-gcc -mcpu=snitch -mcmodel=small -ffast-math -fno-builtin-printf -fno-common -falign-loops=16 -ffunction-sections -Wextra -static -mllvm -misched-topdown -menable-experimental-extensions -mno-relax -march=rv32imafdvzfh_xdma_xfquarter -mabi=ilp32d -O3 -g -o CMakeFiles/test-spatzBenchmarks-online-softmax-merge-b2r.dir/online-softmax-merge/main.c.o -c /home/wxt/m1-matched-lut.7wqexi/repo/sw/spatzBenchmarks/online-softmax-merge/main.c,B2R_RVV,A0,memory,1041,YES,6,NA,NO_EXPLICIT_TRANSFER_PHASE,MAIN_PERFORMANCE,pass,PASS,NA,168,NA,7225d41ad2d1c63376a9fb1ea4e56b3b24a3e97f,False,B2-R,0,06d68f478fb0abb6fe7f4d9b035780cd1093ee8d318bcd4dc0009e1e637603f3,main,DASM_MARKER_ENVELOPE_WITNESS,B2-R,1757,8.580477502713649e-07,8,1,219.625,1.9073486328125e-06,100000000,1.9073486328125e-06,9.953975677490234e-07,False,PASS,low_perturbation,5473d8f283226cd17bbacf5cd836245df3a64c32e51105ab43e8c4cbdba69a51,16768,0,0,0,8,1,1.0,YES,NA,219.625,0,break_even_n1_d8/memory/B2R_RVV/trial-0/simulator.log,0,YES,NA,NA,1.1879880087372511e-06,20260811T121310Z_7225d41a_m2-matched-lut-scale-04,16512,NA,0,1035,1,33f066a87e3592e55aa4c78bcc583383243061423e6a790856d5b1be7f593fef,/home/wxt/work-online-merge-supplement/work-artifacts/work-online-merge-low-dasm-simulator-5c2aad2-r1/spatz_cluster.vlt,BREAK_EVEN,NA,0,NA,NA,NA,PASS,NA,PASS,32,79353910250fdb3cbc23ae1abe4b2548f6457edfc1e21091b6494805da1c1d74,pass,126,131072,0,NA,NA,NA,2026-08-11T12:14:10+00:00,break_even_n1_d8/memory/B2R_RVV/trace-witness/instruction_trace_audit.json,253,615,384,6,526,INDEPENDENT_DASM_WITNESS,6,PASS,NA,PASS,361ff71bcc241b448e49ff6d212d06a13a986e2fad861b0aa0b67e40e7a21d68,/home/wxt/work-online-merge-supplement/work-artifacts/work-online-merge-traced-simulator-088a44d-r1/spatz_cluster.vlt,default,5473d8f283226cd17bbacf5cd836245df3a64c32e51105ab43e8c4cbdba69a51,0,6,Verilator 5.034 2025-02-24 rev v5.034,4f53cda18c2baa0c0354bb5f9a3ecbe5ed12ab4d8e11ba873c2f11161202b945,,,,,,
/home/wxt/work-online-merge-supplement/run-archive/m1-matched-lut-7wqexi/artifacts/work-online-merge-m2-matched-lut-scale-04-r1,8,1,256,NA,e345304eb4ecee0d2806879528fccfd7170e36bdd837c6282c27dc09ea6f54c1,2,0.2,256,168,main,break_even_n1_d8,main,120fa0c30199e54e6e9b5c60d8da40913eae8526640992cc5d4f130bef159775,10,/home/wxt/m1-matched-lut.7wqexi/repo/hw/system/spatz_cluster/cfg/spatz_cluster.default.dram.hjson,NA,YES,clang version 14.0.6 (git@github.com:pulp-platform/llvm-project.git b494f2d8dde88723026db8ec16ac6c7ee1e140ca) | Target: riscv32-unknown-unknown-elf | Thread model: posix,7c5a4620dadb3103273be09c35a7430513205e4ed587b4ed4ab28493a93e3533,/home/wxt/m1-matched-lut.7wqexi/repo/install/llvm/bin/clang -DONLINE_MERGE_COUNTER_PROFILE=0 -DONLINE_MERGE_IMPLEMENTATION_SELECT=2 -DONLINE_MERGE_STACK_LOG2=13 -DONLINE_MERGE_TRACE_PROXY=0 -I/home/wxt/m1-matched-lut.7wqexi/repo/sw/spatzBenchmarks/include -I/home/wxt/m1-matched-lut.7wqexi/repo/sw/snRuntime/include -I/home/wxt/m1-matched-lut.7wqexi/repo/sw/snRuntime/vendor -I/home/wxt/m1-matched-lut.7wqexi/repo/sw/snRuntime/../toolchain/riscv-opcodes -I/home/wxt/work-online-merge-supplement/run-archive/m1-matched-lut-7wqexi/artifacts/work-online-merge-m2-matched-lut-scale-04-r1/build/spatzBenchmarks/online_merge_generated/N1_D8_S1_main_R1 -I/home/wxt/m1-matched-lut.7wqexi/repo/sw/spatzBenchmarks/online-softmax-merge  --gcc-toolchain=/home/wxt/m1-matched-lut.7wqexi/repo/install/riscv-gcc --gcc-toolchain=/home/wxt/m1-matched-lut.7wqexi/repo/install/riscv-gcc -mcpu=snitch -mcmodel=small -ffast-math -fno-builtin-printf -fno-common -falign-loops=16 -ffunction-sections -Wextra -static -mllvm -misched-topdown -menable-experimental-extensions -mno-relax -march=rv32imafdvzfh_xdma_xfquarter -mabi=ilp32d -O3 -g -o CMakeFiles/test-spatzBenchmarks-online-softmax-merge-b2r.dir/online-softmax-merge/main.c.o -c /home/wxt/m1-matched-lut.7wqexi/repo/sw/spatzBenchmarks/online-softmax-merge/main.c,B2R_RVV,A0,memory,1041,YES,6,NA,NO_EXPLICIT_TRANSFER_PHASE,MAIN_PERFORMANCE,pass,PASS,NA,168,NA,7225d41ad2d1c63376a9fb1ea4e56b3b24a3e97f,False,B2-R,0,06d68f478fb0abb6fe7f4d9b035780cd1093ee8d318bcd4dc0009e1e637603f3,main,DASM_MARKER_ENVELOPE_WITNESS,B2-R,1757,8.580477502713649e-07,8,1,219.625,1.9073486328125e-06,100000000,1.9073486328125e-06,9.953975677490234e-07,False,PASS,low_perturbation,5473d8f283226cd17bbacf5cd836245df3a64c32e51105ab43e8c4cbdba69a51,16768,0,0,0,8,1,1.0,YES,NA,219.625,0,break_even_n1_d8/memory/B2R_RVV/trial-1/simulator.log,0,YES,NA,NA,1.1879880087372511e-06,20260811T121310Z_7225d41a_m2-matched-lut-scale-04,16512,NA,0,1035,1,33f066a87e3592e55aa4c78bcc583383243061423e6a790856d5b1be7f593fef,/home/wxt/work-online-merge-supplement/work-artifacts/work-online-merge-low-dasm-simulator-5c2aad2-r1/spatz_cluster.vlt,BREAK_EVEN,NA,0,NA,NA,NA,PASS,NA,PASS,32,79353910250fdb3cbc23ae1abe4b2548f6457edfc1e21091b6494805da1c1d74,pass,126,131072,0,NA,NA,NA,2026-08-11T12:15:03+00:00,break_even_n1_d8/memory/B2R_RVV/trace-witness/instruction_trace_audit.json,253,615,384,6,526,INDEPENDENT_DASM_WITNESS,6,PASS,NA,PASS,361ff71bcc241b448e49ff6d212d06a13a986e2fad861b0aa0b67e40e7a21d68,/home/wxt/work-online-merge-supplement/work-artifacts/work-online-merge-traced-simulator-088a44d-r1/spatz_cluster.vlt,default,5473d8f283226cd17bbacf5cd836245df3a64c32e51105ab43e8c4cbdba69a51,1,6,Verilator 5.034 2025-02-24 rev v5.034,4f53cda18c2baa0c0354bb5f9a3ecbe5ed12ab4d8e11ba873c2f11161202b945,,,,,,
/home/wxt/work-online-merge-supplement/run-archive/m1-matched-lut-7wqexi/artifacts/work-online-merge-m2-matched-lut-scale-04-r1,8,1,256,NA,e345304eb4ecee0d2806879528fccfd7170e36bdd837c6282c27dc09ea6f54c1,2,0.2,256,168,main,break_even_n1_d8,main,120fa0c30199e54e6e9b5c60d8da40913eae8526640992cc5d4f130bef159775,10,/home/wxt/m1-matched-lut.7wqexi/repo/hw/system/spatz_cluster/cfg/spatz_cluster.default.dram.hjson,NA,YES,clang version 14.0.6 (git@github.com:pulp-platform/llvm-project.git b494f2d8dde88723026db8ec16ac6c7ee1e140ca) | Target: riscv32-unknown-unknown-elf | Thread model: posix,7c5a4620dadb3103273be09c35a7430513205e4ed587b4ed4ab28493a93e3533,/home/wxt/m1-matched-lut.7wqexi/repo/install/llvm/bin/clang -DONLINE_MERGE_COUNTER_PROFILE=0 -DONLINE_MERGE_IMPLEMENTATION_SELECT=2 -DONLINE_MERGE_STACK_LOG2=13 -DONLINE_MERGE_TRACE_PROXY=0 -I/home/wxt/m1-matched-lut.7wqexi/repo/sw/spatzBenchmarks/include -I/home/wxt/m1-matched-lut.7wqexi/repo/sw/snRuntime/include -I/home/wxt/m1-matched-lut.7wqexi/repo/sw/snRuntime/vendor -I/home/wxt/m1-matched-lut.7wqexi/repo/sw/snRuntime/../toolchain/riscv-opcodes -I/home/wxt/work-online-merge-supplement/run-archive/m1-matched-lut-7wqexi/artifacts/work-online-merge-m2-matched-lut-scale-04-r1/build/spatzBenchmarks/online_merge_generated/N1_D8_S1_main_R1 -I/home/wxt/m1-matched-lut.7wqexi/repo/sw/spatzBenchmarks/online-softmax-merge  --gcc-toolchain=/home/wxt/m1-matched-lut.7wqexi/repo/install/riscv-gcc --gcc-toolchain=/home/wxt/m1-matched-lut.7wqexi/repo/install/riscv-gcc -mcpu=snitch -mcmodel=small -ffast-math -fno-builtin-printf -fno-common -falign-loops=16 -ffunction-sections -Wextra -static -mllvm -misched-topdown -menable-experimental-extensions -mno-relax -march=rv32imafdvzfh_xdma_xfquarter -mabi=ilp32d -O3 -g -o CMakeFiles/test-spatzBenchmarks-online-softmax-merge-b2r.dir/online-softmax-merge/main.c.o -c /home/wxt/m1-matched-lut.7wqexi/repo/sw/spatzBenchmarks/online-softmax-merge/main.c,B2R_RVV,A0,memory,1041,YES,6,NA,NO_EXPLICIT_TRANSFER_PHASE,MAIN_PERFORMANCE,pass,PASS,NA,168,NA,7225d41ad2d1c63376a9fb1ea4e56b3b24a3e97f,False,B2-R,0,06d68f478fb0abb6fe7f4d9b035780cd1093ee8d318bcd4dc0009e1e637603f3,main,DASM_MARKER_ENVELOPE_WITNESS,B2-R,1757,8.580477502713649e-07,8,1,219.625,1.9073486328125e-06,100000000,1.9073486328125e-06,9.953975677490234e-07,False,PASS,low_perturbation,5473d8f283226cd17bbacf5cd836245df3a64c32e51105ab43e8c4cbdba69a51,16768,0,0,0,8,1,1.0,YES,NA,219.625,0,break_even_n1_d8/memory/B2R_RVV/trial-2/simulator.log,0,YES,NA,NA,1.1879880087372511e-06,20260811T121310Z_7225d41a_m2-matched-lut-scale-04,16512,NA,0,1035,1,33f066a87e3592e55aa4c78bcc583383243061423e6a790856d5b1be7f593fef,/home/wxt/work-online-merge-supplement/work-artifacts/work-online-merge-low-dasm-simulator-5c2aad2-r1/spatz_cluster.vlt,BREAK_EVEN,NA,0,NA,NA,NA,PASS,NA,PASS,32,79353910250fdb3cbc23ae1abe4b2548f6457edfc1e21091b6494805da1c1d74,pass,126,131072,0,NA,NA,NA,2026-08-11T12:15:58+00:00,break_even_n1_d8/memory/B2R_RVV/trace-witness/instruction_trace_audit.json,253,615,384,6,526,INDEPENDENT_DASM_WITNESS,6,PASS,NA,PASS,361ff71bcc241b448e49ff6d212d06a13a986e2fad861b0aa0b67e40e7a21d68,/home/wxt/work-online-merge-supplement/work-artifacts/work-online-merge-traced-simulator-088a44d-r1/spatz_cluster.vlt,default,5473d8f283226cd17bbacf5cd836245df3a64c32e51105ab43e8c4cbdba69a51,2,6,Verilator 5.034 2025-02-24 rev v5.034,4f53cda18c2baa0c0354bb5f9a3ecbe5ed12ab4d8e11ba873c2f11161202b945,,,,,,
/home/wxt/work-online-merge-supplement/run-archive/m1-matched-lut-7wqexi/artifacts/work-online-merge-m2-matched-lut-scale-04-r1,8,1,256,NA,1e8857af67c9bc69be3c46483ba1561ab5c2731ba8123fc66224ee61601727c0,2,0.2,256,168,main,break_even_n1_d8,main,120fa0c30199e54e6e9b5c60d8da40913eae8526640992cc5d4f130bef159775,10,/home/wxt/m1-matched-lut.7wqexi/repo/hw/system/spatz_cluster/cfg/spatz_cluster.default.dram.hjson,1459,YES,clang version 14.0.6 (git@github.com:pulp-platform/llvm-project.git b494f2d8dde88723026db8ec16ac6c7ee1e140ca) | Target: riscv32-unknown-unknown-elf | Thread model: posix,7c5a4620dadb3103273be09c35a7430513205e4ed587b4ed4ab28493a93e3533,/home/wxt/m1-matched-lut.7wqexi/repo/install/llvm/bin/clang -DONLINE_MERGE_COUNTER_PROFILE=0 -DONLINE_MERGE_IMPLEMENTATION_SELECT=4 -DONLINE_MERGE_STACK_LOG2=13 -DONLINE_MERGE_TRACE_PROXY=0 -I/home/wxt/m1-matched-lut.7wqexi/repo/sw/spatzBenchmarks/include -I/home/wxt/m1-matched-lut.7wqexi/repo/sw/snRuntime/include -I/home/wxt/m1-matched-lut.7wqexi/repo/sw/snRuntime/vendor -I/home/wxt/m1-matched-lut.7wqexi/repo/sw/snRuntime/../toolchain/riscv-opcodes -I/home/wxt/work-online-merge-supplement/run-archive/m1-matched-lut-7wqexi/artifacts/work-online-merge-m2-matched-lut-scale-04-r1/build/spatzBenchmarks/online_merge_generated/N1_D8_S1_main_R1 -I/home/wxt/m1-matched-lut.7wqexi/repo/sw/spatzBenchmarks/online-softmax-merge  --gcc-toolchain=/home/wxt/m1-matched-lut.7wqexi/repo/install/riscv-gcc --gcc-toolchain=/home/wxt/m1-matched-lut.7wqexi/repo/install/riscv-gcc -mcpu=snitch -mcmodel=small -ffast-math -fno-builtin-printf -fno-common -falign-loops=16 -ffunction-sections -Wextra -static -mllvm -misched-topdown -menable-experimental-extensions -mno-relax -march=rv32imafdvzfh_xdma_xfquarter -mabi=ilp32d -O3 -g -o CMakeFiles/test-spatzBenchmarks-online-softmax-merge-a1.dir/online-softmax-merge/main.c.o -c /home/wxt/m1-matched-lut.7wqexi/repo/sw/spatzBenchmarks/online-softmax-merge/main.c,A1_SMU_SCALAR,NA,memory,NA,NO,NA,NA,NO_EXPLICIT_TRANSFER_PHASE,MAIN_PERFORMANCE,pass,PASS,NA,168,PASS,7225d41ad2d1c63376a9fb1ea4e56b3b24a3e97f,False,A1,0,06d68f478fb0abb6fe7f4d9b035780cd1093ee8d318bcd4dc0009e1e637603f3,main,NA,A1,1483,8.580477502713649e-07,8,1,185.375,1.9073486328125e-06,100000000,1.9073486328125e-06,9.953975677490234e-07,False,PASS,low_perturbation,68c9c6be74bb7a6da0e9c9b6944db3196d6f407dd09cc906a8e41c7498d35b66,16768,0,0,0,8,1,1.0,YES,NA,185.375,0,break_even_n1_d8/memory/A1_SMU_SCALAR/trial-0/simulator.log,0,YES,NA,NA,1.1879880087372511e-06,20260811T121310Z_7225d41a_m2-matched-lut-scale-04,16512,144,0,NA,1,33f066a87e3592e55aa4c78bcc583383243061423e6a790856d5b1be7f593fef,/home/wxt/work-online-merge-supplement/work-artifacts/work-online-merge-low-dasm-simulator-5c2aad2-r1/spatz_cluster.vlt,BREAK_EVEN,24,1,1339,NA,NA,PASS,NA,PASS,32,f6b0ba7cd60513e20f6eb4eecef4d2084fc68496c2ef37dee7aa6908083183df,pass,405,131072,0,NA,NA,NA,2026-08-11T12:16:53+00:00,NA,NA,NA,NA,NA,NA,NA,NA,NA,NA,NA,NA,NA,NA,NA,0,NA,Verilator 5.034 2025-02-24 rev v5.034,4f53cda18c2baa0c0354bb5f9a3ecbe5ed12ab4d8e11ba873c2f11161202b945,1,1,13,1,9,0
/home/wxt/work-online-merge-supplement/run-archive/m1-matched-lut-7wqexi/artifacts/work-online-merge-m2-matched-lut-scale-04-r1,8,1,256,NA,1e8857af67c9bc69be3c46483ba1561ab5c2731ba8123fc66224ee61601727c0,2,0.2,256,168,main,break_even_n1_d8,main,120fa0c30199e54e6e9b5c60d8da40913eae8526640992cc5d4f130bef159775,10,/home/wxt/m1-matched-lut.7wqexi/repo/hw/system/spatz_cluster/cfg/spatz_cluster.default.dram.hjson,1459,YES,clang version 14.0.6 (git@github.com:pulp-platform/llvm-project.git b494f2d8dde88723026db8ec16ac6c7ee1e140ca) | Target: riscv32-unknown-unknown-elf | Thread model: posix,7c5a4620dadb3103273be09c35a7430513205e4ed587b4ed4ab28493a93e3533,/home/wxt/m1-matched-lut.7wqexi/repo/install/llvm/bin/clang -DONLINE_MERGE_COUNTER_PROFILE=0 -DONLINE_MERGE_IMPLEMENTATION_SELECT=4 -DONLINE_MERGE_STACK_LOG2=13 -DONLINE_MERGE_TRACE_PROXY=0 -I/home/wxt/m1-matched-lut.7wqexi/repo/sw/spatzBenchmarks/include -I/home/wxt/m1-matched-lut.7wqexi/repo/sw/snRuntime/include -I/home/wxt/m1-matched-lut.7wqexi/repo/sw/snRuntime/vendor -I/home/wxt/m1-matched-lut.7wqexi/repo/sw/snRuntime/../toolchain/riscv-opcodes -I/home/wxt/work-online-merge-supplement/run-archive/m1-matched-lut-7wqexi/artifacts/work-online-merge-m2-matched-lut-scale-04-r1/build/spatzBenchmarks/online_merge_generated/N1_D8_S1_main_R1 -I/home/wxt/m1-matched-lut.7wqexi/repo/sw/spatzBenchmarks/online-softmax-merge  --gcc-toolchain=/home/wxt/m1-matched-lut.7wqexi/repo/install/riscv-gcc --gcc-toolchain=/home/wxt/m1-matched-lut.7wqexi/repo/install/riscv-gcc -mcpu=snitch -mcmodel=small -ffast-math -fno-builtin-printf -fno-common -falign-loops=16 -ffunction-sections -Wextra -static -mllvm -misched-topdown -menable-experimental-extensions -mno-relax -march=rv32imafdvzfh_xdma_xfquarter -mabi=ilp32d -O3 -g -o CMakeFiles/test-spatzBenchmarks-online-softmax-merge-a1.dir/online-softmax-merge/main.c.o -c /home/wxt/m1-matched-lut.7wqexi/repo/sw/spatzBenchmarks/online-softmax-merge/main.c,A1_SMU_SCALAR,NA,memory,NA,NO,NA,NA,NO_EXPLICIT_TRANSFER_PHASE,MAIN_PERFORMANCE,pass,PASS,NA,168,PASS,7225d41ad2d1c63376a9fb1ea4e56b3b24a3e97f,False,A1,0,06d68f478fb0abb6fe7f4d9b035780cd1093ee8d318bcd4dc0009e1e637603f3,main,NA,A1,1483,8.580477502713649e-07,8,1,185.375,1.9073486328125e-06,100000000,1.9073486328125e-06,9.953975677490234e-07,False,PASS,low_perturbation,68c9c6be74bb7a6da0e9c9b6944db3196d6f407dd09cc906a8e41c7498d35b66,16768,0,0,0,8,1,1.0,YES,NA,185.375,0,break_even_n1_d8/memory/A1_SMU_SCALAR/trial-1/simulator.log,0,YES,NA,NA,1.1879880087372511e-06,20260811T121310Z_7225d41a_m2-matched-lut-scale-04,16512,144,0,NA,1,33f066a87e3592e55aa4c78bcc583383243061423e6a790856d5b1be7f593fef,/home/wxt/work-online-merge-supplement/work-artifacts/work-online-merge-low-dasm-simulator-5c2aad2-r1/spatz_cluster.vlt,BREAK_EVEN,24,1,1339,NA,NA,PASS,NA,PASS,32,f6b0ba7cd60513e20f6eb4eecef4d2084fc68496c2ef37dee7aa6908083183df,pass,405,131072,0,NA,NA,NA,2026-08-11T12:17:49+00:00,NA,NA,NA,NA,NA,NA,NA,NA,NA,NA,NA,NA,NA,NA,NA,1,NA,Verilator 5.034 2025-02-24 rev v5.034,4f53cda18c2baa0c0354bb5f9a3ecbe5ed12ab4d8e11ba873c2f11161202b945,1,1,13,1,9,0
/home/wxt/work-online-merge-supplement/run-archive/m1-matched-lut-7wqexi/artifacts/work-online-merge-m2-matched-lut-scale-04-r1,8,1,256,NA,1e8857af67c9bc69be3c46483ba1561ab5c2731ba8123fc66224ee61601727c0,2,0.2,256,168,main,break_even_n1_d8,main,120fa0c30199e54e6e9b5c60d8da40913eae8526640992cc5d4f130bef159775,10,/home/wxt/m1-matched-lut.7wqexi/repo/hw/system/spatz_cluster/cfg/spatz_cluster.default.dram.hjson,1459,YES,clang version 14.0.6 (git@github.com:pulp-platform/llvm-project.git b494f2d8dde88723026db8ec16ac6c7ee1e140ca) | Target: riscv32-unknown-unknown-elf | Thread model: posix,7c5a4620dadb3103273be09c35a7430513205e4ed587b4ed4ab28493a93e3533,/home/wxt/m1-matched-lut.7wqexi/repo/install/llvm/bin/clang -DONLINE_MERGE_COUNTER_PROFILE=0 -DONLINE_MERGE_IMPLEMENTATION_SELECT=4 -DONLINE_MERGE_STACK_LOG2=13 -DONLINE_MERGE_TRACE_PROXY=0 -I/home/wxt/m1-matched-lut.7wqexi/repo/sw/spatzBenchmarks/include -I/home/wxt/m1-matched-lut.7wqexi/repo/sw/snRuntime/include -I/home/wxt/m1-matched-lut.7wqexi/repo/sw/snRuntime/vendor -I/home/wxt/m1-matched-lut.7wqexi/repo/sw/snRuntime/../toolchain/riscv-opcodes -I/home/wxt/work-online-merge-supplement/run-archive/m1-matched-lut-7wqexi/artifacts/work-online-merge-m2-matched-lut-scale-04-r1/build/spatzBenchmarks/online_merge_generated/N1_D8_S1_main_R1 -I/home/wxt/m1-matched-lut.7wqexi/repo/sw/spatzBenchmarks/online-softmax-merge  --gcc-toolchain=/home/wxt/m1-matched-lut.7wqexi/repo/install/riscv-gcc --gcc-toolchain=/home/wxt/m1-matched-lut.7wqexi/repo/install/riscv-gcc -mcpu=snitch -mcmodel=small -ffast-math -fno-builtin-printf -fno-common -falign-loops=16 -ffunction-sections -Wextra -static -mllvm -misched-topdown -menable-experimental-extensions -mno-relax -march=rv32imafdvzfh_xdma_xfquarter -mabi=ilp32d -O3 -g -o CMakeFiles/test-spatzBenchmarks-online-softmax-merge-a1.dir/online-softmax-merge/main.c.o -c /home/wxt/m1-matched-lut.7wqexi/repo/sw/spatzBenchmarks/online-softmax-merge/main.c,A1_SMU_SCALAR,NA,memory,NA,NO,NA,NA,NO_EXPLICIT_TRANSFER_PHASE,MAIN_PERFORMANCE,pass,PASS,NA,168,PASS,7225d41ad2d1c63376a9fb1ea4e56b3b24a3e97f,False,A1,0,06d68f478fb0abb6fe7f4d9b035780cd1093ee8d318bcd4dc0009e1e637603f3,main,NA,A1,1483,8.580477502713649e-07,8,1,185.375,1.9073486328125e-06,100000000,1.9073486328125e-06,9.953975677490234e-07,False,PASS,low_perturbation,68c9c6be74bb7a6da0e9c9b6944db3196d6f407dd09cc906a8e41c7498d35b66,16768,0,0,0,8,1,1.0,YES,NA,185.375,0,break_even_n1_d8/memory/A1_SMU_SCALAR/trial-2/simulator.log,0,YES,NA,NA,1.1879880087372511e-06,20260811T121310Z_7225d41a_m2-matched-lut-scale-04,16512,144,0,NA,1,33f066a87e3592e55aa4c78bcc583383243061423e6a790856d5b1be7f593fef,/home/wxt/work-online-merge-supplement/work-artifacts/work-online-merge-low-dasm-simulator-5c2aad2-r1/spatz_cluster.vlt,BREAK_EVEN,24,1,1339,NA,NA,PASS,NA,PASS,32,f6b0ba7cd60513e20f6eb4eecef4d2084fc68496c2ef37dee7aa6908083183df,pass,405,131072,0,NA,NA,NA,2026-08-11T12:18:47+00:00,NA,NA,NA,NA,NA,NA,NA,NA,NA,NA,NA,NA,NA,NA,NA,2,NA,Verilator 5.034 2025-02-24 rev v5.034,4f53cda18c2baa0c0354bb5f9a3ecbe5ed12ab4d8e11ba873c2f11161202b945,1,1,13,1,9,0
/home/wxt/work-online-merge-supplement/run-archive/m1-matched-lut-7wqexi/artifacts/work-online-merge-m2-matched-lut-scale-04-r1,8,1,256,NA,8be6bbdf1480c809d5f33372ebf0d4cb31e3ad809b92db41d8903076da9e7691,2,0.2,256,168,main,break_even_n1_d8,main,120fa0c30199e54e6e9b5c60d8da40913eae8526640992cc5d4f130bef159775,10,/home/wxt/m1-matched-lut.7wqexi/repo/hw/system/spatz_cluster/cfg/spatz_cluster.default.dram.hjson,1295,YES,clang version 14.0.6 (git@github.com:pulp-platform/llvm-project.git b494f2d8dde88723026db8ec16ac6c7ee1e140ca) | Target: riscv32-unknown-unknown-elf | Thread model: posix,7c5a4620dadb3103273be09c35a7430513205e4ed587b4ed4ab28493a93e3533,/home/wxt/m1-matched-lut.7wqexi/repo/install/llvm/bin/clang -DONLINE_MERGE_COUNTER_PROFILE=0 -DONLINE_MERGE_IMPLEMENTATION_SELECT=3 -DONLINE_MERGE_STACK_LOG2=13 -DONLINE_MERGE_TRACE_PROXY=0 -I/home/wxt/m1-matched-lut.7wqexi/repo/sw/spatzBenchmarks/include -I/home/wxt/m1-matched-lut.7wqexi/repo/sw/snRuntime/include -I/home/wxt/m1-matched-lut.7wqexi/repo/sw/snRuntime/vendor -I/home/wxt/m1-matched-lut.7wqexi/repo/sw/snRuntime/../toolchain/riscv-opcodes -I/home/wxt/work-online-merge-supplement/run-archive/m1-matched-lut-7wqexi/artifacts/work-online-merge-m2-matched-lut-scale-04-r1/build/spatzBenchmarks/online_merge_generated/N1_D8_S1_main_R1 -I/home/wxt/m1-matched-lut.7wqexi/repo/sw/spatzBenchmarks/online-softmax-merge  --gcc-toolchain=/home/wxt/m1-matched-lut.7wqexi/repo/install/riscv-gcc --gcc-toolchain=/home/wxt/m1-matched-lut.7wqexi/repo/install/riscv-gcc -mcpu=snitch -mcmodel=small -ffast-math -fno-builtin-printf -fno-common -falign-loops=16 -ffunction-sections -Wextra -static -mllvm -misched-topdown -menable-experimental-extensions -mno-relax -march=rv32imafdvzfh_xdma_xfquarter -mabi=ilp32d -O3 -g -o CMakeFiles/test-spatzBenchmarks-online-softmax-merge-a2.dir/online-softmax-merge/main.c.o -c /home/wxt/m1-matched-lut.7wqexi/repo/sw/spatzBenchmarks/online-softmax-merge/main.c,A2_SMU_FULL,A2,memory,NA,NO,NA,NA,NO_EXPLICIT_TRANSFER_PHASE,MAIN_PERFORMANCE,pass,PASS,NA,168,PASS,7225d41ad2d1c63376a9fb1ea4e56b3b24a3e97f,False,B3,0,06d68f478fb0abb6fe7f4d9b035780cd1093ee8d318bcd4dc0009e1e637603f3,main,NA,B3,1380,8.487090633924091e-07,8,1,172.5,1.9073486328125e-06,100000000,1.9073486328125e-06,9.834766387939453e-07,False,PASS,low_perturbation,aa0887a2964f40c630f439b04bb3e2ecd0d0d0226311ba9254f482681ffcd351,16768,0,0,0,8,1,1.0,YES,NA,172.5,0,break_even_n1_d8/memory/A2_SMU_FULL/trial-0/simulator.log,0,YES,NA,NA,1.1750583693016338e-06,20260811T121310Z_7225d41a_m2-matched-lut-scale-04,16512,NA,1,NA,1,33f066a87e3592e55aa4c78bcc583383243061423e6a790856d5b1be7f593fef,/home/wxt/work-online-merge-supplement/work-artifacts/work-online-merge-low-dasm-simulator-5c2aad2-r1/spatz_cluster.vlt,BREAK_EVEN,85,1,NA,NA,NA,PASS,NA,PASS,32,84cff9e8a9cebe1c102ae2fad6b67832ffeaf243a0c098eba845a019100615bf,pass,410,131072,0,NA,NA,NA,2026-08-11T12:19:44+00:00,NA,NA,NA,NA,NA,NA,NA,NA,NA,NA,NA,NA,NA,NA,NA,0,NA,Verilator 5.034 2025-02-24 rev v5.034,4f53cda18c2baa0c0354bb5f9a3ecbe5ed12ab4d8e11ba873c2f11161202b945,1,1,13,1,5,65
/home/wxt/work-online-merge-supplement/run-archive/m1-matched-lut-7wqexi/artifacts/work-online-merge-m2-matched-lut-scale-04-r1,8,1,256,NA,8be6bbdf1480c809d5f33372ebf0d4cb31e3ad809b92db41d8903076da9e7691,2,0.2,256,168,main,break_even_n1_d8,main,120fa0c30199e54e6e9b5c60d8da40913eae8526640992cc5d4f130bef159775,10,/home/wxt/m1-matched-lut.7wqexi/repo/hw/system/spatz_cluster/cfg/spatz_cluster.default.dram.hjson,1295,YES,clang version 14.0.6 (git@github.com:pulp-platform/llvm-project.git b494f2d8dde88723026db8ec16ac6c7ee1e140ca) | Target: riscv32-unknown-unknown-elf | Thread model: posix,7c5a4620dadb3103273be09c35a7430513205e4ed587b4ed4ab28493a93e3533,/home/wxt/m1-matched-lut.7wqexi/repo/install/llvm/bin/clang -DONLINE_MERGE_COUNTER_PROFILE=0 -DONLINE_MERGE_IMPLEMENTATION_SELECT=3 -DONLINE_MERGE_STACK_LOG2=13 -DONLINE_MERGE_TRACE_PROXY=0 -I/home/wxt/m1-matched-lut.7wqexi/repo/sw/spatzBenchmarks/include -I/home/wxt/m1-matched-lut.7wqexi/repo/sw/snRuntime/include -I/home/wxt/m1-matched-lut.7wqexi/repo/sw/snRuntime/vendor -I/home/wxt/m1-matched-lut.7wqexi/repo/sw/snRuntime/../toolchain/riscv-opcodes -I/home/wxt/work-online-merge-supplement/run-archive/m1-matched-lut-7wqexi/artifacts/work-online-merge-m2-matched-lut-scale-04-r1/build/spatzBenchmarks/online_merge_generated/N1_D8_S1_main_R1 -I/home/wxt/m1-matched-lut.7wqexi/repo/sw/spatzBenchmarks/online-softmax-merge  --gcc-toolchain=/home/wxt/m1-matched-lut.7wqexi/repo/install/riscv-gcc --gcc-toolchain=/home/wxt/m1-matched-lut.7wqexi/repo/install/riscv-gcc -mcpu=snitch -mcmodel=small -ffast-math -fno-builtin-printf -fno-common -falign-loops=16 -ffunction-sections -Wextra -static -mllvm -misched-topdown -menable-experimental-extensions -mno-relax -march=rv32imafdvzfh_xdma_xfquarter -mabi=ilp32d -O3 -g -o CMakeFiles/test-spatzBenchmarks-online-softmax-merge-a2.dir/online-softmax-merge/main.c.o -c /home/wxt/m1-matched-lut.7wqexi/repo/sw/spatzBenchmarks/online-softmax-merge/main.c,A2_SMU_FULL,A2,memory,NA,NO,NA,NA,NO_EXPLICIT_TRANSFER_PHASE,MAIN_PERFORMANCE,pass,PASS,NA,168,PASS,7225d41ad2d1c63376a9fb1ea4e56b3b24a3e97f,False,B3,0,06d68f478fb0abb6fe7f4d9b035780cd1093ee8d318bcd4dc0009e1e637603f3,main,NA,B3,1380,8.487090633924091e-07,8,1,172.5,1.9073486328125e-06,100000000,1.9073486328125e-06,9.834766387939453e-07,False,PASS,low_perturbation,aa0887a2964f40c630f439b04bb3e2ecd0d0d0226311ba9254f482681ffcd351,16768,0,0,0,8,1,1.0,YES,NA,172.5,0,break_even_n1_d8/memory/A2_SMU_FULL/trial-1/simulator.log,0,YES,NA,NA,1.1750583693016338e-06,20260811T121310Z_7225d41a_m2-matched-lut-scale-04,16512,NA,1,NA,1,33f066a87e3592e55aa4c78bcc583383243061423e6a790856d5b1be7f593fef,/home/wxt/work-online-merge-supplement/work-artifacts/work-online-merge-low-dasm-simulator-5c2aad2-r1/spatz_cluster.vlt,BREAK_EVEN,85,1,NA,NA,NA,PASS,NA,PASS,32,84cff9e8a9cebe1c102ae2fad6b67832ffeaf243a0c098eba845a019100615bf,pass,410,131072,0,NA,NA,NA,2026-08-11T12:20:37+00:00,NA,NA,NA,NA,NA,NA,NA,NA,NA,NA,NA,NA,NA,NA,NA,1,NA,Verilator 5.034 2025-02-24 rev v5.034,4f53cda18c2baa0c0354bb5f9a3ecbe5ed12ab4d8e11ba873c2f11161202b945,1,1,13,1,5,65
/home/wxt/work-online-merge-supplement/run-archive/m1-matched-lut-7wqexi/artifacts/work-online-merge-m2-matched-lut-scale-04-r1,8,1,256,NA,8be6bbdf1480c809d5f33372ebf0d4cb31e3ad809b92db41d8903076da9e7691,2,0.2,256,168,main,break_even_n1_d8,main,120fa0c30199e54e6e9b5c60d8da40913eae8526640992cc5d4f130bef159775,10,/home/wxt/m1-matched-lut.7wqexi/repo/hw/system/spatz_cluster/cfg/spatz_cluster.default.dram.hjson,1295,YES,clang version 14.0.6 (git@github.com:pulp-platform/llvm-project.git b494f2d8dde88723026db8ec16ac6c7ee1e140ca) | Target: riscv32-unknown-unknown-elf | Thread model: posix,7c5a4620dadb3103273be09c35a7430513205e4ed587b4ed4ab28493a93e3533,/home/wxt/m1-matched-lut.7wqexi/repo/install/llvm/bin/clang -DONLINE_MERGE_COUNTER_PROFILE=0 -DONLINE_MERGE_IMPLEMENTATION_SELECT=3 -DONLINE_MERGE_STACK_LOG2=13 -DONLINE_MERGE_TRACE_PROXY=0 -I/home/wxt/m1-matched-lut.7wqexi/repo/sw/spatzBenchmarks/include -I/home/wxt/m1-matched-lut.7wqexi/repo/sw/snRuntime/include -I/home/wxt/m1-matched-lut.7wqexi/repo/sw/snRuntime/vendor -I/home/wxt/m1-matched-lut.7wqexi/repo/sw/snRuntime/../toolchain/riscv-opcodes -I/home/wxt/work-online-merge-supplement/run-archive/m1-matched-lut-7wqexi/artifacts/work-online-merge-m2-matched-lut-scale-04-r1/build/spatzBenchmarks/online_merge_generated/N1_D8_S1_main_R1 -I/home/wxt/m1-matched-lut.7wqexi/repo/sw/spatzBenchmarks/online-softmax-merge  --gcc-toolchain=/home/wxt/m1-matched-lut.7wqexi/repo/install/riscv-gcc --gcc-toolchain=/home/wxt/m1-matched-lut.7wqexi/repo/install/riscv-gcc -mcpu=snitch -mcmodel=small -ffast-math -fno-builtin-printf -fno-common -falign-loops=16 -ffunction-sections -Wextra -static -mllvm -misched-topdown -menable-experimental-extensions -mno-relax -march=rv32imafdvzfh_xdma_xfquarter -mabi=ilp32d -O3 -g -o CMakeFiles/test-spatzBenchmarks-online-softmax-merge-a2.dir/online-softmax-merge/main.c.o -c /home/wxt/m1-matched-lut.7wqexi/repo/sw/spatzBenchmarks/online-softmax-merge/main.c,A2_SMU_FULL,A2,memory,NA,NO,NA,NA,NO_EXPLICIT_TRANSFER_PHASE,MAIN_PERFORMANCE,pass,PASS,NA,168,PASS,7225d41ad2d1c63376a9fb1ea4e56b3b24a3e97f,False,B3,0,06d68f478fb0abb6fe7f4d9b035780cd1093ee8d318bcd4dc0009e1e637603f3,main,NA,B3,1380,8.487090633924091e-07,8,1,172.5,1.9073486328125e-06,100000000,1.9073486328125e-06,9.834766387939453e-07,False,PASS,low_perturbation,aa0887a2964f40c630f439b04bb3e2ecd0d0d0226311ba9254f482681ffcd351,16768,0,0,0,8,1,1.0,YES,NA,172.5,0,break_even_n1_d8/memory/A2_SMU_FULL/trial-2/simulator.log,0,YES,NA,NA,1.1750583693016338e-06,20260811T121310Z_7225d41a_m2-matched-lut-scale-04,16512,NA,1,NA,1,33f066a87e3592e55aa4c78bcc583383243061423e6a790856d5b1be7f593fef,/home/wxt/work-online-merge-supplement/work-artifacts/work-online-merge-low-dasm-simulator-5c2aad2-r1/spatz_cluster.vlt,BREAK_EVEN,85,1,NA,NA,NA,PASS,NA,PASS,32,84cff9e8a9cebe1c102ae2fad6b67832ffeaf243a0c098eba845a019100615bf,pass,410,131072,0,NA,NA,NA,2026-08-11T12:21:34+00:00,NA,NA,NA,NA,NA,NA,NA,NA,NA,NA,NA,NA,NA,NA,NA,2,NA,Verilator 5.034 2025-02-24 rev v5.034,4f53cda18c2baa0c0354bb5f9a3ecbe5ed12ab4d8e11ba873c2f11161202b945,1,1,13,1,5,65
/home/wxt/work-online-merge-supplement/run-archive/m1-matched-lut-7wqexi/artifacts/work-online-merge-m2-matched-lut-scale-04-r1,16,1,512,NA,9f7ee663295f96acba8b571bc29279c5cff5b893bb24ad5a5821f791fdceb3ba,2,0.1111111111111111,512,296,main,break_even_n1_d16,main,120fa0c30199e54e6e9b5c60d8da40913eae8526640992cc5d4f130bef159775,18,/home/wxt/m1-matched-lut.7wqexi/repo/hw/system/spatz_cluster/cfg/spatz_cluster.default.dram.hjson,NA,YES,clang version 14.0.6 (git@github.com:pulp-platform/llvm-project.git b494f2d8dde88723026db8ec16ac6c7ee1e140ca) | Target: riscv32-unknown-unknown-elf | Thread model: posix,9267fb6867f274c2c77640aa3ecdeeffcb7a9649b8bcffde2ec7931591971be8,/home/wxt/m1-matched-lut.7wqexi/repo/install/llvm/bin/clang -DONLINE_MERGE_COUNTER_PROFILE=0 -DONLINE_MERGE_IMPLEMENTATION_SELECT=2 -DONLINE_MERGE_STACK_LOG2=13 -DONLINE_MERGE_TRACE_PROXY=0 -I/home/wxt/m1-matched-lut.7wqexi/repo/sw/spatzBenchmarks/include -I/home/wxt/m1-matched-lut.7wqexi/repo/sw/snRuntime/include -I/home/wxt/m1-matched-lut.7wqexi/repo/sw/snRuntime/vendor -I/home/wxt/m1-matched-lut.7wqexi/repo/sw/snRuntime/../toolchain/riscv-opcodes -I/home/wxt/work-online-merge-supplement/run-archive/m1-matched-lut-7wqexi/artifacts/work-online-merge-m2-matched-lut-scale-04-r1/build/spatzBenchmarks/online_merge_generated/N1_D16_S1_main_R1 -I/home/wxt/m1-matched-lut.7wqexi/repo/sw/spatzBenchmarks/online-softmax-merge  --gcc-toolchain=/home/wxt/m1-matched-lut.7wqexi/repo/install/riscv-gcc -mcpu=snitch -mcmodel=small -ffast-math -fno-builtin-printf -fno-common -falign-loops=16 -ffunction-sections -Wextra -static -mllvm -misched-topdown -menable-experimental-extensions -mno-relax -march=rv32imafdvzfh_xdma_xfquarter -mabi=ilp32d -O3 -g -o CMakeFiles/test-spatzBenchmarks-online-softmax-merge-b2r.dir/online-softmax-merge/main.c.o -c /home/wxt/m1-matched-lut.7wqexi/repo/sw/spatzBenchmarks/online-softmax-merge/main.c,B2R_RVV,A0,memory,1058,YES,12,NA,NO_EXPLICIT_TRANSFER_PHASE,MAIN_PERFORMANCE,pass,PASS,NA,296,NA,7225d41ad2d1c63376a9fb1ea4e56b3b24a3e97f,False,B2-R,0,c3e6a6aee66ec01f6a49129e14ef65fc8b44d0ae8bfe259ce873ee8cddeb0758,main,DASM_MARKER_ENVELOPE_WITNESS,B2-R,1709,1.0458500553287096e-06,16,1,106.8125,1.9073486328125e-06,100000000,1.9073486328125e-06,1.0132789611816406e-06,False,PASS,low_perturbation,0b316472c79643dc8844040842336b9809041deb2278e8ab28d93acb57f1fcae,17024,0,0,0,16,1,1.0,YES,NA,106.8125,0,break_even_n1_d16/memory/B2R_RVV/trial-0/simulator.log,0,YES,NA,NA,1.1537258737053851e-06,20260811T121310Z_7225d41a_m2-matched-lut-scale-04,16512,NA,0,1046,1,33f066a87e3592e55aa4c78bcc583383243061423e6a790856d5b1be7f593fef,/home/wxt/work-online-merge-supplement/work-artifacts/work-online-merge-low-dasm-simulator-5c2aad2-r1/spatz_cluster.vlt,BREAK_EVEN,NA,0,NA,NA,NA,PASS,NA,PASS,64,aa6328177238d386c5c3533b0102ceb3e20b907b14741d8cfe4f2fcd825016ba,pass,138,131072,0,NA,NA,NA,2026-08-11T12:23:34+00:00,break_even_n1_d16/memory/B2R_RVV/trace-witness/instruction_trace_audit.json,218,591,430,12,512,INDEPENDENT_DASM_WITNESS,6,PASS,NA,PASS,361ff71bcc241b448e49ff6d212d06a13a986e2fad861b0aa0b67e40e7a21d68,/home/wxt/work-online-merge-supplement/work-artifacts/work-online-merge-traced-simulator-088a44d-r1/spatz_cluster.vlt,default,0b316472c79643dc8844040842336b9809041deb2278e8ab28d93acb57f1fcae,0,12,Verilator 5.034 2025-02-24 rev v5.034,4f53cda18c2baa0c0354bb5f9a3ecbe5ed12ab4d8e11ba873c2f11161202b945,,,,,,
/home/wxt/work-online-merge-supplement/run-archive/m1-matched-lut-7wqexi/artifacts/work-online-merge-m2-matched-lut-scale-04-r1,16,1,512,NA,9f7ee663295f96acba8b571bc29279c5cff5b893bb24ad5a5821f791fdceb3ba,2,0.1111111111111111,512,296,main,break_even_n1_d16,main,120fa0c30199e54e6e9b5c60d8da40913eae8526640992cc5d4f130bef159775,18,/home/wxt/m1-matched-lut.7wqexi/repo/hw/system/spatz_cluster/cfg/spatz_cluster.default.dram.hjson,NA,YES,clang version 14.0.6 (git@github.com:pulp-platform/llvm-project.git b494f2d8dde88723026db8ec16ac6c7ee1e140ca) | Target: riscv32-unknown-unknown-elf | Thread model: posix,9267fb6867f274c2c77640aa3ecdeeffcb7a9649b8bcffde2ec7931591971be8,/home/wxt/m1-matched-lut.7wqexi/repo/install/llvm/bin/clang -DONLINE_MERGE_COUNTER_PROFILE=0 -DONLINE_MERGE_IMPLEMENTATION_SELECT=2 -DONLINE_MERGE_STACK_LOG2=13 -DONLINE_MERGE_TRACE_PROXY=0 -I/home/wxt/m1-matched-lut.7wqexi/repo/sw/spatzBenchmarks/include -I/home/wxt/m1-matched-lut.7wqexi/repo/sw/snRuntime/include -I/home/wxt/m1-matched-lut.7wqexi/repo/sw/snRuntime/vendor -I/home/wxt/m1-matched-lut.7wqexi/repo/sw/snRuntime/../toolchain/riscv-opcodes -I/home/wxt/work-online-merge-supplement/run-archive/m1-matched-lut-7wqexi/artifacts/work-online-merge-m2-matched-lut-scale-04-r1/build/spatzBenchmarks/online_merge_generated/N1_D16_S1_main_R1 -I/home/wxt/m1-matched-lut.7wqexi/repo/sw/spatzBenchmarks/online-softmax-merge  --gcc-toolchain=/home/wxt/m1-matched-lut.7wqexi/repo/install/riscv-gcc -mcpu=snitch -mcmodel=small -ffast-math -fno-builtin-printf -fno-common -falign-loops=16 -ffunction-sections -Wextra -static -mllvm -misched-topdown -menable-experimental-extensions -mno-relax -march=rv32imafdvzfh_xdma_xfquarter -mabi=ilp32d -O3 -g -o CMakeFiles/test-spatzBenchmarks-online-softmax-merge-b2r.dir/online-softmax-merge/main.c.o -c /home/wxt/m1-matched-lut.7wqexi/repo/sw/spatzBenchmarks/online-softmax-merge/main.c,B2R_RVV,A0,memory,1058,YES,12,NA,NO_EXPLICIT_TRANSFER_PHASE,MAIN_PERFORMANCE,pass,PASS,NA,296,NA,7225d41ad2d1c63376a9fb1ea4e56b3b24a3e97f,False,B2-R,0,c3e6a6aee66ec01f6a49129e14ef65fc8b44d0ae8bfe259ce873ee8cddeb0758,main,DASM_MARKER_ENVELOPE_WITNESS,B2-R,1709,1.0458500553287096e-06,16,1,106.8125,1.9073486328125e-06,100000000,1.9073486328125e-06,1.0132789611816406e-06,False,PASS,low_perturbation,0b316472c79643dc8844040842336b9809041deb2278e8ab28d93acb57f1fcae,17024,0,0,0,16,1,1.0,YES,NA,106.8125,0,break_even_n1_d16/memory/B2R_RVV/trial-1/simulator.log,0,YES,NA,NA,1.1537258737053851e-06,20260811T121310Z_7225d41a_m2-matched-lut-scale-04,16512,NA,0,1046,1,33f066a87e3592e55aa4c78bcc583383243061423e6a790856d5b1be7f593fef,/home/wxt/work-online-merge-supplement/work-artifacts/work-online-merge-low-dasm-simulator-5c2aad2-r1/spatz_cluster.vlt,BREAK_EVEN,NA,0,NA,NA,NA,PASS,NA,PASS,64,aa6328177238d386c5c3533b0102ceb3e20b907b14741d8cfe4f2fcd825016ba,pass,138,131072,0,NA,NA,NA,2026-08-11T12:24:35+00:00,break_even_n1_d16/memory/B2R_RVV/trace-witness/instruction_trace_audit.json,218,591,430,12,512,INDEPENDENT_DASM_WITNESS,6,PASS,NA,PASS,361ff71bcc241b448e49ff6d212d06a13a986e2fad861b0aa0b67e40e7a21d68,/home/wxt/work-online-merge-supplement/work-artifacts/work-online-merge-traced-simulator-088a44d-r1/spatz_cluster.vlt,default,0b316472c79643dc8844040842336b9809041deb2278e8ab28d93acb57f1fcae,1,12,Verilator 5.034 2025-02-24 rev v5.034,4f53cda18c2baa0c0354bb5f9a3ecbe5ed12ab4d8e11ba873c2f11161202b945,,,,,,
/home/wxt/work-online-merge-supplement/run-archive/m1-matched-lut-7wqexi/artifacts/work-online-merge-m2-matched-lut-scale-04-r1,16,1,512,NA,9f7ee663295f96acba8b571bc29279c5cff5b893bb24ad5a5821f791fdceb3ba,2,0.1111111111111111,512,296,main,break_even_n1_d16,main,120fa0c30199e54e6e9b5c60d8da40913eae8526640992cc5d4f130bef159775,18,/home/wxt/m1-matched-lut.7wqexi/repo/hw/system/spatz_cluster/cfg/spatz_cluster.default.dram.hjson,NA,YES,clang version 14.0.6 (git@github.com:pulp-platform/llvm-project.git b494f2d8dde88723026db8ec16ac6c7ee1e140ca) | Target: riscv32-unknown-unknown-elf | Thread model: posix,9267fb6867f274c2c77640aa3ecdeeffcb7a9649b8bcffde2ec7931591971be8,/home/wxt/m1-matched-lut.7wqexi/repo/install/llvm/bin/clang -DONLINE_MERGE_COUNTER_PROFILE=0 -DONLINE_MERGE_IMPLEMENTATION_SELECT=2 -DONLINE_MERGE_STACK_LOG2=13 -DONLINE_MERGE_TRACE_PROXY=0 -I/home/wxt/m1-matched-lut.7wqexi/repo/sw/spatzBenchmarks/include -I/home/wxt/m1-matched-lut.7wqexi/repo/sw/snRuntime/include -I/home/wxt/m1-matched-lut.7wqexi/repo/sw/snRuntime/vendor -I/home/wxt/m1-matched-lut.7wqexi/repo/sw/snRuntime/../toolchain/riscv-opcodes -I/home/wxt/work-online-merge-supplement/run-archive/m1-matched-lut-7wqexi/artifacts/work-online-merge-m2-matched-lut-scale-04-r1/build/spatzBenchmarks/online_merge_generated/N1_D16_S1_main_R1 -I/home/wxt/m1-matched-lut.7wqexi/repo/sw/spatzBenchmarks/online-softmax-merge  --gcc-toolchain=/home/wxt/m1-matched-lut.7wqexi/repo/install/riscv-gcc -mcpu=snitch -mcmodel=small -ffast-math -fno-builtin-printf -fno-common -falign-loops=16 -ffunction-sections -Wextra -static -mllvm -misched-topdown -menable-experimental-extensions -mno-relax -march=rv32imafdvzfh_xdma_xfquarter -mabi=ilp32d -O3 -g -o CMakeFiles/test-spatzBenchmarks-online-softmax-merge-b2r.dir/online-softmax-merge/main.c.o -c /home/wxt/m1-matched-lut.7wqexi/repo/sw/spatzBenchmarks/online-softmax-merge/main.c,B2R_RVV,A0,memory,1058,YES,12,NA,NO_EXPLICIT_TRANSFER_PHASE,MAIN_PERFORMANCE,pass,PASS,NA,296,NA,7225d41ad2d1c63376a9fb1ea4e56b3b24a3e97f,False,B2-R,0,c3e6a6aee66ec01f6a49129e14ef65fc8b44d0ae8bfe259ce873ee8cddeb0758,main,DASM_MARKER_ENVELOPE_WITNESS,B2-R,1709,1.0458500553287096e-06,16,1,106.8125,1.9073486328125e-06,100000000,1.9073486328125e-06,1.0132789611816406e-06,False,PASS,low_perturbation,0b316472c79643dc8844040842336b9809041deb2278e8ab28d93acb57f1fcae,17024,0,0,0,16,1,1.0,YES,NA,106.8125,0,break_even_n1_d16/memory/B2R_RVV/trial-2/simulator.log,0,YES,NA,NA,1.1537258737053851e-06,20260811T121310Z_7225d41a_m2-matched-lut-scale-04,16512,NA,0,1046,1,33f066a87e3592e55aa4c78bcc583383243061423e6a790856d5b1be7f593fef,/home/wxt/work-online-merge-supplement/work-artifacts/work-online-merge-low-dasm-simulator-5c2aad2-r1/spatz_cluster.vlt,BREAK_EVEN,NA,0,NA,NA,NA,PASS,NA,PASS,64,aa6328177238d386c5c3533b0102ceb3e20b907b14741d8cfe4f2fcd825016ba,pass,138,131072,0,NA,NA,NA,2026-08-11T12:25:34+00:00,break_even_n1_d16/memory/B2R_RVV/trace-witness/instruction_trace_audit.json,218,591,430,12,512,INDEPENDENT_DASM_WITNESS,6,PASS,NA,PASS,361ff71bcc241b448e49ff6d212d06a13a986e2fad861b0aa0b67e40e7a21d68,/home/wxt/work-online-merge-supplement/work-artifacts/work-online-merge-traced-simulator-088a44d-r1/spatz_cluster.vlt,default,0b316472c79643dc8844040842336b9809041deb2278e8ab28d93acb57f1fcae,2,12,Verilator 5.034 2025-02-24 rev v5.034,4f53cda18c2baa0c0354bb5f9a3ecbe5ed12ab4d8e11ba873c2f11161202b945,,,,,,
/home/wxt/work-online-merge-supplement/run-archive/m1-matched-lut-7wqexi/artifacts/work-online-merge-m2-matched-lut-scale-04-r1,16,1,512,NA,90f5503fd36d7cea24200c2280150522547a5f4a2e90af30b746ae6fcc497c04,2,0.1111111111111111,512,296,main,break_even_n1_d16,main,120fa0c30199e54e6e9b5c60d8da40913eae8526640992cc5d4f130bef159775,18,/home/wxt/m1-matched-lut.7wqexi/repo/hw/system/spatz_cluster/cfg/spatz_cluster.default.dram.hjson,1516,YES,clang version 14.0.6 (git@github.com:pulp-platform/llvm-project.git b494f2d8dde88723026db8ec16ac6c7ee1e140ca) | Target: riscv32-unknown-unknown-elf | Thread model: posix,9267fb6867f274c2c77640aa3ecdeeffcb7a9649b8bcffde2ec7931591971be8,/home/wxt/m1-matched-lut.7wqexi/repo/install/llvm/bin/clang -DONLINE_MERGE_COUNTER_PROFILE=0 -DONLINE_MERGE_IMPLEMENTATION_SELECT=4 -DONLINE_MERGE_STACK_LOG2=13 -DONLINE_MERGE_TRACE_PROXY=0 -I/home/wxt/m1-matched-lut.7wqexi/repo/sw/spatzBenchmarks/include -I/home/wxt/m1-matched-lut.7wqexi/repo/sw/snRuntime/include -I/home/wxt/m1-matched-lut.7wqexi/repo/sw/snRuntime/vendor -I/home/wxt/m1-matched-lut.7wqexi/repo/sw/snRuntime/../toolchain/riscv-opcodes -I/home/wxt/work-online-merge-supplement/run-archive/m1-matched-lut-7wqexi/artifacts/work-online-merge-m2-matched-lut-scale-04-r1/build/spatzBenchmarks/online_merge_generated/N1_D16_S1_main_R1 -I/home/wxt/m1-matched-lut.7wqexi/repo/sw/spatzBenchmarks/online-softmax-merge  --gcc-toolchain=/home/wxt/m1-matched-lut.7wqexi/repo/install/riscv-gcc -mcpu=snitch -mcmodel=small -ffast-math -fno-builtin-printf -fno-common -falign-loops=16 -ffunction-sections -Wextra -static -mllvm -misched-topdown -menable-experimental-extensions -mno-relax -march=rv32imafdvzfh_xdma_xfquarter -mabi=ilp32d -O3 -g -o CMakeFiles/test-spatzBenchmarks-online-softmax-merge-a1.dir/online-softmax-merge/main.c.o -c /home/wxt/m1-matched-lut.7wqexi/repo/sw/spatzBenchmarks/online-softmax-merge/main.c,A1_SMU_SCALAR,NA,memory,NA,NO,NA,NA,NO_EXPLICIT_TRANSFER_PHASE,MAIN_PERFORMANCE,pass,PASS,NA,296,PASS,7225d41ad2d1c63376a9fb1ea4e56b3b24a3e97f,False,A1,0,c3e6a6aee66ec01f6a49129e14ef65fc8b44d0ae8bfe259ce873ee8cddeb0758,main,NA,A1,1540,1.0458500553287096e-06,16,1,96.25,1.9073486328125e-06,100000000,1.9073486328125e-06,1.0132789611816406e-06,False,PASS,low_perturbation,275e2b41b035fe549f0f6e133ff3ed55e13ce93e8866318f9b262315eea07d39,17024,0,0,0,16,1,1.0,YES,NA,96.25,0,break_even_n1_d16/memory/A1_SMU_SCALAR/trial-0/simulator.log,0,YES,NA,NA,1.1537258737053851e-06,20260811T121310Z_7225d41a_m2-matched-lut-scale-04,16512,174,0,NA,1,33f066a87e3592e55aa4c78bcc583383243061423e6a790856d5b1be7f593fef,/home/wxt/work-online-merge-supplement/work-artifacts/work-online-merge-low-dasm-simulator-5c2aad2-r1/spatz_cluster.vlt,BREAK_EVEN,24,1,1366,NA,NA,PASS,NA,PASS,64,1d18c3341d8ad595b2241b3be754dbc16a6d9dbcff3c85ebbf8e85aa88edfca4,pass,417,131072,0,NA,NA,NA,2026-08-11T12:26:31+00:00,NA,NA,NA,NA,NA,NA,NA,NA,NA,NA,NA,NA,NA,NA,NA,0,NA,Verilator 5.034 2025-02-24 rev v5.034,4f53cda18c2baa0c0354bb5f9a3ecbe5ed12ab4d8e11ba873c2f11161202b945,1,1,13,1,9,0
/home/wxt/work-online-merge-supplement/run-archive/m1-matched-lut-7wqexi/artifacts/work-online-merge-m2-matched-lut-scale-04-r1,16,1,512,NA,90f5503fd36d7cea24200c2280150522547a5f4a2e90af30b746ae6fcc497c04,2,0.1111111111111111,512,296,main,break_even_n1_d16,main,120fa0c30199e54e6e9b5c60d8da40913eae8526640992cc5d4f130bef159775,18,/home/wxt/m1-matched-lut.7wqexi/repo/hw/system/spatz_cluster/cfg/spatz_cluster.default.dram.hjson,1516,YES,clang version 14.0.6 (git@github.com:pulp-platform/llvm-project.git b494f2d8dde88723026db8ec16ac6c7ee1e140ca) | Target: riscv32-unknown-unknown-elf | Thread model: posix,9267fb6867f274c2c77640aa3ecdeeffcb7a9649b8bcffde2ec7931591971be8,/home/wxt/m1-matched-lut.7wqexi/repo/install/llvm/bin/clang -DONLINE_MERGE_COUNTER_PROFILE=0 -DONLINE_MERGE_IMPLEMENTATION_SELECT=4 -DONLINE_MERGE_STACK_LOG2=13 -DONLINE_MERGE_TRACE_PROXY=0 -I/home/wxt/m1-matched-lut.7wqexi/repo/sw/spatzBenchmarks/include -I/home/wxt/m1-matched-lut.7wqexi/repo/sw/snRuntime/include -I/home/wxt/m1-matched-lut.7wqexi/repo/sw/snRuntime/vendor -I/home/wxt/m1-matched-lut.7wqexi/repo/sw/snRuntime/../toolchain/riscv-opcodes -I/home/wxt/work-online-merge-supplement/run-archive/m1-matched-lut-7wqexi/artifacts/work-online-merge-m2-matched-lut-scale-04-r1/build/spatzBenchmarks/online_merge_generated/N1_D16_S1_main_R1 -I/home/wxt/m1-matched-lut.7wqexi/repo/sw/spatzBenchmarks/online-softmax-merge  --gcc-toolchain=/home/wxt/m1-matched-lut.7wqexi/repo/install/riscv-gcc -mcpu=snitch -mcmodel=small -ffast-math -fno-builtin-printf -fno-common -falign-loops=16 -ffunction-sections -Wextra -static -mllvm -misched-topdown -menable-experimental-extensions -mno-relax -march=rv32imafdvzfh_xdma_xfquarter -mabi=ilp32d -O3 -g -o CMakeFiles/test-spatzBenchmarks-online-softmax-merge-a1.dir/online-softmax-merge/main.c.o -c /home/wxt/m1-matched-lut.7wqexi/repo/sw/spatzBenchmarks/online-softmax-merge/main.c,A1_SMU_SCALAR,NA,memory,NA,NO,NA,NA,NO_EXPLICIT_TRANSFER_PHASE,MAIN_PERFORMANCE,pass,PASS,NA,296,PASS,7225d41ad2d1c63376a9fb1ea4e56b3b24a3e97f,False,A1,0,c3e6a6aee66ec01f6a49129e14ef65fc8b44d0ae8bfe259ce873ee8cddeb0758,main,NA,A1,1540,1.0458500553287096e-06,16,1,96.25,1.9073486328125e-06,100000000,1.9073486328125e-06,1.0132789611816406e-06,False,PASS,low_perturbation,275e2b41b035fe549f0f6e133ff3ed55e13ce93e8866318f9b262315eea07d39,17024,0,0,0,16,1,1.0,YES,NA,96.25,0,break_even_n1_d16/memory/A1_SMU_SCALAR/trial-1/simulator.log,0,YES,NA,NA,1.1537258737053851e-06,20260811T121310Z_7225d41a_m2-matched-lut-scale-04,16512,174,0,NA,1,33f066a87e3592e55aa4c78bcc583383243061423e6a790856d5b1be7f593fef,/home/wxt/work-online-merge-supplement/work-artifacts/work-online-merge-low-dasm-simulator-5c2aad2-r1/spatz_cluster.vlt,BREAK_EVEN,24,1,1366,NA,NA,PASS,NA,PASS,64,1d18c3341d8ad595b2241b3be754dbc16a6d9dbcff3c85ebbf8e85aa88edfca4,pass,417,131072,0,NA,NA,NA,2026-08-11T12:27:28+00:00,NA,NA,NA,NA,NA,NA,NA,NA,NA,NA,NA,NA,NA,NA,NA,1,NA,Verilator 5.034 2025-02-24 rev v5.034,4f53cda18c2baa0c0354bb5f9a3ecbe5ed12ab4d8e11ba873c2f11161202b945,1,1,13,1,9,0
/home/wxt/work-online-merge-supplement/run-archive/m1-matched-lut-7wqexi/artifacts/work-online-merge-m2-matched-lut-scale-04-r1,16,1,512,NA,90f5503fd36d7cea24200c2280150522547a5f4a2e90af30b746ae6fcc497c04,2,0.1111111111111111,512,296,main,break_even_n1_d16,main,120fa0c30199e54e6e9b5c60d8da40913eae8526640992cc5d4f130bef159775,18,/home/wxt/m1-matched-lut.7wqexi/repo/hw/system/spatz_cluster/cfg/spatz_cluster.default.dram.hjson,1516,YES,clang version 14.0.6 (git@github.com:pulp-platform/llvm-project.git b494f2d8dde88723026db8ec16ac6c7ee1e140ca) | Target: riscv32-unknown-unknown-elf | Thread model: posix,9267fb6867f274c2c77640aa3ecdeeffcb7a9649b8bcffde2ec7931591971be8,/home/wxt/m1-matched-lut.7wqexi/repo/install/llvm/bin/clang -DONLINE_MERGE_COUNTER_PROFILE=0 -DONLINE_MERGE_IMPLEMENTATION_SELECT=4 -DONLINE_MERGE_STACK_LOG2=13 -DONLINE_MERGE_TRACE_PROXY=0 -I/home/wxt/m1-matched-lut.7wqexi/repo/sw/spatzBenchmarks/include -I/home/wxt/m1-matched-lut.7wqexi/repo/sw/snRuntime/include -I/home/wxt/m1-matched-lut.7wqexi/repo/sw/snRuntime/vendor -I/home/wxt/m1-matched-lut.7wqexi/repo/sw/snRuntime/../toolchain/riscv-opcodes -I/home/wxt/work-online-merge-supplement/run-archive/m1-matched-lut-7wqexi/artifacts/work-online-merge-m2-matched-lut-scale-04-r1/build/spatzBenchmarks/online_merge_generated/N1_D16_S1_main_R1 -I/home/wxt/m1-matched-lut.7wqexi/repo/sw/spatzBenchmarks/online-softmax-merge  --gcc-toolchain=/home/wxt/m1-matched-lut.7wqexi/repo/install/riscv-gcc -mcpu=snitch -mcmodel=small -ffast-math -fno-builtin-printf -fno-common -falign-loops=16 -ffunction-sections -Wextra -static -mllvm -misched-topdown -menable-experimental-extensions -mno-relax -march=rv32imafdvzfh_xdma_xfquarter -mabi=ilp32d -O3 -g -o CMakeFiles/test-spatzBenchmarks-online-softmax-merge-a1.dir/online-softmax-merge/main.c.o -c /home/wxt/m1-matched-lut.7wqexi/repo/sw/spatzBenchmarks/online-softmax-merge/main.c,A1_SMU_SCALAR,NA,memory,NA,NO,NA,NA,NO_EXPLICIT_TRANSFER_PHASE,MAIN_PERFORMANCE,pass,PASS,NA,296,PASS,7225d41ad2d1c63376a9fb1ea4e56b3b24a3e97f,False,A1,0,c3e6a6aee66ec01f6a49129e14ef65fc8b44d0ae8bfe259ce873ee8cddeb0758,main,NA,A1,1540,1.0458500553287096e-06,16,1,96.25,1.9073486328125e-06,100000000,1.9073486328125e-06,1.0132789611816406e-06,False,PASS,low_perturbation,275e2b41b035fe549f0f6e133ff3ed55e13ce93e8866318f9b262315eea07d39,17024,0,0,0,16,1,1.0,YES,NA,96.25,0,break_even_n1_d16/memory/A1_SMU_SCALAR/trial-2/simulator.log,0,YES,NA,NA,1.1537258737053851e-06,20260811T121310Z_7225d41a_m2-matched-lut-scale-04,16512,174,0,NA,1,33f066a87e3592e55aa4c78bcc583383243061423e6a790856d5b1be7f593fef,/home/wxt/work-online-merge-supplement/work-artifacts/work-online-merge-low-dasm-simulator-5c2aad2-r1/spatz_cluster.vlt,BREAK_EVEN,24,1,1366,NA,NA,PASS,NA,PASS,64,1d18c3341d8ad595b2241b3be754dbc16a6d9dbcff3c85ebbf8e85aa88edfca4,pass,417,131072,0,NA,NA,NA,2026-08-11T12:28:32+00:00,NA,NA,NA,NA,NA,NA,NA,NA,NA,NA,NA,NA,NA,NA,NA,2,NA,Verilator 5.034 2025-02-24 rev v5.034,4f53cda18c2baa0c0354bb5f9a3ecbe5ed12ab4d8e11ba873c2f11161202b945,1,1,13,1,9,0
/home/wxt/work-online-merge-supplement/run-archive/m1-matched-lut-7wqexi/artifacts/work-online-merge-m2-matched-lut-scale-04-r1,16,1,512,NA,891c0cdc46b3e3c6be1c4de00b07940b3e93e34676a02048d9534ff1bf1f5e6f,2,0.1111111111111111,512,296,main,break_even_n1_d16,main,120fa0c30199e54e6e9b5c60d8da40913eae8526640992cc5d4f130bef159775,18,/home/wxt/m1-matched-lut.7wqexi/repo/hw/system/spatz_cluster/cfg/spatz_cluster.default.dram.hjson,1284,YES,clang version 14.0.6 (git@github.com:pulp-platform/llvm-project.git b494f2d8dde88723026db8ec16ac6c7ee1e140ca) | Target: riscv32-unknown-unknown-elf | Thread model: posix,9267fb6867f274c2c77640aa3ecdeeffcb7a9649b8bcffde2ec7931591971be8,/home/wxt/m1-matched-lut.7wqexi/repo/install/llvm/bin/clang -DONLINE_MERGE_COUNTER_PROFILE=0 -DONLINE_MERGE_IMPLEMENTATION_SELECT=3 -DONLINE_MERGE_STACK_LOG2=13 -DONLINE_MERGE_TRACE_PROXY=0 -I/home/wxt/m1-matched-lut.7wqexi/repo/sw/spatzBenchmarks/include -I/home/wxt/m1-matched-lut.7wqexi/repo/sw/snRuntime/include -I/home/wxt/m1-matched-lut.7wqexi/repo/sw/snRuntime/vendor -I/home/wxt/m1-matched-lut.7wqexi/repo/sw/snRuntime/../toolchain/riscv-opcodes -I/home/wxt/work-online-merge-supplement/run-archive/m1-matched-lut-7wqexi/artifacts/work-online-merge-m2-matched-lut-scale-04-r1/build/spatzBenchmarks/online_merge_generated/N1_D16_S1_main_R1 -I/home/wxt/m1-matched-lut.7wqexi/repo/sw/spatzBenchmarks/online-softmax-merge  --gcc-toolchain=/home/wxt/m1-matched-lut.7wqexi/repo/install/riscv-gcc -mcpu=snitch -mcmodel=small -ffast-math -fno-builtin-printf -fno-common -falign-loops=16 -ffunction-sections -Wextra -static -mllvm -misched-topdown -menable-experimental-extensions -mno-relax -march=rv32imafdvzfh_xdma_xfquarter -mabi=ilp32d -O3 -g -o CMakeFiles/test-spatzBenchmarks-online-softmax-merge-a2.dir/online-softmax-merge/main.c.o -c /home/wxt/m1-matched-lut.7wqexi/repo/sw/spatzBenchmarks/online-softmax-merge/main.c,A2_SMU_FULL,A2,memory,NA,NO,NA,NA,NO_EXPLICIT_TRANSFER_PHASE,MAIN_PERFORMANCE,pass,PASS,NA,296,PASS,7225d41ad2d1c63376a9fb1ea4e56b3b24a3e97f,False,B3,0,c3e6a6aee66ec01f6a49129e14ef65fc8b44d0ae8bfe259ce873ee8cddeb0758,main,NA,B3,1433,1.0384381733662242e-06,16,1,89.5625,1.9073486328125e-06,100000000,1.9073486328125e-06,1.0050005382961697e-06,False,PASS,low_perturbation,d80554939dc33afb66c8175451433389f16d64ab1b6ff2b9ad9b54fe7ca298d1,17024,0,0,0,16,1,1.0,YES,NA,89.5625,0,break_even_n1_d16/memory/A2_SMU_FULL/trial-0/simulator.log,0,YES,NA,NA,1.1455494817365747e-06,20260811T121310Z_7225d41a_m2-matched-lut-scale-04,16512,NA,1,NA,1,33f066a87e3592e55aa4c78bcc583383243061423e6a790856d5b1be7f593fef,/home/wxt/work-online-merge-supplement/work-artifacts/work-online-merge-low-dasm-simulator-5c2aad2-r1/spatz_cluster.vlt,BREAK_EVEN,149,1,NA,NA,NA,PASS,NA,PASS,64,9c9b5ec55e618c54565586d63c300aa5436180913e74dcf4590e521a7964f131,pass,446,131072,1,NA,NA,NA,2026-08-11T12:29:34+00:00,NA,NA,NA,NA,NA,NA,NA,NA,NA,NA,NA,NA,NA,NA,NA,0,NA,Verilator 5.034 2025-02-24 rev v5.034,4f53cda18c2baa0c0354bb5f9a3ecbe5ed12ab4d8e11ba873c2f11161202b945,1,1,13,1,5,129
/home/wxt/work-online-merge-supplement/run-archive/m1-matched-lut-7wqexi/artifacts/work-online-merge-m2-matched-lut-scale-04-r1,16,1,512,NA,891c0cdc46b3e3c6be1c4de00b07940b3e93e34676a02048d9534ff1bf1f5e6f,2,0.1111111111111111,512,296,main,break_even_n1_d16,main,120fa0c30199e54e6e9b5c60d8da40913eae8526640992cc5d4f130bef159775,18,/home/wxt/m1-matched-lut.7wqexi/repo/hw/system/spatz_cluster/cfg/spatz_cluster.default.dram.hjson,1284,YES,clang version 14.0.6 (git@github.com:pulp-platform/llvm-project.git b494f2d8dde88723026db8ec16ac6c7ee1e140ca) | Target: riscv32-unknown-unknown-elf | Thread model: posix,9267fb6867f274c2c77640aa3ecdeeffcb7a9649b8bcffde2ec7931591971be8,/home/wxt/m1-matched-lut.7wqexi/repo/install/llvm/bin/clang -DONLINE_MERGE_COUNTER_PROFILE=0 -DONLINE_MERGE_IMPLEMENTATION_SELECT=3 -DONLINE_MERGE_STACK_LOG2=13 -DONLINE_MERGE_TRACE_PROXY=0 -I/home/wxt/m1-matched-lut.7wqexi/repo/sw/spatzBenchmarks/include -I/home/wxt/m1-matched-lut.7wqexi/repo/sw/snRuntime/include -I/home/wxt/m1-matched-lut.7wqexi/repo/sw/snRuntime/vendor -I/home/wxt/m1-matched-lut.7wqexi/repo/sw/snRuntime/../toolchain/riscv-opcodes -I/home/wxt/work-online-merge-supplement/run-archive/m1-matched-lut-7wqexi/artifacts/work-online-merge-m2-matched-lut-scale-04-r1/build/spatzBenchmarks/online_merge_generated/N1_D16_S1_main_R1 -I/home/wxt/m1-matched-lut.7wqexi/repo/sw/spatzBenchmarks/online-softmax-merge  --gcc-toolchain=/home/wxt/m1-matched-lut.7wqexi/repo/install/riscv-gcc -mcpu=snitch -mcmodel=small -ffast-math -fno-builtin-printf -fno-common -falign-loops=16 -ffunction-sections -Wextra -static -mllvm -misched-topdown -menable-experimental-extensions -mno-relax -march=rv32imafdvzfh_xdma_xfquarter -mabi=ilp32d -O3 -g -o CMakeFiles/test-spatzBenchmarks-online-softmax-merge-a2.dir/online-softmax-merge/main.c.o -c /home/wxt/m1-matched-lut.7wqexi/repo/sw/spatzBenchmarks/online-softmax-merge/main.c,A2_SMU_FULL,A2,memory,NA,NO,NA,NA,NO_EXPLICIT_TRANSFER_PHASE,MAIN_PERFORMANCE,pass,PASS,NA,296,PASS,7225d41ad2d1c63376a9fb1ea4e56b3b24a3e97f,False,B3,0,c3e6a6aee66ec01f6a49129e14ef65fc8b44d0ae8bfe259ce873ee8cddeb0758,main,NA,B3,1433,1.0384381733662242e-06,16,1,89.5625,1.9073486328125e-06,100000000,1.9073486328125e-06,1.0050005382961697e-06,False,PASS,low_perturbation,d80554939dc33afb66c8175451433389f16d64ab1b6ff2b9ad9b54fe7ca298d1,17024,0,0,0,16,1,1.0,YES,NA,89.5625,0,break_even_n1_d16/memory/A2_SMU_FULL/trial-1/simulator.log,0,YES,NA,NA,1.1455494817365747e-06,20260811T121310Z_7225d41a_m2-matched-lut-scale-04,16512,NA,1,NA,1,33f066a87e3592e55aa4c78bcc583383243061423e6a790856d5b1be7f593fef,/home/wxt/work-online-merge-supplement/work-artifacts/work-online-merge-low-dasm-simulator-5c2aad2-r1/spatz_cluster.vlt,BREAK_EVEN,149,1,NA,NA,NA,PASS,NA,PASS,64,9c9b5ec55e618c54565586d63c300aa5436180913e74dcf4590e521a7964f131,pass,446,131072,1,NA,NA,NA,2026-08-11T12:30:36+00:00,NA,NA,NA,NA,NA,NA,NA,NA,NA,NA,NA,NA,NA,NA,NA,1,NA,Verilator 5.034 2025-02-24 rev v5.034,4f53cda18c2baa0c0354bb5f9a3ecbe5ed12ab4d8e11ba873c2f11161202b945,1,1,13,1,5,129
/home/wxt/work-online-merge-supplement/run-archive/m1-matched-lut-7wqexi/artifacts/work-online-merge-m2-matched-lut-scale-04-r1,16,1,512,NA,891c0cdc46b3e3c6be1c4de00b07940b3e93e34676a02048d9534ff1bf1f5e6f,2,0.1111111111111111,512,296,main,break_even_n1_d16,main,120fa0c30199e54e6e9b5c60d8da40913eae8526640992cc5d4f130bef159775,18,/home/wxt/m1-matched-lut.7wqexi/repo/hw/system/spatz_cluster/cfg/spatz_cluster.default.dram.hjson,1284,YES,clang version 14.0.6 (git@github.com:pulp-platform/llvm-project.git b494f2d8dde88723026db8ec16ac6c7ee1e140ca) | Target: riscv32-unknown-unknown-elf | Thread model: posix,9267fb6867f274c2c77640aa3ecdeeffcb7a9649b8bcffde2ec7931591971be8,/home/wxt/m1-matched-lut.7wqexi/repo/install/llvm/bin/clang -DONLINE_MERGE_COUNTER_PROFILE=0 -DONLINE_MERGE_IMPLEMENTATION_SELECT=3 -DONLINE_MERGE_STACK_LOG2=13 -DONLINE_MERGE_TRACE_PROXY=0 -I/home/wxt/m1-matched-lut.7wqexi/repo/sw/spatzBenchmarks/include -I/home/wxt/m1-matched-lut.7wqexi/repo/sw/snRuntime/include -I/home/wxt/m1-matched-lut.7wqexi/repo/sw/snRuntime/vendor -I/home/wxt/m1-matched-lut.7wqexi/repo/sw/snRuntime/../toolchain/riscv-opcodes -I/home/wxt/work-online-merge-supplement/run-archive/m1-matched-lut-7wqexi/artifacts/work-online-merge-m2-matched-lut-scale-04-r1/build/spatzBenchmarks/online_merge_generated/N1_D16_S1_main_R1 -I/home/wxt/m1-matched-lut.7wqexi/repo/sw/spatzBenchmarks/online-softmax-merge  --gcc-toolchain=/home/wxt/m1-matched-lut.7wqexi/repo/install/riscv-gcc -mcpu=snitch -mcmodel=small -ffast-math -fno-builtin-printf -fno-common -falign-loops=16 -ffunction-sections -Wextra -static -mllvm -misched-topdown -menable-experimental-extensions -mno-relax -march=rv32imafdvzfh_xdma_xfquarter -mabi=ilp32d -O3 -g -o CMakeFiles/test-spatzBenchmarks-online-softmax-merge-a2.dir/online-softmax-merge/main.c.o -c /home/wxt/m1-matched-lut.7wqexi/repo/sw/spatzBenchmarks/online-softmax-merge/main.c,A2_SMU_FULL,A2,memory,NA,NO,NA,NA,NO_EXPLICIT_TRANSFER_PHASE,MAIN_PERFORMANCE,pass,PASS,NA,296,PASS,7225d41ad2d1c63376a9fb1ea4e56b3b24a3e97f,False,B3,0,c3e6a6aee66ec01f6a49129e14ef65fc8b44d0ae8bfe259ce873ee8cddeb0758,main,NA,B3,1433,1.0384381733662242e-06,16,1,89.5625,1.9073486328125e-06,100000000,1.9073486328125e-06,1.0050005382961697e-06,False,PASS,low_perturbation,d80554939dc33afb66c8175451433389f16d64ab1b6ff2b9ad9b54fe7ca298d1,17024,0,0,0,16,1,1.0,YES,NA,89.5625,0,break_even_n1_d16/memory/A2_SMU_FULL/trial-2/simulator.log,0,YES,NA,NA,1.1455494817365747e-06,20260811T121310Z_7225d41a_m2-matched-lut-scale-04,16512,NA,1,NA,1,33f066a87e3592e55aa4c78bcc583383243061423e6a790856d5b1be7f593fef,/home/wxt/work-online-merge-supplement/work-artifacts/work-online-merge-low-dasm-simulator-5c2aad2-r1/spatz_cluster.vlt,BREAK_EVEN,149,1,NA,NA,NA,PASS,NA,PASS,64,9c9b5ec55e618c54565586d63c300aa5436180913e74dcf4590e521a7964f131,pass,446,131072,1,NA,NA,NA,2026-08-11T12:31:35+00:00,NA,NA,NA,NA,NA,NA,NA,NA,NA,NA,NA,NA,NA,NA,NA,2,NA,Verilator 5.034 2025-02-24 rev v5.034,4f53cda18c2baa0c0354bb5f9a3ecbe5ed12ab4d8e11ba873c2f11161202b945,1,1,13,1,5,129
/home/wxt/work-online-merge-supplement/run-archive/m1-matched-lut-7wqexi/artifacts/work-online-merge-m2-matched-lut-scale-04-r1,32,1,768,NA,a80c21acad4b427668b477eb202e664895b45bf64cc9045ce8d724e8ee38e059,2,0.058823529411764705,768,552,main,break_even_n1_d32,main,120fa0c30199e54e6e9b5c60d8da40913eae8526640992cc5d4f130bef159775,34,/home/wxt/m1-matched-lut.7wqexi/repo/hw/system/spatz_cluster/cfg/spatz_cluster.default.dram.hjson,NA,YES,clang version 14.0.6 (git@github.com:pulp-platform/llvm-project.git b494f2d8dde88723026db8ec16ac6c7ee1e140ca) | Target: riscv32-unknown-unknown-elf | Thread model: posix,a9b80282e1547aa4c738ca179fc5e2d2cebda2be753b8292f3e453c8c2e0d653,/home/wxt/m1-matched-lut.7wqexi/repo/install/llvm/bin/clang -DONLINE_MERGE_COUNTER_PROFILE=0 -DONLINE_MERGE_IMPLEMENTATION_SELECT=2 -DONLINE_MERGE_STACK_LOG2=13 -DONLINE_MERGE_TRACE_PROXY=0 -I/home/wxt/m1-matched-lut.7wqexi/repo/sw/spatzBenchmarks/include -I/home/wxt/m1-matched-lut.7wqexi/repo/sw/snRuntime/include -I/home/wxt/m1-matched-lut.7wqexi/repo/sw/snRuntime/vendor -I/home/wxt/m1-matched-lut.7wqexi/repo/sw/snRuntime/../toolchain/riscv-opcodes -I/home/wxt/work-online-merge-supplement/run-archive/m1-matched-lut-7wqexi/artifacts/work-online-merge-m2-matched-lut-scale-04-r1/build/spatzBenchmarks/online_merge_generated/N1_D32_S1_main_R1 -I/home/wxt/m1-matched-lut.7wqexi/repo/sw/spatzBenchmarks/online-softmax-merge  --gcc-toolchain=/home/wxt/m1-matched-lut.7wqexi/repo/install/riscv-gcc -mcpu=snitch -mcmodel=small -ffast-math -fno-builtin-printf -fno-common -falign-loops=16 -ffunction-sections -Wextra -static -mllvm -misched-topdown -menable-experimental-extensions -mno-relax -march=rv32imafdvzfh_xdma_xfquarter -mabi=ilp32d -O3 -g -o CMakeFiles/test-spatzBenchmarks-online-softmax-merge-b2r.dir/online-softmax-merge/main.c.o -c /home/wxt/m1-matched-lut.7wqexi/repo/sw/spatzBenchmarks/online-softmax-merge/main.c,B2R_RVV,A0,memory,1092,YES,24,NA,NO_EXPLICIT_TRANSFER_PHASE,MAIN_PERFORMANCE,pass,PASS,NA,552,NA,7225d41ad2d1c63376a9fb1ea4e56b3b24a3e97f,False,B2-R,0,de9631aea65ed083a3ed77c2c76cdfbab767c09868e8093506d96898e6e75934,main,DASM_MARKER_ENVELOPE_WITNESS,B2-R,1728,1.2327408897041608e-06,32,1,54.0,1.9073486328125e-06,100000000,1.9073486328125e-06,9.374583468717688e-07,False,PASS,low_perturbation,3cb4e95962a9cdfe733cb046d5d826cbe19300f50af4679885af60a1e28ffa5e,17280,0,0,0,32,1,1.0,YES,NA,54.0,0,break_even_n1_d32/memory/B2R_RVV/trial-0/simulator.log,0,YES,NA,NA,1.0821009324395953e-06,20260811T121310Z_7225d41a_m2-matched-lut-scale-04,16512,NA,0,1068,1,33f066a87e3592e55aa4c78bcc583383243061423e6a790856d5b1be7f593fef,/home/wxt/work-online-merge-supplement/work-artifacts/work-online-merge-low-dasm-simulator-5c2aad2-r1/spatz_cluster.vlt,BREAK_EVEN,NA,0,NA,NA,NA,PASS,NA,PASS,128,725b7a75ab2a5a70d0b77b293da78ab3d1e9234b79947f317f617c037ab93f15,pass,162,131072,0,NA,NA,NA,2026-08-11T12:33:51+00:00,break_even_n1_d32/memory/B2R_RVV/trace-witness/instruction_trace_audit.json,218,595,433,24,512,INDEPENDENT_DASM_WITNESS,6,PASS,NA,PASS,361ff71bcc241b448e49ff6d212d06a13a986e2fad861b0aa0b67e40e7a21d68,/home/wxt/work-online-merge-supplement/work-artifacts/work-online-merge-traced-simulator-088a44d-r1/spatz_cluster.vlt,default,3cb4e95962a9cdfe733cb046d5d826cbe19300f50af4679885af60a1e28ffa5e,0,24,Verilator 5.034 2025-02-24 rev v5.034,4f53cda18c2baa0c0354bb5f9a3ecbe5ed12ab4d8e11ba873c2f11161202b945,,,,,,
/home/wxt/work-online-merge-supplement/run-archive/m1-matched-lut-7wqexi/artifacts/work-online-merge-m2-matched-lut-scale-04-r1,32,1,768,NA,a80c21acad4b427668b477eb202e664895b45bf64cc9045ce8d724e8ee38e059,2,0.058823529411764705,768,552,main,break_even_n1_d32,main,120fa0c30199e54e6e9b5c60d8da40913eae8526640992cc5d4f130bef159775,34,/home/wxt/m1-matched-lut.7wqexi/repo/hw/system/spatz_cluster/cfg/spatz_cluster.default.dram.hjson,NA,YES,clang version 14.0.6 (git@github.com:pulp-platform/llvm-project.git b494f2d8dde88723026db8ec16ac6c7ee1e140ca) | Target: riscv32-unknown-unknown-elf | Thread model: posix,a9b80282e1547aa4c738ca179fc5e2d2cebda2be753b8292f3e453c8c2e0d653,/home/wxt/m1-matched-lut.7wqexi/repo/install/llvm/bin/clang -DONLINE_MERGE_COUNTER_PROFILE=0 -DONLINE_MERGE_IMPLEMENTATION_SELECT=2 -DONLINE_MERGE_STACK_LOG2=13 -DONLINE_MERGE_TRACE_PROXY=0 -I/home/wxt/m1-matched-lut.7wqexi/repo/sw/spatzBenchmarks/include -I/home/wxt/m1-matched-lut.7wqexi/repo/sw/snRuntime/include -I/home/wxt/m1-matched-lut.7wqexi/repo/sw/snRuntime/vendor -I/home/wxt/m1-matched-lut.7wqexi/repo/sw/snRuntime/../toolchain/riscv-opcodes -I/home/wxt/work-online-merge-supplement/run-archive/m1-matched-lut-7wqexi/artifacts/work-online-merge-m2-matched-lut-scale-04-r1/build/spatzBenchmarks/online_merge_generated/N1_D32_S1_main_R1 -I/home/wxt/m1-matched-lut.7wqexi/repo/sw/spatzBenchmarks/online-softmax-merge  --gcc-toolchain=/home/wxt/m1-matched-lut.7wqexi/repo/install/riscv-gcc -mcpu=snitch -mcmodel=small -ffast-math -fno-builtin-printf -fno-common -falign-loops=16 -ffunction-sections -Wextra -static -mllvm -misched-topdown -menable-experimental-extensions -mno-relax -march=rv32imafdvzfh_xdma_xfquarter -mabi=ilp32d -O3 -g -o CMakeFiles/test-spatzBenchmarks-online-softmax-merge-b2r.dir/online-softmax-merge/main.c.o -c /home/wxt/m1-matched-lut.7wqexi/repo/sw/spatzBenchmarks/online-softmax-merge/main.c,B2R_RVV,A0,memory,1092,YES,24,NA,NO_EXPLICIT_TRANSFER_PHASE,MAIN_PERFORMANCE,pass,PASS,NA,552,NA,7225d41ad2d1c63376a9fb1ea4e56b3b24a3e97f,False,B2-R,0,de9631aea65ed083a3ed77c2c76cdfbab767c09868e8093506d96898e6e75934,main,DASM_MARKER_ENVELOPE_WITNESS,B2-R,1728,1.2327408897041608e-06,32,1,54.0,1.9073486328125e-06,100000000,1.9073486328125e-06,9.374583468717688e-07,False,PASS,low_perturbation,3cb4e95962a9cdfe733cb046d5d826cbe19300f50af4679885af60a1e28ffa5e,17280,0,0,0,32,1,1.0,YES,NA,54.0,0,break_even_n1_d32/memory/B2R_RVV/trial-1/simulator.log,0,YES,NA,NA,1.0821009324395953e-06,20260811T121310Z_7225d41a_m2-matched-lut-scale-04,16512,NA,0,1068,1,33f066a87e3592e55aa4c78bcc583383243061423e6a790856d5b1be7f593fef,/home/wxt/work-online-merge-supplement/work-artifacts/work-online-merge-low-dasm-simulator-5c2aad2-r1/spatz_cluster.vlt,BREAK_EVEN,NA,0,NA,NA,NA,PASS,NA,PASS,128,725b7a75ab2a5a70d0b77b293da78ab3d1e9234b79947f317f617c037ab93f15,pass,162,131072,0,NA,NA,NA,2026-08-11T12:35:07+00:00,break_even_n1_d32/memory/B2R_RVV/trace-witness/instruction_trace_audit.json,218,595,433,24,512,INDEPENDENT_DASM_WITNESS,6,PASS,NA,PASS,361ff71bcc241b448e49ff6d212d06a13a986e2fad861b0aa0b67e40e7a21d68,/home/wxt/work-online-merge-supplement/work-artifacts/work-online-merge-traced-simulator-088a44d-r1/spatz_cluster.vlt,default,3cb4e95962a9cdfe733cb046d5d826cbe19300f50af4679885af60a1e28ffa5e,1,24,Verilator 5.034 2025-02-24 rev v5.034,4f53cda18c2baa0c0354bb5f9a3ecbe5ed12ab4d8e11ba873c2f11161202b945,,,,,,
/home/wxt/work-online-merge-supplement/run-archive/m1-matched-lut-7wqexi/artifacts/work-online-merge-m2-matched-lut-scale-04-r1,32,1,768,NA,a80c21acad4b427668b477eb202e664895b45bf64cc9045ce8d724e8ee38e059,2,0.058823529411764705,768,552,main,break_even_n1_d32,main,120fa0c30199e54e6e9b5c60d8da40913eae8526640992cc5d4f130bef159775,34,/home/wxt/m1-matched-lut.7wqexi/repo/hw/system/spatz_cluster/cfg/spatz_cluster.default.dram.hjson,NA,YES,clang version 14.0.6 (git@github.com:pulp-platform/llvm-project.git b494f2d8dde88723026db8ec16ac6c7ee1e140ca) | Target: riscv32-unknown-unknown-elf | Thread model: posix,a9b80282e1547aa4c738ca179fc5e2d2cebda2be753b8292f3e453c8c2e0d653,/home/wxt/m1-matched-lut.7wqexi/repo/install/llvm/bin/clang -DONLINE_MERGE_COUNTER_PROFILE=0 -DONLINE_MERGE_IMPLEMENTATION_SELECT=2 -DONLINE_MERGE_STACK_LOG2=13 -DONLINE_MERGE_TRACE_PROXY=0 -I/home/wxt/m1-matched-lut.7wqexi/repo/sw/spatzBenchmarks/include -I/home/wxt/m1-matched-lut.7wqexi/repo/sw/snRuntime/include -I/home/wxt/m1-matched-lut.7wqexi/repo/sw/snRuntime/vendor -I/home/wxt/m1-matched-lut.7wqexi/repo/sw/snRuntime/../toolchain/riscv-opcodes -I/home/wxt/work-online-merge-supplement/run-archive/m1-matched-lut-7wqexi/artifacts/work-online-merge-m2-matched-lut-scale-04-r1/build/spatzBenchmarks/online_merge_generated/N1_D32_S1_main_R1 -I/home/wxt/m1-matched-lut.7wqexi/repo/sw/spatzBenchmarks/online-softmax-merge  --gcc-toolchain=/home/wxt/m1-matched-lut.7wqexi/repo/install/riscv-gcc -mcpu=snitch -mcmodel=small -ffast-math -fno-builtin-printf -fno-common -falign-loops=16 -ffunction-sections -Wextra -static -mllvm -misched-topdown -menable-experimental-extensions -mno-relax -march=rv32imafdvzfh_xdma_xfquarter -mabi=ilp32d -O3 -g -o CMakeFiles/test-spatzBenchmarks-online-softmax-merge-b2r.dir/online-softmax-merge/main.c.o -c /home/wxt/m1-matched-lut.7wqexi/repo/sw/spatzBenchmarks/online-softmax-merge/main.c,B2R_RVV,A0,memory,1092,YES,24,NA,NO_EXPLICIT_TRANSFER_PHASE,MAIN_PERFORMANCE,pass,PASS,NA,552,NA,7225d41ad2d1c63376a9fb1ea4e56b3b24a3e97f,False,B2-R,0,de9631aea65ed083a3ed77c2c76cdfbab767c09868e8093506d96898e6e75934,main,DASM_MARKER_ENVELOPE_WITNESS,B2-R,1728,1.2327408897041608e-06,32,1,54.0,1.9073486328125e-06,100000000,1.9073486328125e-06,9.374583468717688e-07,False,PASS,low_perturbation,3cb4e95962a9cdfe733cb046d5d826cbe19300f50af4679885af60a1e28ffa5e,17280,0,0,0,32,1,1.0,YES,NA,54.0,0,break_even_n1_d32/memory/B2R_RVV/trial-2/simulator.log,0,YES,NA,NA,1.0821009324395953e-06,20260811T121310Z_7225d41a_m2-matched-lut-scale-04,16512,NA,0,1068,1,33f066a87e3592e55aa4c78bcc583383243061423e6a790856d5b1be7f593fef,/home/wxt/work-online-merge-supplement/work-artifacts/work-online-merge-low-dasm-simulator-5c2aad2-r1/spatz_cluster.vlt,BREAK_EVEN,NA,0,NA,NA,NA,PASS,NA,PASS,128,725b7a75ab2a5a70d0b77b293da78ab3d1e9234b79947f317f617c037ab93f15,pass,162,131072,0,NA,NA,NA,2026-08-11T12:36:38+00:00,break_even_n1_d32/memory/B2R_RVV/trace-witness/instruction_trace_audit.json,218,595,433,24,512,INDEPENDENT_DASM_WITNESS,6,PASS,NA,PASS,361ff71bcc241b448e49ff6d212d06a13a986e2fad861b0aa0b67e40e7a21d68,/home/wxt/work-online-merge-supplement/work-artifacts/work-online-merge-traced-simulator-088a44d-r1/spatz_cluster.vlt,default,3cb4e95962a9cdfe733cb046d5d826cbe19300f50af4679885af60a1e28ffa5e,2,24,Verilator 5.034 2025-02-24 rev v5.034,4f53cda18c2baa0c0354bb5f9a3ecbe5ed12ab4d8e11ba873c2f11161202b945,,,,,,
/home/wxt/work-online-merge-supplement/run-archive/m1-matched-lut-7wqexi/artifacts/work-online-merge-m2-matched-lut-scale-04-r1,32,1,768,NA,c8a36f5d9a19145f1c9490771357190fc19c01fcf5d10ed318691bb3f64b71f0,2,0.058823529411764705,768,552,main,break_even_n1_d32,main,120fa0c30199e54e6e9b5c60d8da40913eae8526640992cc5d4f130bef159775,34,/home/wxt/m1-matched-lut.7wqexi/repo/hw/system/spatz_cluster/cfg/spatz_cluster.default.dram.hjson,1515,YES,clang version 14.0.6 (git@github.com:pulp-platform/llvm-project.git b494f2d8dde88723026db8ec16ac6c7ee1e140ca) | Target: riscv32-unknown-unknown-elf | Thread model: posix,a9b80282e1547aa4c738ca179fc5e2d2cebda2be753b8292f3e453c8c2e0d653,/home/wxt/m1-matched-lut.7wqexi/repo/install/llvm/bin/clang -DONLINE_MERGE_COUNTER_PROFILE=0 -DONLINE_MERGE_IMPLEMENTATION_SELECT=4 -DONLINE_MERGE_STACK_LOG2=13 -DONLINE_MERGE_TRACE_PROXY=0 -I/home/wxt/m1-matched-lut.7wqexi/repo/sw/spatzBenchmarks/include -I/home/wxt/m1-matched-lut.7wqexi/repo/sw/snRuntime/include -I/home/wxt/m1-matched-lut.7wqexi/repo/sw/snRuntime/vendor -I/home/wxt/m1-matched-lut.7wqexi/repo/sw/snRuntime/../toolchain/riscv-opcodes -I/home/wxt/work-online-merge-supplement/run-archive/m1-matched-lut-7wqexi/artifacts/work-online-merge-m2-matched-lut-scale-04-r1/build/spatzBenchmarks/online_merge_generated/N1_D32_S1_main_R1 -I/home/wxt/m1-matched-lut.7wqexi/repo/sw/spatzBenchmarks/online-softmax-merge  --gcc-toolchain=/home/wxt/m1-matched-lut.7wqexi/repo/install/riscv-gcc -mcpu=snitch -mcmodel=small -ffast-math -fno-builtin-printf -fno-common -falign-loops=16 -ffunction-sections -Wextra -static -mllvm -misched-topdown -menable-experimental-extensions -mno-relax -march=rv32imafdvzfh_xdma_xfquarter -mabi=ilp32d -O3 -g -o CMakeFiles/test-spatzBenchmarks-online-softmax-merge-a1.dir/online-softmax-merge/main.c.o -c /home/wxt/m1-matched-lut.7wqexi/repo/sw/spatzBenchmarks/online-softmax-merge/main.c,A1_SMU_SCALAR,NA,memory,NA,NO,NA,NA,NO_EXPLICIT_TRANSFER_PHASE,MAIN_PERFORMANCE,pass,PASS,NA,552,PASS,7225d41ad2d1c63376a9fb1ea4e56b3b24a3e97f,False,A1,0,de9631aea65ed083a3ed77c2c76cdfbab767c09868e8093506d96898e6e75934,main,NA,A1,1539,1.2327408897041608e-06,32,1,48.09375,1.9073486328125e-06,100000000,1.9073486328125e-06,9.374583468717688e-07,False,PASS,low_perturbation,ecea94f6ab63efbf38db80427f17524cfcc99ce50fa26daf51d119c2bd4f442a,17280,0,0,0,32,1,1.0,YES,NA,48.09375,0,break_even_n1_d32/memory/A1_SMU_SCALAR/trial-0/simulator.log,0,YES,NA,NA,1.0821009324395953e-06,20260811T121310Z_7225d41a_m2-matched-lut-scale-04,16512,192,0,NA,1,33f066a87e3592e55aa4c78bcc583383243061423e6a790856d5b1be7f593fef,/home/wxt/work-online-merge-supplement/work-artifacts/work-online-merge-low-dasm-simulator-5c2aad2-r1/spatz_cluster.vlt,BREAK_EVEN,24,1,1347,NA,NA,PASS,NA,PASS,128,64e3c56a7bba94a870c9b8e9c156da6bb11280d6002c635462d2f49b9636c882,pass,441,131072,0,NA,NA,NA,2026-08-11T12:37:43+00:00,NA,NA,NA,NA,NA,NA,NA,NA,NA,NA,NA,NA,NA,NA,NA,0,NA,Verilator 5.034 2025-02-24 rev v5.034,4f53cda18c2baa0c0354bb5f9a3ecbe5ed12ab4d8e11ba873c2f11161202b945,1,1,13,1,9,0
/home/wxt/work-online-merge-supplement/run-archive/m1-matched-lut-7wqexi/artifacts/work-online-merge-m2-matched-lut-scale-04-r1,32,1,768,NA,c8a36f5d9a19145f1c9490771357190fc19c01fcf5d10ed318691bb3f64b71f0,2,0.058823529411764705,768,552,main,break_even_n1_d32,main,120fa0c30199e54e6e9b5c60d8da40913eae8526640992cc5d4f130bef159775,34,/home/wxt/m1-matched-lut.7wqexi/repo/hw/system/spatz_cluster/cfg/spatz_cluster.default.dram.hjson,1515,YES,clang version 14.0.6 (git@github.com:pulp-platform/llvm-project.git b494f2d8dde88723026db8ec16ac6c7ee1e140ca) | Target: riscv32-unknown-unknown-elf | Thread model: posix,a9b80282e1547aa4c738ca179fc5e2d2cebda2be753b8292f3e453c8c2e0d653,/home/wxt/m1-matched-lut.7wqexi/repo/install/llvm/bin/clang -DONLINE_MERGE_COUNTER_PROFILE=0 -DONLINE_MERGE_IMPLEMENTATION_SELECT=4 -DONLINE_MERGE_STACK_LOG2=13 -DONLINE_MERGE_TRACE_PROXY=0 -I/home/wxt/m1-matched-lut.7wqexi/repo/sw/spatzBenchmarks/include -I/home/wxt/m1-matched-lut.7wqexi/repo/sw/snRuntime/include -I/home/wxt/m1-matched-lut.7wqexi/repo/sw/snRuntime/vendor -I/home/wxt/m1-matched-lut.7wqexi/repo/sw/snRuntime/../toolchain/riscv-opcodes -I/home/wxt/work-online-merge-supplement/run-archive/m1-matched-lut-7wqexi/artifacts/work-online-merge-m2-matched-lut-scale-04-r1/build/spatzBenchmarks/online_merge_generated/N1_D32_S1_main_R1 -I/home/wxt/m1-matched-lut.7wqexi/repo/sw/spatzBenchmarks/online-softmax-merge  --gcc-toolchain=/home/wxt/m1-matched-lut.7wqexi/repo/install/riscv-gcc -mcpu=snitch -mcmodel=small -ffast-math -fno-builtin-printf -fno-common -falign-loops=16 -ffunction-sections -Wextra -static -mllvm -misched-topdown -menable-experimental-extensions -mno-relax -march=rv32imafdvzfh_xdma_xfquarter -mabi=ilp32d -O3 -g -o CMakeFiles/test-spatzBenchmarks-online-softmax-merge-a1.dir/online-softmax-merge/main.c.o -c /home/wxt/m1-matched-lut.7wqexi/repo/sw/spatzBenchmarks/online-softmax-merge/main.c,A1_SMU_SCALAR,NA,memory,NA,NO,NA,NA,NO_EXPLICIT_TRANSFER_PHASE,MAIN_PERFORMANCE,pass,PASS,NA,552,PASS,7225d41ad2d1c63376a9fb1ea4e56b3b24a3e97f,False,A1,0,de9631aea65ed083a3ed77c2c76cdfbab767c09868e8093506d96898e6e75934,main,NA,A1,1539,1.2327408897041608e-06,32,1,48.09375,1.9073486328125e-06,100000000,1.9073486328125e-06,9.374583468717688e-07,False,PASS,low_perturbation,ecea94f6ab63efbf38db80427f17524cfcc99ce50fa26daf51d119c2bd4f442a,17280,0,0,0,32,1,1.0,YES,NA,48.09375,0,break_even_n1_d32/memory/A1_SMU_SCALAR/trial-1/simulator.log,0,YES,NA,NA,1.0821009324395953e-06,20260811T121310Z_7225d41a_m2-matched-lut-scale-04,16512,192,0,NA,1,33f066a87e3592e55aa4c78bcc583383243061423e6a790856d5b1be7f593fef,/home/wxt/work-online-merge-supplement/work-artifacts/work-online-merge-low-dasm-simulator-5c2aad2-r1/spatz_cluster.vlt,BREAK_EVEN,24,1,1347,NA,NA,PASS,NA,PASS,128,64e3c56a7bba94a870c9b8e9c156da6bb11280d6002c635462d2f49b9636c882,pass,441,131072,0,NA,NA,NA,2026-08-11T12:38:55+00:00,NA,NA,NA,NA,NA,NA,NA,NA,NA,NA,NA,NA,NA,NA,NA,1,NA,Verilator 5.034 2025-02-24 rev v5.034,4f53cda18c2baa0c0354bb5f9a3ecbe5ed12ab4d8e11ba873c2f11161202b945,1,1,13,1,9,0
/home/wxt/work-online-merge-supplement/run-archive/m1-matched-lut-7wqexi/artifacts/work-online-merge-m2-matched-lut-scale-04-r1,32,1,768,NA,c8a36f5d9a19145f1c9490771357190fc19c01fcf5d10ed318691bb3f64b71f0,2,0.058823529411764705,768,552,main,break_even_n1_d32,main,120fa0c30199e54e6e9b5c60d8da40913eae8526640992cc5d4f130bef159775,34,/home/wxt/m1-matched-lut.7wqexi/repo/hw/system/spatz_cluster/cfg/spatz_cluster.default.dram.hjson,1515,YES,clang version 14.0.6 (git@github.com:pulp-platform/llvm-project.git b494f2d8dde88723026db8ec16ac6c7ee1e140ca) | Target: riscv32-unknown-unknown-elf | Thread model: posix,a9b80282e1547aa4c738ca179fc5e2d2cebda2be753b8292f3e453c8c2e0d653,/home/wxt/m1-matched-lut.7wqexi/repo/install/llvm/bin/clang -DONLINE_MERGE_COUNTER_PROFILE=0 -DONLINE_MERGE_IMPLEMENTATION_SELECT=4 -DONLINE_MERGE_STACK_LOG2=13 -DONLINE_MERGE_TRACE_PROXY=0 -I/home/wxt/m1-matched-lut.7wqexi/repo/sw/spatzBenchmarks/include -I/home/wxt/m1-matched-lut.7wqexi/repo/sw/snRuntime/include -I/home/wxt/m1-matched-lut.7wqexi/repo/sw/snRuntime/vendor -I/home/wxt/m1-matched-lut.7wqexi/repo/sw/snRuntime/../toolchain/riscv-opcodes -I/home/wxt/work-online-merge-supplement/run-archive/m1-matched-lut-7wqexi/artifacts/work-online-merge-m2-matched-lut-scale-04-r1/build/spatzBenchmarks/online_merge_generated/N1_D32_S1_main_R1 -I/home/wxt/m1-matched-lut.7wqexi/repo/sw/spatzBenchmarks/online-softmax-merge  --gcc-toolchain=/home/wxt/m1-matched-lut.7wqexi/repo/install/riscv-gcc -mcpu=snitch -mcmodel=small -ffast-math -fno-builtin-printf -fno-common -falign-loops=16 -ffunction-sections -Wextra -static -mllvm -misched-topdown -menable-experimental-extensions -mno-relax -march=rv32imafdvzfh_xdma_xfquarter -mabi=ilp32d -O3 -g -o CMakeFiles/test-spatzBenchmarks-online-softmax-merge-a1.dir/online-softmax-merge/main.c.o -c /home/wxt/m1-matched-lut.7wqexi/repo/sw/spatzBenchmarks/online-softmax-merge/main.c,A1_SMU_SCALAR,NA,memory,NA,NO,NA,NA,NO_EXPLICIT_TRANSFER_PHASE,MAIN_PERFORMANCE,pass,PASS,NA,552,PASS,7225d41ad2d1c63376a9fb1ea4e56b3b24a3e97f,False,A1,0,de9631aea65ed083a3ed77c2c76cdfbab767c09868e8093506d96898e6e75934,main,NA,A1,1539,1.2327408897041608e-06,32,1,48.09375,1.9073486328125e-06,100000000,1.9073486328125e-06,9.374583468717688e-07,False,PASS,low_perturbation,ecea94f6ab63efbf38db80427f17524cfcc99ce50fa26daf51d119c2bd4f442a,17280,0,0,0,32,1,1.0,YES,NA,48.09375,0,break_even_n1_d32/memory/A1_SMU_SCALAR/trial-2/simulator.log,0,YES,NA,NA,1.0821009324395953e-06,20260811T121310Z_7225d41a_m2-matched-lut-scale-04,16512,192,0,NA,1,33f066a87e3592e55aa4c78bcc583383243061423e6a790856d5b1be7f593fef,/home/wxt/work-online-merge-supplement/work-artifacts/work-online-merge-low-dasm-simulator-5c2aad2-r1/spatz_cluster.vlt,BREAK_EVEN,24,1,1347,NA,NA,PASS,NA,PASS,128,64e3c56a7bba94a870c9b8e9c156da6bb11280d6002c635462d2f49b9636c882,pass,441,131072,0,NA,NA,NA,2026-08-11T12:40:16+00:00,NA,NA,NA,NA,NA,NA,NA,NA,NA,NA,NA,NA,NA,NA,NA,2,NA,Verilator 5.034 2025-02-24 rev v5.034,4f53cda18c2baa0c0354bb5f9a3ecbe5ed12ab4d8e11ba873c2f11161202b945,1,1,13,1,9,0
/home/wxt/work-online-merge-supplement/run-archive/m1-matched-lut-7wqexi/artifacts/work-online-merge-m2-matched-lut-scale-04-r1,32,1,768,NA,3af3e978a8d125c6587b8a4a53a6464c44a6ed8a9eba7b030a6f19eb9ab8cde8,2,0.058823529411764705,768,552,main,break_even_n1_d32,main,120fa0c30199e54e6e9b5c60d8da40913eae8526640992cc5d4f130bef159775,34,/home/wxt/m1-matched-lut.7wqexi/repo/hw/system/spatz_cluster/cfg/spatz_cluster.default.dram.hjson,1278,YES,clang version 14.0.6 (git@github.com:pulp-platform/llvm-project.git b494f2d8dde88723026db8ec16ac6c7ee1e140ca) | Target: riscv32-unknown-unknown-elf | Thread model: posix,a9b80282e1547aa4c738ca179fc5e2d2cebda2be753b8292f3e453c8c2e0d653,/home/wxt/m1-matched-lut.7wqexi/repo/install/llvm/bin/clang -DONLINE_MERGE_COUNTER_PROFILE=0 -DONLINE_MERGE_IMPLEMENTATION_SELECT=3 -DONLINE_MERGE_STACK_LOG2=13 -DONLINE_MERGE_TRACE_PROXY=0 -I/home/wxt/m1-matched-lut.7wqexi/repo/sw/spatzBenchmarks/include -I/home/wxt/m1-matched-lut.7wqexi/repo/sw/snRuntime/include -I/home/wxt/m1-matched-lut.7wqexi/repo/sw/snRuntime/vendor -I/home/wxt/m1-matched-lut.7wqexi/repo/sw/snRuntime/../toolchain/riscv-opcodes -I/home/wxt/work-online-merge-supplement/run-archive/m1-matched-lut-7wqexi/artifacts/work-online-merge-m2-matched-lut-scale-04-r1/build/spatzBenchmarks/online_merge_generated/N1_D32_S1_main_R1 -I/home/wxt/m1-matched-lut.7wqexi/repo/sw/spatzBenchmarks/online-softmax-merge  --gcc-toolchain=/home/wxt/m1-matched-lut.7wqexi/repo/install/riscv-gcc -mcpu=snitch -mcmodel=small -ffast-math -fno-builtin-printf -fno-common -falign-loops=16 -ffunction-sections -Wextra -static -mllvm -misched-topdown -menable-experimental-extensions -mno-relax -march=rv32imafdvzfh_xdma_xfquarter -mabi=ilp32d -O3 -g -o CMakeFiles/test-spatzBenchmarks-online-softmax-merge-a2.dir/online-softmax-merge/main.c.o -c /home/wxt/m1-matched-lut.7wqexi/repo/sw/spatzBenchmarks/online-softmax-merge/main.c,A2_SMU_FULL,A2,memory,NA,NO,NA,NA,NO_EXPLICIT_TRANSFER_PHASE,MAIN_PERFORMANCE,pass,PASS,NA,552,PASS,7225d41ad2d1c63376a9fb1ea4e56b3b24a3e97f,False,B3,0,de9631aea65ed083a3ed77c2c76cdfbab767c09868e8093506d96898e6e75934,main,NA,B3,1555,1.2227309280649424e-06,32,1,48.59375,1.9073486328125e-06,100000000,1.9073486328125e-06,9.29569496827967e-07,False,PASS,low_perturbation,d65dbdf9df7786b665f28a05c3b344d20327900a6f1c93a59ffeb1711ec64d0a,17280,0,0,0,32,1,1.0,YES,NA,48.59375,0,break_even_n1_d32/memory/A2_SMU_FULL/trial-0/simulator.log,0,YES,NA,NA,1.073314180159412e-06,20260811T121310Z_7225d41a_m2-matched-lut-scale-04,16512,NA,1,NA,1,33f066a87e3592e55aa4c78bcc583383243061423e6a790856d5b1be7f593fef,/home/wxt/work-online-merge-supplement/work-artifacts/work-online-merge-low-dasm-simulator-5c2aad2-r1/spatz_cluster.vlt,BREAK_EVEN,277,1,NA,NA,NA,PASS,NA,PASS,128,6c4aebc3c63cdf8ff9ed45877e305072f8d3784c598407faac4485d31a76a88e,pass,516,131072,1,NA,NA,NA,2026-08-11T12:41:31+00:00,NA,NA,NA,NA,NA,NA,NA,NA,NA,NA,NA,NA,NA,NA,NA,0,NA,Verilator 5.034 2025-02-24 rev v5.034,4f53cda18c2baa0c0354bb5f9a3ecbe5ed12ab4d8e11ba873c2f11161202b945,1,1,13,1,5,257
/home/wxt/work-online-merge-supplement/run-archive/m1-matched-lut-7wqexi/artifacts/work-online-merge-m2-matched-lut-scale-04-r1,32,1,768,NA,3af3e978a8d125c6587b8a4a53a6464c44a6ed8a9eba7b030a6f19eb9ab8cde8,2,0.058823529411764705,768,552,main,break_even_n1_d32,main,120fa0c30199e54e6e9b5c60d8da40913eae8526640992cc5d4f130bef159775,34,/home/wxt/m1-matched-lut.7wqexi/repo/hw/system/spatz_cluster/cfg/spatz_cluster.default.dram.hjson,1278,YES,clang version 14.0.6 (git@github.com:pulp-platform/llvm-project.git b494f2d8dde88723026db8ec16ac6c7ee1e140ca) | Target: riscv32-unknown-unknown-elf | Thread model: posix,a9b80282e1547aa4c738ca179fc5e2d2cebda2be753b8292f3e453c8c2e0d653,/home/wxt/m1-matched-lut.7wqexi/repo/install/llvm/bin/clang -DONLINE_MERGE_COUNTER_PROFILE=0 -DONLINE_MERGE_IMPLEMENTATION_SELECT=3 -DONLINE_MERGE_STACK_LOG2=13 -DONLINE_MERGE_TRACE_PROXY=0 -I/home/wxt/m1-matched-lut.7wqexi/repo/sw/spatzBenchmarks/include -I/home/wxt/m1-matched-lut.7wqexi/repo/sw/snRuntime/include -I/home/wxt/m1-matched-lut.7wqexi/repo/sw/snRuntime/vendor -I/home/wxt/m1-matched-lut.7wqexi/repo/sw/snRuntime/../toolchain/riscv-opcodes -I/home/wxt/work-online-merge-supplement/run-archive/m1-matched-lut-7wqexi/artifacts/work-online-merge-m2-matched-lut-scale-04-r1/build/spatzBenchmarks/online_merge_generated/N1_D32_S1_main_R1 -I/home/wxt/m1-matched-lut.7wqexi/repo/sw/spatzBenchmarks/online-softmax-merge  --gcc-toolchain=/home/wxt/m1-matched-lut.7wqexi/repo/install/riscv-gcc -mcpu=snitch -mcmodel=small -ffast-math -fno-builtin-printf -fno-common -falign-loops=16 -ffunction-sections -Wextra -static -mllvm -misched-topdown -menable-experimental-extensions -mno-relax -march=rv32imafdvzfh_xdma_xfquarter -mabi=ilp32d -O3 -g -o CMakeFiles/test-spatzBenchmarks-online-softmax-merge-a2.dir/online-softmax-merge/main.c.o -c /home/wxt/m1-matched-lut.7wqexi/repo/sw/spatzBenchmarks/online-softmax-merge/main.c,A2_SMU_FULL,A2,memory,NA,NO,NA,NA,NO_EXPLICIT_TRANSFER_PHASE,MAIN_PERFORMANCE,pass,PASS,NA,552,PASS,7225d41ad2d1c63376a9fb1ea4e56b3b24a3e97f,False,B3,0,de9631aea65ed083a3ed77c2c76cdfbab767c09868e8093506d96898e6e75934,main,NA,B3,1555,1.2227309280649424e-06,32,1,48.59375,1.9073486328125e-06,100000000,1.9073486328125e-06,9.29569496827967e-07,False,PASS,low_perturbation,d65dbdf9df7786b665f28a05c3b344d20327900a6f1c93a59ffeb1711ec64d0a,17280,0,0,0,32,1,1.0,YES,NA,48.59375,0,break_even_n1_d32/memory/A2_SMU_FULL/trial-1/simulator.log,0,YES,NA,NA,1.073314180159412e-06,20260811T121310Z_7225d41a_m2-matched-lut-scale-04,16512,NA,1,NA,1,33f066a87e3592e55aa4c78bcc583383243061423e6a790856d5b1be7f593fef,/home/wxt/work-online-merge-supplement/work-artifacts/work-online-merge-low-dasm-simulator-5c2aad2-r1/spatz_cluster.vlt,BREAK_EVEN,277,1,NA,NA,NA,PASS,NA,PASS,128,6c4aebc3c63cdf8ff9ed45877e305072f8d3784c598407faac4485d31a76a88e,pass,516,131072,1,NA,NA,NA,2026-08-11T12:42:47+00:00,NA,NA,NA,NA,NA,NA,NA,NA,NA,NA,NA,NA,NA,NA,NA,1,NA,Verilator 5.034 2025-02-24 rev v5.034,4f53cda18c2baa0c0354bb5f9a3ecbe5ed12ab4d8e11ba873c2f11161202b945,1,1,13,1,5,257
/home/wxt/work-online-merge-supplement/run-archive/m1-matched-lut-7wqexi/artifacts/work-online-merge-m2-matched-lut-scale-04-r1,32,1,768,NA,3af3e978a8d125c6587b8a4a53a6464c44a6ed8a9eba7b030a6f19eb9ab8cde8,2,0.058823529411764705,768,552,main,break_even_n1_d32,main,120fa0c30199e54e6e9b5c60d8da40913eae8526640992cc5d4f130bef159775,34,/home/wxt/m1-matched-lut.7wqexi/repo/hw/system/spatz_cluster/cfg/spatz_cluster.default.dram.hjson,1278,YES,clang version 14.0.6 (git@github.com:pulp-platform/llvm-project.git b494f2d8dde88723026db8ec16ac6c7ee1e140ca) | Target: riscv32-unknown-unknown-elf | Thread model: posix,a9b80282e1547aa4c738ca179fc5e2d2cebda2be753b8292f3e453c8c2e0d653,/home/wxt/m1-matched-lut.7wqexi/repo/install/llvm/bin/clang -DONLINE_MERGE_COUNTER_PROFILE=0 -DONLINE_MERGE_IMPLEMENTATION_SELECT=3 -DONLINE_MERGE_STACK_LOG2=13 -DONLINE_MERGE_TRACE_PROXY=0 -I/home/wxt/m1-matched-lut.7wqexi/repo/sw/spatzBenchmarks/include -I/home/wxt/m1-matched-lut.7wqexi/repo/sw/snRuntime/include -I/home/wxt/m1-matched-lut.7wqexi/repo/sw/snRuntime/vendor -I/home/wxt/m1-matched-lut.7wqexi/repo/sw/snRuntime/../toolchain/riscv-opcodes -I/home/wxt/work-online-merge-supplement/run-archive/m1-matched-lut-7wqexi/artifacts/work-online-merge-m2-matched-lut-scale-04-r1/build/spatzBenchmarks/online_merge_generated/N1_D32_S1_main_R1 -I/home/wxt/m1-matched-lut.7wqexi/repo/sw/spatzBenchmarks/online-softmax-merge  --gcc-toolchain=/home/wxt/m1-matched-lut.7wqexi/repo/install/riscv-gcc -mcpu=snitch -mcmodel=small -ffast-math -fno-builtin-printf -fno-common -falign-loops=16 -ffunction-sections -Wextra -static -mllvm -misched-topdown -menable-experimental-extensions -mno-relax -march=rv32imafdvzfh_xdma_xfquarter -mabi=ilp32d -O3 -g -o CMakeFiles/test-spatzBenchmarks-online-softmax-merge-a2.dir/online-softmax-merge/main.c.o -c /home/wxt/m1-matched-lut.7wqexi/repo/sw/spatzBenchmarks/online-softmax-merge/main.c,A2_SMU_FULL,A2,memory,NA,NO,NA,NA,NO_EXPLICIT_TRANSFER_PHASE,MAIN_PERFORMANCE,pass,PASS,NA,552,PASS,7225d41ad2d1c63376a9fb1ea4e56b3b24a3e97f,False,B3,0,de9631aea65ed083a3ed77c2c76cdfbab767c09868e8093506d96898e6e75934,main,NA,B3,1555,1.2227309280649424e-06,32,1,48.59375,1.9073486328125e-06,100000000,1.9073486328125e-06,9.29569496827967e-07,False,PASS,low_perturbation,d65dbdf9df7786b665f28a05c3b344d20327900a6f1c93a59ffeb1711ec64d0a,17280,0,0,0,32,1,1.0,YES,NA,48.59375,0,break_even_n1_d32/memory/A2_SMU_FULL/trial-2/simulator.log,0,YES,NA,NA,1.073314180159412e-06,20260811T121310Z_7225d41a_m2-matched-lut-scale-04,16512,NA,1,NA,1,33f066a87e3592e55aa4c78bcc583383243061423e6a790856d5b1be7f593fef,/home/wxt/work-online-merge-supplement/work-artifacts/work-online-merge-low-dasm-simulator-5c2aad2-r1/spatz_cluster.vlt,BREAK_EVEN,277,1,NA,NA,NA,PASS,NA,PASS,128,6c4aebc3c63cdf8ff9ed45877e305072f8d3784c598407faac4485d31a76a88e,pass,516,131072,1,NA,NA,NA,2026-08-11T12:43:59+00:00,NA,NA,NA,NA,NA,NA,NA,NA,NA,NA,NA,NA,NA,NA,NA,2,NA,Verilator 5.034 2025-02-24 rev v5.034,4f53cda18c2baa0c0354bb5f9a3ecbe5ed12ab4d8e11ba873c2f11161202b945,1,1,13,1,5,257
/home/wxt/work-online-merge-supplement/run-archive/m1-matched-lut-7wqexi/artifacts/work-online-merge-m2-matched-lut-scale-05-r1,1,2,256,NA,c671a05226e6caaa90d67cf34fcb0142c45e134525a8d1e8b292cbefc4d87af3,4,0.6666666666666666,256,112,main,break_even_n2_d1,main,120fa0c30199e54e6e9b5c60d8da40913eae8526640992cc5d4f130bef159775,6,/home/wxt/m1-matched-lut.7wqexi/repo/hw/system/spatz_cluster/cfg/spatz_cluster.default.dram.hjson,NA,YES,clang version 14.0.6 (git@github.com:pulp-platform/llvm-project.git b494f2d8dde88723026db8ec16ac6c7ee1e140ca) | Target: riscv32-unknown-unknown-elf | Thread model: posix,2e02d810ce8258b41bce866822e8ece4ddbe2237d9297881b26f42944b8318e4,/home/wxt/m1-matched-lut.7wqexi/repo/install/llvm/bin/clang -DONLINE_MERGE_COUNTER_PROFILE=0 -DONLINE_MERGE_IMPLEMENTATION_SELECT=2 -DONLINE_MERGE_STACK_LOG2=13 -DONLINE_MERGE_TRACE_PROXY=0 -I/home/wxt/m1-matched-lut.7wqexi/repo/sw/spatzBenchmarks/include -I/home/wxt/m1-matched-lut.7wqexi/repo/sw/snRuntime/include -I/home/wxt/m1-matched-lut.7wqexi/repo/sw/snRuntime/vendor -I/home/wxt/m1-matched-lut.7wqexi/repo/sw/snRuntime/../toolchain/riscv-opcodes -I/home/wxt/work-online-merge-supplement/run-archive/m1-matched-lut-7wqexi/artifacts/work-online-merge-m2-matched-lut-scale-05-r1/build/spatzBenchmarks/online_merge_generated/N2_D1_S1_main_R1 -I/home/wxt/m1-matched-lut.7wqexi/repo/sw/spatzBenchmarks/online-softmax-merge  --gcc-toolchain=/home/wxt/m1-matched-lut.7wqexi/repo/install/riscv-gcc --gcc-toolchain=/home/wxt/m1-matched-lut.7wqexi/repo/install/riscv-gcc -mcpu=snitch -mcmodel=small -ffast-math -fno-builtin-printf -fno-common -falign-loops=16 -ffunction-sections -Wextra -static -mllvm -misched-topdown -menable-experimental-extensions -mno-relax -march=rv32imafdvzfh_xdma_xfquarter -mabi=ilp32d -O3 -g -o CMakeFiles/test-spatzBenchmarks-online-softmax-merge-b2r.dir/online-softmax-merge/main.c.o -c /home/wxt/m1-matched-lut.7wqexi/repo/sw/spatzBenchmarks/online-softmax-merge/main.c,B2R_RVV,A0,memory,1973,YES,6,NA,NO_EXPLICIT_TRANSFER_PHASE,MAIN_PERFORMANCE,pass,PASS,NA,112,NA,7225d41ad2d1c63376a9fb1ea4e56b3b24a3e97f,False,B2-R,0,df48b468b679109c672e2d05f7672a2ac1f971c29699e1e2aa32f345d8595640,main,DASM_MARKER_ENVELOPE_WITNESS,B2-R,3095,2.0885720705978632e-07,1,2,1547.5,1.2516975402832031e-06,100000000,1.2516975402832031e-06,2.5580326716105145e-07,False,PASS,low_perturbation,d8eb89d2a267b4b37ac1b0675a2a3beccaa6fd3e2c3d0e596c8081f441fb7149,16768,0,0,0,1,2,1.0,YES,NA,1547.5,0,break_even_n2_d1/memory/B2R_RVV/trial-0/simulator.log,0,YES,NA,NA,5.239123391575091e-07,20260811T121310Z_7225d41a_m2-matched-lut-scale-05,16512,NA,0,1967,1,33f066a87e3592e55aa4c78bcc583383243061423e6a790856d5b1be7f593fef,/home/wxt/work-online-merge-supplement/work-artifacts/work-online-merge-low-dasm-simulator-5c2aad2-r1/spatz_cluster.vlt,BREAK_EVEN,NA,0,NA,NA,NA,PASS,NA,PASS,4,b77ae14e3a478dda955684103acb6f8ec5f6093e39bba065013dc7903492921a,pass,165,131072,0,NA,NA,NA,2026-08-11T12:14:11+00:00,break_even_n2_d1/memory/B2R_RVV/trace-witness/instruction_trace_audit.json,377,1013,759,14,959,INDEPENDENT_DASM_WITNESS,6,PASS,NA,PASS,361ff71bcc241b448e49ff6d212d06a13a986e2fad861b0aa0b67e40e7a21d68,/home/wxt/work-online-merge-supplement/work-artifacts/work-online-merge-traced-simulator-088a44d-r1/spatz_cluster.vlt,default,d8eb89d2a267b4b37ac1b0675a2a3beccaa6fd3e2c3d0e596c8081f441fb7149,0,6,Verilator 5.034 2025-02-24 rev v5.034,4f53cda18c2baa0c0354bb5f9a3ecbe5ed12ab4d8e11ba873c2f11161202b945,,,,,,
/home/wxt/work-online-merge-supplement/run-archive/m1-matched-lut-7wqexi/artifacts/work-online-merge-m2-matched-lut-scale-05-r1,1,2,256,NA,c671a05226e6caaa90d67cf34fcb0142c45e134525a8d1e8b292cbefc4d87af3,4,0.6666666666666666,256,112,main,break_even_n2_d1,main,120fa0c30199e54e6e9b5c60d8da40913eae8526640992cc5d4f130bef159775,6,/home/wxt/m1-matched-lut.7wqexi/repo/hw/system/spatz_cluster/cfg/spatz_cluster.default.dram.hjson,NA,YES,clang version 14.0.6 (git@github.com:pulp-platform/llvm-project.git b494f2d8dde88723026db8ec16ac6c7ee1e140ca) | Target: riscv32-unknown-unknown-elf | Thread model: posix,2e02d810ce8258b41bce866822e8ece4ddbe2237d9297881b26f42944b8318e4,/home/wxt/m1-matched-lut.7wqexi/repo/install/llvm/bin/clang -DONLINE_MERGE_COUNTER_PROFILE=0 -DONLINE_MERGE_IMPLEMENTATION_SELECT=2 -DONLINE_MERGE_STACK_LOG2=13 -DONLINE_MERGE_TRACE_PROXY=0 -I/home/wxt/m1-matched-lut.7wqexi/repo/sw/spatzBenchmarks/include -I/home/wxt/m1-matched-lut.7wqexi/repo/sw/snRuntime/include -I/home/wxt/m1-matched-lut.7wqexi/repo/sw/snRuntime/vendor -I/home/wxt/m1-matched-lut.7wqexi/repo/sw/snRuntime/../toolchain/riscv-opcodes -I/home/wxt/work-online-merge-supplement/run-archive/m1-matched-lut-7wqexi/artifacts/work-online-merge-m2-matched-lut-scale-05-r1/build/spatzBenchmarks/online_merge_generated/N2_D1_S1_main_R1 -I/home/wxt/m1-matched-lut.7wqexi/repo/sw/spatzBenchmarks/online-softmax-merge  --gcc-toolchain=/home/wxt/m1-matched-lut.7wqexi/repo/install/riscv-gcc --gcc-toolchain=/home/wxt/m1-matched-lut.7wqexi/repo/install/riscv-gcc -mcpu=snitch -mcmodel=small -ffast-math -fno-builtin-printf -fno-common -falign-loops=16 -ffunction-sections -Wextra -static -mllvm -misched-topdown -menable-experimental-extensions -mno-relax -march=rv32imafdvzfh_xdma_xfquarter -mabi=ilp32d -O3 -g -o CMakeFiles/test-spatzBenchmarks-online-softmax-merge-b2r.dir/online-softmax-merge/main.c.o -c /home/wxt/m1-matched-lut.7wqexi/repo/sw/spatzBenchmarks/online-softmax-merge/main.c,B2R_RVV,A0,memory,1973,YES,6,NA,NO_EXPLICIT_TRANSFER_PHASE,MAIN_PERFORMANCE,pass,PASS,NA,112,NA,7225d41ad2d1c63376a9fb1ea4e56b3b24a3e97f,False,B2-R,0,df48b468b679109c672e2d05f7672a2ac1f971c29699e1e2aa32f345d8595640,main,DASM_MARKER_ENVELOPE_WITNESS,B2-R,3095,2.0885720705978632e-07,1,2,1547.5,1.2516975402832031e-06,100000000,1.2516975402832031e-06,2.5580326716105145e-07,False,PASS,low_perturbation,d8eb89d2a267b4b37ac1b0675a2a3beccaa6fd3e2c3d0e596c8081f441fb7149,16768,0,0,0,1,2,1.0,YES,NA,1547.5,0,break_even_n2_d1/memory/B2R_RVV/trial-1/simulator.log,0,YES,NA,NA,5.239123391575091e-07,20260811T121310Z_7225d41a_m2-matched-lut-scale-05,16512,NA,0,1967,1,33f066a87e3592e55aa4c78bcc583383243061423e6a790856d5b1be7f593fef,/home/wxt/work-online-merge-supplement/work-artifacts/work-online-merge-low-dasm-simulator-5c2aad2-r1/spatz_cluster.vlt,BREAK_EVEN,NA,0,NA,NA,NA,PASS,NA,PASS,4,b77ae14e3a478dda955684103acb6f8ec5f6093e39bba065013dc7903492921a,pass,165,131072,0,NA,NA,NA,2026-08-11T12:15:04+00:00,break_even_n2_d1/memory/B2R_RVV/trace-witness/instruction_trace_audit.json,377,1013,759,14,959,INDEPENDENT_DASM_WITNESS,6,PASS,NA,PASS,361ff71bcc241b448e49ff6d212d06a13a986e2fad861b0aa0b67e40e7a21d68,/home/wxt/work-online-merge-supplement/work-artifacts/work-online-merge-traced-simulator-088a44d-r1/spatz_cluster.vlt,default,d8eb89d2a267b4b37ac1b0675a2a3beccaa6fd3e2c3d0e596c8081f441fb7149,1,6,Verilator 5.034 2025-02-24 rev v5.034,4f53cda18c2baa0c0354bb5f9a3ecbe5ed12ab4d8e11ba873c2f11161202b945,,,,,,
/home/wxt/work-online-merge-supplement/run-archive/m1-matched-lut-7wqexi/artifacts/work-online-merge-m2-matched-lut-scale-05-r1,1,2,256,NA,c671a05226e6caaa90d67cf34fcb0142c45e134525a8d1e8b292cbefc4d87af3,4,0.6666666666666666,256,112,main,break_even_n2_d1,main,120fa0c30199e54e6e9b5c60d8da40913eae8526640992cc5d4f130bef159775,6,/home/wxt/m1-matched-lut.7wqexi/repo/hw/system/spatz_cluster/cfg/spatz_cluster.default.dram.hjson,NA,YES,clang version 14.0.6 (git@github.com:pulp-platform/llvm-project.git b494f2d8dde88723026db8ec16ac6c7ee1e140ca) | Target: riscv32-unknown-unknown-elf | Thread model: posix,2e02d810ce8258b41bce866822e8ece4ddbe2237d9297881b26f42944b8318e4,/home/wxt/m1-matched-lut.7wqexi/repo/install/llvm/bin/clang -DONLINE_MERGE_COUNTER_PROFILE=0 -DONLINE_MERGE_IMPLEMENTATION_SELECT=2 -DONLINE_MERGE_STACK_LOG2=13 -DONLINE_MERGE_TRACE_PROXY=0 -I/home/wxt/m1-matched-lut.7wqexi/repo/sw/spatzBenchmarks/include -I/home/wxt/m1-matched-lut.7wqexi/repo/sw/snRuntime/include -I/home/wxt/m1-matched-lut.7wqexi/repo/sw/snRuntime/vendor -I/home/wxt/m1-matched-lut.7wqexi/repo/sw/snRuntime/../toolchain/riscv-opcodes -I/home/wxt/work-online-merge-supplement/run-archive/m1-matched-lut-7wqexi/artifacts/work-online-merge-m2-matched-lut-scale-05-r1/build/spatzBenchmarks/online_merge_generated/N2_D1_S1_main_R1 -I/home/wxt/m1-matched-lut.7wqexi/repo/sw/spatzBenchmarks/online-softmax-merge  --gcc-toolchain=/home/wxt/m1-matched-lut.7wqexi/repo/install/riscv-gcc --gcc-toolchain=/home/wxt/m1-matched-lut.7wqexi/repo/install/riscv-gcc -mcpu=snitch -mcmodel=small -ffast-math -fno-builtin-printf -fno-common -falign-loops=16 -ffunction-sections -Wextra -static -mllvm -misched-topdown -menable-experimental-extensions -mno-relax -march=rv32imafdvzfh_xdma_xfquarter -mabi=ilp32d -O3 -g -o CMakeFiles/test-spatzBenchmarks-online-softmax-merge-b2r.dir/online-softmax-merge/main.c.o -c /home/wxt/m1-matched-lut.7wqexi/repo/sw/spatzBenchmarks/online-softmax-merge/main.c,B2R_RVV,A0,memory,1973,YES,6,NA,NO_EXPLICIT_TRANSFER_PHASE,MAIN_PERFORMANCE,pass,PASS,NA,112,NA,7225d41ad2d1c63376a9fb1ea4e56b3b24a3e97f,False,B2-R,0,df48b468b679109c672e2d05f7672a2ac1f971c29699e1e2aa32f345d8595640,main,DASM_MARKER_ENVELOPE_WITNESS,B2-R,3095,2.0885720705978632e-07,1,2,1547.5,1.2516975402832031e-06,100000000,1.2516975402832031e-06,2.5580326716105145e-07,False,PASS,low_perturbation,d8eb89d2a267b4b37ac1b0675a2a3beccaa6fd3e2c3d0e596c8081f441fb7149,16768,0,0,0,1,2,1.0,YES,NA,1547.5,0,break_even_n2_d1/memory/B2R_RVV/trial-2/simulator.log,0,YES,NA,NA,5.239123391575091e-07,20260811T121310Z_7225d41a_m2-matched-lut-scale-05,16512,NA,0,1967,1,33f066a87e3592e55aa4c78bcc583383243061423e6a790856d5b1be7f593fef,/home/wxt/work-online-merge-supplement/work-artifacts/work-online-merge-low-dasm-simulator-5c2aad2-r1/spatz_cluster.vlt,BREAK_EVEN,NA,0,NA,NA,NA,PASS,NA,PASS,4,b77ae14e3a478dda955684103acb6f8ec5f6093e39bba065013dc7903492921a,pass,165,131072,0,NA,NA,NA,2026-08-11T12:15:59+00:00,break_even_n2_d1/memory/B2R_RVV/trace-witness/instruction_trace_audit.json,377,1013,759,14,959,INDEPENDENT_DASM_WITNESS,6,PASS,NA,PASS,361ff71bcc241b448e49ff6d212d06a13a986e2fad861b0aa0b67e40e7a21d68,/home/wxt/work-online-merge-supplement/work-artifacts/work-online-merge-traced-simulator-088a44d-r1/spatz_cluster.vlt,default,d8eb89d2a267b4b37ac1b0675a2a3beccaa6fd3e2c3d0e596c8081f441fb7149,2,6,Verilator 5.034 2025-02-24 rev v5.034,4f53cda18c2baa0c0354bb5f9a3ecbe5ed12ab4d8e11ba873c2f11161202b945,,,,,,
/home/wxt/work-online-merge-supplement/run-archive/m1-matched-lut-7wqexi/artifacts/work-online-merge-m2-matched-lut-scale-05-r1,1,2,256,NA,593b9be9ff646d723f28da5c439ca9d7bc1b3d0c82130da128a54fe7a16a9606,4,0.6666666666666666,256,112,main,break_even_n2_d1,main,120fa0c30199e54e6e9b5c60d8da40913eae8526640992cc5d4f130bef159775,6,/home/wxt/m1-matched-lut.7wqexi/repo/hw/system/spatz_cluster/cfg/spatz_cluster.default.dram.hjson,1543,YES,clang version 14.0.6 (git@github.com:pulp-platform/llvm-project.git b494f2d8dde88723026db8ec16ac6c7ee1e140ca) | Target: riscv32-unknown-unknown-elf | Thread model: posix,2e02d810ce8258b41bce866822e8ece4ddbe2237d9297881b26f42944b8318e4,/home/wxt/m1-matched-lut.7wqexi/repo/install/llvm/bin/clang -DONLINE_MERGE_COUNTER_PROFILE=0 -DONLINE_MERGE_IMPLEMENTATION_SELECT=4 -DONLINE_MERGE_STACK_LOG2=13 -DONLINE_MERGE_TRACE_PROXY=0 -I/home/wxt/m1-matched-lut.7wqexi/repo/sw/spatzBenchmarks/include -I/home/wxt/m1-matched-lut.7wqexi/repo/sw/snRuntime/include -I/home/wxt/m1-matched-lut.7wqexi/repo/sw/snRuntime/vendor -I/home/wxt/m1-matched-lut.7wqexi/repo/sw/snRuntime/../toolchain/riscv-opcodes -I/home/wxt/work-online-merge-supplement/run-archive/m1-matched-lut-7wqexi/artifacts/work-online-merge-m2-matched-lut-scale-05-r1/build/spatzBenchmarks/online_merge_generated/N2_D1_S1_main_R1 -I/home/wxt/m1-matched-lut.7wqexi/repo/sw/spatzBenchmarks/online-softmax-merge  --gcc-toolchain=/home/wxt/m1-matched-lut.7wqexi/repo/install/riscv-gcc --gcc-toolchain=/home/wxt/m1-matched-lut.7wqexi/repo/install/riscv-gcc -mcpu=snitch -mcmodel=small -ffast-math -fno-builtin-printf -fno-common -falign-loops=16 -ffunction-sections -Wextra -static -mllvm -misched-topdown -menable-experimental-extensions -mno-relax -march=rv32imafdvzfh_xdma_xfquarter -mabi=ilp32d -O3 -g -o CMakeFiles/test-spatzBenchmarks-online-softmax-merge-a1.dir/online-softmax-merge/main.c.o -c /home/wxt/m1-matched-lut.7wqexi/repo/sw/spatzBenchmarks/online-softmax-merge/main.c,A1_SMU_SCALAR,NA,memory,NA,NO,NA,NA,NO_EXPLICIT_TRANSFER_PHASE,MAIN_PERFORMANCE,pass,PASS,NA,112,PASS,7225d41ad2d1c63376a9fb1ea4e56b3b24a3e97f,False,A1,0,df48b468b679109c672e2d05f7672a2ac1f971c29699e1e2aa32f345d8595640,main,NA,A1,1591,2.0885720705978632e-07,1,2,795.5,1.2516975402832031e-06,100000000,1.2516975402832031e-06,2.5580326716105145e-07,False,PASS,low_perturbation,86962879f17e464a2798048b159e44f3bc7d1bf8e9c9b7d0e68fb6161e3f3ca8,16768,0,0,0,1,2,1.0,YES,NA,795.5,0,break_even_n2_d1/memory/A1_SMU_SCALAR/trial-0/simulator.log,0,YES,NA,NA,5.239123391575091e-07,20260811T121310Z_7225d41a_m2-matched-lut-scale-05,16512,235,0,NA,1,33f066a87e3592e55aa4c78bcc583383243061423e6a790856d5b1be7f593fef,/home/wxt/work-online-merge-supplement/work-artifacts/work-online-merge-low-dasm-simulator-5c2aad2-r1/spatz_cluster.vlt,BREAK_EVEN,48,1,1356,NA,NA,PASS,NA,PASS,4,2167ecdec4c68856faa1304e48f5b1861a06e1a313c98b4ff02cbb55c1f67583,pass,416,131072,0,NA,NA,NA,2026-08-11T12:16:55+00:00,NA,NA,NA,NA,NA,NA,NA,NA,NA,NA,NA,NA,NA,NA,NA,0,NA,Verilator 5.034 2025-02-24 rev v5.034,4f53cda18c2baa0c0354bb5f9a3ecbe5ed12ab4d8e11ba873c2f11161202b945,2,2,26,1,18,0
/home/wxt/work-online-merge-supplement/run-archive/m1-matched-lut-7wqexi/artifacts/work-online-merge-m2-matched-lut-scale-05-r1,1,2,256,NA,593b9be9ff646d723f28da5c439ca9d7bc1b3d0c82130da128a54fe7a16a9606,4,0.6666666666666666,256,112,main,break_even_n2_d1,main,120fa0c30199e54e6e9b5c60d8da40913eae8526640992cc5d4f130bef159775,6,/home/wxt/m1-matched-lut.7wqexi/repo/hw/system/spatz_cluster/cfg/spatz_cluster.default.dram.hjson,1543,YES,clang version 14.0.6 (git@github.com:pulp-platform/llvm-project.git b494f2d8dde88723026db8ec16ac6c7ee1e140ca) | Target: riscv32-unknown-unknown-elf | Thread model: posix,2e02d810ce8258b41bce866822e8ece4ddbe2237d9297881b26f42944b8318e4,/home/wxt/m1-matched-lut.7wqexi/repo/install/llvm/bin/clang -DONLINE_MERGE_COUNTER_PROFILE=0 -DONLINE_MERGE_IMPLEMENTATION_SELECT=4 -DONLINE_MERGE_STACK_LOG2=13 -DONLINE_MERGE_TRACE_PROXY=0 -I/home/wxt/m1-matched-lut.7wqexi/repo/sw/spatzBenchmarks/include -I/home/wxt/m1-matched-lut.7wqexi/repo/sw/snRuntime/include -I/home/wxt/m1-matched-lut.7wqexi/repo/sw/snRuntime/vendor -I/home/wxt/m1-matched-lut.7wqexi/repo/sw/snRuntime/../toolchain/riscv-opcodes -I/home/wxt/work-online-merge-supplement/run-archive/m1-matched-lut-7wqexi/artifacts/work-online-merge-m2-matched-lut-scale-05-r1/build/spatzBenchmarks/online_merge_generated/N2_D1_S1_main_R1 -I/home/wxt/m1-matched-lut.7wqexi/repo/sw/spatzBenchmarks/online-softmax-merge  --gcc-toolchain=/home/wxt/m1-matched-lut.7wqexi/repo/install/riscv-gcc --gcc-toolchain=/home/wxt/m1-matched-lut.7wqexi/repo/install/riscv-gcc -mcpu=snitch -mcmodel=small -ffast-math -fno-builtin-printf -fno-common -falign-loops=16 -ffunction-sections -Wextra -static -mllvm -misched-topdown -menable-experimental-extensions -mno-relax -march=rv32imafdvzfh_xdma_xfquarter -mabi=ilp32d -O3 -g -o CMakeFiles/test-spatzBenchmarks-online-softmax-merge-a1.dir/online-softmax-merge/main.c.o -c /home/wxt/m1-matched-lut.7wqexi/repo/sw/spatzBenchmarks/online-softmax-merge/main.c,A1_SMU_SCALAR,NA,memory,NA,NO,NA,NA,NO_EXPLICIT_TRANSFER_PHASE,MAIN_PERFORMANCE,pass,PASS,NA,112,PASS,7225d41ad2d1c63376a9fb1ea4e56b3b24a3e97f,False,A1,0,df48b468b679109c672e2d05f7672a2ac1f971c29699e1e2aa32f345d8595640,main,NA,A1,1591,2.0885720705978632e-07,1,2,795.5,1.2516975402832031e-06,100000000,1.2516975402832031e-06,2.5580326716105145e-07,False,PASS,low_perturbation,86962879f17e464a2798048b159e44f3bc7d1bf8e9c9b7d0e68fb6161e3f3ca8,16768,0,0,0,1,2,1.0,YES,NA,795.5,0,break_even_n2_d1/memory/A1_SMU_SCALAR/trial-1/simulator.log,0,YES,NA,NA,5.239123391575091e-07,20260811T121310Z_7225d41a_m2-matched-lut-scale-05,16512,235,0,NA,1,33f066a87e3592e55aa4c78bcc583383243061423e6a790856d5b1be7f593fef,/home/wxt/work-online-merge-supplement/work-artifacts/work-online-merge-low-dasm-simulator-5c2aad2-r1/spatz_cluster.vlt,BREAK_EVEN,48,1,1356,NA,NA,PASS,NA,PASS,4,2167ecdec4c68856faa1304e48f5b1861a06e1a313c98b4ff02cbb55c1f67583,pass,416,131072,0,NA,NA,NA,2026-08-11T12:17:50+00:00,NA,NA,NA,NA,NA,NA,NA,NA,NA,NA,NA,NA,NA,NA,NA,1,NA,Verilator 5.034 2025-02-24 rev v5.034,4f53cda18c2baa0c0354bb5f9a3ecbe5ed12ab4d8e11ba873c2f11161202b945,2,2,26,1,18,0
/home/wxt/work-online-merge-supplement/run-archive/m1-matched-lut-7wqexi/artifacts/work-online-merge-m2-matched-lut-scale-05-r1,1,2,256,NA,593b9be9ff646d723f28da5c439ca9d7bc1b3d0c82130da128a54fe7a16a9606,4,0.6666666666666666,256,112,main,break_even_n2_d1,main,120fa0c30199e54e6e9b5c60d8da40913eae8526640992cc5d4f130bef159775,6,/home/wxt/m1-matched-lut.7wqexi/repo/hw/system/spatz_cluster/cfg/spatz_cluster.default.dram.hjson,1543,YES,clang version 14.0.6 (git@github.com:pulp-platform/llvm-project.git b494f2d8dde88723026db8ec16ac6c7ee1e140ca) | Target: riscv32-unknown-unknown-elf | Thread model: posix,2e02d810ce8258b41bce866822e8ece4ddbe2237d9297881b26f42944b8318e4,/home/wxt/m1-matched-lut.7wqexi/repo/install/llvm/bin/clang -DONLINE_MERGE_COUNTER_PROFILE=0 -DONLINE_MERGE_IMPLEMENTATION_SELECT=4 -DONLINE_MERGE_STACK_LOG2=13 -DONLINE_MERGE_TRACE_PROXY=0 -I/home/wxt/m1-matched-lut.7wqexi/repo/sw/spatzBenchmarks/include -I/home/wxt/m1-matched-lut.7wqexi/repo/sw/snRuntime/include -I/home/wxt/m1-matched-lut.7wqexi/repo/sw/snRuntime/vendor -I/home/wxt/m1-matched-lut.7wqexi/repo/sw/snRuntime/../toolchain/riscv-opcodes -I/home/wxt/work-online-merge-supplement/run-archive/m1-matched-lut-7wqexi/artifacts/work-online-merge-m2-matched-lut-scale-05-r1/build/spatzBenchmarks/online_merge_generated/N2_D1_S1_main_R1 -I/home/wxt/m1-matched-lut.7wqexi/repo/sw/spatzBenchmarks/online-softmax-merge  --gcc-toolchain=/home/wxt/m1-matched-lut.7wqexi/repo/install/riscv-gcc --gcc-toolchain=/home/wxt/m1-matched-lut.7wqexi/repo/install/riscv-gcc -mcpu=snitch -mcmodel=small -ffast-math -fno-builtin-printf -fno-common -falign-loops=16 -ffunction-sections -Wextra -static -mllvm -misched-topdown -menable-experimental-extensions -mno-relax -march=rv32imafdvzfh_xdma_xfquarter -mabi=ilp32d -O3 -g -o CMakeFiles/test-spatzBenchmarks-online-softmax-merge-a1.dir/online-softmax-merge/main.c.o -c /home/wxt/m1-matched-lut.7wqexi/repo/sw/spatzBenchmarks/online-softmax-merge/main.c,A1_SMU_SCALAR,NA,memory,NA,NO,NA,NA,NO_EXPLICIT_TRANSFER_PHASE,MAIN_PERFORMANCE,pass,PASS,NA,112,PASS,7225d41ad2d1c63376a9fb1ea4e56b3b24a3e97f,False,A1,0,df48b468b679109c672e2d05f7672a2ac1f971c29699e1e2aa32f345d8595640,main,NA,A1,1591,2.0885720705978632e-07,1,2,795.5,1.2516975402832031e-06,100000000,1.2516975402832031e-06,2.5580326716105145e-07,False,PASS,low_perturbation,86962879f17e464a2798048b159e44f3bc7d1bf8e9c9b7d0e68fb6161e3f3ca8,16768,0,0,0,1,2,1.0,YES,NA,795.5,0,break_even_n2_d1/memory/A1_SMU_SCALAR/trial-2/simulator.log,0,YES,NA,NA,5.239123391575091e-07,20260811T121310Z_7225d41a_m2-matched-lut-scale-05,16512,235,0,NA,1,33f066a87e3592e55aa4c78bcc583383243061423e6a790856d5b1be7f593fef,/home/wxt/work-online-merge-supplement/work-artifacts/work-online-merge-low-dasm-simulator-5c2aad2-r1/spatz_cluster.vlt,BREAK_EVEN,48,1,1356,NA,NA,PASS,NA,PASS,4,2167ecdec4c68856faa1304e48f5b1861a06e1a313c98b4ff02cbb55c1f67583,pass,416,131072,0,NA,NA,NA,2026-08-11T12:18:47+00:00,NA,NA,NA,NA,NA,NA,NA,NA,NA,NA,NA,NA,NA,NA,NA,2,NA,Verilator 5.034 2025-02-24 rev v5.034,4f53cda18c2baa0c0354bb5f9a3ecbe5ed12ab4d8e11ba873c2f11161202b945,2,2,26,1,18,0
/home/wxt/work-online-merge-supplement/run-archive/m1-matched-lut-7wqexi/artifacts/work-online-merge-m2-matched-lut-scale-05-r1,1,2,256,NA,902201081ca90c6774ba17220f5aa6500bb7878b792b72df8fe80418097b874e,4,0.6666666666666666,256,112,main,break_even_n2_d1,main,120fa0c30199e54e6e9b5c60d8da40913eae8526640992cc5d4f130bef159775,6,/home/wxt/m1-matched-lut.7wqexi/repo/hw/system/spatz_cluster/cfg/spatz_cluster.default.dram.hjson,1279,YES,clang version 14.0.6 (git@github.com:pulp-platform/llvm-project.git b494f2d8dde88723026db8ec16ac6c7ee1e140ca) | Target: riscv32-unknown-unknown-elf | Thread model: posix,2e02d810ce8258b41bce866822e8ece4ddbe2237d9297881b26f42944b8318e4,/home/wxt/m1-matched-lut.7wqexi/repo/install/llvm/bin/clang -DONLINE_MERGE_COUNTER_PROFILE=0 -DONLINE_MERGE_IMPLEMENTATION_SELECT=3 -DONLINE_MERGE_STACK_LOG2=13 -DONLINE_MERGE_TRACE_PROXY=0 -I/home/wxt/m1-matched-lut.7wqexi/repo/sw/spatzBenchmarks/include -I/home/wxt/m1-matched-lut.7wqexi/repo/sw/snRuntime/include -I/home/wxt/m1-matched-lut.7wqexi/repo/sw/snRuntime/vendor -I/home/wxt/m1-matched-lut.7wqexi/repo/sw/snRuntime/../toolchain/riscv-opcodes -I/home/wxt/work-online-merge-supplement/run-archive/m1-matched-lut-7wqexi/artifacts/work-online-merge-m2-matched-lut-scale-05-r1/build/spatzBenchmarks/online_merge_generated/N2_D1_S1_main_R1 -I/home/wxt/m1-matched-lut.7wqexi/repo/sw/spatzBenchmarks/online-softmax-merge  --gcc-toolchain=/home/wxt/m1-matched-lut.7wqexi/repo/install/riscv-gcc --gcc-toolchain=/home/wxt/m1-matched-lut.7wqexi/repo/install/riscv-gcc -mcpu=snitch -mcmodel=small -ffast-math -fno-builtin-printf -fno-common -falign-loops=16 -ffunction-sections -Wextra -static -mllvm -misched-topdown -menable-experimental-extensions -mno-relax -march=rv32imafdvzfh_xdma_xfquarter -mabi=ilp32d -O3 -g -o CMakeFiles/test-spatzBenchmarks-online-softmax-merge-a2.dir/online-softmax-merge/main.c.o -c /home/wxt/m1-matched-lut.7wqexi/repo/sw/spatzBenchmarks/online-softmax-merge/main.c,A2_SMU_FULL,A2,memory,NA,NO,NA,NA,NO_EXPLICIT_TRANSFER_PHASE,MAIN_PERFORMANCE,pass,PASS,NA,112,PASS,7225d41ad2d1c63376a9fb1ea4e56b3b24a3e97f,False,B3,0,df48b468b679109c672e2d05f7672a2ac1f971c29699e1e2aa32f345d8595640,main,NA,B3,1337,2.0885720705978632e-07,1,2,668.5,1.2516975402832031e-06,100000000,1.2516975402832031e-06,2.5580326716105145e-07,False,PASS,low_perturbation,9abb125b329c58fbf560f6695ac45b49ab73ce961bbebbdedc96a7c820db85a2,16768,0,0,0,1,2,1.0,YES,NA,668.5,0,break_even_n2_d1/memory/A2_SMU_FULL/trial-0/simulator.log,0,YES,NA,NA,5.239123391575091e-07,20260811T121310Z_7225d41a_m2-matched-lut-scale-05,16512,NA,0,NA,1,33f066a87e3592e55aa4c78bcc583383243061423e6a790856d5b1be7f593fef,/home/wxt/work-online-merge-supplement/work-artifacts/work-online-merge-low-dasm-simulator-5c2aad2-r1/spatz_cluster.vlt,BREAK_EVEN,58,1,NA,NA,NA,PASS,NA,PASS,4,6008f7d43bb5942c2042640e18c2091bf0a759a62595fcd0e922d84dd5665dd1,pass,387,131072,0,NA,NA,NA,2026-08-11T12:19:43+00:00,NA,NA,NA,NA,NA,NA,NA,NA,NA,NA,NA,NA,NA,NA,NA,0,NA,Verilator 5.034 2025-02-24 rev v5.034,4f53cda18c2baa0c0354bb5f9a3ecbe5ed12ab4d8e11ba873c2f11161202b945,2,2,26,1,10,18
/home/wxt/work-online-merge-supplement/run-archive/m1-matched-lut-7wqexi/artifacts/work-online-merge-m2-matched-lut-scale-05-r1,1,2,256,NA,902201081ca90c6774ba17220f5aa6500bb7878b792b72df8fe80418097b874e,4,0.6666666666666666,256,112,main,break_even_n2_d1,main,120fa0c30199e54e6e9b5c60d8da40913eae8526640992cc5d4f130bef159775,6,/home/wxt/m1-matched-lut.7wqexi/repo/hw/system/spatz_cluster/cfg/spatz_cluster.default.dram.hjson,1279,YES,clang version 14.0.6 (git@github.com:pulp-platform/llvm-project.git b494f2d8dde88723026db8ec16ac6c7ee1e140ca) | Target: riscv32-unknown-unknown-elf | Thread model: posix,2e02d810ce8258b41bce866822e8ece4ddbe2237d9297881b26f42944b8318e4,/home/wxt/m1-matched-lut.7wqexi/repo/install/llvm/bin/clang -DONLINE_MERGE_COUNTER_PROFILE=0 -DONLINE_MERGE_IMPLEMENTATION_SELECT=3 -DONLINE_MERGE_STACK_LOG2=13 -DONLINE_MERGE_TRACE_PROXY=0 -I/home/wxt/m1-matched-lut.7wqexi/repo/sw/spatzBenchmarks/include -I/home/wxt/m1-matched-lut.7wqexi/repo/sw/snRuntime/include -I/home/wxt/m1-matched-lut.7wqexi/repo/sw/snRuntime/vendor -I/home/wxt/m1-matched-lut.7wqexi/repo/sw/snRuntime/../toolchain/riscv-opcodes -I/home/wxt/work-online-merge-supplement/run-archive/m1-matched-lut-7wqexi/artifacts/work-online-merge-m2-matched-lut-scale-05-r1/build/spatzBenchmarks/online_merge_generated/N2_D1_S1_main_R1 -I/home/wxt/m1-matched-lut.7wqexi/repo/sw/spatzBenchmarks/online-softmax-merge  --gcc-toolchain=/home/wxt/m1-matched-lut.7wqexi/repo/install/riscv-gcc --gcc-toolchain=/home/wxt/m1-matched-lut.7wqexi/repo/install/riscv-gcc -mcpu=snitch -mcmodel=small -ffast-math -fno-builtin-printf -fno-common -falign-loops=16 -ffunction-sections -Wextra -static -mllvm -misched-topdown -menable-experimental-extensions -mno-relax -march=rv32imafdvzfh_xdma_xfquarter -mabi=ilp32d -O3 -g -o CMakeFiles/test-spatzBenchmarks-online-softmax-merge-a2.dir/online-softmax-merge/main.c.o -c /home/wxt/m1-matched-lut.7wqexi/repo/sw/spatzBenchmarks/online-softmax-merge/main.c,A2_SMU_FULL,A2,memory,NA,NO,NA,NA,NO_EXPLICIT_TRANSFER_PHASE,MAIN_PERFORMANCE,pass,PASS,NA,112,PASS,7225d41ad2d1c63376a9fb1ea4e56b3b24a3e97f,False,B3,0,df48b468b679109c672e2d05f7672a2ac1f971c29699e1e2aa32f345d8595640,main,NA,B3,1337,2.0885720705978632e-07,1,2,668.5,1.2516975402832031e-06,100000000,1.2516975402832031e-06,2.5580326716105145e-07,False,PASS,low_perturbation,9abb125b329c58fbf560f6695ac45b49ab73ce961bbebbdedc96a7c820db85a2,16768,0,0,0,1,2,1.0,YES,NA,668.5,0,break_even_n2_d1/memory/A2_SMU_FULL/trial-1/simulator.log,0,YES,NA,NA,5.239123391575091e-07,20260811T121310Z_7225d41a_m2-matched-lut-scale-05,16512,NA,0,NA,1,33f066a87e3592e55aa4c78bcc583383243061423e6a790856d5b1be7f593fef,/home/wxt/work-online-merge-supplement/work-artifacts/work-online-merge-low-dasm-simulator-5c2aad2-r1/spatz_cluster.vlt,BREAK_EVEN,58,1,NA,NA,NA,PASS,NA,PASS,4,6008f7d43bb5942c2042640e18c2091bf0a759a62595fcd0e922d84dd5665dd1,pass,387,131072,0,NA,NA,NA,2026-08-11T12:20:38+00:00,NA,NA,NA,NA,NA,NA,NA,NA,NA,NA,NA,NA,NA,NA,NA,1,NA,Verilator 5.034 2025-02-24 rev v5.034,4f53cda18c2baa0c0354bb5f9a3ecbe5ed12ab4d8e11ba873c2f11161202b945,2,2,26,1,10,18
/home/wxt/work-online-merge-supplement/run-archive/m1-matched-lut-7wqexi/artifacts/work-online-merge-m2-matched-lut-scale-05-r1,1,2,256,NA,902201081ca90c6774ba17220f5aa6500bb7878b792b72df8fe80418097b874e,4,0.6666666666666666,256,112,main,break_even_n2_d1,main,120fa0c30199e54e6e9b5c60d8da40913eae8526640992cc5d4f130bef159775,6,/home/wxt/m1-matched-lut.7wqexi/repo/hw/system/spatz_cluster/cfg/spatz_cluster.default.dram.hjson,1279,YES,clang version 14.0.6 (git@github.com:pulp-platform/llvm-project.git b494f2d8dde88723026db8ec16ac6c7ee1e140ca) | Target: riscv32-unknown-unknown-elf | Thread model: posix,2e02d810ce8258b41bce866822e8ece4ddbe2237d9297881b26f42944b8318e4,/home/wxt/m1-matched-lut.7wqexi/repo/install/llvm/bin/clang -DONLINE_MERGE_COUNTER_PROFILE=0 -DONLINE_MERGE_IMPLEMENTATION_SELECT=3 -DONLINE_MERGE_STACK_LOG2=13 -DONLINE_MERGE_TRACE_PROXY=0 -I/home/wxt/m1-matched-lut.7wqexi/repo/sw/spatzBenchmarks/include -I/home/wxt/m1-matched-lut.7wqexi/repo/sw/snRuntime/include -I/home/wxt/m1-matched-lut.7wqexi/repo/sw/snRuntime/vendor -I/home/wxt/m1-matched-lut.7wqexi/repo/sw/snRuntime/../toolchain/riscv-opcodes -I/home/wxt/work-online-merge-supplement/run-archive/m1-matched-lut-7wqexi/artifacts/work-online-merge-m2-matched-lut-scale-05-r1/build/spatzBenchmarks/online_merge_generated/N2_D1_S1_main_R1 -I/home/wxt/m1-matched-lut.7wqexi/repo/sw/spatzBenchmarks/online-softmax-merge  --gcc-toolchain=/home/wxt/m1-matched-lut.7wqexi/repo/install/riscv-gcc --gcc-toolchain=/home/wxt/m1-matched-lut.7wqexi/repo/install/riscv-gcc -mcpu=snitch -mcmodel=small -ffast-math -fno-builtin-printf -fno-common -falign-loops=16 -ffunction-sections -Wextra -static -mllvm -misched-topdown -menable-experimental-extensions -mno-relax -march=rv32imafdvzfh_xdma_xfquarter -mabi=ilp32d -O3 -g -o CMakeFiles/test-spatzBenchmarks-online-softmax-merge-a2.dir/online-softmax-merge/main.c.o -c /home/wxt/m1-matched-lut.7wqexi/repo/sw/spatzBenchmarks/online-softmax-merge/main.c,A2_SMU_FULL,A2,memory,NA,NO,NA,NA,NO_EXPLICIT_TRANSFER_PHASE,MAIN_PERFORMANCE,pass,PASS,NA,112,PASS,7225d41ad2d1c63376a9fb1ea4e56b3b24a3e97f,False,B3,0,df48b468b679109c672e2d05f7672a2ac1f971c29699e1e2aa32f345d8595640,main,NA,B3,1337,2.0885720705978632e-07,1,2,668.5,1.2516975402832031e-06,100000000,1.2516975402832031e-06,2.5580326716105145e-07,False,PASS,low_perturbation,9abb125b329c58fbf560f6695ac45b49ab73ce961bbebbdedc96a7c820db85a2,16768,0,0,0,1,2,1.0,YES,NA,668.5,0,break_even_n2_d1/memory/A2_SMU_FULL/trial-2/simulator.log,0,YES,NA,NA,5.239123391575091e-07,20260811T121310Z_7225d41a_m2-matched-lut-scale-05,16512,NA,0,NA,1,33f066a87e3592e55aa4c78bcc583383243061423e6a790856d5b1be7f593fef,/home/wxt/work-online-merge-supplement/work-artifacts/work-online-merge-low-dasm-simulator-5c2aad2-r1/spatz_cluster.vlt,BREAK_EVEN,58,1,NA,NA,NA,PASS,NA,PASS,4,6008f7d43bb5942c2042640e18c2091bf0a759a62595fcd0e922d84dd5665dd1,pass,387,131072,0,NA,NA,NA,2026-08-11T12:21:36+00:00,NA,NA,NA,NA,NA,NA,NA,NA,NA,NA,NA,NA,NA,NA,NA,2,NA,Verilator 5.034 2025-02-24 rev v5.034,4f53cda18c2baa0c0354bb5f9a3ecbe5ed12ab4d8e11ba873c2f11161202b945,2,2,26,1,10,18
/home/wxt/work-online-merge-supplement/run-archive/m1-matched-lut-7wqexi/artifacts/work-online-merge-m2-matched-lut-scale-05-r1,8,2,512,NA,dde437717d971e85f6d2b58a8ba045198a6cc16e61161262b72b58542f459ede,3,0.15,512,336,main,break_even_n2_d8,main,120fa0c30199e54e6e9b5c60d8da40913eae8526640992cc5d4f130bef159775,20,/home/wxt/m1-matched-lut.7wqexi/repo/hw/system/spatz_cluster/cfg/spatz_cluster.default.dram.hjson,NA,YES,clang version 14.0.6 (git@github.com:pulp-platform/llvm-project.git b494f2d8dde88723026db8ec16ac6c7ee1e140ca) | Target: riscv32-unknown-unknown-elf | Thread model: posix,f7a0183506315678159c26e87452618a0f99b1bee43127ca09c3f56049886a2b,/home/wxt/m1-matched-lut.7wqexi/repo/install/llvm/bin/clang -DONLINE_MERGE_COUNTER_PROFILE=0 -DONLINE_MERGE_IMPLEMENTATION_SELECT=2 -DONLINE_MERGE_STACK_LOG2=13 -DONLINE_MERGE_TRACE_PROXY=0 -I/home/wxt/m1-matched-lut.7wqexi/repo/sw/spatzBenchmarks/include -I/home/wxt/m1-matched-lut.7wqexi/repo/sw/snRuntime/include -I/home/wxt/m1-matched-lut.7wqexi/repo/sw/snRuntime/vendor -I/home/wxt/m1-matched-lut.7wqexi/repo/sw/snRuntime/../toolchain/riscv-opcodes -I/home/wxt/work-online-merge-supplement/run-archive/m1-matched-lut-7wqexi/artifacts/work-online-merge-m2-matched-lut-scale-05-r1/build/spatzBenchmarks/online_merge_generated/N2_D8_S1_main_R1 -I/home/wxt/m1-matched-lut.7wqexi/repo/sw/spatzBenchmarks/online-softmax-merge  --gcc-toolchain=/home/wxt/m1-matched-lut.7wqexi/repo/install/riscv-gcc -mcpu=snitch -mcmodel=small -ffast-math -fno-builtin-printf -fno-common -falign-loops=16 -ffunction-sections -Wextra -static -mllvm -misched-topdown -menable-experimental-extensions -mno-relax -march=rv32imafdvzfh_xdma_xfquarter -mabi=ilp32d -O3 -g -o CMakeFiles/test-spatzBenchmarks-online-softmax-merge-b2r.dir/online-softmax-merge/main.c.o -c /home/wxt/m1-matched-lut.7wqexi/repo/sw/spatzBenchmarks/online-softmax-merge/main.c,B2R_RVV,A0,memory,1992,YES,12,NA,NO_EXPLICIT_TRANSFER_PHASE,MAIN_PERFORMANCE,pass,PASS,NA,336,NA,7225d41ad2d1c63376a9fb1ea4e56b3b24a3e97f,False,B2-R,0,581d67a5572269811b106a8332b763cd7ee8078b07aef9ef22b2c59b179c598b,main,DASM_MARKER_ENVELOPE_WITNESS,B2-R,3062,5.581109849307985e-06,8,2,191.375,3.1575560569763184e-05,100000000,3.1575560569763184e-05,2.5644898414611816e-06,False,PASS,low_perturbation,fa7776641af8b118ff50d1653fa9578435dbb598b9b120add8680195fc3afae3,17024,0,0,0,8,2,1.0,YES,NA,191.375,0,break_even_n2_d8/memory/B2R_RVV/trial-0/simulator.log,0,YES,NA,NA,7.161094058928248e-06,20260811T121310Z_7225d41a_m2-matched-lut-scale-05,16512,NA,0,1980,1,33f066a87e3592e55aa4c78bcc583383243061423e6a790856d5b1be7f593fef,/home/wxt/work-online-merge-supplement/work-artifacts/work-online-merge-low-dasm-simulator-5c2aad2-r1/spatz_cluster.vlt,BREAK_EVEN,NA,0,NA,NA,NA,PASS,NA,PASS,32,d27306a682ad5f0aaba367ba149c5cac71832a91ad7014a7eb1c9b937b0d1732,pass,183,131072,0,NA,NA,NA,2026-08-11T12:23:38+00:00,break_even_n2_d8/memory/B2R_RVV/trace-witness/instruction_trace_audit.json,353,1010,739,12,993,INDEPENDENT_DASM_WITNESS,6,PASS,NA,PASS,361ff71bcc241b448e49ff6d212d06a13a986e2fad861b0aa0b67e40e7a21d68,/home/wxt/work-online-merge-supplement/work-artifacts/work-online-merge-traced-simulator-088a44d-r1/spatz_cluster.vlt,default,fa7776641af8b118ff50d1653fa9578435dbb598b9b120add8680195fc3afae3,0,12,Verilator 5.034 2025-02-24 rev v5.034,4f53cda18c2baa0c0354bb5f9a3ecbe5ed12ab4d8e11ba873c2f11161202b945,,,,,,
/home/wxt/work-online-merge-supplement/run-archive/m1-matched-lut-7wqexi/artifacts/work-online-merge-m2-matched-lut-scale-05-r1,8,2,512,NA,dde437717d971e85f6d2b58a8ba045198a6cc16e61161262b72b58542f459ede,3,0.15,512,336,main,break_even_n2_d8,main,120fa0c30199e54e6e9b5c60d8da40913eae8526640992cc5d4f130bef159775,20,/home/wxt/m1-matched-lut.7wqexi/repo/hw/system/spatz_cluster/cfg/spatz_cluster.default.dram.hjson,NA,YES,clang version 14.0.6 (git@github.com:pulp-platform/llvm-project.git b494f2d8dde88723026db8ec16ac6c7ee1e140ca) | Target: riscv32-unknown-unknown-elf | Thread model: posix,f7a0183506315678159c26e87452618a0f99b1bee43127ca09c3f56049886a2b,/home/wxt/m1-matched-lut.7wqexi/repo/install/llvm/bin/clang -DONLINE_MERGE_COUNTER_PROFILE=0 -DONLINE_MERGE_IMPLEMENTATION_SELECT=2 -DONLINE_MERGE_STACK_LOG2=13 -DONLINE_MERGE_TRACE_PROXY=0 -I/home/wxt/m1-matched-lut.7wqexi/repo/sw/spatzBenchmarks/include -I/home/wxt/m1-matched-lut.7wqexi/repo/sw/snRuntime/include -I/home/wxt/m1-matched-lut.7wqexi/repo/sw/snRuntime/vendor -I/home/wxt/m1-matched-lut.7wqexi/repo/sw/snRuntime/../toolchain/riscv-opcodes -I/home/wxt/work-online-merge-supplement/run-archive/m1-matched-lut-7wqexi/artifacts/work-online-merge-m2-matched-lut-scale-05-r1/build/spatzBenchmarks/online_merge_generated/N2_D8_S1_main_R1 -I/home/wxt/m1-matched-lut.7wqexi/repo/sw/spatzBenchmarks/online-softmax-merge  --gcc-toolchain=/home/wxt/m1-matched-lut.7wqexi/repo/install/riscv-gcc -mcpu=snitch -mcmodel=small -ffast-math -fno-builtin-printf -fno-common -falign-loops=16 -ffunction-sections -Wextra -static -mllvm -misched-topdown -menable-experimental-extensions -mno-relax -march=rv32imafdvzfh_xdma_xfquarter -mabi=ilp32d -O3 -g -o CMakeFiles/test-spatzBenchmarks-online-softmax-merge-b2r.dir/online-softmax-merge/main.c.o -c /home/wxt/m1-matched-lut.7wqexi/repo/sw/spatzBenchmarks/online-softmax-merge/main.c,B2R_RVV,A0,memory,1992,YES,12,NA,NO_EXPLICIT_TRANSFER_PHASE,MAIN_PERFORMANCE,pass,PASS,NA,336,NA,7225d41ad2d1c63376a9fb1ea4e56b3b24a3e97f,False,B2-R,0,581d67a5572269811b106a8332b763cd7ee8078b07aef9ef22b2c59b179c598b,main,DASM_MARKER_ENVELOPE_WITNESS,B2-R,3062,5.581109849307985e-06,8,2,191.375,3.1575560569763184e-05,100000000,3.1575560569763184e-05,2.5644898414611816e-06,False,PASS,low_perturbation,fa7776641af8b118ff50d1653fa9578435dbb598b9b120add8680195fc3afae3,17024,0,0,0,8,2,1.0,YES,NA,191.375,0,break_even_n2_d8/memory/B2R_RVV/trial-1/simulator.log,0,YES,NA,NA,7.161094058928248e-06,20260811T121310Z_7225d41a_m2-matched-lut-scale-05,16512,NA,0,1980,1,33f066a87e3592e55aa4c78bcc583383243061423e6a790856d5b1be7f593fef,/home/wxt/work-online-merge-supplement/work-artifacts/work-online-merge-low-dasm-simulator-5c2aad2-r1/spatz_cluster.vlt,BREAK_EVEN,NA,0,NA,NA,NA,PASS,NA,PASS,32,d27306a682ad5f0aaba367ba149c5cac71832a91ad7014a7eb1c9b937b0d1732,pass,183,131072,0,NA,NA,NA,2026-08-11T12:24:39+00:00,break_even_n2_d8/memory/B2R_RVV/trace-witness/instruction_trace_audit.json,353,1010,739,12,993,INDEPENDENT_DASM_WITNESS,6,PASS,NA,PASS,361ff71bcc241b448e49ff6d212d06a13a986e2fad861b0aa0b67e40e7a21d68,/home/wxt/work-online-merge-supplement/work-artifacts/work-online-merge-traced-simulator-088a44d-r1/spatz_cluster.vlt,default,fa7776641af8b118ff50d1653fa9578435dbb598b9b120add8680195fc3afae3,1,12,Verilator 5.034 2025-02-24 rev v5.034,4f53cda18c2baa0c0354bb5f9a3ecbe5ed12ab4d8e11ba873c2f11161202b945,,,,,,
/home/wxt/work-online-merge-supplement/run-archive/m1-matched-lut-7wqexi/artifacts/work-online-merge-m2-matched-lut-scale-05-r1,8,2,512,NA,dde437717d971e85f6d2b58a8ba045198a6cc16e61161262b72b58542f459ede,3,0.15,512,336,main,break_even_n2_d8,main,120fa0c30199e54e6e9b5c60d8da40913eae8526640992cc5d4f130bef159775,20,/home/wxt/m1-matched-lut.7wqexi/repo/hw/system/spatz_cluster/cfg/spatz_cluster.default.dram.hjson,NA,YES,clang version 14.0.6 (git@github.com:pulp-platform/llvm-project.git b494f2d8dde88723026db8ec16ac6c7ee1e140ca) | Target: riscv32-unknown-unknown-elf | Thread model: posix,f7a0183506315678159c26e87452618a0f99b1bee43127ca09c3f56049886a2b,/home/wxt/m1-matched-lut.7wqexi/repo/install/llvm/bin/clang -DONLINE_MERGE_COUNTER_PROFILE=0 -DONLINE_MERGE_IMPLEMENTATION_SELECT=2 -DONLINE_MERGE_STACK_LOG2=13 -DONLINE_MERGE_TRACE_PROXY=0 -I/home/wxt/m1-matched-lut.7wqexi/repo/sw/spatzBenchmarks/include -I/home/wxt/m1-matched-lut.7wqexi/repo/sw/snRuntime/include -I/home/wxt/m1-matched-lut.7wqexi/repo/sw/snRuntime/vendor -I/home/wxt/m1-matched-lut.7wqexi/repo/sw/snRuntime/../toolchain/riscv-opcodes -I/home/wxt/work-online-merge-supplement/run-archive/m1-matched-lut-7wqexi/artifacts/work-online-merge-m2-matched-lut-scale-05-r1/build/spatzBenchmarks/online_merge_generated/N2_D8_S1_main_R1 -I/home/wxt/m1-matched-lut.7wqexi/repo/sw/spatzBenchmarks/online-softmax-merge  --gcc-toolchain=/home/wxt/m1-matched-lut.7wqexi/repo/install/riscv-gcc -mcpu=snitch -mcmodel=small -ffast-math -fno-builtin-printf -fno-common -falign-loops=16 -ffunction-sections -Wextra -static -mllvm -misched-topdown -menable-experimental-extensions -mno-relax -march=rv32imafdvzfh_xdma_xfquarter -mabi=ilp32d -O3 -g -o CMakeFiles/test-spatzBenchmarks-online-softmax-merge-b2r.dir/online-softmax-merge/main.c.o -c /home/wxt/m1-matched-lut.7wqexi/repo/sw/spatzBenchmarks/online-softmax-merge/main.c,B2R_RVV,A0,memory,1992,YES,12,NA,NO_EXPLICIT_TRANSFER_PHASE,MAIN_PERFORMANCE,pass,PASS,NA,336,NA,7225d41ad2d1c63376a9fb1ea4e56b3b24a3e97f,False,B2-R,0,581d67a5572269811b106a8332b763cd7ee8078b07aef9ef22b2c59b179c598b,main,DASM_MARKER_ENVELOPE_WITNESS,B2-R,3062,5.581109849307985e-06,8,2,191.375,3.1575560569763184e-05,100000000,3.1575560569763184e-05,2.5644898414611816e-06,False,PASS,low_perturbation,fa7776641af8b118ff50d1653fa9578435dbb598b9b120add8680195fc3afae3,17024,0,0,0,8,2,1.0,YES,NA,191.375,0,break_even_n2_d8/memory/B2R_RVV/trial-2/simulator.log,0,YES,NA,NA,7.161094058928248e-06,20260811T121310Z_7225d41a_m2-matched-lut-scale-05,16512,NA,0,1980,1,33f066a87e3592e55aa4c78bcc583383243061423e6a790856d5b1be7f593fef,/home/wxt/work-online-merge-supplement/work-artifacts/work-online-merge-low-dasm-simulator-5c2aad2-r1/spatz_cluster.vlt,BREAK_EVEN,NA,0,NA,NA,NA,PASS,NA,PASS,32,d27306a682ad5f0aaba367ba149c5cac71832a91ad7014a7eb1c9b937b0d1732,pass,183,131072,0,NA,NA,NA,2026-08-11T12:25:38+00:00,break_even_n2_d8/memory/B2R_RVV/trace-witness/instruction_trace_audit.json,353,1010,739,12,993,INDEPENDENT_DASM_WITNESS,6,PASS,NA,PASS,361ff71bcc241b448e49ff6d212d06a13a986e2fad861b0aa0b67e40e7a21d68,/home/wxt/work-online-merge-supplement/work-artifacts/work-online-merge-traced-simulator-088a44d-r1/spatz_cluster.vlt,default,fa7776641af8b118ff50d1653fa9578435dbb598b9b120add8680195fc3afae3,2,12,Verilator 5.034 2025-02-24 rev v5.034,4f53cda18c2baa0c0354bb5f9a3ecbe5ed12ab4d8e11ba873c2f11161202b945,,,,,,
/home/wxt/work-online-merge-supplement/run-archive/m1-matched-lut-7wqexi/artifacts/work-online-merge-m2-matched-lut-scale-05-r1,8,2,512,NA,be3b4e0834bbead17b6cf7875cb8ab2644f09707b989d1bd479c4ee3a55ca3ee,3,0.15,512,336,main,break_even_n2_d8,main,120fa0c30199e54e6e9b5c60d8da40913eae8526640992cc5d4f130bef159775,20,/home/wxt/m1-matched-lut.7wqexi/repo/hw/system/spatz_cluster/cfg/spatz_cluster.default.dram.hjson,1534,YES,clang version 14.0.6 (git@github.com:pulp-platform/llvm-project.git b494f2d8dde88723026db8ec16ac6c7ee1e140ca) | Target: riscv32-unknown-unknown-elf | Thread model: posix,f7a0183506315678159c26e87452618a0f99b1bee43127ca09c3f56049886a2b,/home/wxt/m1-matched-lut.7wqexi/repo/install/llvm/bin/clang -DONLINE_MERGE_COUNTER_PROFILE=0 -DONLINE_MERGE_IMPLEMENTATION_SELECT=4 -DONLINE_MERGE_STACK_LOG2=13 -DONLINE_MERGE_TRACE_PROXY=0 -I/home/wxt/m1-matched-lut.7wqexi/repo/sw/spatzBenchmarks/include -I/home/wxt/m1-matched-lut.7wqexi/repo/sw/snRuntime/include -I/home/wxt/m1-matched-lut.7wqexi/repo/sw/snRuntime/vendor -I/home/wxt/m1-matched-lut.7wqexi/repo/sw/snRuntime/../toolchain/riscv-opcodes -I/home/wxt/work-online-merge-supplement/run-archive/m1-matched-lut-7wqexi/artifacts/work-online-merge-m2-matched-lut-scale-05-r1/build/spatzBenchmarks/online_merge_generated/N2_D8_S1_main_R1 -I/home/wxt/m1-matched-lut.7wqexi/repo/sw/spatzBenchmarks/online-softmax-merge  --gcc-toolchain=/home/wxt/m1-matched-lut.7wqexi/repo/install/riscv-gcc -mcpu=snitch -mcmodel=small -ffast-math -fno-builtin-printf -fno-common -falign-loops=16 -ffunction-sections -Wextra -static -mllvm -misched-topdown -menable-experimental-extensions -mno-relax -march=rv32imafdvzfh_xdma_xfquarter -mabi=ilp32d -O3 -g -o CMakeFiles/test-spatzBenchmarks-online-softmax-merge-a1.dir/online-softmax-merge/main.c.o -c /home/wxt/m1-matched-lut.7wqexi/repo/sw/spatzBenchmarks/online-softmax-merge/main.c,A1_SMU_SCALAR,NA,memory,NA,NO,NA,NA,NO_EXPLICIT_TRANSFER_PHASE,MAIN_PERFORMANCE,pass,PASS,NA,336,PASS,7225d41ad2d1c63376a9fb1ea4e56b3b24a3e97f,False,A1,0,581d67a5572269811b106a8332b763cd7ee8078b07aef9ef22b2c59b179c598b,main,NA,A1,1582,5.581109849307985e-06,8,2,98.875,3.1575560569763184e-05,100000000,3.1575560569763184e-05,2.5644898414611816e-06,False,PASS,low_perturbation,3b9f308b108a8688906ac89dfff7763d1cc3cbc44652fbf69b6d0ab31a64831e,17024,0,0,0,8,2,1.0,YES,NA,98.875,0,break_even_n2_d8/memory/A1_SMU_SCALAR/trial-0/simulator.log,0,YES,NA,NA,7.161094058928248e-06,20260811T121310Z_7225d41a_m2-matched-lut-scale-05,16512,226,0,NA,1,33f066a87e3592e55aa4c78bcc583383243061423e6a790856d5b1be7f593fef,/home/wxt/work-online-merge-supplement/work-artifacts/work-online-merge-low-dasm-simulator-5c2aad2-r1/spatz_cluster.vlt,BREAK_EVEN,48,1,1356,NA,NA,PASS,NA,PASS,32,0dfd8c8cb837a254094b1616c77902bb0c7939096ab9b406e84df627b19e6a02,pass,434,131072,0,NA,NA,NA,2026-08-11T12:26:36+00:00,NA,NA,NA,NA,NA,NA,NA,NA,NA,NA,NA,NA,NA,NA,NA,0,NA,Verilator 5.034 2025-02-24 rev v5.034,4f53cda18c2baa0c0354bb5f9a3ecbe5ed12ab4d8e11ba873c2f11161202b945,2,2,26,1,18,0
/home/wxt/work-online-merge-supplement/run-archive/m1-matched-lut-7wqexi/artifacts/work-online-merge-m2-matched-lut-scale-05-r1,8,2,512,NA,be3b4e0834bbead17b6cf7875cb8ab2644f09707b989d1bd479c4ee3a55ca3ee,3,0.15,512,336,main,break_even_n2_d8,main,120fa0c30199e54e6e9b5c60d8da40913eae8526640992cc5d4f130bef159775,20,/home/wxt/m1-matched-lut.7wqexi/repo/hw/system/spatz_cluster/cfg/spatz_cluster.default.dram.hjson,1534,YES,clang version 14.0.6 (git@github.com:pulp-platform/llvm-project.git b494f2d8dde88723026db8ec16ac6c7ee1e140ca) | Target: riscv32-unknown-unknown-elf | Thread model: posix,f7a0183506315678159c26e87452618a0f99b1bee43127ca09c3f56049886a2b,/home/wxt/m1-matched-lut.7wqexi/repo/install/llvm/bin/clang -DONLINE_MERGE_COUNTER_PROFILE=0 -DONLINE_MERGE_IMPLEMENTATION_SELECT=4 -DONLINE_MERGE_STACK_LOG2=13 -DONLINE_MERGE_TRACE_PROXY=0 -I/home/wxt/m1-matched-lut.7wqexi/repo/sw/spatzBenchmarks/include -I/home/wxt/m1-matched-lut.7wqexi/repo/sw/snRuntime/include -I/home/wxt/m1-matched-lut.7wqexi/repo/sw/snRuntime/vendor -I/home/wxt/m1-matched-lut.7wqexi/repo/sw/snRuntime/../toolchain/riscv-opcodes -I/home/wxt/work-online-merge-supplement/run-archive/m1-matched-lut-7wqexi/artifacts/work-online-merge-m2-matched-lut-scale-05-r1/build/spatzBenchmarks/online_merge_generated/N2_D8_S1_main_R1 -I/home/wxt/m1-matched-lut.7wqexi/repo/sw/spatzBenchmarks/online-softmax-merge  --gcc-toolchain=/home/wxt/m1-matched-lut.7wqexi/repo/install/riscv-gcc -mcpu=snitch -mcmodel=small -ffast-math -fno-builtin-printf -fno-common -falign-loops=16 -ffunction-sections -Wextra -static -mllvm -misched-topdown -menable-experimental-extensions -mno-relax -march=rv32imafdvzfh_xdma_xfquarter -mabi=ilp32d -O3 -g -o CMakeFiles/test-spatzBenchmarks-online-softmax-merge-a1.dir/online-softmax-merge/main.c.o -c /home/wxt/m1-matched-lut.7wqexi/repo/sw/spatzBenchmarks/online-softmax-merge/main.c,A1_SMU_SCALAR,NA,memory,NA,NO,NA,NA,NO_EXPLICIT_TRANSFER_PHASE,MAIN_PERFORMANCE,pass,PASS,NA,336,PASS,7225d41ad2d1c63376a9fb1ea4e56b3b24a3e97f,False,A1,0,581d67a5572269811b106a8332b763cd7ee8078b07aef9ef22b2c59b179c598b,main,NA,A1,1582,5.581109849307985e-06,8,2,98.875,3.1575560569763184e-05,100000000,3.1575560569763184e-05,2.5644898414611816e-06,False,PASS,low_perturbation,3b9f308b108a8688906ac89dfff7763d1cc3cbc44652fbf69b6d0ab31a64831e,17024,0,0,0,8,2,1.0,YES,NA,98.875,0,break_even_n2_d8/memory/A1_SMU_SCALAR/trial-1/simulator.log,0,YES,NA,NA,7.161094058928248e-06,20260811T121310Z_7225d41a_m2-matched-lut-scale-05,16512,226,0,NA,1,33f066a87e3592e55aa4c78bcc583383243061423e6a790856d5b1be7f593fef,/home/wxt/work-online-merge-supplement/work-artifacts/work-online-merge-low-dasm-simulator-5c2aad2-r1/spatz_cluster.vlt,BREAK_EVEN,48,1,1356,NA,NA,PASS,NA,PASS,32,0dfd8c8cb837a254094b1616c77902bb0c7939096ab9b406e84df627b19e6a02,pass,434,131072,0,NA,NA,NA,2026-08-11T12:27:33+00:00,NA,NA,NA,NA,NA,NA,NA,NA,NA,NA,NA,NA,NA,NA,NA,1,NA,Verilator 5.034 2025-02-24 rev v5.034,4f53cda18c2baa0c0354bb5f9a3ecbe5ed12ab4d8e11ba873c2f11161202b945,2,2,26,1,18,0
/home/wxt/work-online-merge-supplement/run-archive/m1-matched-lut-7wqexi/artifacts/work-online-merge-m2-matched-lut-scale-05-r1,8,2,512,NA,be3b4e0834bbead17b6cf7875cb8ab2644f09707b989d1bd479c4ee3a55ca3ee,3,0.15,512,336,main,break_even_n2_d8,main,120fa0c30199e54e6e9b5c60d8da40913eae8526640992cc5d4f130bef159775,20,/home/wxt/m1-matched-lut.7wqexi/repo/hw/system/spatz_cluster/cfg/spatz_cluster.default.dram.hjson,1534,YES,clang version 14.0.6 (git@github.com:pulp-platform/llvm-project.git b494f2d8dde88723026db8ec16ac6c7ee1e140ca) | Target: riscv32-unknown-unknown-elf | Thread model: posix,f7a0183506315678159c26e87452618a0f99b1bee43127ca09c3f56049886a2b,/home/wxt/m1-matched-lut.7wqexi/repo/install/llvm/bin/clang -DONLINE_MERGE_COUNTER_PROFILE=0 -DONLINE_MERGE_IMPLEMENTATION_SELECT=4 -DONLINE_MERGE_STACK_LOG2=13 -DONLINE_MERGE_TRACE_PROXY=0 -I/home/wxt/m1-matched-lut.7wqexi/repo/sw/spatzBenchmarks/include -I/home/wxt/m1-matched-lut.7wqexi/repo/sw/snRuntime/include -I/home/wxt/m1-matched-lut.7wqexi/repo/sw/snRuntime/vendor -I/home/wxt/m1-matched-lut.7wqexi/repo/sw/snRuntime/../toolchain/riscv-opcodes -I/home/wxt/work-online-merge-supplement/run-archive/m1-matched-lut-7wqexi/artifacts/work-online-merge-m2-matched-lut-scale-05-r1/build/spatzBenchmarks/online_merge_generated/N2_D8_S1_main_R1 -I/home/wxt/m1-matched-lut.7wqexi/repo/sw/spatzBenchmarks/online-softmax-merge  --gcc-toolchain=/home/wxt/m1-matched-lut.7wqexi/repo/install/riscv-gcc -mcpu=snitch -mcmodel=small -ffast-math -fno-builtin-printf -fno-common -falign-loops=16 -ffunction-sections -Wextra -static -mllvm -misched-topdown -menable-experimental-extensions -mno-relax -march=rv32imafdvzfh_xdma_xfquarter -mabi=ilp32d -O3 -g -o CMakeFiles/test-spatzBenchmarks-online-softmax-merge-a1.dir/online-softmax-merge/main.c.o -c /home/wxt/m1-matched-lut.7wqexi/repo/sw/spatzBenchmarks/online-softmax-merge/main.c,A1_SMU_SCALAR,NA,memory,NA,NO,NA,NA,NO_EXPLICIT_TRANSFER_PHASE,MAIN_PERFORMANCE,pass,PASS,NA,336,PASS,7225d41ad2d1c63376a9fb1ea4e56b3b24a3e97f,False,A1,0,581d67a5572269811b106a8332b763cd7ee8078b07aef9ef22b2c59b179c598b,main,NA,A1,1582,5.581109849307985e-06,8,2,98.875,3.1575560569763184e-05,100000000,3.1575560569763184e-05,2.5644898414611816e-06,False,PASS,low_perturbation,3b9f308b108a8688906ac89dfff7763d1cc3cbc44652fbf69b6d0ab31a64831e,17024,0,0,0,8,2,1.0,YES,NA,98.875,0,break_even_n2_d8/memory/A1_SMU_SCALAR/trial-2/simulator.log,0,YES,NA,NA,7.161094058928248e-06,20260811T121310Z_7225d41a_m2-matched-lut-scale-05,16512,226,0,NA,1,33f066a87e3592e55aa4c78bcc583383243061423e6a790856d5b1be7f593fef,/home/wxt/work-online-merge-supplement/work-artifacts/work-online-merge-low-dasm-simulator-5c2aad2-r1/spatz_cluster.vlt,BREAK_EVEN,48,1,1356,NA,NA,PASS,NA,PASS,32,0dfd8c8cb837a254094b1616c77902bb0c7939096ab9b406e84df627b19e6a02,pass,434,131072,0,NA,NA,NA,2026-08-11T12:28:37+00:00,NA,NA,NA,NA,NA,NA,NA,NA,NA,NA,NA,NA,NA,NA,NA,2,NA,Verilator 5.034 2025-02-24 rev v5.034,4f53cda18c2baa0c0354bb5f9a3ecbe5ed12ab4d8e11ba873c2f11161202b945,2,2,26,1,18,0
/home/wxt/work-online-merge-supplement/run-archive/m1-matched-lut-7wqexi/artifacts/work-online-merge-m2-matched-lut-scale-05-r1,8,2,512,NA,ffed54c4bf944c5621bb5159a6f0e3a1d2f4de057e6a0c4b48894608c379b7b7,3,0.15,512,336,main,break_even_n2_d8,main,120fa0c30199e54e6e9b5c60d8da40913eae8526640992cc5d4f130bef159775,20,/home/wxt/m1-matched-lut.7wqexi/repo/hw/system/spatz_cluster/cfg/spatz_cluster.default.dram.hjson,1289,YES,clang version 14.0.6 (git@github.com:pulp-platform/llvm-project.git b494f2d8dde88723026db8ec16ac6c7ee1e140ca) | Target: riscv32-unknown-unknown-elf | Thread model: posix,f7a0183506315678159c26e87452618a0f99b1bee43127ca09c3f56049886a2b,/home/wxt/m1-matched-lut.7wqexi/repo/install/llvm/bin/clang -DONLINE_MERGE_COUNTER_PROFILE=0 -DONLINE_MERGE_IMPLEMENTATION_SELECT=3 -DONLINE_MERGE_STACK_LOG2=13 -DONLINE_MERGE_TRACE_PROXY=0 -I/home/wxt/m1-matched-lut.7wqexi/repo/sw/spatzBenchmarks/include -I/home/wxt/m1-matched-lut.7wqexi/repo/sw/snRuntime/include -I/home/wxt/m1-matched-lut.7wqexi/repo/sw/snRuntime/vendor -I/home/wxt/m1-matched-lut.7wqexi/repo/sw/snRuntime/../toolchain/riscv-opcodes -I/home/wxt/work-online-merge-supplement/run-archive/m1-matched-lut-7wqexi/artifacts/work-online-merge-m2-matched-lut-scale-05-r1/build/spatzBenchmarks/online_merge_generated/N2_D8_S1_main_R1 -I/home/wxt/m1-matched-lut.7wqexi/repo/sw/spatzBenchmarks/online-softmax-merge  --gcc-toolchain=/home/wxt/m1-matched-lut.7wqexi/repo/install/riscv-gcc -mcpu=snitch -mcmodel=small -ffast-math -fno-builtin-printf -fno-common -falign-loops=16 -ffunction-sections -Wextra -static -mllvm -misched-topdown -menable-experimental-extensions -mno-relax -march=rv32imafdvzfh_xdma_xfquarter -mabi=ilp32d -O3 -g -o CMakeFiles/test-spatzBenchmarks-online-softmax-merge-a2.dir/online-softmax-merge/main.c.o -c /home/wxt/m1-matched-lut.7wqexi/repo/sw/spatzBenchmarks/online-softmax-merge/main.c,A2_SMU_FULL,A2,memory,NA,NO,NA,NA,NO_EXPLICIT_TRANSFER_PHASE,MAIN_PERFORMANCE,pass,PASS,NA,336,PASS,7225d41ad2d1c63376a9fb1ea4e56b3b24a3e97f,False,B3,0,581d67a5572269811b106a8332b763cd7ee8078b07aef9ef22b2c59b179c598b,main,NA,B3,1459,5.582126534760818e-06,8,2,91.1875,3.1575560569763184e-05,100000000,3.1575560569763184e-05,2.5682151317596435e-06,False,PASS,low_perturbation,cef9b964f1471388cb8c4206e019a6bf00c0d45f58b9876785678a0428891597,17024,0,0,0,8,2,1.0,YES,NA,91.1875,0,break_even_n2_d8/memory/A2_SMU_FULL/trial-0/simulator.log,0,YES,NA,NA,7.162398562934201e-06,20260811T121310Z_7225d41a_m2-matched-lut-scale-05,16512,NA,1,NA,1,33f066a87e3592e55aa4c78bcc583383243061423e6a790856d5b1be7f593fef,/home/wxt/work-online-merge-supplement/work-artifacts/work-online-merge-low-dasm-simulator-5c2aad2-r1/spatz_cluster.vlt,BREAK_EVEN,170,1,NA,NA,NA,PASS,NA,PASS,32,b27af02ae35e495a900f2452ea39c8bebaeef34c0bd4a64ce9eb90fa422e7673,pass,451,131072,0,NA,NA,NA,2026-08-11T12:29:39+00:00,NA,NA,NA,NA,NA,NA,NA,NA,NA,NA,NA,NA,NA,NA,NA,0,NA,Verilator 5.034 2025-02-24 rev v5.034,4f53cda18c2baa0c0354bb5f9a3ecbe5ed12ab4d8e11ba873c2f11161202b945,2,2,26,1,10,130
/home/wxt/work-online-merge-supplement/run-archive/m1-matched-lut-7wqexi/artifacts/work-online-merge-m2-matched-lut-scale-05-r1,8,2,512,NA,ffed54c4bf944c5621bb5159a6f0e3a1d2f4de057e6a0c4b48894608c379b7b7,3,0.15,512,336,main,break_even_n2_d8,main,120fa0c30199e54e6e9b5c60d8da40913eae8526640992cc5d4f130bef159775,20,/home/wxt/m1-matched-lut.7wqexi/repo/hw/system/spatz_cluster/cfg/spatz_cluster.default.dram.hjson,1289,YES,clang version 14.0.6 (git@github.com:pulp-platform/llvm-project.git b494f2d8dde88723026db8ec16ac6c7ee1e140ca) | Target: riscv32-unknown-unknown-elf | Thread model: posix,f7a0183506315678159c26e87452618a0f99b1bee43127ca09c3f56049886a2b,/home/wxt/m1-matched-lut.7wqexi/repo/install/llvm/bin/clang -DONLINE_MERGE_COUNTER_PROFILE=0 -DONLINE_MERGE_IMPLEMENTATION_SELECT=3 -DONLINE_MERGE_STACK_LOG2=13 -DONLINE_MERGE_TRACE_PROXY=0 -I/home/wxt/m1-matched-lut.7wqexi/repo/sw/spatzBenchmarks/include -I/home/wxt/m1-matched-lut.7wqexi/repo/sw/snRuntime/include -I/home/wxt/m1-matched-lut.7wqexi/repo/sw/snRuntime/vendor -I/home/wxt/m1-matched-lut.7wqexi/repo/sw/snRuntime/../toolchain/riscv-opcodes -I/home/wxt/work-online-merge-supplement/run-archive/m1-matched-lut-7wqexi/artifacts/work-online-merge-m2-matched-lut-scale-05-r1/build/spatzBenchmarks/online_merge_generated/N2_D8_S1_main_R1 -I/home/wxt/m1-matched-lut.7wqexi/repo/sw/spatzBenchmarks/online-softmax-merge  --gcc-toolchain=/home/wxt/m1-matched-lut.7wqexi/repo/install/riscv-gcc -mcpu=snitch -mcmodel=small -ffast-math -fno-builtin-printf -fno-common -falign-loops=16 -ffunction-sections -Wextra -static -mllvm -misched-topdown -menable-experimental-extensions -mno-relax -march=rv32imafdvzfh_xdma_xfquarter -mabi=ilp32d -O3 -g -o CMakeFiles/test-spatzBenchmarks-online-softmax-merge-a2.dir/online-softmax-merge/main.c.o -c /home/wxt/m1-matched-lut.7wqexi/repo/sw/spatzBenchmarks/online-softmax-merge/main.c,A2_SMU_FULL,A2,memory,NA,NO,NA,NA,NO_EXPLICIT_TRANSFER_PHASE,MAIN_PERFORMANCE,pass,PASS,NA,336,PASS,7225d41ad2d1c63376a9fb1ea4e56b3b24a3e97f,False,B3,0,581d67a5572269811b106a8332b763cd7ee8078b07aef9ef22b2c59b179c598b,main,NA,B3,1459,5.582126534760818e-06,8,2,91.1875,3.1575560569763184e-05,100000000,3.1575560569763184e-05,2.5682151317596435e-06,False,PASS,low_perturbation,cef9b964f1471388cb8c4206e019a6bf00c0d45f58b9876785678a0428891597,17024,0,0,0,8,2,1.0,YES,NA,91.1875,0,break_even_n2_d8/memory/A2_SMU_FULL/trial-1/simulator.log,0,YES,NA,NA,7.162398562934201e-06,20260811T121310Z_7225d41a_m2-matched-lut-scale-05,16512,NA,1,NA,1,33f066a87e3592e55aa4c78bcc583383243061423e6a790856d5b1be7f593fef,/home/wxt/work-online-merge-supplement/work-artifacts/work-online-merge-low-dasm-simulator-5c2aad2-r1/spatz_cluster.vlt,BREAK_EVEN,170,1,NA,NA,NA,PASS,NA,PASS,32,b27af02ae35e495a900f2452ea39c8bebaeef34c0bd4a64ce9eb90fa422e7673,pass,451,131072,0,NA,NA,NA,2026-08-11T12:30:42+00:00,NA,NA,NA,NA,NA,NA,NA,NA,NA,NA,NA,NA,NA,NA,NA,1,NA,Verilator 5.034 2025-02-24 rev v5.034,4f53cda18c2baa0c0354bb5f9a3ecbe5ed12ab4d8e11ba873c2f11161202b945,2,2,26,1,10,130
/home/wxt/work-online-merge-supplement/run-archive/m1-matched-lut-7wqexi/artifacts/work-online-merge-m2-matched-lut-scale-05-r1,8,2,512,NA,ffed54c4bf944c5621bb5159a6f0e3a1d2f4de057e6a0c4b48894608c379b7b7,3,0.15,512,336,main,break_even_n2_d8,main,120fa0c30199e54e6e9b5c60d8da40913eae8526640992cc5d4f130bef159775,20,/home/wxt/m1-matched-lut.7wqexi/repo/hw/system/spatz_cluster/cfg/spatz_cluster.default.dram.hjson,1289,YES,clang version 14.0.6 (git@github.com:pulp-platform/llvm-project.git b494f2d8dde88723026db8ec16ac6c7ee1e140ca) | Target: riscv32-unknown-unknown-elf | Thread model: posix,f7a0183506315678159c26e87452618a0f99b1bee43127ca09c3f56049886a2b,/home/wxt/m1-matched-lut.7wqexi/repo/install/llvm/bin/clang -DONLINE_MERGE_COUNTER_PROFILE=0 -DONLINE_MERGE_IMPLEMENTATION_SELECT=3 -DONLINE_MERGE_STACK_LOG2=13 -DONLINE_MERGE_TRACE_PROXY=0 -I/home/wxt/m1-matched-lut.7wqexi/repo/sw/spatzBenchmarks/include -I/home/wxt/m1-matched-lut.7wqexi/repo/sw/snRuntime/include -I/home/wxt/m1-matched-lut.7wqexi/repo/sw/snRuntime/vendor -I/home/wxt/m1-matched-lut.7wqexi/repo/sw/snRuntime/../toolchain/riscv-opcodes -I/home/wxt/work-online-merge-supplement/run-archive/m1-matched-lut-7wqexi/artifacts/work-online-merge-m2-matched-lut-scale-05-r1/build/spatzBenchmarks/online_merge_generated/N2_D8_S1_main_R1 -I/home/wxt/m1-matched-lut.7wqexi/repo/sw/spatzBenchmarks/online-softmax-merge  --gcc-toolchain=/home/wxt/m1-matched-lut.7wqexi/repo/install/riscv-gcc -mcpu=snitch -mcmodel=small -ffast-math -fno-builtin-printf -fno-common -falign-loops=16 -ffunction-sections -Wextra -static -mllvm -misched-topdown -menable-experimental-extensions -mno-relax -march=rv32imafdvzfh_xdma_xfquarter -mabi=ilp32d -O3 -g -o CMakeFiles/test-spatzBenchmarks-online-softmax-merge-a2.dir/online-softmax-merge/main.c.o -c /home/wxt/m1-matched-lut.7wqexi/repo/sw/spatzBenchmarks/online-softmax-merge/main.c,A2_SMU_FULL,A2,memory,NA,NO,NA,NA,NO_EXPLICIT_TRANSFER_PHASE,MAIN_PERFORMANCE,pass,PASS,NA,336,PASS,7225d41ad2d1c63376a9fb1ea4e56b3b24a3e97f,False,B3,0,581d67a5572269811b106a8332b763cd7ee8078b07aef9ef22b2c59b179c598b,main,NA,B3,1459,5.582126534760818e-06,8,2,91.1875,3.1575560569763184e-05,100000000,3.1575560569763184e-05,2.5682151317596435e-06,False,PASS,low_perturbation,cef9b964f1471388cb8c4206e019a6bf00c0d45f58b9876785678a0428891597,17024,0,0,0,8,2,1.0,YES,NA,91.1875,0,break_even_n2_d8/memory/A2_SMU_FULL/trial-2/simulator.log,0,YES,NA,NA,7.162398562934201e-06,20260811T121310Z_7225d41a_m2-matched-lut-scale-05,16512,NA,1,NA,1,33f066a87e3592e55aa4c78bcc583383243061423e6a790856d5b1be7f593fef,/home/wxt/work-online-merge-supplement/work-artifacts/work-online-merge-low-dasm-simulator-5c2aad2-r1/spatz_cluster.vlt,BREAK_EVEN,170,1,NA,NA,NA,PASS,NA,PASS,32,b27af02ae35e495a900f2452ea39c8bebaeef34c0bd4a64ce9eb90fa422e7673,pass,451,131072,0,NA,NA,NA,2026-08-11T12:31:43+00:00,NA,NA,NA,NA,NA,NA,NA,NA,NA,NA,NA,NA,NA,NA,NA,2,NA,Verilator 5.034 2025-02-24 rev v5.034,4f53cda18c2baa0c0354bb5f9a3ecbe5ed12ab4d8e11ba873c2f11161202b945,2,2,26,1,10,130
/home/wxt/work-online-merge-supplement/run-archive/m1-matched-lut-7wqexi/artifacts/work-online-merge-m2-matched-lut-scale-05-r1,16,2,768,NA,036cf4dbd30011a42d8bed90da45c42f921923ae2c0169ab3c7a35559c84e122,4,0.1111111111111111,768,592,main,break_even_n2_d16,main,120fa0c30199e54e6e9b5c60d8da40913eae8526640992cc5d4f130bef159775,36,/home/wxt/m1-matched-lut.7wqexi/repo/hw/system/spatz_cluster/cfg/spatz_cluster.default.dram.hjson,NA,YES,clang version 14.0.6 (git@github.com:pulp-platform/llvm-project.git b494f2d8dde88723026db8ec16ac6c7ee1e140ca) | Target: riscv32-unknown-unknown-elf | Thread model: posix,e28cfe3ee4cf619b55f2978ddef7886ad92af91dd2b72e82e97bbc7dc23e8f54,/home/wxt/m1-matched-lut.7wqexi/repo/install/llvm/bin/clang -DONLINE_MERGE_COUNTER_PROFILE=0 -DONLINE_MERGE_IMPLEMENTATION_SELECT=2 -DONLINE_MERGE_STACK_LOG2=13 -DONLINE_MERGE_TRACE_PROXY=0 -I/home/wxt/m1-matched-lut.7wqexi/repo/sw/spatzBenchmarks/include -I/home/wxt/m1-matched-lut.7wqexi/repo/sw/snRuntime/include -I/home/wxt/m1-matched-lut.7wqexi/repo/sw/snRuntime/vendor -I/home/wxt/m1-matched-lut.7wqexi/repo/sw/snRuntime/../toolchain/riscv-opcodes -I/home/wxt/work-online-merge-supplement/run-archive/m1-matched-lut-7wqexi/artifacts/work-online-merge-m2-matched-lut-scale-05-r1/build/spatzBenchmarks/online_merge_generated/N2_D16_S1_main_R1 -I/home/wxt/m1-matched-lut.7wqexi/repo/sw/spatzBenchmarks/online-softmax-merge  --gcc-toolchain=/home/wxt/m1-matched-lut.7wqexi/repo/install/riscv-gcc -mcpu=snitch -mcmodel=small -ffast-math -fno-builtin-printf -fno-common -falign-loops=16 -ffunction-sections -Wextra -static -mllvm -misched-topdown -menable-experimental-extensions -mno-relax -march=rv32imafdvzfh_xdma_xfquarter -mabi=ilp32d -O3 -g -o CMakeFiles/test-spatzBenchmarks-online-softmax-merge-b2r.dir/online-softmax-merge/main.c.o -c /home/wxt/m1-matched-lut.7wqexi/repo/sw/spatzBenchmarks/online-softmax-merge/main.c,B2R_RVV,A0,memory,2020,YES,24,NA,NO_EXPLICIT_TRANSFER_PHASE,MAIN_PERFORMANCE,pass,PASS,NA,592,NA,7225d41ad2d1c63376a9fb1ea4e56b3b24a3e97f,False,B2-R,0,420821667acdaaa287079acae03067b1ae5cdcd2c48334153b2136b232d9c06d,main,DASM_MARKER_ENVELOPE_WITNESS,B2-R,3116,1.0024064933510527e-06,16,2,97.375,1.9073486328125e-06,100000000,1.9073486328125e-06,8.688204818301731e-07,False,PASS,low_perturbation,c09763364f8110c424ec4d137d231c06a534d93eab84f91ead958c9a7b0596dd,17280,0,0,0,16,2,1.0,YES,NA,97.375,0,break_even_n2_d16/memory/B2R_RVV/trial-0/simulator.log,0,YES,NA,NA,1.0149606421045207e-06,20260811T121310Z_7225d41a_m2-matched-lut-scale-05,16512,NA,0,1996,1,33f066a87e3592e55aa4c78bcc583383243061423e6a790856d5b1be7f593fef,/home/wxt/work-online-merge-supplement/work-artifacts/work-online-merge-low-dasm-simulator-5c2aad2-r1/spatz_cluster.vlt,BREAK_EVEN,NA,0,NA,NA,NA,PASS,NA,PASS,64,3eada07476cc00f8121eab65a47616774f165b222f6f58ea8835c1433d6699ba,pass,207,131072,0,NA,NA,NA,2026-08-11T12:34:07+00:00,break_even_n2_d16/memory/B2R_RVV/trace-witness/instruction_trace_audit.json,344,1040,787,24,975,INDEPENDENT_DASM_WITNESS,6,PASS,NA,PASS,361ff71bcc241b448e49ff6d212d06a13a986e2fad861b0aa0b67e40e7a21d68,/home/wxt/work-online-merge-supplement/work-artifacts/work-online-merge-traced-simulator-088a44d-r1/spatz_cluster.vlt,default,c09763364f8110c424ec4d137d231c06a534d93eab84f91ead958c9a7b0596dd,0,24,Verilator 5.034 2025-02-24 rev v5.034,4f53cda18c2baa0c0354bb5f9a3ecbe5ed12ab4d8e11ba873c2f11161202b945,,,,,,
/home/wxt/work-online-merge-supplement/run-archive/m1-matched-lut-7wqexi/artifacts/work-online-merge-m2-matched-lut-scale-05-r1,16,2,768,NA,036cf4dbd30011a42d8bed90da45c42f921923ae2c0169ab3c7a35559c84e122,4,0.1111111111111111,768,592,main,break_even_n2_d16,main,120fa0c30199e54e6e9b5c60d8da40913eae8526640992cc5d4f130bef159775,36,/home/wxt/m1-matched-lut.7wqexi/repo/hw/system/spatz_cluster/cfg/spatz_cluster.default.dram.hjson,NA,YES,clang version 14.0.6 (git@github.com:pulp-platform/llvm-project.git b494f2d8dde88723026db8ec16ac6c7ee1e140ca) | Target: riscv32-unknown-unknown-elf | Thread model: posix,e28cfe3ee4cf619b55f2978ddef7886ad92af91dd2b72e82e97bbc7dc23e8f54,/home/wxt/m1-matched-lut.7wqexi/repo/install/llvm/bin/clang -DONLINE_MERGE_COUNTER_PROFILE=0 -DONLINE_MERGE_IMPLEMENTATION_SELECT=2 -DONLINE_MERGE_STACK_LOG2=13 -DONLINE_MERGE_TRACE_PROXY=0 -I/home/wxt/m1-matched-lut.7wqexi/repo/sw/spatzBenchmarks/include -I/home/wxt/m1-matched-lut.7wqexi/repo/sw/snRuntime/include -I/home/wxt/m1-matched-lut.7wqexi/repo/sw/snRuntime/vendor -I/home/wxt/m1-matched-lut.7wqexi/repo/sw/snRuntime/../toolchain/riscv-opcodes -I/home/wxt/work-online-merge-supplement/run-archive/m1-matched-lut-7wqexi/artifacts/work-online-merge-m2-matched-lut-scale-05-r1/build/spatzBenchmarks/online_merge_generated/N2_D16_S1_main_R1 -I/home/wxt/m1-matched-lut.7wqexi/repo/sw/spatzBenchmarks/online-softmax-merge  --gcc-toolchain=/home/wxt/m1-matched-lut.7wqexi/repo/install/riscv-gcc -mcpu=snitch -mcmodel=small -ffast-math -fno-builtin-printf -fno-common -falign-loops=16 -ffunction-sections -Wextra -static -mllvm -misched-topdown -menable-experimental-extensions -mno-relax -march=rv32imafdvzfh_xdma_xfquarter -mabi=ilp32d -O3 -g -o CMakeFiles/test-spatzBenchmarks-online-softmax-merge-b2r.dir/online-softmax-merge/main.c.o -c /home/wxt/m1-matched-lut.7wqexi/repo/sw/spatzBenchmarks/online-softmax-merge/main.c,B2R_RVV,A0,memory,2020,YES,24,NA,NO_EXPLICIT_TRANSFER_PHASE,MAIN_PERFORMANCE,pass,PASS,NA,592,NA,7225d41ad2d1c63376a9fb1ea4e56b3b24a3e97f,False,B2-R,0,420821667acdaaa287079acae03067b1ae5cdcd2c48334153b2136b232d9c06d,main,DASM_MARKER_ENVELOPE_WITNESS,B2-R,3116,1.0024064933510527e-06,16,2,97.375,1.9073486328125e-06,100000000,1.9073486328125e-06,8.688204818301731e-07,False,PASS,low_perturbation,c09763364f8110c424ec4d137d231c06a534d93eab84f91ead958c9a7b0596dd,17280,0,0,0,16,2,1.0,YES,NA,97.375,0,break_even_n2_d16/memory/B2R_RVV/trial-1/simulator.log,0,YES,NA,NA,1.0149606421045207e-06,20260811T121310Z_7225d41a_m2-matched-lut-scale-05,16512,NA,0,1996,1,33f066a87e3592e55aa4c78bcc583383243061423e6a790856d5b1be7f593fef,/home/wxt/work-online-merge-supplement/work-artifacts/work-online-merge-low-dasm-simulator-5c2aad2-r1/spatz_cluster.vlt,BREAK_EVEN,NA,0,NA,NA,NA,PASS,NA,PASS,64,3eada07476cc00f8121eab65a47616774f165b222f6f58ea8835c1433d6699ba,pass,207,131072,0,NA,NA,NA,2026-08-11T12:35:30+00:00,break_even_n2_d16/memory/B2R_RVV/trace-witness/instruction_trace_audit.json,344,1040,787,24,975,INDEPENDENT_DASM_WITNESS,6,PASS,NA,PASS,361ff71bcc241b448e49ff6d212d06a13a986e2fad861b0aa0b67e40e7a21d68,/home/wxt/work-online-merge-supplement/work-artifacts/work-online-merge-traced-simulator-088a44d-r1/spatz_cluster.vlt,default,c09763364f8110c424ec4d137d231c06a534d93eab84f91ead958c9a7b0596dd,1,24,Verilator 5.034 2025-02-24 rev v5.034,4f53cda18c2baa0c0354bb5f9a3ecbe5ed12ab4d8e11ba873c2f11161202b945,,,,,,
/home/wxt/work-online-merge-supplement/run-archive/m1-matched-lut-7wqexi/artifacts/work-online-merge-m2-matched-lut-scale-05-r1,16,2,768,NA,036cf4dbd30011a42d8bed90da45c42f921923ae2c0169ab3c7a35559c84e122,4,0.1111111111111111,768,592,main,break_even_n2_d16,main,120fa0c30199e54e6e9b5c60d8da40913eae8526640992cc5d4f130bef159775,36,/home/wxt/m1-matched-lut.7wqexi/repo/hw/system/spatz_cluster/cfg/spatz_cluster.default.dram.hjson,NA,YES,clang version 14.0.6 (git@github.com:pulp-platform/llvm-project.git b494f2d8dde88723026db8ec16ac6c7ee1e140ca) | Target: riscv32-unknown-unknown-elf | Thread model: posix,e28cfe3ee4cf619b55f2978ddef7886ad92af91dd2b72e82e97bbc7dc23e8f54,/home/wxt/m1-matched-lut.7wqexi/repo/install/llvm/bin/clang -DONLINE_MERGE_COUNTER_PROFILE=0 -DONLINE_MERGE_IMPLEMENTATION_SELECT=2 -DONLINE_MERGE_STACK_LOG2=13 -DONLINE_MERGE_TRACE_PROXY=0 -I/home/wxt/m1-matched-lut.7wqexi/repo/sw/spatzBenchmarks/include -I/home/wxt/m1-matched-lut.7wqexi/repo/sw/snRuntime/include -I/home/wxt/m1-matched-lut.7wqexi/repo/sw/snRuntime/vendor -I/home/wxt/m1-matched-lut.7wqexi/repo/sw/snRuntime/../toolchain/riscv-opcodes -I/home/wxt/work-online-merge-supplement/run-archive/m1-matched-lut-7wqexi/artifacts/work-online-merge-m2-matched-lut-scale-05-r1/build/spatzBenchmarks/online_merge_generated/N2_D16_S1_main_R1 -I/home/wxt/m1-matched-lut.7wqexi/repo/sw/spatzBenchmarks/online-softmax-merge  --gcc-toolchain=/home/wxt/m1-matched-lut.7wqexi/repo/install/riscv-gcc -mcpu=snitch -mcmodel=small -ffast-math -fno-builtin-printf -fno-common -falign-loops=16 -ffunction-sections -Wextra -static -mllvm -misched-topdown -menable-experimental-extensions -mno-relax -march=rv32imafdvzfh_xdma_xfquarter -mabi=ilp32d -O3 -g -o CMakeFiles/test-spatzBenchmarks-online-softmax-merge-b2r.dir/online-softmax-merge/main.c.o -c /home/wxt/m1-matched-lut.7wqexi/repo/sw/spatzBenchmarks/online-softmax-merge/main.c,B2R_RVV,A0,memory,2020,YES,24,NA,NO_EXPLICIT_TRANSFER_PHASE,MAIN_PERFORMANCE,pass,PASS,NA,592,NA,7225d41ad2d1c63376a9fb1ea4e56b3b24a3e97f,False,B2-R,0,420821667acdaaa287079acae03067b1ae5cdcd2c48334153b2136b232d9c06d,main,DASM_MARKER_ENVELOPE_WITNESS,B2-R,3116,1.0024064933510527e-06,16,2,97.375,1.9073486328125e-06,100000000,1.9073486328125e-06,8.688204818301731e-07,False,PASS,low_perturbation,c09763364f8110c424ec4d137d231c06a534d93eab84f91ead958c9a7b0596dd,17280,0,0,0,16,2,1.0,YES,NA,97.375,0,break_even_n2_d16/memory/B2R_RVV/trial-2/simulator.log,0,YES,NA,NA,1.0149606421045207e-06,20260811T121310Z_7225d41a_m2-matched-lut-scale-05,16512,NA,0,1996,1,33f066a87e3592e55aa4c78bcc583383243061423e6a790856d5b1be7f593fef,/home/wxt/work-online-merge-supplement/work-artifacts/work-online-merge-low-dasm-simulator-5c2aad2-r1/spatz_cluster.vlt,BREAK_EVEN,NA,0,NA,NA,NA,PASS,NA,PASS,64,3eada07476cc00f8121eab65a47616774f165b222f6f58ea8835c1433d6699ba,pass,207,131072,0,NA,NA,NA,2026-08-11T12:36:57+00:00,break_even_n2_d16/memory/B2R_RVV/trace-witness/instruction_trace_audit.json,344,1040,787,24,975,INDEPENDENT_DASM_WITNESS,6,PASS,NA,PASS,361ff71bcc241b448e49ff6d212d06a13a986e2fad861b0aa0b67e40e7a21d68,/home/wxt/work-online-merge-supplement/work-artifacts/work-online-merge-traced-simulator-088a44d-r1/spatz_cluster.vlt,default,c09763364f8110c424ec4d137d231c06a534d93eab84f91ead958c9a7b0596dd,2,24,Verilator 5.034 2025-02-24 rev v5.034,4f53cda18c2baa0c0354bb5f9a3ecbe5ed12ab4d8e11ba873c2f11161202b945,,,,,,
/home/wxt/work-online-merge-supplement/run-archive/m1-matched-lut-7wqexi/artifacts/work-online-merge-m2-matched-lut-scale-05-r1,16,2,768,NA,71ebcf86d97d759acf7f6eb2af41b7f80625a84c0a2481beb1c2236d37b51a48,4,0.1111111111111111,768,592,main,break_even_n2_d16,main,120fa0c30199e54e6e9b5c60d8da40913eae8526640992cc5d4f130bef159775,36,/home/wxt/m1-matched-lut.7wqexi/repo/hw/system/spatz_cluster/cfg/spatz_cluster.default.dram.hjson,1589,YES,clang version 14.0.6 (git@github.com:pulp-platform/llvm-project.git b494f2d8dde88723026db8ec16ac6c7ee1e140ca) | Target: riscv32-unknown-unknown-elf | Thread model: posix,e28cfe3ee4cf619b55f2978ddef7886ad92af91dd2b72e82e97bbc7dc23e8f54,/home/wxt/m1-matched-lut.7wqexi/repo/install/llvm/bin/clang -DONLINE_MERGE_COUNTER_PROFILE=0 -DONLINE_MERGE_IMPLEMENTATION_SELECT=4 -DONLINE_MERGE_STACK_LOG2=13 -DONLINE_MERGE_TRACE_PROXY=0 -I/home/wxt/m1-matched-lut.7wqexi/repo/sw/spatzBenchmarks/include -I/home/wxt/m1-matched-lut.7wqexi/repo/sw/snRuntime/include -I/home/wxt/m1-matched-lut.7wqexi/repo/sw/snRuntime/vendor -I/home/wxt/m1-matched-lut.7wqexi/repo/sw/snRuntime/../toolchain/riscv-opcodes -I/home/wxt/work-online-merge-supplement/run-archive/m1-matched-lut-7wqexi/artifacts/work-online-merge-m2-matched-lut-scale-05-r1/build/spatzBenchmarks/online_merge_generated/N2_D16_S1_main_R1 -I/home/wxt/m1-matched-lut.7wqexi/repo/sw/spatzBenchmarks/online-softmax-merge  --gcc-toolchain=/home/wxt/m1-matched-lut.7wqexi/repo/install/riscv-gcc -mcpu=snitch -mcmodel=small -ffast-math -fno-builtin-printf -fno-common -falign-loops=16 -ffunction-sections -Wextra -static -mllvm -misched-topdown -menable-experimental-extensions -mno-relax -march=rv32imafdvzfh_xdma_xfquarter -mabi=ilp32d -O3 -g -o CMakeFiles/test-spatzBenchmarks-online-softmax-merge-a1.dir/online-softmax-merge/main.c.o -c /home/wxt/m1-matched-lut.7wqexi/repo/sw/spatzBenchmarks/online-softmax-merge/main.c,A1_SMU_SCALAR,NA,memory,NA,NO,NA,NA,NO_EXPLICIT_TRANSFER_PHASE,MAIN_PERFORMANCE,pass,PASS,NA,592,PASS,7225d41ad2d1c63376a9fb1ea4e56b3b24a3e97f,False,A1,0,420821667acdaaa287079acae03067b1ae5cdcd2c48334153b2136b232d9c06d,main,NA,A1,1637,1.0024064933510527e-06,16,2,51.15625,1.9073486328125e-06,100000000,1.9073486328125e-06,8.688204818301731e-07,False,PASS,low_perturbation,492f4c2abdf456a49bd309d48c259ab5da9506269c1f9b78f1cb5c9528d49dee,17280,0,0,0,16,2,1.0,YES,NA,51.15625,0,break_even_n2_d16/memory/A1_SMU_SCALAR/trial-0/simulator.log,0,YES,NA,NA,1.0149606421045207e-06,20260811T121310Z_7225d41a_m2-matched-lut-scale-05,16512,294,0,NA,1,33f066a87e3592e55aa4c78bcc583383243061423e6a790856d5b1be7f593fef,/home/wxt/work-online-merge-supplement/work-artifacts/work-online-merge-low-dasm-simulator-5c2aad2-r1/spatz_cluster.vlt,BREAK_EVEN,48,1,1343,NA,NA,PASS,NA,PASS,64,1917f1e9e798da7bcb840dd7b03532022771d8a400f4f80344ed51a5f9749db0,pass,458,131072,0,NA,NA,NA,2026-08-11T12:38:06+00:00,NA,NA,NA,NA,NA,NA,NA,NA,NA,NA,NA,NA,NA,NA,NA,0,NA,Verilator 5.034 2025-02-24 rev v5.034,4f53cda18c2baa0c0354bb5f9a3ecbe5ed12ab4d8e11ba873c2f11161202b945,2,2,26,1,18,0
/home/wxt/work-online-merge-supplement/run-archive/m1-matched-lut-7wqexi/artifacts/work-online-merge-m2-matched-lut-scale-05-r1,16,2,768,NA,71ebcf86d97d759acf7f6eb2af41b7f80625a84c0a2481beb1c2236d37b51a48,4,0.1111111111111111,768,592,main,break_even_n2_d16,main,120fa0c30199e54e6e9b5c60d8da40913eae8526640992cc5d4f130bef159775,36,/home/wxt/m1-matched-lut.7wqexi/repo/hw/system/spatz_cluster/cfg/spatz_cluster.default.dram.hjson,1589,YES,clang version 14.0.6 (git@github.com:pulp-platform/llvm-project.git b494f2d8dde88723026db8ec16ac6c7ee1e140ca) | Target: riscv32-unknown-unknown-elf | Thread model: posix,e28cfe3ee4cf619b55f2978ddef7886ad92af91dd2b72e82e97bbc7dc23e8f54,/home/wxt/m1-matched-lut.7wqexi/repo/install/llvm/bin/clang -DONLINE_MERGE_COUNTER_PROFILE=0 -DONLINE_MERGE_IMPLEMENTATION_SELECT=4 -DONLINE_MERGE_STACK_LOG2=13 -DONLINE_MERGE_TRACE_PROXY=0 -I/home/wxt/m1-matched-lut.7wqexi/repo/sw/spatzBenchmarks/include -I/home/wxt/m1-matched-lut.7wqexi/repo/sw/snRuntime/include -I/home/wxt/m1-matched-lut.7wqexi/repo/sw/snRuntime/vendor -I/home/wxt/m1-matched-lut.7wqexi/repo/sw/snRuntime/../toolchain/riscv-opcodes -I/home/wxt/work-online-merge-supplement/run-archive/m1-matched-lut-7wqexi/artifacts/work-online-merge-m2-matched-lut-scale-05-r1/build/spatzBenchmarks/online_merge_generated/N2_D16_S1_main_R1 -I/home/wxt/m1-matched-lut.7wqexi/repo/sw/spatzBenchmarks/online-softmax-merge  --gcc-toolchain=/home/wxt/m1-matched-lut.7wqexi/repo/install/riscv-gcc -mcpu=snitch -mcmodel=small -ffast-math -fno-builtin-printf -fno-common -falign-loops=16 -ffunction-sections -Wextra -static -mllvm -misched-topdown -menable-experimental-extensions -mno-relax -march=rv32imafdvzfh_xdma_xfquarter -mabi=ilp32d -O3 -g -o CMakeFiles/test-spatzBenchmarks-online-softmax-merge-a1.dir/online-softmax-merge/main.c.o -c /home/wxt/m1-matched-lut.7wqexi/repo/sw/spatzBenchmarks/online-softmax-merge/main.c,A1_SMU_SCALAR,NA,memory,NA,NO,NA,NA,NO_EXPLICIT_TRANSFER_PHASE,MAIN_PERFORMANCE,pass,PASS,NA,592,PASS,7225d41ad2d1c63376a9fb1ea4e56b3b24a3e97f,False,A1,0,420821667acdaaa287079acae03067b1ae5cdcd2c48334153b2136b232d9c06d,main,NA,A1,1637,1.0024064933510527e-06,16,2,51.15625,1.9073486328125e-06,100000000,1.9073486328125e-06,8.688204818301731e-07,False,PASS,low_perturbation,492f4c2abdf456a49bd309d48c259ab5da9506269c1f9b78f1cb5c9528d49dee,17280,0,0,0,16,2,1.0,YES,NA,51.15625,0,break_even_n2_d16/memory/A1_SMU_SCALAR/trial-1/simulator.log,0,YES,NA,NA,1.0149606421045207e-06,20260811T121310Z_7225d41a_m2-matched-lut-scale-05,16512,294,0,NA,1,33f066a87e3592e55aa4c78bcc583383243061423e6a790856d5b1be7f593fef,/home/wxt/work-online-merge-supplement/work-artifacts/work-online-merge-low-dasm-simulator-5c2aad2-r1/spatz_cluster.vlt,BREAK_EVEN,48,1,1343,NA,NA,PASS,NA,PASS,64,1917f1e9e798da7bcb840dd7b03532022771d8a400f4f80344ed51a5f9749db0,pass,458,131072,0,NA,NA,NA,2026-08-11T12:39:26+00:00,NA,NA,NA,NA,NA,NA,NA,NA,NA,NA,NA,NA,NA,NA,NA,1,NA,Verilator 5.034 2025-02-24 rev v5.034,4f53cda18c2baa0c0354bb5f9a3ecbe5ed12ab4d8e11ba873c2f11161202b945,2,2,26,1,18,0
/home/wxt/work-online-merge-supplement/run-archive/m1-matched-lut-7wqexi/artifacts/work-online-merge-m2-matched-lut-scale-05-r1,16,2,768,NA,71ebcf86d97d759acf7f6eb2af41b7f80625a84c0a2481beb1c2236d37b51a48,4,0.1111111111111111,768,592,main,break_even_n2_d16,main,120fa0c30199e54e6e9b5c60d8da40913eae8526640992cc5d4f130bef159775,36,/home/wxt/m1-matched-lut.7wqexi/repo/hw/system/spatz_cluster/cfg/spatz_cluster.default.dram.hjson,1589,YES,clang version 14.0.6 (git@github.com:pulp-platform/llvm-project.git b494f2d8dde88723026db8ec16ac6c7ee1e140ca) | Target: riscv32-unknown-unknown-elf | Thread model: posix,e28cfe3ee4cf619b55f2978ddef7886ad92af91dd2b72e82e97bbc7dc23e8f54,/home/wxt/m1-matched-lut.7wqexi/repo/install/llvm/bin/clang -DONLINE_MERGE_COUNTER_PROFILE=0 -DONLINE_MERGE_IMPLEMENTATION_SELECT=4 -DONLINE_MERGE_STACK_LOG2=13 -DONLINE_MERGE_TRACE_PROXY=0 -I/home/wxt/m1-matched-lut.7wqexi/repo/sw/spatzBenchmarks/include -I/home/wxt/m1-matched-lut.7wqexi/repo/sw/snRuntime/include -I/home/wxt/m1-matched-lut.7wqexi/repo/sw/snRuntime/vendor -I/home/wxt/m1-matched-lut.7wqexi/repo/sw/snRuntime/../toolchain/riscv-opcodes -I/home/wxt/work-online-merge-supplement/run-archive/m1-matched-lut-7wqexi/artifacts/work-online-merge-m2-matched-lut-scale-05-r1/build/spatzBenchmarks/online_merge_generated/N2_D16_S1_main_R1 -I/home/wxt/m1-matched-lut.7wqexi/repo/sw/spatzBenchmarks/online-softmax-merge  --gcc-toolchain=/home/wxt/m1-matched-lut.7wqexi/repo/install/riscv-gcc -mcpu=snitch -mcmodel=small -ffast-math -fno-builtin-printf -fno-common -falign-loops=16 -ffunction-sections -Wextra -static -mllvm -misched-topdown -menable-experimental-extensions -mno-relax -march=rv32imafdvzfh_xdma_xfquarter -mabi=ilp32d -O3 -g -o CMakeFiles/test-spatzBenchmarks-online-softmax-merge-a1.dir/online-softmax-merge/main.c.o -c /home/wxt/m1-matched-lut.7wqexi/repo/sw/spatzBenchmarks/online-softmax-merge/main.c,A1_SMU_SCALAR,NA,memory,NA,NO,NA,NA,NO_EXPLICIT_TRANSFER_PHASE,MAIN_PERFORMANCE,pass,PASS,NA,592,PASS,7225d41ad2d1c63376a9fb1ea4e56b3b24a3e97f,False,A1,0,420821667acdaaa287079acae03067b1ae5cdcd2c48334153b2136b232d9c06d,main,NA,A1,1637,1.0024064933510527e-06,16,2,51.15625,1.9073486328125e-06,100000000,1.9073486328125e-06,8.688204818301731e-07,False,PASS,low_perturbation,492f4c2abdf456a49bd309d48c259ab5da9506269c1f9b78f1cb5c9528d49dee,17280,0,0,0,16,2,1.0,YES,NA,51.15625,0,break_even_n2_d16/memory/A1_SMU_SCALAR/trial-2/simulator.log,0,YES,NA,NA,1.0149606421045207e-06,20260811T121310Z_7225d41a_m2-matched-lut-scale-05,16512,294,0,NA,1,33f066a87e3592e55aa4c78bcc583383243061423e6a790856d5b1be7f593fef,/home/wxt/work-online-merge-supplement/work-artifacts/work-online-merge-low-dasm-simulator-5c2aad2-r1/spatz_cluster.vlt,BREAK_EVEN,48,1,1343,NA,NA,PASS,NA,PASS,64,1917f1e9e798da7bcb840dd7b03532022771d8a400f4f80344ed51a5f9749db0,pass,458,131072,0,NA,NA,NA,2026-08-11T12:40:39+00:00,NA,NA,NA,NA,NA,NA,NA,NA,NA,NA,NA,NA,NA,NA,NA,2,NA,Verilator 5.034 2025-02-24 rev v5.034,4f53cda18c2baa0c0354bb5f9a3ecbe5ed12ab4d8e11ba873c2f11161202b945,2,2,26,1,18,0
/home/wxt/work-online-merge-supplement/run-archive/m1-matched-lut-7wqexi/artifacts/work-online-merge-m2-matched-lut-scale-05-r1,16,2,768,NA,8fb5ffc362d7bea6d545b49dbb3d36bf245a0ba3cb38f5478c3a5be52586e2a4,4,0.1111111111111111,768,592,main,break_even_n2_d16,main,120fa0c30199e54e6e9b5c60d8da40913eae8526640992cc5d4f130bef159775,36,/home/wxt/m1-matched-lut.7wqexi/repo/hw/system/spatz_cluster/cfg/spatz_cluster.default.dram.hjson,1289,YES,clang version 14.0.6 (git@github.com:pulp-platform/llvm-project.git b494f2d8dde88723026db8ec16ac6c7ee1e140ca) | Target: riscv32-unknown-unknown-elf | Thread model: posix,e28cfe3ee4cf619b55f2978ddef7886ad92af91dd2b72e82e97bbc7dc23e8f54,/home/wxt/m1-matched-lut.7wqexi/repo/install/llvm/bin/clang -DONLINE_MERGE_COUNTER_PROFILE=0 -DONLINE_MERGE_IMPLEMENTATION_SELECT=3 -DONLINE_MERGE_STACK_LOG2=13 -DONLINE_MERGE_TRACE_PROXY=0 -I/home/wxt/m1-matched-lut.7wqexi/repo/sw/spatzBenchmarks/include -I/home/wxt/m1-matched-lut.7wqexi/repo/sw/snRuntime/include -I/home/wxt/m1-matched-lut.7wqexi/repo/sw/snRuntime/vendor -I/home/wxt/m1-matched-lut.7wqexi/repo/sw/snRuntime/../toolchain/riscv-opcodes -I/home/wxt/work-online-merge-supplement/run-archive/m1-matched-lut-7wqexi/artifacts/work-online-merge-m2-matched-lut-scale-05-r1/build/spatzBenchmarks/online_merge_generated/N2_D16_S1_main_R1 -I/home/wxt/m1-matched-lut.7wqexi/repo/sw/spatzBenchmarks/online-softmax-merge  --gcc-toolchain=/home/wxt/m1-matched-lut.7wqexi/repo/install/riscv-gcc -mcpu=snitch -mcmodel=small -ffast-math -fno-builtin-printf -fno-common -falign-loops=16 -ffunction-sections -Wextra -static -mllvm -misched-topdown -menable-experimental-extensions -mno-relax -march=rv32imafdvzfh_xdma_xfquarter -mabi=ilp32d -O3 -g -o CMakeFiles/test-spatzBenchmarks-online-softmax-merge-a2.dir/online-softmax-merge/main.c.o -c /home/wxt/m1-matched-lut.7wqexi/repo/sw/spatzBenchmarks/online-softmax-merge/main.c,A2_SMU_FULL,A2,memory,NA,NO,NA,NA,NO_EXPLICIT_TRANSFER_PHASE,MAIN_PERFORMANCE,pass,PASS,NA,592,PASS,7225d41ad2d1c63376a9fb1ea4e56b3b24a3e97f,False,B3,0,420821667acdaaa287079acae03067b1ae5cdcd2c48334153b2136b232d9c06d,main,NA,B3,1588,9.997020246476173e-07,16,2,49.625,1.9073486328125e-06,100000000,1.9073486328125e-06,8.663369549645317e-07,False,PASS,low_perturbation,3392abee4e02abd0b15ce3e55f81dda50d703fd39e1a33411200014b9b4c9d33,17280,0,0,0,16,2,1.0,YES,NA,49.625,0,break_even_n2_d16/memory/A2_SMU_FULL/trial-0/simulator.log,0,YES,NA,NA,1.0122223026085206e-06,20260811T121310Z_7225d41a_m2-matched-lut-scale-05,16512,NA,1,NA,1,33f066a87e3592e55aa4c78bcc583383243061423e6a790856d5b1be7f593fef,/home/wxt/work-online-merge-supplement/work-artifacts/work-online-merge-low-dasm-simulator-5c2aad2-r1/spatz_cluster.vlt,BREAK_EVEN,299,1,NA,NA,NA,PASS,NA,PASS,64,b8a3ce012f183169fea1f7d1dd35c83ffcdc97a4e6cccad4e0721dfbf28846ca,pass,523,131072,2,NA,NA,NA,2026-08-11T12:41:53+00:00,NA,NA,NA,NA,NA,NA,NA,NA,NA,NA,NA,NA,NA,NA,NA,0,NA,Verilator 5.034 2025-02-24 rev v5.034,4f53cda18c2baa0c0354bb5f9a3ecbe5ed12ab4d8e11ba873c2f11161202b945,2,2,26,1,10,259
/home/wxt/work-online-merge-supplement/run-archive/m1-matched-lut-7wqexi/artifacts/work-online-merge-m2-matched-lut-scale-05-r1,16,2,768,NA,8fb5ffc362d7bea6d545b49dbb3d36bf245a0ba3cb38f5478c3a5be52586e2a4,4,0.1111111111111111,768,592,main,break_even_n2_d16,main,120fa0c30199e54e6e9b5c60d8da40913eae8526640992cc5d4f130bef159775,36,/home/wxt/m1-matched-lut.7wqexi/repo/hw/system/spatz_cluster/cfg/spatz_cluster.default.dram.hjson,1289,YES,clang version 14.0.6 (git@github.com:pulp-platform/llvm-project.git b494f2d8dde88723026db8ec16ac6c7ee1e140ca) | Target: riscv32-unknown-unknown-elf | Thread model: posix,e28cfe3ee4cf619b55f2978ddef7886ad92af91dd2b72e82e97bbc7dc23e8f54,/home/wxt/m1-matched-lut.7wqexi/repo/install/llvm/bin/clang -DONLINE_MERGE_COUNTER_PROFILE=0 -DONLINE_MERGE_IMPLEMENTATION_SELECT=3 -DONLINE_MERGE_STACK_LOG2=13 -DONLINE_MERGE_TRACE_PROXY=0 -I/home/wxt/m1-matched-lut.7wqexi/repo/sw/spatzBenchmarks/include -I/home/wxt/m1-matched-lut.7wqexi/repo/sw/snRuntime/include -I/home/wxt/m1-matched-lut.7wqexi/repo/sw/snRuntime/vendor -I/home/wxt/m1-matched-lut.7wqexi/repo/sw/snRuntime/../toolchain/riscv-opcodes -I/home/wxt/work-online-merge-supplement/run-archive/m1-matched-lut-7wqexi/artifacts/work-online-merge-m2-matched-lut-scale-05-r1/build/spatzBenchmarks/online_merge_generated/N2_D16_S1_main_R1 -I/home/wxt/m1-matched-lut.7wqexi/repo/sw/spatzBenchmarks/online-softmax-merge  --gcc-toolchain=/home/wxt/m1-matched-lut.7wqexi/repo/install/riscv-gcc -mcpu=snitch -mcmodel=small -ffast-math -fno-builtin-printf -fno-common -falign-loops=16 -ffunction-sections -Wextra -static -mllvm -misched-topdown -menable-experimental-extensions -mno-relax -march=rv32imafdvzfh_xdma_xfquarter -mabi=ilp32d -O3 -g -o CMakeFiles/test-spatzBenchmarks-online-softmax-merge-a2.dir/online-softmax-merge/main.c.o -c /home/wxt/m1-matched-lut.7wqexi/repo/sw/spatzBenchmarks/online-softmax-merge/main.c,A2_SMU_FULL,A2,memory,NA,NO,NA,NA,NO_EXPLICIT_TRANSFER_PHASE,MAIN_PERFORMANCE,pass,PASS,NA,592,PASS,7225d41ad2d1c63376a9fb1ea4e56b3b24a3e97f,False,B3,0,420821667acdaaa287079acae03067b1ae5cdcd2c48334153b2136b232d9c06d,main,NA,B3,1588,9.997020246476173e-07,16,2,49.625,1.9073486328125e-06,100000000,1.9073486328125e-06,8.663369549645317e-07,False,PASS,low_perturbation,3392abee4e02abd0b15ce3e55f81dda50d703fd39e1a33411200014b9b4c9d33,17280,0,0,0,16,2,1.0,YES,NA,49.625,0,break_even_n2_d16/memory/A2_SMU_FULL/trial-1/simulator.log,0,YES,NA,NA,1.0122223026085206e-06,20260811T121310Z_7225d41a_m2-matched-lut-scale-05,16512,NA,1,NA,1,33f066a87e3592e55aa4c78bcc583383243061423e6a790856d5b1be7f593fef,/home/wxt/work-online-merge-supplement/work-artifacts/work-online-merge-low-dasm-simulator-5c2aad2-r1/spatz_cluster.vlt,BREAK_EVEN,299,1,NA,NA,NA,PASS,NA,PASS,64,b8a3ce012f183169fea1f7d1dd35c83ffcdc97a4e6cccad4e0721dfbf28846ca,pass,523,131072,2,NA,NA,NA,2026-08-11T12:43:12+00:00,NA,NA,NA,NA,NA,NA,NA,NA,NA,NA,NA,NA,NA,NA,NA,1,NA,Verilator 5.034 2025-02-24 rev v5.034,4f53cda18c2baa0c0354bb5f9a3ecbe5ed12ab4d8e11ba873c2f11161202b945,2,2,26,1,10,259
/home/wxt/work-online-merge-supplement/run-archive/m1-matched-lut-7wqexi/artifacts/work-online-merge-m2-matched-lut-scale-05-r1,16,2,768,NA,8fb5ffc362d7bea6d545b49dbb3d36bf245a0ba3cb38f5478c3a5be52586e2a4,4,0.1111111111111111,768,592,main,break_even_n2_d16,main,120fa0c30199e54e6e9b5c60d8da40913eae8526640992cc5d4f130bef159775,36,/home/wxt/m1-matched-lut.7wqexi/repo/hw/system/spatz_cluster/cfg/spatz_cluster.default.dram.hjson,1289,YES,clang version 14.0.6 (git@github.com:pulp-platform/llvm-project.git b494f2d8dde88723026db8ec16ac6c7ee1e140ca) | Target: riscv32-unknown-unknown-elf | Thread model: posix,e28cfe3ee4cf619b55f2978ddef7886ad92af91dd2b72e82e97bbc7dc23e8f54,/home/wxt/m1-matched-lut.7wqexi/repo/install/llvm/bin/clang -DONLINE_MERGE_COUNTER_PROFILE=0 -DONLINE_MERGE_IMPLEMENTATION_SELECT=3 -DONLINE_MERGE_STACK_LOG2=13 -DONLINE_MERGE_TRACE_PROXY=0 -I/home/wxt/m1-matched-lut.7wqexi/repo/sw/spatzBenchmarks/include -I/home/wxt/m1-matched-lut.7wqexi/repo/sw/snRuntime/include -I/home/wxt/m1-matched-lut.7wqexi/repo/sw/snRuntime/vendor -I/home/wxt/m1-matched-lut.7wqexi/repo/sw/snRuntime/../toolchain/riscv-opcodes -I/home/wxt/work-online-merge-supplement/run-archive/m1-matched-lut-7wqexi/artifacts/work-online-merge-m2-matched-lut-scale-05-r1/build/spatzBenchmarks/online_merge_generated/N2_D16_S1_main_R1 -I/home/wxt/m1-matched-lut.7wqexi/repo/sw/spatzBenchmarks/online-softmax-merge  --gcc-toolchain=/home/wxt/m1-matched-lut.7wqexi/repo/install/riscv-gcc -mcpu=snitch -mcmodel=small -ffast-math -fno-builtin-printf -fno-common -falign-loops=16 -ffunction-sections -Wextra -static -mllvm -misched-topdown -menable-experimental-extensions -mno-relax -march=rv32imafdvzfh_xdma_xfquarter -mabi=ilp32d -O3 -g -o CMakeFiles/test-spatzBenchmarks-online-softmax-merge-a2.dir/online-softmax-merge/main.c.o -c /home/wxt/m1-matched-lut.7wqexi/repo/sw/spatzBenchmarks/online-softmax-merge/main.c,A2_SMU_FULL,A2,memory,NA,NO,NA,NA,NO_EXPLICIT_TRANSFER_PHASE,MAIN_PERFORMANCE,pass,PASS,NA,592,PASS,7225d41ad2d1c63376a9fb1ea4e56b3b24a3e97f,False,B3,0,420821667acdaaa287079acae03067b1ae5cdcd2c48334153b2136b232d9c06d,main,NA,B3,1588,9.997020246476173e-07,16,2,49.625,1.9073486328125e-06,100000000,1.9073486328125e-06,8.663369549645317e-07,False,PASS,low_perturbation,3392abee4e02abd0b15ce3e55f81dda50d703fd39e1a33411200014b9b4c9d33,17280,0,0,0,16,2,1.0,YES,NA,49.625,0,break_even_n2_d16/memory/A2_SMU_FULL/trial-2/simulator.log,0,YES,NA,NA,1.0122223026085206e-06,20260811T121310Z_7225d41a_m2-matched-lut-scale-05,16512,NA,1,NA,1,33f066a87e3592e55aa4c78bcc583383243061423e6a790856d5b1be7f593fef,/home/wxt/work-online-merge-supplement/work-artifacts/work-online-merge-low-dasm-simulator-5c2aad2-r1/spatz_cluster.vlt,BREAK_EVEN,299,1,NA,NA,NA,PASS,NA,PASS,64,b8a3ce012f183169fea1f7d1dd35c83ffcdc97a4e6cccad4e0721dfbf28846ca,pass,523,131072,2,NA,NA,NA,2026-08-11T12:44:21+00:00,NA,NA,NA,NA,NA,NA,NA,NA,NA,NA,NA,NA,NA,NA,NA,2,NA,Verilator 5.034 2025-02-24 rev v5.034,4f53cda18c2baa0c0354bb5f9a3ecbe5ed12ab4d8e11ba873c2f11161202b945,2,2,26,1,10,259
/home/wxt/work-online-merge-supplement/run-archive/m1-matched-lut-7wqexi/artifacts/work-online-merge-m2-matched-lut-scale-06-r1,32,2,1280,NA,4856c9b433cb103d990e4dfcc2ad9a219b8d9a03495711bbc660f7cb0a3f9f64,3,0.04411764705882353,1280,1104,main,break_even_n2_d32,main,120fa0c30199e54e6e9b5c60d8da40913eae8526640992cc5d4f130bef159775,68,/home/wxt/m1-matched-lut.7wqexi/repo/hw/system/spatz_cluster/cfg/spatz_cluster.default.dram.hjson,NA,YES,clang version 14.0.6 (git@github.com:pulp-platform/llvm-project.git b494f2d8dde88723026db8ec16ac6c7ee1e140ca) | Target: riscv32-unknown-unknown-elf | Thread model: posix,5f8a055ef3aa50663098d14263154c391466929d21b0829871b5326a10688f60,/home/wxt/m1-matched-lut.7wqexi/repo/install/llvm/bin/clang -DONLINE_MERGE_COUNTER_PROFILE=0 -DONLINE_MERGE_IMPLEMENTATION_SELECT=2 -DONLINE_MERGE_STACK_LOG2=13 -DONLINE_MERGE_TRACE_PROXY=0 -I/home/wxt/m1-matched-lut.7wqexi/repo/sw/spatzBenchmarks/include -I/home/wxt/m1-matched-lut.7wqexi/repo/sw/snRuntime/include -I/home/wxt/m1-matched-lut.7wqexi/repo/sw/snRuntime/vendor -I/home/wxt/m1-matched-lut.7wqexi/repo/sw/snRuntime/../toolchain/riscv-opcodes -I/home/wxt/work-online-merge-supplement/run-archive/m1-matched-lut-7wqexi/artifacts/work-online-merge-m2-matched-lut-scale-06-r1/build/spatzBenchmarks/online_merge_generated/N2_D32_S1_main_R1 -I/home/wxt/m1-matched-lut.7wqexi/repo/sw/spatzBenchmarks/online-softmax-merge  --gcc-toolchain=/home/wxt/m1-matched-lut.7wqexi/repo/install/riscv-gcc --gcc-toolchain=/home/wxt/m1-matched-lut.7wqexi/repo/install/riscv-gcc -mcpu=snitch -mcmodel=small -ffast-math -fno-builtin-printf -fno-common -falign-loops=16 -ffunction-sections -Wextra -static -mllvm -misched-topdown -menable-experimental-extensions -mno-relax -march=rv32imafdvzfh_xdma_xfquarter -mabi=ilp32d -O3 -g -o CMakeFiles/test-spatzBenchmarks-online-softmax-merge-b2r.dir/online-softmax-merge/main.c.o -c /home/wxt/m1-matched-lut.7wqexi/repo/sw/spatzBenchmarks/online-softmax-merge/main.c,B2R_RVV,A0,memory,2100,YES,48,NA,NO_EXPLICIT_TRANSFER_PHASE,MAIN_PERFORMANCE,pass,PASS,NA,1104,NA,7225d41ad2d1c63376a9fb1ea4e56b3b24a3e97f,False,B2-R,0,82bd5df02e212d5062cf88a52f4b5c2f9f6c92170f2b7f2e2a46676594a1b22f,main,DASM_MARKER_ENVELOPE_WITNESS,B2-R,3285,1.4873360604039985e-05,32,2,51.328125,9.900331497192383e-05,100000000,9.900331497192383e-05,1.9536134512985452e-06,False,PASS,low_perturbation,8ec5160eb98aa9a6ce40bb4802f6351d36c3b8e68c7fec87c99afbf4a6c06687,17792,0,0,0,32,2,1.0,YES,NA,51.328125,0,break_even_n2_d32/memory/B2R_RVV/trial-0/simulator.log,0,YES,NA,NA,1.2030378454469542e-05,20260811T121310Z_7225d41a_m2-matched-lut-scale-06,16512,NA,0,2052,1,33f066a87e3592e55aa4c78bcc583383243061423e6a790856d5b1be7f593fef,/home/wxt/work-online-merge-supplement/work-artifacts/work-online-merge-low-dasm-simulator-5c2aad2-r1/spatz_cluster.vlt,BREAK_EVEN,NA,0,NA,NA,NA,PASS,NA,PASS,128,f7d62c336bf5529fefa9dc75b0378b83f451b45e4639ba2022bf5581090908d7,pass,255,131072,0,NA,NA,NA,2026-08-11T12:14:18+00:00,break_even_n2_d32/memory/B2R_RVV/trace-witness/instruction_trace_audit.json,385,1153,786,64,920,INDEPENDENT_DASM_WITNESS,6,PASS,NA,PASS,361ff71bcc241b448e49ff6d212d06a13a986e2fad861b0aa0b67e40e7a21d68,/home/wxt/work-online-merge-supplement/work-artifacts/work-online-merge-traced-simulator-088a44d-r1/spatz_cluster.vlt,default,8ec5160eb98aa9a6ce40bb4802f6351d36c3b8e68c7fec87c99afbf4a6c06687,0,48,Verilator 5.034 2025-02-24 rev v5.034,4f53cda18c2baa0c0354bb5f9a3ecbe5ed12ab4d8e11ba873c2f11161202b945,,,,,,
/home/wxt/work-online-merge-supplement/run-archive/m1-matched-lut-7wqexi/artifacts/work-online-merge-m2-matched-lut-scale-06-r1,32,2,1280,NA,4856c9b433cb103d990e4dfcc2ad9a219b8d9a03495711bbc660f7cb0a3f9f64,3,0.04411764705882353,1280,1104,main,break_even_n2_d32,main,120fa0c30199e54e6e9b5c60d8da40913eae8526640992cc5d4f130bef159775,68,/home/wxt/m1-matched-lut.7wqexi/repo/hw/system/spatz_cluster/cfg/spatz_cluster.default.dram.hjson,NA,YES,clang version 14.0.6 (git@github.com:pulp-platform/llvm-project.git b494f2d8dde88723026db8ec16ac6c7ee1e140ca) | Target: riscv32-unknown-unknown-elf | Thread model: posix,5f8a055ef3aa50663098d14263154c391466929d21b0829871b5326a10688f60,/home/wxt/m1-matched-lut.7wqexi/repo/install/llvm/bin/clang -DONLINE_MERGE_COUNTER_PROFILE=0 -DONLINE_MERGE_IMPLEMENTATION_SELECT=2 -DONLINE_MERGE_STACK_LOG2=13 -DONLINE_MERGE_TRACE_PROXY=0 -I/home/wxt/m1-matched-lut.7wqexi/repo/sw/spatzBenchmarks/include -I/home/wxt/m1-matched-lut.7wqexi/repo/sw/snRuntime/include -I/home/wxt/m1-matched-lut.7wqexi/repo/sw/snRuntime/vendor -I/home/wxt/m1-matched-lut.7wqexi/repo/sw/snRuntime/../toolchain/riscv-opcodes -I/home/wxt/work-online-merge-supplement/run-archive/m1-matched-lut-7wqexi/artifacts/work-online-merge-m2-matched-lut-scale-06-r1/build/spatzBenchmarks/online_merge_generated/N2_D32_S1_main_R1 -I/home/wxt/m1-matched-lut.7wqexi/repo/sw/spatzBenchmarks/online-softmax-merge  --gcc-toolchain=/home/wxt/m1-matched-lut.7wqexi/repo/install/riscv-gcc --gcc-toolchain=/home/wxt/m1-matched-lut.7wqexi/repo/install/riscv-gcc -mcpu=snitch -mcmodel=small -ffast-math -fno-builtin-printf -fno-common -falign-loops=16 -ffunction-sections -Wextra -static -mllvm -misched-topdown -menable-experimental-extensions -mno-relax -march=rv32imafdvzfh_xdma_xfquarter -mabi=ilp32d -O3 -g -o CMakeFiles/test-spatzBenchmarks-online-softmax-merge-b2r.dir/online-softmax-merge/main.c.o -c /home/wxt/m1-matched-lut.7wqexi/repo/sw/spatzBenchmarks/online-softmax-merge/main.c,B2R_RVV,A0,memory,2100,YES,48,NA,NO_EXPLICIT_TRANSFER_PHASE,MAIN_PERFORMANCE,pass,PASS,NA,1104,NA,7225d41ad2d1c63376a9fb1ea4e56b3b24a3e97f,False,B2-R,0,82bd5df02e212d5062cf88a52f4b5c2f9f6c92170f2b7f2e2a46676594a1b22f,main,DASM_MARKER_ENVELOPE_WITNESS,B2-R,3285,1.4873360604039985e-05,32,2,51.328125,9.900331497192383e-05,100000000,9.900331497192383e-05,1.9536134512985452e-06,False,PASS,low_perturbation,8ec5160eb98aa9a6ce40bb4802f6351d36c3b8e68c7fec87c99afbf4a6c06687,17792,0,0,0,32,2,1.0,YES,NA,51.328125,0,break_even_n2_d32/memory/B2R_RVV/trial-1/simulator.log,0,YES,NA,NA,1.2030378454469542e-05,20260811T121310Z_7225d41a_m2-matched-lut-scale-06,16512,NA,0,2052,1,33f066a87e3592e55aa4c78bcc583383243061423e6a790856d5b1be7f593fef,/home/wxt/work-online-merge-supplement/work-artifacts/work-online-merge-low-dasm-simulator-5c2aad2-r1/spatz_cluster.vlt,BREAK_EVEN,NA,0,NA,NA,NA,PASS,NA,PASS,128,f7d62c336bf5529fefa9dc75b0378b83f451b45e4639ba2022bf5581090908d7,pass,255,131072,0,NA,NA,NA,2026-08-11T12:15:19+00:00,break_even_n2_d32/memory/B2R_RVV/trace-witness/instruction_trace_audit.json,385,1153,786,64,920,INDEPENDENT_DASM_WITNESS,6,PASS,NA,PASS,361ff71bcc241b448e49ff6d212d06a13a986e2fad861b0aa0b67e40e7a21d68,/home/wxt/work-online-merge-supplement/work-artifacts/work-online-merge-traced-simulator-088a44d-r1/spatz_cluster.vlt,default,8ec5160eb98aa9a6ce40bb4802f6351d36c3b8e68c7fec87c99afbf4a6c06687,1,48,Verilator 5.034 2025-02-24 rev v5.034,4f53cda18c2baa0c0354bb5f9a3ecbe5ed12ab4d8e11ba873c2f11161202b945,,,,,,
/home/wxt/work-online-merge-supplement/run-archive/m1-matched-lut-7wqexi/artifacts/work-online-merge-m2-matched-lut-scale-06-r1,32,2,1280,NA,4856c9b433cb103d990e4dfcc2ad9a219b8d9a03495711bbc660f7cb0a3f9f64,3,0.04411764705882353,1280,1104,main,break_even_n2_d32,main,120fa0c30199e54e6e9b5c60d8da40913eae8526640992cc5d4f130bef159775,68,/home/wxt/m1-matched-lut.7wqexi/repo/hw/system/spatz_cluster/cfg/spatz_cluster.default.dram.hjson,NA,YES,clang version 14.0.6 (git@github.com:pulp-platform/llvm-project.git b494f2d8dde88723026db8ec16ac6c7ee1e140ca) | Target: riscv32-unknown-unknown-elf | Thread model: posix,5f8a055ef3aa50663098d14263154c391466929d21b0829871b5326a10688f60,/home/wxt/m1-matched-lut.7wqexi/repo/install/llvm/bin/clang -DONLINE_MERGE_COUNTER_PROFILE=0 -DONLINE_MERGE_IMPLEMENTATION_SELECT=2 -DONLINE_MERGE_STACK_LOG2=13 -DONLINE_MERGE_TRACE_PROXY=0 -I/home/wxt/m1-matched-lut.7wqexi/repo/sw/spatzBenchmarks/include -I/home/wxt/m1-matched-lut.7wqexi/repo/sw/snRuntime/include -I/home/wxt/m1-matched-lut.7wqexi/repo/sw/snRuntime/vendor -I/home/wxt/m1-matched-lut.7wqexi/repo/sw/snRuntime/../toolchain/riscv-opcodes -I/home/wxt/work-online-merge-supplement/run-archive/m1-matched-lut-7wqexi/artifacts/work-online-merge-m2-matched-lut-scale-06-r1/build/spatzBenchmarks/online_merge_generated/N2_D32_S1_main_R1 -I/home/wxt/m1-matched-lut.7wqexi/repo/sw/spatzBenchmarks/online-softmax-merge  --gcc-toolchain=/home/wxt/m1-matched-lut.7wqexi/repo/install/riscv-gcc --gcc-toolchain=/home/wxt/m1-matched-lut.7wqexi/repo/install/riscv-gcc -mcpu=snitch -mcmodel=small -ffast-math -fno-builtin-printf -fno-common -falign-loops=16 -ffunction-sections -Wextra -static -mllvm -misched-topdown -menable-experimental-extensions -mno-relax -march=rv32imafdvzfh_xdma_xfquarter -mabi=ilp32d -O3 -g -o CMakeFiles/test-spatzBenchmarks-online-softmax-merge-b2r.dir/online-softmax-merge/main.c.o -c /home/wxt/m1-matched-lut.7wqexi/repo/sw/spatzBenchmarks/online-softmax-merge/main.c,B2R_RVV,A0,memory,2100,YES,48,NA,NO_EXPLICIT_TRANSFER_PHASE,MAIN_PERFORMANCE,pass,PASS,NA,1104,NA,7225d41ad2d1c63376a9fb1ea4e56b3b24a3e97f,False,B2-R,0,82bd5df02e212d5062cf88a52f4b5c2f9f6c92170f2b7f2e2a46676594a1b22f,main,DASM_MARKER_ENVELOPE_WITNESS,B2-R,3285,1.4873360604039985e-05,32,2,51.328125,9.900331497192383e-05,100000000,9.900331497192383e-05,1.9536134512985452e-06,False,PASS,low_perturbation,8ec5160eb98aa9a6ce40bb4802f6351d36c3b8e68c7fec87c99afbf4a6c06687,17792,0,0,0,32,2,1.0,YES,NA,51.328125,0,break_even_n2_d32/memory/B2R_RVV/trial-2/simulator.log,0,YES,NA,NA,1.2030378454469542e-05,20260811T121310Z_7225d41a_m2-matched-lut-scale-06,16512,NA,0,2052,1,33f066a87e3592e55aa4c78bcc583383243061423e6a790856d5b1be7f593fef,/home/wxt/work-online-merge-supplement/work-artifacts/work-online-merge-low-dasm-simulator-5c2aad2-r1/spatz_cluster.vlt,BREAK_EVEN,NA,0,NA,NA,NA,PASS,NA,PASS,128,f7d62c336bf5529fefa9dc75b0378b83f451b45e4639ba2022bf5581090908d7,pass,255,131072,0,NA,NA,NA,2026-08-11T12:16:20+00:00,break_even_n2_d32/memory/B2R_RVV/trace-witness/instruction_trace_audit.json,385,1153,786,64,920,INDEPENDENT_DASM_WITNESS,6,PASS,NA,PASS,361ff71bcc241b448e49ff6d212d06a13a986e2fad861b0aa0b67e40e7a21d68,/home/wxt/work-online-merge-supplement/work-artifacts/work-online-merge-traced-simulator-088a44d-r1/spatz_cluster.vlt,default,8ec5160eb98aa9a6ce40bb4802f6351d36c3b8e68c7fec87c99afbf4a6c06687,2,48,Verilator 5.034 2025-02-24 rev v5.034,4f53cda18c2baa0c0354bb5f9a3ecbe5ed12ab4d8e11ba873c2f11161202b945,,,,,,
/home/wxt/work-online-merge-supplement/run-archive/m1-matched-lut-7wqexi/artifacts/work-online-merge-m2-matched-lut-scale-06-r1,32,2,1280,NA,ac511b80ff5f6150957e0a7db3093b1556d126f5d4abac4a7bf12ff8b1f85d59,3,0.04411764705882353,1280,1104,main,break_even_n2_d32,main,120fa0c30199e54e6e9b5c60d8da40913eae8526640992cc5d4f130bef159775,68,/home/wxt/m1-matched-lut.7wqexi/repo/hw/system/spatz_cluster/cfg/spatz_cluster.default.dram.hjson,1622,YES,clang version 14.0.6 (git@github.com:pulp-platform/llvm-project.git b494f2d8dde88723026db8ec16ac6c7ee1e140ca) | Target: riscv32-unknown-unknown-elf | Thread model: posix,5f8a055ef3aa50663098d14263154c391466929d21b0829871b5326a10688f60,/home/wxt/m1-matched-lut.7wqexi/repo/install/llvm/bin/clang -DONLINE_MERGE_COUNTER_PROFILE=0 -DONLINE_MERGE_IMPLEMENTATION_SELECT=4 -DONLINE_MERGE_STACK_LOG2=13 -DONLINE_MERGE_TRACE_PROXY=0 -I/home/wxt/m1-matched-lut.7wqexi/repo/sw/spatzBenchmarks/include -I/home/wxt/m1-matched-lut.7wqexi/repo/sw/snRuntime/include -I/home/wxt/m1-matched-lut.7wqexi/repo/sw/snRuntime/vendor -I/home/wxt/m1-matched-lut.7wqexi/repo/sw/snRuntime/../toolchain/riscv-opcodes -I/home/wxt/work-online-merge-supplement/run-archive/m1-matched-lut-7wqexi/artifacts/work-online-merge-m2-matched-lut-scale-06-r1/build/spatzBenchmarks/online_merge_generated/N2_D32_S1_main_R1 -I/home/wxt/m1-matched-lut.7wqexi/repo/sw/spatzBenchmarks/online-softmax-merge  --gcc-toolchain=/home/wxt/m1-matched-lut.7wqexi/repo/install/riscv-gcc --gcc-toolchain=/home/wxt/m1-matched-lut.7wqexi/repo/install/riscv-gcc -mcpu=snitch -mcmodel=small -ffast-math -fno-builtin-printf -fno-common -falign-loops=16 -ffunction-sections -Wextra -static -mllvm -misched-topdown -menable-experimental-extensions -mno-relax -march=rv32imafdvzfh_xdma_xfquarter -mabi=ilp32d -O3 -g -o CMakeFiles/test-spatzBenchmarks-online-softmax-merge-a1.dir/online-softmax-merge/main.c.o -c /home/wxt/m1-matched-lut.7wqexi/repo/sw/spatzBenchmarks/online-softmax-merge/main.c,A1_SMU_SCALAR,NA,memory,NA,NO,NA,NA,NO_EXPLICIT_TRANSFER_PHASE,MAIN_PERFORMANCE,pass,PASS,NA,1104,PASS,7225d41ad2d1c63376a9fb1ea4e56b3b24a3e97f,False,A1,0,82bd5df02e212d5062cf88a52f4b5c2f9f6c92170f2b7f2e2a46676594a1b22f,main,NA,A1,1670,1.4873360604039985e-05,32,2,26.09375,9.900331497192383e-05,100000000,9.900331497192383e-05,1.9536134512985452e-06,False,PASS,low_perturbation,12ace74dc09673e776d65e2ca51b678054a79f3e9ee7b393b0ee0622be55dadc,17792,0,0,0,32,2,1.0,YES,NA,26.09375,0,break_even_n2_d32/memory/A1_SMU_SCALAR/trial-0/simulator.log,0,YES,NA,NA,1.2030378454469542e-05,20260811T121310Z_7225d41a_m2-matched-lut-scale-06,16512,331,0,NA,1,33f066a87e3592e55aa4c78bcc583383243061423e6a790856d5b1be7f593fef,/home/wxt/work-online-merge-supplement/work-artifacts/work-online-merge-low-dasm-simulator-5c2aad2-r1/spatz_cluster.vlt,BREAK_EVEN,48,1,1339,NA,NA,PASS,NA,PASS,128,b4d4cc924ca129199c4c1bf2d621455fd2b0d95cc7b12a58d0ea821a717d2982,pass,506,131072,0,NA,NA,NA,2026-08-11T12:17:20+00:00,NA,NA,NA,NA,NA,NA,NA,NA,NA,NA,NA,NA,NA,NA,NA,0,NA,Verilator 5.034 2025-02-24 rev v5.034,4f53cda18c2baa0c0354bb5f9a3ecbe5ed12ab4d8e11ba873c2f11161202b945,2,2,26,1,18,0
/home/wxt/work-online-merge-supplement/run-archive/m1-matched-lut-7wqexi/artifacts/work-online-merge-m2-matched-lut-scale-06-r1,32,2,1280,NA,ac511b80ff5f6150957e0a7db3093b1556d126f5d4abac4a7bf12ff8b1f85d59,3,0.04411764705882353,1280,1104,main,break_even_n2_d32,main,120fa0c30199e54e6e9b5c60d8da40913eae8526640992cc5d4f130bef159775,68,/home/wxt/m1-matched-lut.7wqexi/repo/hw/system/spatz_cluster/cfg/spatz_cluster.default.dram.hjson,1622,YES,clang version 14.0.6 (git@github.com:pulp-platform/llvm-project.git b494f2d8dde88723026db8ec16ac6c7ee1e140ca) | Target: riscv32-unknown-unknown-elf | Thread model: posix,5f8a055ef3aa50663098d14263154c391466929d21b0829871b5326a10688f60,/home/wxt/m1-matched-lut.7wqexi/repo/install/llvm/bin/clang -DONLINE_MERGE_COUNTER_PROFILE=0 -DONLINE_MERGE_IMPLEMENTATION_SELECT=4 -DONLINE_MERGE_STACK_LOG2=13 -DONLINE_MERGE_TRACE_PROXY=0 -I/home/wxt/m1-matched-lut.7wqexi/repo/sw/spatzBenchmarks/include -I/home/wxt/m1-matched-lut.7wqexi/repo/sw/snRuntime/include -I/home/wxt/m1-matched-lut.7wqexi/repo/sw/snRuntime/vendor -I/home/wxt/m1-matched-lut.7wqexi/repo/sw/snRuntime/../toolchain/riscv-opcodes -I/home/wxt/work-online-merge-supplement/run-archive/m1-matched-lut-7wqexi/artifacts/work-online-merge-m2-matched-lut-scale-06-r1/build/spatzBenchmarks/online_merge_generated/N2_D32_S1_main_R1 -I/home/wxt/m1-matched-lut.7wqexi/repo/sw/spatzBenchmarks/online-softmax-merge  --gcc-toolchain=/home/wxt/m1-matched-lut.7wqexi/repo/install/riscv-gcc --gcc-toolchain=/home/wxt/m1-matched-lut.7wqexi/repo/install/riscv-gcc -mcpu=snitch -mcmodel=small -ffast-math -fno-builtin-printf -fno-common -falign-loops=16 -ffunction-sections -Wextra -static -mllvm -misched-topdown -menable-experimental-extensions -mno-relax -march=rv32imafdvzfh_xdma_xfquarter -mabi=ilp32d -O3 -g -o CMakeFiles/test-spatzBenchmarks-online-softmax-merge-a1.dir/online-softmax-merge/main.c.o -c /home/wxt/m1-matched-lut.7wqexi/repo/sw/spatzBenchmarks/online-softmax-merge/main.c,A1_SMU_SCALAR,NA,memory,NA,NO,NA,NA,NO_EXPLICIT_TRANSFER_PHASE,MAIN_PERFORMANCE,pass,PASS,NA,1104,PASS,7225d41ad2d1c63376a9fb1ea4e56b3b24a3e97f,False,A1,0,82bd5df02e212d5062cf88a52f4b5c2f9f6c92170f2b7f2e2a46676594a1b22f,main,NA,A1,1670,1.4873360604039985e-05,32,2,26.09375,9.900331497192383e-05,100000000,9.900331497192383e-05,1.9536134512985452e-06,False,PASS,low_perturbation,12ace74dc09673e776d65e2ca51b678054a79f3e9ee7b393b0ee0622be55dadc,17792,0,0,0,32,2,1.0,YES,NA,26.09375,0,break_even_n2_d32/memory/A1_SMU_SCALAR/trial-1/simulator.log,0,YES,NA,NA,1.2030378454469542e-05,20260811T121310Z_7225d41a_m2-matched-lut-scale-06,16512,331,0,NA,1,33f066a87e3592e55aa4c78bcc583383243061423e6a790856d5b1be7f593fef,/home/wxt/work-online-merge-supplement/work-artifacts/work-online-merge-low-dasm-simulator-5c2aad2-r1/spatz_cluster.vlt,BREAK_EVEN,48,1,1339,NA,NA,PASS,NA,PASS,128,b4d4cc924ca129199c4c1bf2d621455fd2b0d95cc7b12a58d0ea821a717d2982,pass,506,131072,0,NA,NA,NA,2026-08-11T12:18:25+00:00,NA,NA,NA,NA,NA,NA,NA,NA,NA,NA,NA,NA,NA,NA,NA,1,NA,Verilator 5.034 2025-02-24 rev v5.034,4f53cda18c2baa0c0354bb5f9a3ecbe5ed12ab4d8e11ba873c2f11161202b945,2,2,26,1,18,0
/home/wxt/work-online-merge-supplement/run-archive/m1-matched-lut-7wqexi/artifacts/work-online-merge-m2-matched-lut-scale-06-r1,32,2,1280,NA,ac511b80ff5f6150957e0a7db3093b1556d126f5d4abac4a7bf12ff8b1f85d59,3,0.04411764705882353,1280,1104,main,break_even_n2_d32,main,120fa0c30199e54e6e9b5c60d8da40913eae8526640992cc5d4f130bef159775,68,/home/wxt/m1-matched-lut.7wqexi/repo/hw/system/spatz_cluster/cfg/spatz_cluster.default.dram.hjson,1622,YES,clang version 14.0.6 (git@github.com:pulp-platform/llvm-project.git b494f2d8dde88723026db8ec16ac6c7ee1e140ca) | Target: riscv32-unknown-unknown-elf | Thread model: posix,5f8a055ef3aa50663098d14263154c391466929d21b0829871b5326a10688f60,/home/wxt/m1-matched-lut.7wqexi/repo/install/llvm/bin/clang -DONLINE_MERGE_COUNTER_PROFILE=0 -DONLINE_MERGE_IMPLEMENTATION_SELECT=4 -DONLINE_MERGE_STACK_LOG2=13 -DONLINE_MERGE_TRACE_PROXY=0 -I/home/wxt/m1-matched-lut.7wqexi/repo/sw/spatzBenchmarks/include -I/home/wxt/m1-matched-lut.7wqexi/repo/sw/snRuntime/include -I/home/wxt/m1-matched-lut.7wqexi/repo/sw/snRuntime/vendor -I/home/wxt/m1-matched-lut.7wqexi/repo/sw/snRuntime/../toolchain/riscv-opcodes -I/home/wxt/work-online-merge-supplement/run-archive/m1-matched-lut-7wqexi/artifacts/work-online-merge-m2-matched-lut-scale-06-r1/build/spatzBenchmarks/online_merge_generated/N2_D32_S1_main_R1 -I/home/wxt/m1-matched-lut.7wqexi/repo/sw/spatzBenchmarks/online-softmax-merge  --gcc-toolchain=/home/wxt/m1-matched-lut.7wqexi/repo/install/riscv-gcc --gcc-toolchain=/home/wxt/m1-matched-lut.7wqexi/repo/install/riscv-gcc -mcpu=snitch -mcmodel=small -ffast-math -fno-builtin-printf -fno-common -falign-loops=16 -ffunction-sections -Wextra -static -mllvm -misched-topdown -menable-experimental-extensions -mno-relax -march=rv32imafdvzfh_xdma_xfquarter -mabi=ilp32d -O3 -g -o CMakeFiles/test-spatzBenchmarks-online-softmax-merge-a1.dir/online-softmax-merge/main.c.o -c /home/wxt/m1-matched-lut.7wqexi/repo/sw/spatzBenchmarks/online-softmax-merge/main.c,A1_SMU_SCALAR,NA,memory,NA,NO,NA,NA,NO_EXPLICIT_TRANSFER_PHASE,MAIN_PERFORMANCE,pass,PASS,NA,1104,PASS,7225d41ad2d1c63376a9fb1ea4e56b3b24a3e97f,False,A1,0,82bd5df02e212d5062cf88a52f4b5c2f9f6c92170f2b7f2e2a46676594a1b22f,main,NA,A1,1670,1.4873360604039985e-05,32,2,26.09375,9.900331497192383e-05,100000000,9.900331497192383e-05,1.9536134512985452e-06,False,PASS,low_perturbation,12ace74dc09673e776d65e2ca51b678054a79f3e9ee7b393b0ee0622be55dadc,17792,0,0,0,32,2,1.0,YES,NA,26.09375,0,break_even_n2_d32/memory/A1_SMU_SCALAR/trial-2/simulator.log,0,YES,NA,NA,1.2030378454469542e-05,20260811T121310Z_7225d41a_m2-matched-lut-scale-06,16512,331,0,NA,1,33f066a87e3592e55aa4c78bcc583383243061423e6a790856d5b1be7f593fef,/home/wxt/work-online-merge-supplement/work-artifacts/work-online-merge-low-dasm-simulator-5c2aad2-r1/spatz_cluster.vlt,BREAK_EVEN,48,1,1339,NA,NA,PASS,NA,PASS,128,b4d4cc924ca129199c4c1bf2d621455fd2b0d95cc7b12a58d0ea821a717d2982,pass,506,131072,0,NA,NA,NA,2026-08-11T12:19:27+00:00,NA,NA,NA,NA,NA,NA,NA,NA,NA,NA,NA,NA,NA,NA,NA,2,NA,Verilator 5.034 2025-02-24 rev v5.034,4f53cda18c2baa0c0354bb5f9a3ecbe5ed12ab4d8e11ba873c2f11161202b945,2,2,26,1,18,0
/home/wxt/work-online-merge-supplement/run-archive/m1-matched-lut-7wqexi/artifacts/work-online-merge-m2-matched-lut-scale-06-r1,32,2,1280,NA,958076c5f8c68770d70c090c985c604190a79fd3467c5ae94d9f86f0b4f416fc,3,0.04411764705882353,1280,1104,main,break_even_n2_d32,main,120fa0c30199e54e6e9b5c60d8da40913eae8526640992cc5d4f130bef159775,68,/home/wxt/m1-matched-lut.7wqexi/repo/hw/system/spatz_cluster/cfg/spatz_cluster.default.dram.hjson,1272,YES,clang version 14.0.6 (git@github.com:pulp-platform/llvm-project.git b494f2d8dde88723026db8ec16ac6c7ee1e140ca) | Target: riscv32-unknown-unknown-elf | Thread model: posix,5f8a055ef3aa50663098d14263154c391466929d21b0829871b5326a10688f60,/home/wxt/m1-matched-lut.7wqexi/repo/install/llvm/bin/clang -DONLINE_MERGE_COUNTER_PROFILE=0 -DONLINE_MERGE_IMPLEMENTATION_SELECT=3 -DONLINE_MERGE_STACK_LOG2=13 -DONLINE_MERGE_TRACE_PROXY=0 -I/home/wxt/m1-matched-lut.7wqexi/repo/sw/spatzBenchmarks/include -I/home/wxt/m1-matched-lut.7wqexi/repo/sw/snRuntime/include -I/home/wxt/m1-matched-lut.7wqexi/repo/sw/snRuntime/vendor -I/home/wxt/m1-matched-lut.7wqexi/repo/sw/snRuntime/../toolchain/riscv-opcodes -I/home/wxt/work-online-merge-supplement/run-archive/m1-matched-lut-7wqexi/artifacts/work-online-merge-m2-matched-lut-scale-06-r1/build/spatzBenchmarks/online_merge_generated/N2_D32_S1_main_R1 -I/home/wxt/m1-matched-lut.7wqexi/repo/sw/spatzBenchmarks/online-softmax-merge  --gcc-toolchain=/home/wxt/m1-matched-lut.7wqexi/repo/install/riscv-gcc --gcc-toolchain=/home/wxt/m1-matched-lut.7wqexi/repo/install/riscv-gcc -mcpu=snitch -mcmodel=small -ffast-math -fno-builtin-printf -fno-common -falign-loops=16 -ffunction-sections -Wextra -static -mllvm -misched-topdown -menable-experimental-extensions -mno-relax -march=rv32imafdvzfh_xdma_xfquarter -mabi=ilp32d -O3 -g -o CMakeFiles/test-spatzBenchmarks-online-softmax-merge-a2.dir/online-softmax-merge/main.c.o -c /home/wxt/m1-matched-lut.7wqexi/repo/sw/spatzBenchmarks/online-softmax-merge/main.c,A2_SMU_FULL,A2,memory,NA,NO,NA,NA,NO_EXPLICIT_TRANSFER_PHASE,MAIN_PERFORMANCE,pass,PASS,NA,1104,PASS,7225d41ad2d1c63376a9fb1ea4e56b3b24a3e97f,False,B3,0,82bd5df02e212d5062cf88a52f4b5c2f9f6c92170f2b7f2e2a46676594a1b22f,main,NA,B3,1826,1.4873074025348353e-05,32,2,28.53125,9.900331497192383e-05,100000000,9.900331497192383e-05,1.9678298164816464e-06,False,PASS,low_perturbation,08df5b983de09dd3917e477c0ac7b4c61e4795352398a6ee2e24d3d2e009d010,17792,0,0,0,32,2,1.0,YES,NA,28.53125,0,break_even_n2_d32/memory/A2_SMU_FULL/trial-0/simulator.log,0,YES,NA,NA,1.2030146654124676e-05,20260811T121310Z_7225d41a_m2-matched-lut-scale-06,16512,NA,1,NA,1,33f066a87e3592e55aa4c78bcc583383243061423e6a790856d5b1be7f593fef,/home/wxt/work-online-merge-supplement/work-artifacts/work-online-merge-low-dasm-simulator-5c2aad2-r1/spatz_cluster.vlt,BREAK_EVEN,554,1,NA,NA,NA,PASS,NA,PASS,128,bf6cf7385510f439d0f2a9cf2425ccb1c49f1e7382a8076a4b01232c913e12a6,pass,662,131072,1,NA,NA,NA,2026-08-11T12:20:30+00:00,NA,NA,NA,NA,NA,NA,NA,NA,NA,NA,NA,NA,NA,NA,NA,0,NA,Verilator 5.034 2025-02-24 rev v5.034,4f53cda18c2baa0c0354bb5f9a3ecbe5ed12ab4d8e11ba873c2f11161202b945,2,2,26,1,10,514
/home/wxt/work-online-merge-supplement/run-archive/m1-matched-lut-7wqexi/artifacts/work-online-merge-m2-matched-lut-scale-06-r1,32,2,1280,NA,958076c5f8c68770d70c090c985c604190a79fd3467c5ae94d9f86f0b4f416fc,3,0.04411764705882353,1280,1104,main,break_even_n2_d32,main,120fa0c30199e54e6e9b5c60d8da40913eae8526640992cc5d4f130bef159775,68,/home/wxt/m1-matched-lut.7wqexi/repo/hw/system/spatz_cluster/cfg/spatz_cluster.default.dram.hjson,1272,YES,clang version 14.0.6 (git@github.com:pulp-platform/llvm-project.git b494f2d8dde88723026db8ec16ac6c7ee1e140ca) | Target: riscv32-unknown-unknown-elf | Thread model: posix,5f8a055ef3aa50663098d14263154c391466929d21b0829871b5326a10688f60,/home/wxt/m1-matched-lut.7wqexi/repo/install/llvm/bin/clang -DONLINE_MERGE_COUNTER_PROFILE=0 -DONLINE_MERGE_IMPLEMENTATION_SELECT=3 -DONLINE_MERGE_STACK_LOG2=13 -DONLINE_MERGE_TRACE_PROXY=0 -I/home/wxt/m1-matched-lut.7wqexi/repo/sw/spatzBenchmarks/include -I/home/wxt/m1-matched-lut.7wqexi/repo/sw/snRuntime/include -I/home/wxt/m1-matched-lut.7wqexi/repo/sw/snRuntime/vendor -I/home/wxt/m1-matched-lut.7wqexi/repo/sw/snRuntime/../toolchain/riscv-opcodes -I/home/wxt/work-online-merge-supplement/run-archive/m1-matched-lut-7wqexi/artifacts/work-online-merge-m2-matched-lut-scale-06-r1/build/spatzBenchmarks/online_merge_generated/N2_D32_S1_main_R1 -I/home/wxt/m1-matched-lut.7wqexi/repo/sw/spatzBenchmarks/online-softmax-merge  --gcc-toolchain=/home/wxt/m1-matched-lut.7wqexi/repo/install/riscv-gcc --gcc-toolchain=/home/wxt/m1-matched-lut.7wqexi/repo/install/riscv-gcc -mcpu=snitch -mcmodel=small -ffast-math -fno-builtin-printf -fno-common -falign-loops=16 -ffunction-sections -Wextra -static -mllvm -misched-topdown -menable-experimental-extensions -mno-relax -march=rv32imafdvzfh_xdma_xfquarter -mabi=ilp32d -O3 -g -o CMakeFiles/test-spatzBenchmarks-online-softmax-merge-a2.dir/online-softmax-merge/main.c.o -c /home/wxt/m1-matched-lut.7wqexi/repo/sw/spatzBenchmarks/online-softmax-merge/main.c,A2_SMU_FULL,A2,memory,NA,NO,NA,NA,NO_EXPLICIT_TRANSFER_PHASE,MAIN_PERFORMANCE,pass,PASS,NA,1104,PASS,7225d41ad2d1c63376a9fb1ea4e56b3b24a3e97f,False,B3,0,82bd5df02e212d5062cf88a52f4b5c2f9f6c92170f2b7f2e2a46676594a1b22f,main,NA,B3,1826,1.4873074025348353e-05,32,2,28.53125,9.900331497192383e-05,100000000,9.900331497192383e-05,1.9678298164816464e-06,False,PASS,low_perturbation,08df5b983de09dd3917e477c0ac7b4c61e4795352398a6ee2e24d3d2e009d010,17792,0,0,0,32,2,1.0,YES,NA,28.53125,0,break_even_n2_d32/memory/A2_SMU_FULL/trial-1/simulator.log,0,YES,NA,NA,1.2030146654124676e-05,20260811T121310Z_7225d41a_m2-matched-lut-scale-06,16512,NA,1,NA,1,33f066a87e3592e55aa4c78bcc583383243061423e6a790856d5b1be7f593fef,/home/wxt/work-online-merge-supplement/work-artifacts/work-online-merge-low-dasm-simulator-5c2aad2-r1/spatz_cluster.vlt,BREAK_EVEN,554,1,NA,NA,NA,PASS,NA,PASS,128,bf6cf7385510f439d0f2a9cf2425ccb1c49f1e7382a8076a4b01232c913e12a6,pass,662,131072,1,NA,NA,NA,2026-08-11T12:21:33+00:00,NA,NA,NA,NA,NA,NA,NA,NA,NA,NA,NA,NA,NA,NA,NA,1,NA,Verilator 5.034 2025-02-24 rev v5.034,4f53cda18c2baa0c0354bb5f9a3ecbe5ed12ab4d8e11ba873c2f11161202b945,2,2,26,1,10,514
/home/wxt/work-online-merge-supplement/run-archive/m1-matched-lut-7wqexi/artifacts/work-online-merge-m2-matched-lut-scale-06-r1,32,2,1280,NA,958076c5f8c68770d70c090c985c604190a79fd3467c5ae94d9f86f0b4f416fc,3,0.04411764705882353,1280,1104,main,break_even_n2_d32,main,120fa0c30199e54e6e9b5c60d8da40913eae8526640992cc5d4f130bef159775,68,/home/wxt/m1-matched-lut.7wqexi/repo/hw/system/spatz_cluster/cfg/spatz_cluster.default.dram.hjson,1272,YES,clang version 14.0.6 (git@github.com:pulp-platform/llvm-project.git b494f2d8dde88723026db8ec16ac6c7ee1e140ca) | Target: riscv32-unknown-unknown-elf | Thread model: posix,5f8a055ef3aa50663098d14263154c391466929d21b0829871b5326a10688f60,/home/wxt/m1-matched-lut.7wqexi/repo/install/llvm/bin/clang -DONLINE_MERGE_COUNTER_PROFILE=0 -DONLINE_MERGE_IMPLEMENTATION_SELECT=3 -DONLINE_MERGE_STACK_LOG2=13 -DONLINE_MERGE_TRACE_PROXY=0 -I/home/wxt/m1-matched-lut.7wqexi/repo/sw/spatzBenchmarks/include -I/home/wxt/m1-matched-lut.7wqexi/repo/sw/snRuntime/include -I/home/wxt/m1-matched-lut.7wqexi/repo/sw/snRuntime/vendor -I/home/wxt/m1-matched-lut.7wqexi/repo/sw/snRuntime/../toolchain/riscv-opcodes -I/home/wxt/work-online-merge-supplement/run-archive/m1-matched-lut-7wqexi/artifacts/work-online-merge-m2-matched-lut-scale-06-r1/build/spatzBenchmarks/online_merge_generated/N2_D32_S1_main_R1 -I/home/wxt/m1-matched-lut.7wqexi/repo/sw/spatzBenchmarks/online-softmax-merge  --gcc-toolchain=/home/wxt/m1-matched-lut.7wqexi/repo/install/riscv-gcc --gcc-toolchain=/home/wxt/m1-matched-lut.7wqexi/repo/install/riscv-gcc -mcpu=snitch -mcmodel=small -ffast-math -fno-builtin-printf -fno-common -falign-loops=16 -ffunction-sections -Wextra -static -mllvm -misched-topdown -menable-experimental-extensions -mno-relax -march=rv32imafdvzfh_xdma_xfquarter -mabi=ilp32d -O3 -g -o CMakeFiles/test-spatzBenchmarks-online-softmax-merge-a2.dir/online-softmax-merge/main.c.o -c /home/wxt/m1-matched-lut.7wqexi/repo/sw/spatzBenchmarks/online-softmax-merge/main.c,A2_SMU_FULL,A2,memory,NA,NO,NA,NA,NO_EXPLICIT_TRANSFER_PHASE,MAIN_PERFORMANCE,pass,PASS,NA,1104,PASS,7225d41ad2d1c63376a9fb1ea4e56b3b24a3e97f,False,B3,0,82bd5df02e212d5062cf88a52f4b5c2f9f6c92170f2b7f2e2a46676594a1b22f,main,NA,B3,1826,1.4873074025348353e-05,32,2,28.53125,9.900331497192383e-05,100000000,9.900331497192383e-05,1.9678298164816464e-06,False,PASS,low_perturbation,08df5b983de09dd3917e477c0ac7b4c61e4795352398a6ee2e24d3d2e009d010,17792,0,0,0,32,2,1.0,YES,NA,28.53125,0,break_even_n2_d32/memory/A2_SMU_FULL/trial-2/simulator.log,0,YES,NA,NA,1.2030146654124676e-05,20260811T121310Z_7225d41a_m2-matched-lut-scale-06,16512,NA,1,NA,1,33f066a87e3592e55aa4c78bcc583383243061423e6a790856d5b1be7f593fef,/home/wxt/work-online-merge-supplement/work-artifacts/work-online-merge-low-dasm-simulator-5c2aad2-r1/spatz_cluster.vlt,BREAK_EVEN,554,1,NA,NA,NA,PASS,NA,PASS,128,bf6cf7385510f439d0f2a9cf2425ccb1c49f1e7382a8076a4b01232c913e12a6,pass,662,131072,1,NA,NA,NA,2026-08-11T12:22:37+00:00,NA,NA,NA,NA,NA,NA,NA,NA,NA,NA,NA,NA,NA,NA,NA,2,NA,Verilator 5.034 2025-02-24 rev v5.034,4f53cda18c2baa0c0354bb5f9a3ecbe5ed12ab4d8e11ba873c2f11161202b945,2,2,26,1,10,514
/home/wxt/work-online-merge-supplement/run-archive/m1-matched-lut-7wqexi/artifacts/work-online-merge-m2-matched-lut-scale-06-r1,1,4,256,NA,1420eef549ae3c13a1f472b482ac46a0d8b4256a74bbd034fb33a5cd27efa60a,6,0.5,256,224,main,break_even_n4_d1,main,120fa0c30199e54e6e9b5c60d8da40913eae8526640992cc5d4f130bef159775,12,/home/wxt/m1-matched-lut.7wqexi/repo/hw/system/spatz_cluster/cfg/spatz_cluster.default.dram.hjson,NA,YES,clang version 14.0.6 (git@github.com:pulp-platform/llvm-project.git b494f2d8dde88723026db8ec16ac6c7ee1e140ca) | Target: riscv32-unknown-unknown-elf | Thread model: posix,bd01838470161bac2a229156c7f4eaeed6584498cd5fddb65a05175b59ac74e1,/home/wxt/m1-matched-lut.7wqexi/repo/install/llvm/bin/clang -DONLINE_MERGE_COUNTER_PROFILE=0 -DONLINE_MERGE_IMPLEMENTATION_SELECT=2 -DONLINE_MERGE_STACK_LOG2=13 -DONLINE_MERGE_TRACE_PROXY=0 -I/home/wxt/m1-matched-lut.7wqexi/repo/sw/spatzBenchmarks/include -I/home/wxt/m1-matched-lut.7wqexi/repo/sw/snRuntime/include -I/home/wxt/m1-matched-lut.7wqexi/repo/sw/snRuntime/vendor -I/home/wxt/m1-matched-lut.7wqexi/repo/sw/snRuntime/../toolchain/riscv-opcodes -I/home/wxt/work-online-merge-supplement/run-archive/m1-matched-lut-7wqexi/artifacts/work-online-merge-m2-matched-lut-scale-06-r1/build/spatzBenchmarks/online_merge_generated/N4_D1_S1_main_R1 -I/home/wxt/m1-matched-lut.7wqexi/repo/sw/spatzBenchmarks/online-softmax-merge  --gcc-toolchain=/home/wxt/m1-matched-lut.7wqexi/repo/install/riscv-gcc -mcpu=snitch -mcmodel=small -ffast-math -fno-builtin-printf -fno-common -falign-loops=16 -ffunction-sections -Wextra -static -mllvm -misched-topdown -menable-experimental-extensions -mno-relax -march=rv32imafdvzfh_xdma_xfquarter -mabi=ilp32d -O3 -g -o CMakeFiles/test-spatzBenchmarks-online-softmax-merge-b2r.dir/online-softmax-merge/main.c.o -c /home/wxt/m1-matched-lut.7wqexi/repo/sw/spatzBenchmarks/online-softmax-merge/main.c,B2R_RVV,A0,memory,4202,YES,12,NA,NO_EXPLICIT_TRANSFER_PHASE,MAIN_PERFORMANCE,pass,PASS,NA,224,NA,7225d41ad2d1c63376a9fb1ea4e56b3b24a3e97f,False,B2-R,0,05bc6e4bb451a842c57c3e716bbd4d8237c14e39a43b742f582bef7f3f94d854,main,DASM_MARKER_ENVELOPE_WITNESS,B2-R,5946,1.5943950688438268e-06,1,4,1486.5,1.615285873413086e-05,100000000,1.615285873413086e-05,1.8154581387837727e-06,False,PASS,low_perturbation,384e76482d9bfeb40ea99f389d13da361216d606c551ccfa40695de23ea33d9d,16768,0,0,0,1,4,1.0,YES,NA,1486.5,0,break_even_n4_d1/memory/B2R_RVV/trial-0/simulator.log,0,YES,NA,NA,4.777726078684004e-06,20260811T121310Z_7225d41a_m2-matched-lut-scale-06,16512,NA,0,4190,1,33f066a87e3592e55aa4c78bcc583383243061423e6a790856d5b1be7f593fef,/home/wxt/work-online-merge-supplement/work-artifacts/work-online-merge-low-dasm-simulator-5c2aad2-r1/spatz_cluster.vlt,BREAK_EVEN,NA,0,NA,NA,NA,PASS,NA,PASS,4,cd6792c4e29bad9383649c9a54dda4b98145b852ba96251a036ae2d41ad8ea5b,pass,262,131072,0,NA,NA,NA,2026-08-11T12:25:03+00:00,break_even_n4_d1/memory/B2R_RVV/trace-witness/instruction_trace_audit.json,603,1860,1657,12,1868,INDEPENDENT_DASM_WITNESS,6,PASS,NA,PASS,361ff71bcc241b448e49ff6d212d06a13a986e2fad861b0aa0b67e40e7a21d68,/home/wxt/work-online-merge-supplement/work-artifacts/work-online-merge-traced-simulator-088a44d-r1/spatz_cluster.vlt,default,384e76482d9bfeb40ea99f389d13da361216d606c551ccfa40695de23ea33d9d,0,12,Verilator 5.034 2025-02-24 rev v5.034,4f53cda18c2baa0c0354bb5f9a3ecbe5ed12ab4d8e11ba873c2f11161202b945,,,,,,
/home/wxt/work-online-merge-supplement/run-archive/m1-matched-lut-7wqexi/artifacts/work-online-merge-m2-matched-lut-scale-06-r1,1,4,256,NA,1420eef549ae3c13a1f472b482ac46a0d8b4256a74bbd034fb33a5cd27efa60a,6,0.5,256,224,main,break_even_n4_d1,main,120fa0c30199e54e6e9b5c60d8da40913eae8526640992cc5d4f130bef159775,12,/home/wxt/m1-matched-lut.7wqexi/repo/hw/system/spatz_cluster/cfg/spatz_cluster.default.dram.hjson,NA,YES,clang version 14.0.6 (git@github.com:pulp-platform/llvm-project.git b494f2d8dde88723026db8ec16ac6c7ee1e140ca) | Target: riscv32-unknown-unknown-elf | Thread model: posix,bd01838470161bac2a229156c7f4eaeed6584498cd5fddb65a05175b59ac74e1,/home/wxt/m1-matched-lut.7wqexi/repo/install/llvm/bin/clang -DONLINE_MERGE_COUNTER_PROFILE=0 -DONLINE_MERGE_IMPLEMENTATION_SELECT=2 -DONLINE_MERGE_STACK_LOG2=13 -DONLINE_MERGE_TRACE_PROXY=0 -I/home/wxt/m1-matched-lut.7wqexi/repo/sw/spatzBenchmarks/include -I/home/wxt/m1-matched-lut.7wqexi/repo/sw/snRuntime/include -I/home/wxt/m1-matched-lut.7wqexi/repo/sw/snRuntime/vendor -I/home/wxt/m1-matched-lut.7wqexi/repo/sw/snRuntime/../toolchain/riscv-opcodes -I/home/wxt/work-online-merge-supplement/run-archive/m1-matched-lut-7wqexi/artifacts/work-online-merge-m2-matched-lut-scale-06-r1/build/spatzBenchmarks/online_merge_generated/N4_D1_S1_main_R1 -I/home/wxt/m1-matched-lut.7wqexi/repo/sw/spatzBenchmarks/online-softmax-merge  --gcc-toolchain=/home/wxt/m1-matched-lut.7wqexi/repo/install/riscv-gcc -mcpu=snitch -mcmodel=small -ffast-math -fno-builtin-printf -fno-common -falign-loops=16 -ffunction-sections -Wextra -static -mllvm -misched-topdown -menable-experimental-extensions -mno-relax -march=rv32imafdvzfh_xdma_xfquarter -mabi=ilp32d -O3 -g -o CMakeFiles/test-spatzBenchmarks-online-softmax-merge-b2r.dir/online-softmax-merge/main.c.o -c /home/wxt/m1-matched-lut.7wqexi/repo/sw/spatzBenchmarks/online-softmax-merge/main.c,B2R_RVV,A0,memory,4202,YES,12,NA,NO_EXPLICIT_TRANSFER_PHASE,MAIN_PERFORMANCE,pass,PASS,NA,224,NA,7225d41ad2d1c63376a9fb1ea4e56b3b24a3e97f,False,B2-R,0,05bc6e4bb451a842c57c3e716bbd4d8237c14e39a43b742f582bef7f3f94d854,main,DASM_MARKER_ENVELOPE_WITNESS,B2-R,5946,1.5943950688438268e-06,1,4,1486.5,1.615285873413086e-05,100000000,1.615285873413086e-05,1.8154581387837727e-06,False,PASS,low_perturbation,384e76482d9bfeb40ea99f389d13da361216d606c551ccfa40695de23ea33d9d,16768,0,0,0,1,4,1.0,YES,NA,1486.5,0,break_even_n4_d1/memory/B2R_RVV/trial-1/simulator.log,0,YES,NA,NA,4.777726078684004e-06,20260811T121310Z_7225d41a_m2-matched-lut-scale-06,16512,NA,0,4190,1,33f066a87e3592e55aa4c78bcc583383243061423e6a790856d5b1be7f593fef,/home/wxt/work-online-merge-supplement/work-artifacts/work-online-merge-low-dasm-simulator-5c2aad2-r1/spatz_cluster.vlt,BREAK_EVEN,NA,0,NA,NA,NA,PASS,NA,PASS,4,cd6792c4e29bad9383649c9a54dda4b98145b852ba96251a036ae2d41ad8ea5b,pass,262,131072,0,NA,NA,NA,2026-08-11T12:26:02+00:00,break_even_n4_d1/memory/B2R_RVV/trace-witness/instruction_trace_audit.json,603,1860,1657,12,1868,INDEPENDENT_DASM_WITNESS,6,PASS,NA,PASS,361ff71bcc241b448e49ff6d212d06a13a986e2fad861b0aa0b67e40e7a21d68,/home/wxt/work-online-merge-supplement/work-artifacts/work-online-merge-traced-simulator-088a44d-r1/spatz_cluster.vlt,default,384e76482d9bfeb40ea99f389d13da361216d606c551ccfa40695de23ea33d9d,1,12,Verilator 5.034 2025-02-24 rev v5.034,4f53cda18c2baa0c0354bb5f9a3ecbe5ed12ab4d8e11ba873c2f11161202b945,,,,,,
/home/wxt/work-online-merge-supplement/run-archive/m1-matched-lut-7wqexi/artifacts/work-online-merge-m2-matched-lut-scale-06-r1,1,4,256,NA,1420eef549ae3c13a1f472b482ac46a0d8b4256a74bbd034fb33a5cd27efa60a,6,0.5,256,224,main,break_even_n4_d1,main,120fa0c30199e54e6e9b5c60d8da40913eae8526640992cc5d4f130bef159775,12,/home/wxt/m1-matched-lut.7wqexi/repo/hw/system/spatz_cluster/cfg/spatz_cluster.default.dram.hjson,NA,YES,clang version 14.0.6 (git@github.com:pulp-platform/llvm-project.git b494f2d8dde88723026db8ec16ac6c7ee1e140ca) | Target: riscv32-unknown-unknown-elf | Thread model: posix,bd01838470161bac2a229156c7f4eaeed6584498cd5fddb65a05175b59ac74e1,/home/wxt/m1-matched-lut.7wqexi/repo/install/llvm/bin/clang -DONLINE_MERGE_COUNTER_PROFILE=0 -DONLINE_MERGE_IMPLEMENTATION_SELECT=2 -DONLINE_MERGE_STACK_LOG2=13 -DONLINE_MERGE_TRACE_PROXY=0 -I/home/wxt/m1-matched-lut.7wqexi/repo/sw/spatzBenchmarks/include -I/home/wxt/m1-matched-lut.7wqexi/repo/sw/snRuntime/include -I/home/wxt/m1-matched-lut.7wqexi/repo/sw/snRuntime/vendor -I/home/wxt/m1-matched-lut.7wqexi/repo/sw/snRuntime/../toolchain/riscv-opcodes -I/home/wxt/work-online-merge-supplement/run-archive/m1-matched-lut-7wqexi/artifacts/work-online-merge-m2-matched-lut-scale-06-r1/build/spatzBenchmarks/online_merge_generated/N4_D1_S1_main_R1 -I/home/wxt/m1-matched-lut.7wqexi/repo/sw/spatzBenchmarks/online-softmax-merge  --gcc-toolchain=/home/wxt/m1-matched-lut.7wqexi/repo/install/riscv-gcc -mcpu=snitch -mcmodel=small -ffast-math -fno-builtin-printf -fno-common -falign-loops=16 -ffunction-sections -Wextra -static -mllvm -misched-topdown -menable-experimental-extensions -mno-relax -march=rv32imafdvzfh_xdma_xfquarter -mabi=ilp32d -O3 -g -o CMakeFiles/test-spatzBenchmarks-online-softmax-merge-b2r.dir/online-softmax-merge/main.c.o -c /home/wxt/m1-matched-lut.7wqexi/repo/sw/spatzBenchmarks/online-softmax-merge/main.c,B2R_RVV,A0,memory,4202,YES,12,NA,NO_EXPLICIT_TRANSFER_PHASE,MAIN_PERFORMANCE,pass,PASS,NA,224,NA,7225d41ad2d1c63376a9fb1ea4e56b3b24a3e97f,False,B2-R,0,05bc6e4bb451a842c57c3e716bbd4d8237c14e39a43b742f582bef7f3f94d854,main,DASM_MARKER_ENVELOPE_WITNESS,B2-R,5946,1.5943950688438268e-06,1,4,1486.5,1.615285873413086e-05,100000000,1.615285873413086e-05,1.8154581387837727e-06,False,PASS,low_perturbation,384e76482d9bfeb40ea99f389d13da361216d606c551ccfa40695de23ea33d9d,16768,0,0,0,1,4,1.0,YES,NA,1486.5,0,break_even_n4_d1/memory/B2R_RVV/trial-2/simulator.log,0,YES,NA,NA,4.777726078684004e-06,20260811T121310Z_7225d41a_m2-matched-lut-scale-06,16512,NA,0,4190,1,33f066a87e3592e55aa4c78bcc583383243061423e6a790856d5b1be7f593fef,/home/wxt/work-online-merge-supplement/work-artifacts/work-online-merge-low-dasm-simulator-5c2aad2-r1/spatz_cluster.vlt,BREAK_EVEN,NA,0,NA,NA,NA,PASS,NA,PASS,4,cd6792c4e29bad9383649c9a54dda4b98145b852ba96251a036ae2d41ad8ea5b,pass,262,131072,0,NA,NA,NA,2026-08-11T12:27:02+00:00,break_even_n4_d1/memory/B2R_RVV/trace-witness/instruction_trace_audit.json,603,1860,1657,12,1868,INDEPENDENT_DASM_WITNESS,6,PASS,NA,PASS,361ff71bcc241b448e49ff6d212d06a13a986e2fad861b0aa0b67e40e7a21d68,/home/wxt/work-online-merge-supplement/work-artifacts/work-online-merge-traced-simulator-088a44d-r1/spatz_cluster.vlt,default,384e76482d9bfeb40ea99f389d13da361216d606c551ccfa40695de23ea33d9d,2,12,Verilator 5.034 2025-02-24 rev v5.034,4f53cda18c2baa0c0354bb5f9a3ecbe5ed12ab4d8e11ba873c2f11161202b945,,,,,,
/home/wxt/work-online-merge-supplement/run-archive/m1-matched-lut-7wqexi/artifacts/work-online-merge-m2-matched-lut-scale-06-r1,1,4,256,NA,bcb0feadad54da7e80b69b745e884c77eaf67abbe780d2efa19d909358e58886,6,0.5,256,224,main,break_even_n4_d1,main,120fa0c30199e54e6e9b5c60d8da40913eae8526640992cc5d4f130bef159775,12,/home/wxt/m1-matched-lut.7wqexi/repo/hw/system/spatz_cluster/cfg/spatz_cluster.default.dram.hjson,1762,YES,clang version 14.0.6 (git@github.com:pulp-platform/llvm-project.git b494f2d8dde88723026db8ec16ac6c7ee1e140ca) | Target: riscv32-unknown-unknown-elf | Thread model: posix,bd01838470161bac2a229156c7f4eaeed6584498cd5fddb65a05175b59ac74e1,/home/wxt/m1-matched-lut.7wqexi/repo/install/llvm/bin/clang -DONLINE_MERGE_COUNTER_PROFILE=0 -DONLINE_MERGE_IMPLEMENTATION_SELECT=4 -DONLINE_MERGE_STACK_LOG2=13 -DONLINE_MERGE_TRACE_PROXY=0 -I/home/wxt/m1-matched-lut.7wqexi/repo/sw/spatzBenchmarks/include -I/home/wxt/m1-matched-lut.7wqexi/repo/sw/snRuntime/include -I/home/wxt/m1-matched-lut.7wqexi/repo/sw/snRuntime/vendor -I/home/wxt/m1-matched-lut.7wqexi/repo/sw/snRuntime/../toolchain/riscv-opcodes -I/home/wxt/work-online-merge-supplement/run-archive/m1-matched-lut-7wqexi/artifacts/work-online-merge-m2-matched-lut-scale-06-r1/build/spatzBenchmarks/online_merge_generated/N4_D1_S1_main_R1 -I/home/wxt/m1-matched-lut.7wqexi/repo/sw/spatzBenchmarks/online-softmax-merge  --gcc-toolchain=/home/wxt/m1-matched-lut.7wqexi/repo/install/riscv-gcc -mcpu=snitch -mcmodel=small -ffast-math -fno-builtin-printf -fno-common -falign-loops=16 -ffunction-sections -Wextra -static -mllvm -misched-topdown -menable-experimental-extensions -mno-relax -march=rv32imafdvzfh_xdma_xfquarter -mabi=ilp32d -O3 -g -o CMakeFiles/test-spatzBenchmarks-online-softmax-merge-a1.dir/online-softmax-merge/main.c.o -c /home/wxt/m1-matched-lut.7wqexi/repo/sw/spatzBenchmarks/online-softmax-merge/main.c,A1_SMU_SCALAR,NA,memory,NA,NO,NA,NA,NO_EXPLICIT_TRANSFER_PHASE,MAIN_PERFORMANCE,pass,PASS,NA,224,PASS,7225d41ad2d1c63376a9fb1ea4e56b3b24a3e97f,False,A1,0,05bc6e4bb451a842c57c3e716bbd4d8237c14e39a43b742f582bef7f3f94d854,main,NA,A1,1858,1.5943950688438268e-06,1,4,464.5,1.615285873413086e-05,100000000,1.615285873413086e-05,1.8154581387837727e-06,False,PASS,low_perturbation,a6748408a72762eca78b09f26b2a507421b866aef4d7e82833873b6127bd2a84,16768,0,0,0,1,4,1.0,YES,NA,464.5,0,break_even_n4_d1/memory/A1_SMU_SCALAR/trial-0/simulator.log,0,YES,NA,NA,4.777726078684004e-06,20260811T121310Z_7225d41a_m2-matched-lut-scale-06,16512,458,1,NA,1,33f066a87e3592e55aa4c78bcc583383243061423e6a790856d5b1be7f593fef,/home/wxt/work-online-merge-supplement/work-artifacts/work-online-merge-low-dasm-simulator-5c2aad2-r1/spatz_cluster.vlt,BREAK_EVEN,96,1,1400,NA,NA,PASS,NA,PASS,4,554614c2026c7ef80d16aadd303ee71f31e0950e526e50efcecf85fdf0cf840d,pass,467,131072,0,NA,NA,NA,2026-08-11T12:28:08+00:00,NA,NA,NA,NA,NA,NA,NA,NA,NA,NA,NA,NA,NA,NA,NA,0,NA,Verilator 5.034 2025-02-24 rev v5.034,4f53cda18c2baa0c0354bb5f9a3ecbe5ed12ab4d8e11ba873c2f11161202b945,4,4,52,1,36,0
/home/wxt/work-online-merge-supplement/run-archive/m1-matched-lut-7wqexi/artifacts/work-online-merge-m2-matched-lut-scale-06-r1,1,4,256,NA,bcb0feadad54da7e80b69b745e884c77eaf67abbe780d2efa19d909358e58886,6,0.5,256,224,main,break_even_n4_d1,main,120fa0c30199e54e6e9b5c60d8da40913eae8526640992cc5d4f130bef159775,12,/home/wxt/m1-matched-lut.7wqexi/repo/hw/system/spatz_cluster/cfg/spatz_cluster.default.dram.hjson,1762,YES,clang version 14.0.6 (git@github.com:pulp-platform/llvm-project.git b494f2d8dde88723026db8ec16ac6c7ee1e140ca) | Target: riscv32-unknown-unknown-elf | Thread model: posix,bd01838470161bac2a229156c7f4eaeed6584498cd5fddb65a05175b59ac74e1,/home/wxt/m1-matched-lut.7wqexi/repo/install/llvm/bin/clang -DONLINE_MERGE_COUNTER_PROFILE=0 -DONLINE_MERGE_IMPLEMENTATION_SELECT=4 -DONLINE_MERGE_STACK_LOG2=13 -DONLINE_MERGE_TRACE_PROXY=0 -I/home/wxt/m1-matched-lut.7wqexi/repo/sw/spatzBenchmarks/include -I/home/wxt/m1-matched-lut.7wqexi/repo/sw/snRuntime/include -I/home/wxt/m1-matched-lut.7wqexi/repo/sw/snRuntime/vendor -I/home/wxt/m1-matched-lut.7wqexi/repo/sw/snRuntime/../toolchain/riscv-opcodes -I/home/wxt/work-online-merge-supplement/run-archive/m1-matched-lut-7wqexi/artifacts/work-online-merge-m2-matched-lut-scale-06-r1/build/spatzBenchmarks/online_merge_generated/N4_D1_S1_main_R1 -I/home/wxt/m1-matched-lut.7wqexi/repo/sw/spatzBenchmarks/online-softmax-merge  --gcc-toolchain=/home/wxt/m1-matched-lut.7wqexi/repo/install/riscv-gcc -mcpu=snitch -mcmodel=small -ffast-math -fno-builtin-printf -fno-common -falign-loops=16 -ffunction-sections -Wextra -static -mllvm -misched-topdown -menable-experimental-extensions -mno-relax -march=rv32imafdvzfh_xdma_xfquarter -mabi=ilp32d -O3 -g -o CMakeFiles/test-spatzBenchmarks-online-softmax-merge-a1.dir/online-softmax-merge/main.c.o -c /home/wxt/m1-matched-lut.7wqexi/repo/sw/spatzBenchmarks/online-softmax-merge/main.c,A1_SMU_SCALAR,NA,memory,NA,NO,NA,NA,NO_EXPLICIT_TRANSFER_PHASE,MAIN_PERFORMANCE,pass,PASS,NA,224,PASS,7225d41ad2d1c63376a9fb1ea4e56b3b24a3e97f,False,A1,0,05bc6e4bb451a842c57c3e716bbd4d8237c14e39a43b742f582bef7f3f94d854,main,NA,A1,1858,1.5943950688438268e-06,1,4,464.5,1.615285873413086e-05,100000000,1.615285873413086e-05,1.8154581387837727e-06,False,PASS,low_perturbation,a6748408a72762eca78b09f26b2a507421b866aef4d7e82833873b6127bd2a84,16768,0,0,0,1,4,1.0,YES,NA,464.5,0,break_even_n4_d1/memory/A1_SMU_SCALAR/trial-1/simulator.log,0,YES,NA,NA,4.777726078684004e-06,20260811T121310Z_7225d41a_m2-matched-lut-scale-06,16512,458,1,NA,1,33f066a87e3592e55aa4c78bcc583383243061423e6a790856d5b1be7f593fef,/home/wxt/work-online-merge-supplement/work-artifacts/work-online-merge-low-dasm-simulator-5c2aad2-r1/spatz_cluster.vlt,BREAK_EVEN,96,1,1400,NA,NA,PASS,NA,PASS,4,554614c2026c7ef80d16aadd303ee71f31e0950e526e50efcecf85fdf0cf840d,pass,467,131072,0,NA,NA,NA,2026-08-11T12:29:10+00:00,NA,NA,NA,NA,NA,NA,NA,NA,NA,NA,NA,NA,NA,NA,NA,1,NA,Verilator 5.034 2025-02-24 rev v5.034,4f53cda18c2baa0c0354bb5f9a3ecbe5ed12ab4d8e11ba873c2f11161202b945,4,4,52,1,36,0
/home/wxt/work-online-merge-supplement/run-archive/m1-matched-lut-7wqexi/artifacts/work-online-merge-m2-matched-lut-scale-06-r1,1,4,256,NA,bcb0feadad54da7e80b69b745e884c77eaf67abbe780d2efa19d909358e58886,6,0.5,256,224,main,break_even_n4_d1,main,120fa0c30199e54e6e9b5c60d8da40913eae8526640992cc5d4f130bef159775,12,/home/wxt/m1-matched-lut.7wqexi/repo/hw/system/spatz_cluster/cfg/spatz_cluster.default.dram.hjson,1762,YES,clang version 14.0.6 (git@github.com:pulp-platform/llvm-project.git b494f2d8dde88723026db8ec16ac6c7ee1e140ca) | Target: riscv32-unknown-unknown-elf | Thread model: posix,bd01838470161bac2a229156c7f4eaeed6584498cd5fddb65a05175b59ac74e1,/home/wxt/m1-matched-lut.7wqexi/repo/install/llvm/bin/clang -DONLINE_MERGE_COUNTER_PROFILE=0 -DONLINE_MERGE_IMPLEMENTATION_SELECT=4 -DONLINE_MERGE_STACK_LOG2=13 -DONLINE_MERGE_TRACE_PROXY=0 -I/home/wxt/m1-matched-lut.7wqexi/repo/sw/spatzBenchmarks/include -I/home/wxt/m1-matched-lut.7wqexi/repo/sw/snRuntime/include -I/home/wxt/m1-matched-lut.7wqexi/repo/sw/snRuntime/vendor -I/home/wxt/m1-matched-lut.7wqexi/repo/sw/snRuntime/../toolchain/riscv-opcodes -I/home/wxt/work-online-merge-supplement/run-archive/m1-matched-lut-7wqexi/artifacts/work-online-merge-m2-matched-lut-scale-06-r1/build/spatzBenchmarks/online_merge_generated/N4_D1_S1_main_R1 -I/home/wxt/m1-matched-lut.7wqexi/repo/sw/spatzBenchmarks/online-softmax-merge  --gcc-toolchain=/home/wxt/m1-matched-lut.7wqexi/repo/install/riscv-gcc -mcpu=snitch -mcmodel=small -ffast-math -fno-builtin-printf -fno-common -falign-loops=16 -ffunction-sections -Wextra -static -mllvm -misched-topdown -menable-experimental-extensions -mno-relax -march=rv32imafdvzfh_xdma_xfquarter -mabi=ilp32d -O3 -g -o CMakeFiles/test-spatzBenchmarks-online-softmax-merge-a1.dir/online-softmax-merge/main.c.o -c /home/wxt/m1-matched-lut.7wqexi/repo/sw/spatzBenchmarks/online-softmax-merge/main.c,A1_SMU_SCALAR,NA,memory,NA,NO,NA,NA,NO_EXPLICIT_TRANSFER_PHASE,MAIN_PERFORMANCE,pass,PASS,NA,224,PASS,7225d41ad2d1c63376a9fb1ea4e56b3b24a3e97f,False,A1,0,05bc6e4bb451a842c57c3e716bbd4d8237c14e39a43b742f582bef7f3f94d854,main,NA,A1,1858,1.5943950688438268e-06,1,4,464.5,1.615285873413086e-05,100000000,1.615285873413086e-05,1.8154581387837727e-06,False,PASS,low_perturbation,a6748408a72762eca78b09f26b2a507421b866aef4d7e82833873b6127bd2a84,16768,0,0,0,1,4,1.0,YES,NA,464.5,0,break_even_n4_d1/memory/A1_SMU_SCALAR/trial-2/simulator.log,0,YES,NA,NA,4.777726078684004e-06,20260811T121310Z_7225d41a_m2-matched-lut-scale-06,16512,458,1,NA,1,33f066a87e3592e55aa4c78bcc583383243061423e6a790856d5b1be7f593fef,/home/wxt/work-online-merge-supplement/work-artifacts/work-online-merge-low-dasm-simulator-5c2aad2-r1/spatz_cluster.vlt,BREAK_EVEN,96,1,1400,NA,NA,PASS,NA,PASS,4,554614c2026c7ef80d16aadd303ee71f31e0950e526e50efcecf85fdf0cf840d,pass,467,131072,0,NA,NA,NA,2026-08-11T12:30:13+00:00,NA,NA,NA,NA,NA,NA,NA,NA,NA,NA,NA,NA,NA,NA,NA,2,NA,Verilator 5.034 2025-02-24 rev v5.034,4f53cda18c2baa0c0354bb5f9a3ecbe5ed12ab4d8e11ba873c2f11161202b945,4,4,52,1,36,0
/home/wxt/work-online-merge-supplement/run-archive/m1-matched-lut-7wqexi/artifacts/work-online-merge-m2-matched-lut-scale-06-r1,1,4,256,NA,0098201004f4620fafc5d4e90bf1fda2937e19d416bdd277737f344d422cc1cc,6,0.5,256,224,main,break_even_n4_d1,main,120fa0c30199e54e6e9b5c60d8da40913eae8526640992cc5d4f130bef159775,12,/home/wxt/m1-matched-lut.7wqexi/repo/hw/system/spatz_cluster/cfg/spatz_cluster.default.dram.hjson,1264,YES,clang version 14.0.6 (git@github.com:pulp-platform/llvm-project.git b494f2d8dde88723026db8ec16ac6c7ee1e140ca) | Target: riscv32-unknown-unknown-elf | Thread model: posix,bd01838470161bac2a229156c7f4eaeed6584498cd5fddb65a05175b59ac74e1,/home/wxt/m1-matched-lut.7wqexi/repo/install/llvm/bin/clang -DONLINE_MERGE_COUNTER_PROFILE=0 -DONLINE_MERGE_IMPLEMENTATION_SELECT=3 -DONLINE_MERGE_STACK_LOG2=13 -DONLINE_MERGE_TRACE_PROXY=0 -I/home/wxt/m1-matched-lut.7wqexi/repo/sw/spatzBenchmarks/include -I/home/wxt/m1-matched-lut.7wqexi/repo/sw/snRuntime/include -I/home/wxt/m1-matched-lut.7wqexi/repo/sw/snRuntime/vendor -I/home/wxt/m1-matched-lut.7wqexi/repo/sw/snRuntime/../toolchain/riscv-opcodes -I/home/wxt/work-online-merge-supplement/run-archive/m1-matched-lut-7wqexi/artifacts/work-online-merge-m2-matched-lut-scale-06-r1/build/spatzBenchmarks/online_merge_generated/N4_D1_S1_main_R1 -I/home/wxt/m1-matched-lut.7wqexi/repo/sw/spatzBenchmarks/online-softmax-merge  --gcc-toolchain=/home/wxt/m1-matched-lut.7wqexi/repo/install/riscv-gcc -mcpu=snitch -mcmodel=small -ffast-math -fno-builtin-printf -fno-common -falign-loops=16 -ffunction-sections -Wextra -static -mllvm -misched-topdown -menable-experimental-extensions -mno-relax -march=rv32imafdvzfh_xdma_xfquarter -mabi=ilp32d -O3 -g -o CMakeFiles/test-spatzBenchmarks-online-softmax-merge-a2.dir/online-softmax-merge/main.c.o -c /home/wxt/m1-matched-lut.7wqexi/repo/sw/spatzBenchmarks/online-softmax-merge/main.c,A2_SMU_FULL,A2,memory,NA,NO,NA,NA,NO_EXPLICIT_TRANSFER_PHASE,MAIN_PERFORMANCE,pass,PASS,NA,224,PASS,7225d41ad2d1c63376a9fb1ea4e56b3b24a3e97f,False,B3,0,05bc6e4bb451a842c57c3e716bbd4d8237c14e39a43b742f582bef7f3f94d854,main,NA,B3,1380,1.5971972144218042e-06,1,4,345.0,1.6182661056518555e-05,100000000,1.6182661056518555e-05,1.817941665649414e-06,False,PASS,low_perturbation,ad97513ede7ed62b4705c6b8265a39f8652d3b0a5d6cdea9e6548f59459e8655,16768,0,0,0,1,4,1.0,YES,NA,345.0,0,break_even_n4_d1/memory/A2_SMU_FULL/trial-0/simulator.log,0,YES,NA,NA,4.786122921013602e-06,20260811T121310Z_7225d41a_m2-matched-lut-scale-06,16512,NA,1,NA,1,33f066a87e3592e55aa4c78bcc583383243061423e6a790856d5b1be7f593fef,/home/wxt/work-online-merge-supplement/work-artifacts/work-online-merge-low-dasm-simulator-5c2aad2-r1/spatz_cluster.vlt,BREAK_EVEN,116,1,NA,NA,NA,PASS,NA,PASS,4,a149d85368ae6bdd03af2b35dad8f4e24005b91286a2b8acf5bf3e8ab6b86811,pass,416,131072,0,NA,NA,NA,2026-08-11T12:31:16+00:00,NA,NA,NA,NA,NA,NA,NA,NA,NA,NA,NA,NA,NA,NA,NA,0,NA,Verilator 5.034 2025-02-24 rev v5.034,4f53cda18c2baa0c0354bb5f9a3ecbe5ed12ab4d8e11ba873c2f11161202b945,4,4,52,1,20,36
/home/wxt/work-online-merge-supplement/run-archive/m1-matched-lut-7wqexi/artifacts/work-online-merge-m2-matched-lut-scale-06-r1,1,4,256,NA,0098201004f4620fafc5d4e90bf1fda2937e19d416bdd277737f344d422cc1cc,6,0.5,256,224,main,break_even_n4_d1,main,120fa0c30199e54e6e9b5c60d8da40913eae8526640992cc5d4f130bef159775,12,/home/wxt/m1-matched-lut.7wqexi/repo/hw/system/spatz_cluster/cfg/spatz_cluster.default.dram.hjson,1264,YES,clang version 14.0.6 (git@github.com:pulp-platform/llvm-project.git b494f2d8dde88723026db8ec16ac6c7ee1e140ca) | Target: riscv32-unknown-unknown-elf | Thread model: posix,bd01838470161bac2a229156c7f4eaeed6584498cd5fddb65a05175b59ac74e1,/home/wxt/m1-matched-lut.7wqexi/repo/install/llvm/bin/clang -DONLINE_MERGE_COUNTER_PROFILE=0 -DONLINE_MERGE_IMPLEMENTATION_SELECT=3 -DONLINE_MERGE_STACK_LOG2=13 -DONLINE_MERGE_TRACE_PROXY=0 -I/home/wxt/m1-matched-lut.7wqexi/repo/sw/spatzBenchmarks/include -I/home/wxt/m1-matched-lut.7wqexi/repo/sw/snRuntime/include -I/home/wxt/m1-matched-lut.7wqexi/repo/sw/snRuntime/vendor -I/home/wxt/m1-matched-lut.7wqexi/repo/sw/snRuntime/../toolchain/riscv-opcodes -I/home/wxt/work-online-merge-supplement/run-archive/m1-matched-lut-7wqexi/artifacts/work-online-merge-m2-matched-lut-scale-06-r1/build/spatzBenchmarks/online_merge_generated/N4_D1_S1_main_R1 -I/home/wxt/m1-matched-lut.7wqexi/repo/sw/spatzBenchmarks/online-softmax-merge  --gcc-toolchain=/home/wxt/m1-matched-lut.7wqexi/repo/install/riscv-gcc -mcpu=snitch -mcmodel=small -ffast-math -fno-builtin-printf -fno-common -falign-loops=16 -ffunction-sections -Wextra -static -mllvm -misched-topdown -menable-experimental-extensions -mno-relax -march=rv32imafdvzfh_xdma_xfquarter -mabi=ilp32d -O3 -g -o CMakeFiles/test-spatzBenchmarks-online-softmax-merge-a2.dir/online-softmax-merge/main.c.o -c /home/wxt/m1-matched-lut.7wqexi/repo/sw/spatzBenchmarks/online-softmax-merge/main.c,A2_SMU_FULL,A2,memory,NA,NO,NA,NA,NO_EXPLICIT_TRANSFER_PHASE,MAIN_PERFORMANCE,pass,PASS,NA,224,PASS,7225d41ad2d1c63376a9fb1ea4e56b3b24a3e97f,False,B3,0,05bc6e4bb451a842c57c3e716bbd4d8237c14e39a43b742f582bef7f3f94d854,main,NA,B3,1380,1.5971972144218042e-06,1,4,345.0,1.6182661056518555e-05,100000000,1.6182661056518555e-05,1.817941665649414e-06,False,PASS,low_perturbation,ad97513ede7ed62b4705c6b8265a39f8652d3b0a5d6cdea9e6548f59459e8655,16768,0,0,0,1,4,1.0,YES,NA,345.0,0,break_even_n4_d1/memory/A2_SMU_FULL/trial-1/simulator.log,0,YES,NA,NA,4.786122921013602e-06,20260811T121310Z_7225d41a_m2-matched-lut-scale-06,16512,NA,1,NA,1,33f066a87e3592e55aa4c78bcc583383243061423e6a790856d5b1be7f593fef,/home/wxt/work-online-merge-supplement/work-artifacts/work-online-merge-low-dasm-simulator-5c2aad2-r1/spatz_cluster.vlt,BREAK_EVEN,116,1,NA,NA,NA,PASS,NA,PASS,4,a149d85368ae6bdd03af2b35dad8f4e24005b91286a2b8acf5bf3e8ab6b86811,pass,416,131072,0,NA,NA,NA,2026-08-11T12:32:15+00:00,NA,NA,NA,NA,NA,NA,NA,NA,NA,NA,NA,NA,NA,NA,NA,1,NA,Verilator 5.034 2025-02-24 rev v5.034,4f53cda18c2baa0c0354bb5f9a3ecbe5ed12ab4d8e11ba873c2f11161202b945,4,4,52,1,20,36
/home/wxt/work-online-merge-supplement/run-archive/m1-matched-lut-7wqexi/artifacts/work-online-merge-m2-matched-lut-scale-06-r1,1,4,256,NA,0098201004f4620fafc5d4e90bf1fda2937e19d416bdd277737f344d422cc1cc,6,0.5,256,224,main,break_even_n4_d1,main,120fa0c30199e54e6e9b5c60d8da40913eae8526640992cc5d4f130bef159775,12,/home/wxt/m1-matched-lut.7wqexi/repo/hw/system/spatz_cluster/cfg/spatz_cluster.default.dram.hjson,1264,YES,clang version 14.0.6 (git@github.com:pulp-platform/llvm-project.git b494f2d8dde88723026db8ec16ac6c7ee1e140ca) | Target: riscv32-unknown-unknown-elf | Thread model: posix,bd01838470161bac2a229156c7f4eaeed6584498cd5fddb65a05175b59ac74e1,/home/wxt/m1-matched-lut.7wqexi/repo/install/llvm/bin/clang -DONLINE_MERGE_COUNTER_PROFILE=0 -DONLINE_MERGE_IMPLEMENTATION_SELECT=3 -DONLINE_MERGE_STACK_LOG2=13 -DONLINE_MERGE_TRACE_PROXY=0 -I/home/wxt/m1-matched-lut.7wqexi/repo/sw/spatzBenchmarks/include -I/home/wxt/m1-matched-lut.7wqexi/repo/sw/snRuntime/include -I/home/wxt/m1-matched-lut.7wqexi/repo/sw/snRuntime/vendor -I/home/wxt/m1-matched-lut.7wqexi/repo/sw/snRuntime/../toolchain/riscv-opcodes -I/home/wxt/work-online-merge-supplement/run-archive/m1-matched-lut-7wqexi/artifacts/work-online-merge-m2-matched-lut-scale-06-r1/build/spatzBenchmarks/online_merge_generated/N4_D1_S1_main_R1 -I/home/wxt/m1-matched-lut.7wqexi/repo/sw/spatzBenchmarks/online-softmax-merge  --gcc-toolchain=/home/wxt/m1-matched-lut.7wqexi/repo/install/riscv-gcc -mcpu=snitch -mcmodel=small -ffast-math -fno-builtin-printf -fno-common -falign-loops=16 -ffunction-sections -Wextra -static -mllvm -misched-topdown -menable-experimental-extensions -mno-relax -march=rv32imafdvzfh_xdma_xfquarter -mabi=ilp32d -O3 -g -o CMakeFiles/test-spatzBenchmarks-online-softmax-merge-a2.dir/online-softmax-merge/main.c.o -c /home/wxt/m1-matched-lut.7wqexi/repo/sw/spatzBenchmarks/online-softmax-merge/main.c,A2_SMU_FULL,A2,memory,NA,NO,NA,NA,NO_EXPLICIT_TRANSFER_PHASE,MAIN_PERFORMANCE,pass,PASS,NA,224,PASS,7225d41ad2d1c63376a9fb1ea4e56b3b24a3e97f,False,B3,0,05bc6e4bb451a842c57c3e716bbd4d8237c14e39a43b742f582bef7f3f94d854,main,NA,B3,1380,1.5971972144218042e-06,1,4,345.0,1.6182661056518555e-05,100000000,1.6182661056518555e-05,1.817941665649414e-06,False,PASS,low_perturbation,ad97513ede7ed62b4705c6b8265a39f8652d3b0a5d6cdea9e6548f59459e8655,16768,0,0,0,1,4,1.0,YES,NA,345.0,0,break_even_n4_d1/memory/A2_SMU_FULL/trial-2/simulator.log,0,YES,NA,NA,4.786122921013602e-06,20260811T121310Z_7225d41a_m2-matched-lut-scale-06,16512,NA,1,NA,1,33f066a87e3592e55aa4c78bcc583383243061423e6a790856d5b1be7f593fef,/home/wxt/work-online-merge-supplement/work-artifacts/work-online-merge-low-dasm-simulator-5c2aad2-r1/spatz_cluster.vlt,BREAK_EVEN,116,1,NA,NA,NA,PASS,NA,PASS,4,a149d85368ae6bdd03af2b35dad8f4e24005b91286a2b8acf5bf3e8ab6b86811,pass,416,131072,0,NA,NA,NA,2026-08-11T12:33:20+00:00,NA,NA,NA,NA,NA,NA,NA,NA,NA,NA,NA,NA,NA,NA,NA,2,NA,Verilator 5.034 2025-02-24 rev v5.034,4f53cda18c2baa0c0354bb5f9a3ecbe5ed12ab4d8e11ba873c2f11161202b945,4,4,52,1,20,36
/home/wxt/work-online-merge-supplement/run-archive/m1-matched-lut-7wqexi/artifacts/work-online-merge-m2-matched-lut-scale-06-r1,8,4,768,NA,0146dff78400f669e8832f44be377f96cabe6a5ffbc9651f7647ca4447666c53,5,0.125,768,672,main,break_even_n4_d8,main,120fa0c30199e54e6e9b5c60d8da40913eae8526640992cc5d4f130bef159775,40,/home/wxt/m1-matched-lut.7wqexi/repo/hw/system/spatz_cluster/cfg/spatz_cluster.default.dram.hjson,NA,YES,clang version 14.0.6 (git@github.com:pulp-platform/llvm-project.git b494f2d8dde88723026db8ec16ac6c7ee1e140ca) | Target: riscv32-unknown-unknown-elf | Thread model: posix,c0a1a1a8be49a4a3495bf0565af7318cd95c95d19a26cb0ca1eb277fe58d8143,/home/wxt/m1-matched-lut.7wqexi/repo/install/llvm/bin/clang -DONLINE_MERGE_COUNTER_PROFILE=0 -DONLINE_MERGE_IMPLEMENTATION_SELECT=2 -DONLINE_MERGE_STACK_LOG2=13 -DONLINE_MERGE_TRACE_PROXY=0 -I/home/wxt/m1-matched-lut.7wqexi/repo/sw/spatzBenchmarks/include -I/home/wxt/m1-matched-lut.7wqexi/repo/sw/snRuntime/include -I/home/wxt/m1-matched-lut.7wqexi/repo/sw/snRuntime/vendor -I/home/wxt/m1-matched-lut.7wqexi/repo/sw/snRuntime/../toolchain/riscv-opcodes -I/home/wxt/work-online-merge-supplement/run-archive/m1-matched-lut-7wqexi/artifacts/work-online-merge-m2-matched-lut-scale-06-r1/build/spatzBenchmarks/online_merge_generated/N4_D8_S1_main_R1 -I/home/wxt/m1-matched-lut.7wqexi/repo/sw/spatzBenchmarks/online-softmax-merge  --gcc-toolchain=/home/wxt/m1-matched-lut.7wqexi/repo/install/riscv-gcc -mcpu=snitch -mcmodel=small -ffast-math -fno-builtin-printf -fno-common -falign-loops=16 -ffunction-sections -Wextra -static -mllvm -misched-topdown -menable-experimental-extensions -mno-relax -march=rv32imafdvzfh_xdma_xfquarter -mabi=ilp32d -O3 -g -o CMakeFiles/test-spatzBenchmarks-online-softmax-merge-b2r.dir/online-softmax-merge/main.c.o -c /home/wxt/m1-matched-lut.7wqexi/repo/sw/spatzBenchmarks/online-softmax-merge/main.c,B2R_RVV,A0,memory,4223,YES,24,NA,NO_EXPLICIT_TRANSFER_PHASE,MAIN_PERFORMANCE,pass,PASS,NA,672,NA,7225d41ad2d1c63376a9fb1ea4e56b3b24a3e97f,False,B2-R,0,d1629ee18906c2daad08e238472d95046f9be8d6c464d1491ac37aebf64820b3,main,DASM_MARKER_ENVELOPE_WITNESS,B2-R,6069,2.0319177520485612e-05,8,4,189.65625,0.00012874603271484375,100000000,6.362219538046308e-05,1.3264082372188569e-05,False,PASS,low_perturbation,a1962d8e9a042c0c423c52aa77e95179f2458de874e548f58660bbdfa91b0ec3,17280,0,0,0,8,4,1.0,YES,NA,189.65625,0,break_even_n4_d8/memory/B2R_RVV/trial-0/simulator.log,0,YES,NA,NA,2.7173021473488514e-05,20260811T121310Z_7225d41a_m2-matched-lut-scale-06,16512,NA,0,4199,1,33f066a87e3592e55aa4c78bcc583383243061423e6a790856d5b1be7f593fef,/home/wxt/work-online-merge-supplement/work-artifacts/work-online-merge-low-dasm-simulator-5c2aad2-r1/spatz_cluster.vlt,BREAK_EVEN,NA,0,NA,NA,NA,PASS,NA,PASS,32,68873ec65c06371f9b481bf1401ff1bb8b8ae75d5d1c2f486c036cc4dec831f8,pass,297,131072,0,NA,NA,NA,2026-08-11T12:36:36+00:00,break_even_n4_d8/memory/B2R_RVV/trace-witness/instruction_trace_audit.json,654,1875,1680,56,1827,INDEPENDENT_DASM_WITNESS,6,PASS,NA,PASS,361ff71bcc241b448e49ff6d212d06a13a986e2fad861b0aa0b67e40e7a21d68,/home/wxt/work-online-merge-supplement/work-artifacts/work-online-merge-traced-simulator-088a44d-r1/spatz_cluster.vlt,default,a1962d8e9a042c0c423c52aa77e95179f2458de874e548f58660bbdfa91b0ec3,0,24,Verilator 5.034 2025-02-24 rev v5.034,4f53cda18c2baa0c0354bb5f9a3ecbe5ed12ab4d8e11ba873c2f11161202b945,,,,,,
/home/wxt/work-online-merge-supplement/run-archive/m1-matched-lut-7wqexi/artifacts/work-online-merge-m2-matched-lut-scale-06-r1,8,4,768,NA,0146dff78400f669e8832f44be377f96cabe6a5ffbc9651f7647ca4447666c53,5,0.125,768,672,main,break_even_n4_d8,main,120fa0c30199e54e6e9b5c60d8da40913eae8526640992cc5d4f130bef159775,40,/home/wxt/m1-matched-lut.7wqexi/repo/hw/system/spatz_cluster/cfg/spatz_cluster.default.dram.hjson,NA,YES,clang version 14.0.6 (git@github.com:pulp-platform/llvm-project.git b494f2d8dde88723026db8ec16ac6c7ee1e140ca) | Target: riscv32-unknown-unknown-elf | Thread model: posix,c0a1a1a8be49a4a3495bf0565af7318cd95c95d19a26cb0ca1eb277fe58d8143,/home/wxt/m1-matched-lut.7wqexi/repo/install/llvm/bin/clang -DONLINE_MERGE_COUNTER_PROFILE=0 -DONLINE_MERGE_IMPLEMENTATION_SELECT=2 -DONLINE_MERGE_STACK_LOG2=13 -DONLINE_MERGE_TRACE_PROXY=0 -I/home/wxt/m1-matched-lut.7wqexi/repo/sw/spatzBenchmarks/include -I/home/wxt/m1-matched-lut.7wqexi/repo/sw/snRuntime/include -I/home/wxt/m1-matched-lut.7wqexi/repo/sw/snRuntime/vendor -I/home/wxt/m1-matched-lut.7wqexi/repo/sw/snRuntime/../toolchain/riscv-opcodes -I/home/wxt/work-online-merge-supplement/run-archive/m1-matched-lut-7wqexi/artifacts/work-online-merge-m2-matched-lut-scale-06-r1/build/spatzBenchmarks/online_merge_generated/N4_D8_S1_main_R1 -I/home/wxt/m1-matched-lut.7wqexi/repo/sw/spatzBenchmarks/online-softmax-merge  --gcc-toolchain=/home/wxt/m1-matched-lut.7wqexi/repo/install/riscv-gcc -mcpu=snitch -mcmodel=small -ffast-math -fno-builtin-printf -fno-common -falign-loops=16 -ffunction-sections -Wextra -static -mllvm -misched-topdown -menable-experimental-extensions -mno-relax -march=rv32imafdvzfh_xdma_xfquarter -mabi=ilp32d -O3 -g -o CMakeFiles/test-spatzBenchmarks-online-softmax-merge-b2r.dir/online-softmax-merge/main.c.o -c /home/wxt/m1-matched-lut.7wqexi/repo/sw/spatzBenchmarks/online-softmax-merge/main.c,B2R_RVV,A0,memory,4223,YES,24,NA,NO_EXPLICIT_TRANSFER_PHASE,MAIN_PERFORMANCE,pass,PASS,NA,672,NA,7225d41ad2d1c63376a9fb1ea4e56b3b24a3e97f,False,B2-R,0,d1629ee18906c2daad08e238472d95046f9be8d6c464d1491ac37aebf64820b3,main,DASM_MARKER_ENVELOPE_WITNESS,B2-R,6069,2.0319177520485612e-05,8,4,189.65625,0.00012874603271484375,100000000,6.362219538046308e-05,1.3264082372188569e-05,False,PASS,low_perturbation,a1962d8e9a042c0c423c52aa77e95179f2458de874e548f58660bbdfa91b0ec3,17280,0,0,0,8,4,1.0,YES,NA,189.65625,0,break_even_n4_d8/memory/B2R_RVV/trial-1/simulator.log,0,YES,NA,NA,2.7173021473488514e-05,20260811T121310Z_7225d41a_m2-matched-lut-scale-06,16512,NA,0,4199,1,33f066a87e3592e55aa4c78bcc583383243061423e6a790856d5b1be7f593fef,/home/wxt/work-online-merge-supplement/work-artifacts/work-online-merge-low-dasm-simulator-5c2aad2-r1/spatz_cluster.vlt,BREAK_EVEN,NA,0,NA,NA,NA,PASS,NA,PASS,32,68873ec65c06371f9b481bf1401ff1bb8b8ae75d5d1c2f486c036cc4dec831f8,pass,297,131072,0,NA,NA,NA,2026-08-11T12:37:44+00:00,break_even_n4_d8/memory/B2R_RVV/trace-witness/instruction_trace_audit.json,654,1875,1680,56,1827,INDEPENDENT_DASM_WITNESS,6,PASS,NA,PASS,361ff71bcc241b448e49ff6d212d06a13a986e2fad861b0aa0b67e40e7a21d68,/home/wxt/work-online-merge-supplement/work-artifacts/work-online-merge-traced-simulator-088a44d-r1/spatz_cluster.vlt,default,a1962d8e9a042c0c423c52aa77e95179f2458de874e548f58660bbdfa91b0ec3,1,24,Verilator 5.034 2025-02-24 rev v5.034,4f53cda18c2baa0c0354bb5f9a3ecbe5ed12ab4d8e11ba873c2f11161202b945,,,,,,
/home/wxt/work-online-merge-supplement/run-archive/m1-matched-lut-7wqexi/artifacts/work-online-merge-m2-matched-lut-scale-06-r1,8,4,768,NA,0146dff78400f669e8832f44be377f96cabe6a5ffbc9651f7647ca4447666c53,5,0.125,768,672,main,break_even_n4_d8,main,120fa0c30199e54e6e9b5c60d8da40913eae8526640992cc5d4f130bef159775,40,/home/wxt/m1-matched-lut.7wqexi/repo/hw/system/spatz_cluster/cfg/spatz_cluster.default.dram.hjson,NA,YES,clang version 14.0.6 (git@github.com:pulp-platform/llvm-project.git b494f2d8dde88723026db8ec16ac6c7ee1e140ca) | Target: riscv32-unknown-unknown-elf | Thread model: posix,c0a1a1a8be49a4a3495bf0565af7318cd95c95d19a26cb0ca1eb277fe58d8143,/home/wxt/m1-matched-lut.7wqexi/repo/install/llvm/bin/clang -DONLINE_MERGE_COUNTER_PROFILE=0 -DONLINE_MERGE_IMPLEMENTATION_SELECT=2 -DONLINE_MERGE_STACK_LOG2=13 -DONLINE_MERGE_TRACE_PROXY=0 -I/home/wxt/m1-matched-lut.7wqexi/repo/sw/spatzBenchmarks/include -I/home/wxt/m1-matched-lut.7wqexi/repo/sw/snRuntime/include -I/home/wxt/m1-matched-lut.7wqexi/repo/sw/snRuntime/vendor -I/home/wxt/m1-matched-lut.7wqexi/repo/sw/snRuntime/../toolchain/riscv-opcodes -I/home/wxt/work-online-merge-supplement/run-archive/m1-matched-lut-7wqexi/artifacts/work-online-merge-m2-matched-lut-scale-06-r1/build/spatzBenchmarks/online_merge_generated/N4_D8_S1_main_R1 -I/home/wxt/m1-matched-lut.7wqexi/repo/sw/spatzBenchmarks/online-softmax-merge  --gcc-toolchain=/home/wxt/m1-matched-lut.7wqexi/repo/install/riscv-gcc -mcpu=snitch -mcmodel=small -ffast-math -fno-builtin-printf -fno-common -falign-loops=16 -ffunction-sections -Wextra -static -mllvm -misched-topdown -menable-experimental-extensions -mno-relax -march=rv32imafdvzfh_xdma_xfquarter -mabi=ilp32d -O3 -g -o CMakeFiles/test-spatzBenchmarks-online-softmax-merge-b2r.dir/online-softmax-merge/main.c.o -c /home/wxt/m1-matched-lut.7wqexi/repo/sw/spatzBenchmarks/online-softmax-merge/main.c,B2R_RVV,A0,memory,4223,YES,24,NA,NO_EXPLICIT_TRANSFER_PHASE,MAIN_PERFORMANCE,pass,PASS,NA,672,NA,7225d41ad2d1c63376a9fb1ea4e56b3b24a3e97f,False,B2-R,0,d1629ee18906c2daad08e238472d95046f9be8d6c464d1491ac37aebf64820b3,main,DASM_MARKER_ENVELOPE_WITNESS,B2-R,6069,2.0319177520485612e-05,8,4,189.65625,0.00012874603271484375,100000000,6.362219538046308e-05,1.3264082372188569e-05,False,PASS,low_perturbation,a1962d8e9a042c0c423c52aa77e95179f2458de874e548f58660bbdfa91b0ec3,17280,0,0,0,8,4,1.0,YES,NA,189.65625,0,break_even_n4_d8/memory/B2R_RVV/trial-2/simulator.log,0,YES,NA,NA,2.7173021473488514e-05,20260811T121310Z_7225d41a_m2-matched-lut-scale-06,16512,NA,0,4199,1,33f066a87e3592e55aa4c78bcc583383243061423e6a790856d5b1be7f593fef,/home/wxt/work-online-merge-supplement/work-artifacts/work-online-merge-low-dasm-simulator-5c2aad2-r1/spatz_cluster.vlt,BREAK_EVEN,NA,0,NA,NA,NA,PASS,NA,PASS,32,68873ec65c06371f9b481bf1401ff1bb8b8ae75d5d1c2f486c036cc4dec831f8,pass,297,131072,0,NA,NA,NA,2026-08-11T12:38:58+00:00,break_even_n4_d8/memory/B2R_RVV/trace-witness/instruction_trace_audit.json,654,1875,1680,56,1827,INDEPENDENT_DASM_WITNESS,6,PASS,NA,PASS,361ff71bcc241b448e49ff6d212d06a13a986e2fad861b0aa0b67e40e7a21d68,/home/wxt/work-online-merge-supplement/work-artifacts/work-online-merge-traced-simulator-088a44d-r1/spatz_cluster.vlt,default,a1962d8e9a042c0c423c52aa77e95179f2458de874e548f58660bbdfa91b0ec3,2,24,Verilator 5.034 2025-02-24 rev v5.034,4f53cda18c2baa0c0354bb5f9a3ecbe5ed12ab4d8e11ba873c2f11161202b945,,,,,,
/home/wxt/work-online-merge-supplement/run-archive/m1-matched-lut-7wqexi/artifacts/work-online-merge-m2-matched-lut-scale-06-r1,8,4,768,NA,3d4881fe427f961af0fa4be2d5331aa014313a4dc4e2999360501925c299151a,5,0.125,768,672,main,break_even_n4_d8,main,120fa0c30199e54e6e9b5c60d8da40913eae8526640992cc5d4f130bef159775,40,/home/wxt/m1-matched-lut.7wqexi/repo/hw/system/spatz_cluster/cfg/spatz_cluster.default.dram.hjson,1693,YES,clang version 14.0.6 (git@github.com:pulp-platform/llvm-project.git b494f2d8dde88723026db8ec16ac6c7ee1e140ca) | Target: riscv32-unknown-unknown-elf | Thread model: posix,c0a1a1a8be49a4a3495bf0565af7318cd95c95d19a26cb0ca1eb277fe58d8143,/home/wxt/m1-matched-lut.7wqexi/repo/install/llvm/bin/clang -DONLINE_MERGE_COUNTER_PROFILE=0 -DONLINE_MERGE_IMPLEMENTATION_SELECT=4 -DONLINE_MERGE_STACK_LOG2=13 -DONLINE_MERGE_TRACE_PROXY=0 -I/home/wxt/m1-matched-lut.7wqexi/repo/sw/spatzBenchmarks/include -I/home/wxt/m1-matched-lut.7wqexi/repo/sw/snRuntime/include -I/home/wxt/m1-matched-lut.7wqexi/repo/sw/snRuntime/vendor -I/home/wxt/m1-matched-lut.7wqexi/repo/sw/snRuntime/../toolchain/riscv-opcodes -I/home/wxt/work-online-merge-supplement/run-archive/m1-matched-lut-7wqexi/artifacts/work-online-merge-m2-matched-lut-scale-06-r1/build/spatzBenchmarks/online_merge_generated/N4_D8_S1_main_R1 -I/home/wxt/m1-matched-lut.7wqexi/repo/sw/spatzBenchmarks/online-softmax-merge  --gcc-toolchain=/home/wxt/m1-matched-lut.7wqexi/repo/install/riscv-gcc -mcpu=snitch -mcmodel=small -ffast-math -fno-builtin-printf -fno-common -falign-loops=16 -ffunction-sections -Wextra -static -mllvm -misched-topdown -menable-experimental-extensions -mno-relax -march=rv32imafdvzfh_xdma_xfquarter -mabi=ilp32d -O3 -g -o CMakeFiles/test-spatzBenchmarks-online-softmax-merge-a1.dir/online-softmax-merge/main.c.o -c /home/wxt/m1-matched-lut.7wqexi/repo/sw/spatzBenchmarks/online-softmax-merge/main.c,A1_SMU_SCALAR,NA,memory,NA,NO,NA,NA,NO_EXPLICIT_TRANSFER_PHASE,MAIN_PERFORMANCE,pass,PASS,NA,672,PASS,7225d41ad2d1c63376a9fb1ea4e56b3b24a3e97f,False,A1,0,d1629ee18906c2daad08e238472d95046f9be8d6c464d1491ac37aebf64820b3,main,NA,A1,1789,2.0319177520485612e-05,8,4,55.90625,0.00012874603271484375,100000000,6.362219538046308e-05,1.3264082372188569e-05,False,PASS,low_perturbation,61afaea042906b829616bbccff27930c8280526eafb3478d07522a5ceead365d,17280,0,0,0,8,4,1.0,YES,NA,55.90625,0,break_even_n4_d8/memory/A1_SMU_SCALAR/trial-0/simulator.log,0,YES,NA,NA,2.7173021473488514e-05,20260811T121310Z_7225d41a_m2-matched-lut-scale-06,16512,376,1,NA,1,33f066a87e3592e55aa4c78bcc583383243061423e6a790856d5b1be7f593fef,/home/wxt/work-online-merge-supplement/work-artifacts/work-online-merge-low-dasm-simulator-5c2aad2-r1/spatz_cluster.vlt,BREAK_EVEN,96,1,1413,NA,NA,PASS,NA,PASS,32,94a2fac5913311a4c374582aae6793af0ce85fc7b1d1e1c35d38355d15d9691b,pass,503,131072,0,NA,NA,NA,2026-08-11T12:40:22+00:00,NA,NA,NA,NA,NA,NA,NA,NA,NA,NA,NA,NA,NA,NA,NA,0,NA,Verilator 5.034 2025-02-24 rev v5.034,4f53cda18c2baa0c0354bb5f9a3ecbe5ed12ab4d8e11ba873c2f11161202b945,4,4,52,1,36,0
/home/wxt/work-online-merge-supplement/run-archive/m1-matched-lut-7wqexi/artifacts/work-online-merge-m2-matched-lut-scale-06-r1,8,4,768,NA,3d4881fe427f961af0fa4be2d5331aa014313a4dc4e2999360501925c299151a,5,0.125,768,672,main,break_even_n4_d8,main,120fa0c30199e54e6e9b5c60d8da40913eae8526640992cc5d4f130bef159775,40,/home/wxt/m1-matched-lut.7wqexi/repo/hw/system/spatz_cluster/cfg/spatz_cluster.default.dram.hjson,1693,YES,clang version 14.0.6 (git@github.com:pulp-platform/llvm-project.git b494f2d8dde88723026db8ec16ac6c7ee1e140ca) | Target: riscv32-unknown-unknown-elf | Thread model: posix,c0a1a1a8be49a4a3495bf0565af7318cd95c95d19a26cb0ca1eb277fe58d8143,/home/wxt/m1-matched-lut.7wqexi/repo/install/llvm/bin/clang -DONLINE_MERGE_COUNTER_PROFILE=0 -DONLINE_MERGE_IMPLEMENTATION_SELECT=4 -DONLINE_MERGE_STACK_LOG2=13 -DONLINE_MERGE_TRACE_PROXY=0 -I/home/wxt/m1-matched-lut.7wqexi/repo/sw/spatzBenchmarks/include -I/home/wxt/m1-matched-lut.7wqexi/repo/sw/snRuntime/include -I/home/wxt/m1-matched-lut.7wqexi/repo/sw/snRuntime/vendor -I/home/wxt/m1-matched-lut.7wqexi/repo/sw/snRuntime/../toolchain/riscv-opcodes -I/home/wxt/work-online-merge-supplement/run-archive/m1-matched-lut-7wqexi/artifacts/work-online-merge-m2-matched-lut-scale-06-r1/build/spatzBenchmarks/online_merge_generated/N4_D8_S1_main_R1 -I/home/wxt/m1-matched-lut.7wqexi/repo/sw/spatzBenchmarks/online-softmax-merge  --gcc-toolchain=/home/wxt/m1-matched-lut.7wqexi/repo/install/riscv-gcc -mcpu=snitch -mcmodel=small -ffast-math -fno-builtin-printf -fno-common -falign-loops=16 -ffunction-sections -Wextra -static -mllvm -misched-topdown -menable-experimental-extensions -mno-relax -march=rv32imafdvzfh_xdma_xfquarter -mabi=ilp32d -O3 -g -o CMakeFiles/test-spatzBenchmarks-online-softmax-merge-a1.dir/online-softmax-merge/main.c.o -c /home/wxt/m1-matched-lut.7wqexi/repo/sw/spatzBenchmarks/online-softmax-merge/main.c,A1_SMU_SCALAR,NA,memory,NA,NO,NA,NA,NO_EXPLICIT_TRANSFER_PHASE,MAIN_PERFORMANCE,pass,PASS,NA,672,PASS,7225d41ad2d1c63376a9fb1ea4e56b3b24a3e97f,False,A1,0,d1629ee18906c2daad08e238472d95046f9be8d6c464d1491ac37aebf64820b3,main,NA,A1,1789,2.0319177520485612e-05,8,4,55.90625,0.00012874603271484375,100000000,6.362219538046308e-05,1.3264082372188569e-05,False,PASS,low_perturbation,61afaea042906b829616bbccff27930c8280526eafb3478d07522a5ceead365d,17280,0,0,0,8,4,1.0,YES,NA,55.90625,0,break_even_n4_d8/memory/A1_SMU_SCALAR/trial-1/simulator.log,0,YES,NA,NA,2.7173021473488514e-05,20260811T121310Z_7225d41a_m2-matched-lut-scale-06,16512,376,1,NA,1,33f066a87e3592e55aa4c78bcc583383243061423e6a790856d5b1be7f593fef,/home/wxt/work-online-merge-supplement/work-artifacts/work-online-merge-low-dasm-simulator-5c2aad2-r1/spatz_cluster.vlt,BREAK_EVEN,96,1,1413,NA,NA,PASS,NA,PASS,32,94a2fac5913311a4c374582aae6793af0ce85fc7b1d1e1c35d38355d15d9691b,pass,503,131072,0,NA,NA,NA,2026-08-11T12:41:34+00:00,NA,NA,NA,NA,NA,NA,NA,NA,NA,NA,NA,NA,NA,NA,NA,1,NA,Verilator 5.034 2025-02-24 rev v5.034,4f53cda18c2baa0c0354bb5f9a3ecbe5ed12ab4d8e11ba873c2f11161202b945,4,4,52,1,36,0
/home/wxt/work-online-merge-supplement/run-archive/m1-matched-lut-7wqexi/artifacts/work-online-merge-m2-matched-lut-scale-06-r1,8,4,768,NA,3d4881fe427f961af0fa4be2d5331aa014313a4dc4e2999360501925c299151a,5,0.125,768,672,main,break_even_n4_d8,main,120fa0c30199e54e6e9b5c60d8da40913eae8526640992cc5d4f130bef159775,40,/home/wxt/m1-matched-lut.7wqexi/repo/hw/system/spatz_cluster/cfg/spatz_cluster.default.dram.hjson,1693,YES,clang version 14.0.6 (git@github.com:pulp-platform/llvm-project.git b494f2d8dde88723026db8ec16ac6c7ee1e140ca) | Target: riscv32-unknown-unknown-elf | Thread model: posix,c0a1a1a8be49a4a3495bf0565af7318cd95c95d19a26cb0ca1eb277fe58d8143,/home/wxt/m1-matched-lut.7wqexi/repo/install/llvm/bin/clang -DONLINE_MERGE_COUNTER_PROFILE=0 -DONLINE_MERGE_IMPLEMENTATION_SELECT=4 -DONLINE_MERGE_STACK_LOG2=13 -DONLINE_MERGE_TRACE_PROXY=0 -I/home/wxt/m1-matched-lut.7wqexi/repo/sw/spatzBenchmarks/include -I/home/wxt/m1-matched-lut.7wqexi/repo/sw/snRuntime/include -I/home/wxt/m1-matched-lut.7wqexi/repo/sw/snRuntime/vendor -I/home/wxt/m1-matched-lut.7wqexi/repo/sw/snRuntime/../toolchain/riscv-opcodes -I/home/wxt/work-online-merge-supplement/run-archive/m1-matched-lut-7wqexi/artifacts/work-online-merge-m2-matched-lut-scale-06-r1/build/spatzBenchmarks/online_merge_generated/N4_D8_S1_main_R1 -I/home/wxt/m1-matched-lut.7wqexi/repo/sw/spatzBenchmarks/online-softmax-merge  --gcc-toolchain=/home/wxt/m1-matched-lut.7wqexi/repo/install/riscv-gcc -mcpu=snitch -mcmodel=small -ffast-math -fno-builtin-printf -fno-common -falign-loops=16 -ffunction-sections -Wextra -static -mllvm -misched-topdown -menable-experimental-extensions -mno-relax -march=rv32imafdvzfh_xdma_xfquarter -mabi=ilp32d -O3 -g -o CMakeFiles/test-spatzBenchmarks-online-softmax-merge-a1.dir/online-softmax-merge/main.c.o -c /home/wxt/m1-matched-lut.7wqexi/repo/sw/spatzBenchmarks/online-softmax-merge/main.c,A1_SMU_SCALAR,NA,memory,NA,NO,NA,NA,NO_EXPLICIT_TRANSFER_PHASE,MAIN_PERFORMANCE,pass,PASS,NA,672,PASS,7225d41ad2d1c63376a9fb1ea4e56b3b24a3e97f,False,A1,0,d1629ee18906c2daad08e238472d95046f9be8d6c464d1491ac37aebf64820b3,main,NA,A1,1789,2.0319177520485612e-05,8,4,55.90625,0.00012874603271484375,100000000,6.362219538046308e-05,1.3264082372188569e-05,False,PASS,low_perturbation,61afaea042906b829616bbccff27930c8280526eafb3478d07522a5ceead365d,17280,0,0,0,8,4,1.0,YES,NA,55.90625,0,break_even_n4_d8/memory/A1_SMU_SCALAR/trial-2/simulator.log,0,YES,NA,NA,2.7173021473488514e-05,20260811T121310Z_7225d41a_m2-matched-lut-scale-06,16512,376,1,NA,1,33f066a87e3592e55aa4c78bcc583383243061423e6a790856d5b1be7f593fef,/home/wxt/work-online-merge-supplement/work-artifacts/work-online-merge-low-dasm-simulator-5c2aad2-r1/spatz_cluster.vlt,BREAK_EVEN,96,1,1413,NA,NA,PASS,NA,PASS,32,94a2fac5913311a4c374582aae6793af0ce85fc7b1d1e1c35d38355d15d9691b,pass,503,131072,0,NA,NA,NA,2026-08-11T12:42:51+00:00,NA,NA,NA,NA,NA,NA,NA,NA,NA,NA,NA,NA,NA,NA,NA,2,NA,Verilator 5.034 2025-02-24 rev v5.034,4f53cda18c2baa0c0354bb5f9a3ecbe5ed12ab4d8e11ba873c2f11161202b945,4,4,52,1,36,0
/home/wxt/work-online-merge-supplement/run-archive/m1-matched-lut-7wqexi/artifacts/work-online-merge-m2-matched-lut-scale-06-r1,8,4,768,NA,ec3bcd8f2374492d01d3b82120f2e017ae61b011c2d9e4cf137e30ed58fb9082,5,0.125,768,672,main,break_even_n4_d8,main,120fa0c30199e54e6e9b5c60d8da40913eae8526640992cc5d4f130bef159775,40,/home/wxt/m1-matched-lut.7wqexi/repo/hw/system/spatz_cluster/cfg/spatz_cluster.default.dram.hjson,1313,YES,clang version 14.0.6 (git@github.com:pulp-platform/llvm-project.git b494f2d8dde88723026db8ec16ac6c7ee1e140ca) | Target: riscv32-unknown-unknown-elf | Thread model: posix,c0a1a1a8be49a4a3495bf0565af7318cd95c95d19a26cb0ca1eb277fe58d8143,/home/wxt/m1-matched-lut.7wqexi/repo/install/llvm/bin/clang -DONLINE_MERGE_COUNTER_PROFILE=0 -DONLINE_MERGE_IMPLEMENTATION_SELECT=3 -DONLINE_MERGE_STACK_LOG2=13 -DONLINE_MERGE_TRACE_PROXY=0 -I/home/wxt/m1-matched-lut.7wqexi/repo/sw/spatzBenchmarks/include -I/home/wxt/m1-matched-lut.7wqexi/repo/sw/snRuntime/include -I/home/wxt/m1-matched-lut.7wqexi/repo/sw/snRuntime/vendor -I/home/wxt/m1-matched-lut.7wqexi/repo/sw/snRuntime/../toolchain/riscv-opcodes -I/home/wxt/work-online-merge-supplement/run-archive/m1-matched-lut-7wqexi/artifacts/work-online-merge-m2-matched-lut-scale-06-r1/build/spatzBenchmarks/online_merge_generated/N4_D8_S1_main_R1 -I/home/wxt/m1-matched-lut.7wqexi/repo/sw/spatzBenchmarks/online-softmax-merge  --gcc-toolchain=/home/wxt/m1-matched-lut.7wqexi/repo/install/riscv-gcc -mcpu=snitch -mcmodel=small -ffast-math -fno-builtin-printf -fno-common -falign-loops=16 -ffunction-sections -Wextra -static -mllvm -misched-topdown -menable-experimental-extensions -mno-relax -march=rv32imafdvzfh_xdma_xfquarter -mabi=ilp32d -O3 -g -o CMakeFiles/test-spatzBenchmarks-online-softmax-merge-a2.dir/online-softmax-merge/main.c.o -c /home/wxt/m1-matched-lut.7wqexi/repo/sw/spatzBenchmarks/online-softmax-merge/main.c,A2_SMU_FULL,A2,memory,NA,NO,NA,NA,NO_EXPLICIT_TRANSFER_PHASE,MAIN_PERFORMANCE,pass,PASS,NA,672,PASS,7225d41ad2d1c63376a9fb1ea4e56b3b24a3e97f,False,B3,0,d1629ee18906c2daad08e238472d95046f9be8d6c464d1491ac37aebf64820b3,main,NA,B3,1653,2.0322407227531708e-05,8,4,51.65625,0.00012874603271484375,100000000,6.362219538046308e-05,1.3270881026983261e-05,False,PASS,low_perturbation,5508ad9ba04ba686ea40997b7b94adac49ec282430e2f8cdcb8cefbe9fd497c4,17280,0,0,0,8,4,1.0,YES,NA,51.65625,0,break_even_n4_d8/memory/A2_SMU_FULL/trial-0/simulator.log,0,YES,NA,NA,2.7177340590186426e-05,20260811T121310Z_7225d41a_m2-matched-lut-scale-06,16512,NA,1,NA,1,33f066a87e3592e55aa4c78bcc583383243061423e6a790856d5b1be7f593fef,/home/wxt/work-online-merge-supplement/work-artifacts/work-online-merge-low-dasm-simulator-5c2aad2-r1/spatz_cluster.vlt,BREAK_EVEN,340,1,NA,NA,NA,PASS,NA,PASS,32,3ca104eb417924d770c66a5132bb8c41616b857842886fdf1d959f192db85de0,pass,545,131072,1,NA,NA,NA,2026-08-11T12:44:05+00:00,NA,NA,NA,NA,NA,NA,NA,NA,NA,NA,NA,NA,NA,NA,NA,0,NA,Verilator 5.034 2025-02-24 rev v5.034,4f53cda18c2baa0c0354bb5f9a3ecbe5ed12ab4d8e11ba873c2f11161202b945,4,4,52,1,20,260
/home/wxt/work-online-merge-supplement/run-archive/m1-matched-lut-7wqexi/artifacts/work-online-merge-m2-matched-lut-scale-06-r1,8,4,768,NA,ec3bcd8f2374492d01d3b82120f2e017ae61b011c2d9e4cf137e30ed58fb9082,5,0.125,768,672,main,break_even_n4_d8,main,120fa0c30199e54e6e9b5c60d8da40913eae8526640992cc5d4f130bef159775,40,/home/wxt/m1-matched-lut.7wqexi/repo/hw/system/spatz_cluster/cfg/spatz_cluster.default.dram.hjson,1313,YES,clang version 14.0.6 (git@github.com:pulp-platform/llvm-project.git b494f2d8dde88723026db8ec16ac6c7ee1e140ca) | Target: riscv32-unknown-unknown-elf | Thread model: posix,c0a1a1a8be49a4a3495bf0565af7318cd95c95d19a26cb0ca1eb277fe58d8143,/home/wxt/m1-matched-lut.7wqexi/repo/install/llvm/bin/clang -DONLINE_MERGE_COUNTER_PROFILE=0 -DONLINE_MERGE_IMPLEMENTATION_SELECT=3 -DONLINE_MERGE_STACK_LOG2=13 -DONLINE_MERGE_TRACE_PROXY=0 -I/home/wxt/m1-matched-lut.7wqexi/repo/sw/spatzBenchmarks/include -I/home/wxt/m1-matched-lut.7wqexi/repo/sw/snRuntime/include -I/home/wxt/m1-matched-lut.7wqexi/repo/sw/snRuntime/vendor -I/home/wxt/m1-matched-lut.7wqexi/repo/sw/snRuntime/../toolchain/riscv-opcodes -I/home/wxt/work-online-merge-supplement/run-archive/m1-matched-lut-7wqexi/artifacts/work-online-merge-m2-matched-lut-scale-06-r1/build/spatzBenchmarks/online_merge_generated/N4_D8_S1_main_R1 -I/home/wxt/m1-matched-lut.7wqexi/repo/sw/spatzBenchmarks/online-softmax-merge  --gcc-toolchain=/home/wxt/m1-matched-lut.7wqexi/repo/install/riscv-gcc -mcpu=snitch -mcmodel=small -ffast-math -fno-builtin-printf -fno-common -falign-loops=16 -ffunction-sections -Wextra -static -mllvm -misched-topdown -menable-experimental-extensions -mno-relax -march=rv32imafdvzfh_xdma_xfquarter -mabi=ilp32d -O3 -g -o CMakeFiles/test-spatzBenchmarks-online-softmax-merge-a2.dir/online-softmax-merge/main.c.o -c /home/wxt/m1-matched-lut.7wqexi/repo/sw/spatzBenchmarks/online-softmax-merge/main.c,A2_SMU_FULL,A2,memory,NA,NO,NA,NA,NO_EXPLICIT_TRANSFER_PHASE,MAIN_PERFORMANCE,pass,PASS,NA,672,PASS,7225d41ad2d1c63376a9fb1ea4e56b3b24a3e97f,False,B3,0,d1629ee18906c2daad08e238472d95046f9be8d6c464d1491ac37aebf64820b3,main,NA,B3,1653,2.0322407227531708e-05,8,4,51.65625,0.00012874603271484375,100000000,6.362219538046308e-05,1.3270881026983261e-05,False,PASS,low_perturbation,5508ad9ba04ba686ea40997b7b94adac49ec282430e2f8cdcb8cefbe9fd497c4,17280,0,0,0,8,4,1.0,YES,NA,51.65625,0,break_even_n4_d8/memory/A2_SMU_FULL/trial-1/simulator.log,0,YES,NA,NA,2.7177340590186426e-05,20260811T121310Z_7225d41a_m2-matched-lut-scale-06,16512,NA,1,NA,1,33f066a87e3592e55aa4c78bcc583383243061423e6a790856d5b1be7f593fef,/home/wxt/work-online-merge-supplement/work-artifacts/work-online-merge-low-dasm-simulator-5c2aad2-r1/spatz_cluster.vlt,BREAK_EVEN,340,1,NA,NA,NA,PASS,NA,PASS,32,3ca104eb417924d770c66a5132bb8c41616b857842886fdf1d959f192db85de0,pass,545,131072,1,NA,NA,NA,2026-08-11T12:45:08+00:00,NA,NA,NA,NA,NA,NA,NA,NA,NA,NA,NA,NA,NA,NA,NA,1,NA,Verilator 5.034 2025-02-24 rev v5.034,4f53cda18c2baa0c0354bb5f9a3ecbe5ed12ab4d8e11ba873c2f11161202b945,4,4,52,1,20,260
/home/wxt/work-online-merge-supplement/run-archive/m1-matched-lut-7wqexi/artifacts/work-online-merge-m2-matched-lut-scale-06-r1,8,4,768,NA,ec3bcd8f2374492d01d3b82120f2e017ae61b011c2d9e4cf137e30ed58fb9082,5,0.125,768,672,main,break_even_n4_d8,main,120fa0c30199e54e6e9b5c60d8da40913eae8526640992cc5d4f130bef159775,40,/home/wxt/m1-matched-lut.7wqexi/repo/hw/system/spatz_cluster/cfg/spatz_cluster.default.dram.hjson,1313,YES,clang version 14.0.6 (git@github.com:pulp-platform/llvm-project.git b494f2d8dde88723026db8ec16ac6c7ee1e140ca) | Target: riscv32-unknown-unknown-elf | Thread model: posix,c0a1a1a8be49a4a3495bf0565af7318cd95c95d19a26cb0ca1eb277fe58d8143,/home/wxt/m1-matched-lut.7wqexi/repo/install/llvm/bin/clang -DONLINE_MERGE_COUNTER_PROFILE=0 -DONLINE_MERGE_IMPLEMENTATION_SELECT=3 -DONLINE_MERGE_STACK_LOG2=13 -DONLINE_MERGE_TRACE_PROXY=0 -I/home/wxt/m1-matched-lut.7wqexi/repo/sw/spatzBenchmarks/include -I/home/wxt/m1-matched-lut.7wqexi/repo/sw/snRuntime/include -I/home/wxt/m1-matched-lut.7wqexi/repo/sw/snRuntime/vendor -I/home/wxt/m1-matched-lut.7wqexi/repo/sw/snRuntime/../toolchain/riscv-opcodes -I/home/wxt/work-online-merge-supplement/run-archive/m1-matched-lut-7wqexi/artifacts/work-online-merge-m2-matched-lut-scale-06-r1/build/spatzBenchmarks/online_merge_generated/N4_D8_S1_main_R1 -I/home/wxt/m1-matched-lut.7wqexi/repo/sw/spatzBenchmarks/online-softmax-merge  --gcc-toolchain=/home/wxt/m1-matched-lut.7wqexi/repo/install/riscv-gcc -mcpu=snitch -mcmodel=small -ffast-math -fno-builtin-printf -fno-common -falign-loops=16 -ffunction-sections -Wextra -static -mllvm -misched-topdown -menable-experimental-extensions -mno-relax -march=rv32imafdvzfh_xdma_xfquarter -mabi=ilp32d -O3 -g -o CMakeFiles/test-spatzBenchmarks-online-softmax-merge-a2.dir/online-softmax-merge/main.c.o -c /home/wxt/m1-matched-lut.7wqexi/repo/sw/spatzBenchmarks/online-softmax-merge/main.c,A2_SMU_FULL,A2,memory,NA,NO,NA,NA,NO_EXPLICIT_TRANSFER_PHASE,MAIN_PERFORMANCE,pass,PASS,NA,672,PASS,7225d41ad2d1c63376a9fb1ea4e56b3b24a3e97f,False,B3,0,d1629ee18906c2daad08e238472d95046f9be8d6c464d1491ac37aebf64820b3,main,NA,B3,1653,2.0322407227531708e-05,8,4,51.65625,0.00012874603271484375,100000000,6.362219538046308e-05,1.3270881026983261e-05,False,PASS,low_perturbation,5508ad9ba04ba686ea40997b7b94adac49ec282430e2f8cdcb8cefbe9fd497c4,17280,0,0,0,8,4,1.0,YES,NA,51.65625,0,break_even_n4_d8/memory/A2_SMU_FULL/trial-2/simulator.log,0,YES,NA,NA,2.7177340590186426e-05,20260811T121310Z_7225d41a_m2-matched-lut-scale-06,16512,NA,1,NA,1,33f066a87e3592e55aa4c78bcc583383243061423e6a790856d5b1be7f593fef,/home/wxt/work-online-merge-supplement/work-artifacts/work-online-merge-low-dasm-simulator-5c2aad2-r1/spatz_cluster.vlt,BREAK_EVEN,340,1,NA,NA,NA,PASS,NA,PASS,32,3ca104eb417924d770c66a5132bb8c41616b857842886fdf1d959f192db85de0,pass,545,131072,1,NA,NA,NA,2026-08-11T12:46:14+00:00,NA,NA,NA,NA,NA,NA,NA,NA,NA,NA,NA,NA,NA,NA,NA,2,NA,Verilator 5.034 2025-02-24 rev v5.034,4f53cda18c2baa0c0354bb5f9a3ecbe5ed12ab4d8e11ba873c2f11161202b945,4,4,52,1,20,260
/home/wxt/work-online-merge-supplement/run-archive/m1-matched-lut-7wqexi/artifacts/work-online-merge-m2-matched-lut-scale-07-r1,16,4,1280,NA,93095f527074b8f09df0a5f3e2917e8acdc3f6f7af8f584612b0daca6bf7ab94,6,0.08333333333333333,1280,1184,main,break_even_n4_d16,main,120fa0c30199e54e6e9b5c60d8da40913eae8526640992cc5d4f130bef159775,72,/home/wxt/m1-matched-lut.7wqexi/repo/hw/system/spatz_cluster/cfg/spatz_cluster.default.dram.hjson,NA,YES,clang version 14.0.6 (git@github.com:pulp-platform/llvm-project.git b494f2d8dde88723026db8ec16ac6c7ee1e140ca) | Target: riscv32-unknown-unknown-elf | Thread model: posix,7c231518dd5b12a7b4b1c918a0a08661614e663b2a91948c589e9f1c814beaa3,/home/wxt/m1-matched-lut.7wqexi/repo/install/llvm/bin/clang -DONLINE_MERGE_COUNTER_PROFILE=0 -DONLINE_MERGE_IMPLEMENTATION_SELECT=2 -DONLINE_MERGE_STACK_LOG2=13 -DONLINE_MERGE_TRACE_PROXY=0 -I/home/wxt/m1-matched-lut.7wqexi/repo/sw/spatzBenchmarks/include -I/home/wxt/m1-matched-lut.7wqexi/repo/sw/snRuntime/include -I/home/wxt/m1-matched-lut.7wqexi/repo/sw/snRuntime/vendor -I/home/wxt/m1-matched-lut.7wqexi/repo/sw/snRuntime/../toolchain/riscv-opcodes -I/home/wxt/work-online-merge-supplement/run-archive/m1-matched-lut-7wqexi/artifacts/work-online-merge-m2-matched-lut-scale-07-r1/build/spatzBenchmarks/online_merge_generated/N4_D16_S1_main_R1 -I/home/wxt/m1-matched-lut.7wqexi/repo/sw/spatzBenchmarks/online-softmax-merge  --gcc-toolchain=/home/wxt/m1-matched-lut.7wqexi/repo/install/riscv-gcc --gcc-toolchain=/home/wxt/m1-matched-lut.7wqexi/repo/install/riscv-gcc -mcpu=snitch -mcmodel=small -ffast-math -fno-builtin-printf -fno-common -falign-loops=16 -ffunction-sections -Wextra -static -mllvm -misched-topdown -menable-experimental-extensions -mno-relax -march=rv32imafdvzfh_xdma_xfquarter -mabi=ilp32d -O3 -g -o CMakeFiles/test-spatzBenchmarks-online-softmax-merge-b2r.dir/online-softmax-merge/main.c.o -c /home/wxt/m1-matched-lut.7wqexi/repo/sw/spatzBenchmarks/online-softmax-merge/main.c,B2R_RVV,A0,memory,4291,YES,48,NA,NO_EXPLICIT_TRANSFER_PHASE,MAIN_PERFORMANCE,pass,PASS,NA,1184,NA,7225d41ad2d1c63376a9fb1ea4e56b3b24a3e97f,False,B2-R,0,c5e06006cbf53bcdc3ebda812a88eafa1c21069d2e24eef6d321ada15c1cff5d,main,DASM_MARKER_ENVELOPE_WITNESS,B2-R,6107,2.629442946263261e-06,16,4,95.421875,2.288818359375e-05,100000000,6.794929504394531e-06,1.7304361487428348e-06,False,PASS,low_perturbation,04d13a39266feff7663f0954ce3464cdc40b20e8bbe7f7bf18a476dae1f7ea2f,17792,0,0,0,16,4,1.0,YES,NA,95.421875,0,break_even_n4_d16/memory/B2R_RVV/trial-0/simulator.log,0,YES,NA,NA,3.4580771792903988e-06,20260811T124812Z_7225d41a_m2-matched-lut-scale-07,16512,NA,0,4243,1,33f066a87e3592e55aa4c78bcc583383243061423e6a790856d5b1be7f593fef,/home/wxt/work-online-merge-supplement/work-artifacts/work-online-merge-low-dasm-simulator-5c2aad2-r1/spatz_cluster.vlt,BREAK_EVEN,NA,0,NA,NA,NA,PASS,NA,PASS,64,c66fde967a7f2b783476a2649d749846d087d29a15fbe057e3013a8466696f56,pass,345,131072,0,NA,NA,NA,2026-08-11T12:49:46+00:00,break_even_n4_d16/memory/B2R_RVV/trace-witness/instruction_trace_audit.json,606,1889,1735,48,1883,INDEPENDENT_DASM_WITNESS,6,PASS,NA,PASS,361ff71bcc241b448e49ff6d212d06a13a986e2fad861b0aa0b67e40e7a21d68,/home/wxt/work-online-merge-supplement/work-artifacts/work-online-merge-traced-simulator-088a44d-r1/spatz_cluster.vlt,default,04d13a39266feff7663f0954ce3464cdc40b20e8bbe7f7bf18a476dae1f7ea2f,0,48,Verilator 5.034 2025-02-24 rev v5.034,4f53cda18c2baa0c0354bb5f9a3ecbe5ed12ab4d8e11ba873c2f11161202b945,,,,,,
/home/wxt/work-online-merge-supplement/run-archive/m1-matched-lut-7wqexi/artifacts/work-online-merge-m2-matched-lut-scale-07-r1,16,4,1280,NA,93095f527074b8f09df0a5f3e2917e8acdc3f6f7af8f584612b0daca6bf7ab94,6,0.08333333333333333,1280,1184,main,break_even_n4_d16,main,120fa0c30199e54e6e9b5c60d8da40913eae8526640992cc5d4f130bef159775,72,/home/wxt/m1-matched-lut.7wqexi/repo/hw/system/spatz_cluster/cfg/spatz_cluster.default.dram.hjson,NA,YES,clang version 14.0.6 (git@github.com:pulp-platform/llvm-project.git b494f2d8dde88723026db8ec16ac6c7ee1e140ca) | Target: riscv32-unknown-unknown-elf | Thread model: posix,7c231518dd5b12a7b4b1c918a0a08661614e663b2a91948c589e9f1c814beaa3,/home/wxt/m1-matched-lut.7wqexi/repo/install/llvm/bin/clang -DONLINE_MERGE_COUNTER_PROFILE=0 -DONLINE_MERGE_IMPLEMENTATION_SELECT=2 -DONLINE_MERGE_STACK_LOG2=13 -DONLINE_MERGE_TRACE_PROXY=0 -I/home/wxt/m1-matched-lut.7wqexi/repo/sw/spatzBenchmarks/include -I/home/wxt/m1-matched-lut.7wqexi/repo/sw/snRuntime/include -I/home/wxt/m1-matched-lut.7wqexi/repo/sw/snRuntime/vendor -I/home/wxt/m1-matched-lut.7wqexi/repo/sw/snRuntime/../toolchain/riscv-opcodes -I/home/wxt/work-online-merge-supplement/run-archive/m1-matched-lut-7wqexi/artifacts/work-online-merge-m2-matched-lut-scale-07-r1/build/spatzBenchmarks/online_merge_generated/N4_D16_S1_main_R1 -I/home/wxt/m1-matched-lut.7wqexi/repo/sw/spatzBenchmarks/online-softmax-merge  --gcc-toolchain=/home/wxt/m1-matched-lut.7wqexi/repo/install/riscv-gcc --gcc-toolchain=/home/wxt/m1-matched-lut.7wqexi/repo/install/riscv-gcc -mcpu=snitch -mcmodel=small -ffast-math -fno-builtin-printf -fno-common -falign-loops=16 -ffunction-sections -Wextra -static -mllvm -misched-topdown -menable-experimental-extensions -mno-relax -march=rv32imafdvzfh_xdma_xfquarter -mabi=ilp32d -O3 -g -o CMakeFiles/test-spatzBenchmarks-online-softmax-merge-b2r.dir/online-softmax-merge/main.c.o -c /home/wxt/m1-matched-lut.7wqexi/repo/sw/spatzBenchmarks/online-softmax-merge/main.c,B2R_RVV,A0,memory,4291,YES,48,NA,NO_EXPLICIT_TRANSFER_PHASE,MAIN_PERFORMANCE,pass,PASS,NA,1184,NA,7225d41ad2d1c63376a9fb1ea4e56b3b24a3e97f,False,B2-R,0,c5e06006cbf53bcdc3ebda812a88eafa1c21069d2e24eef6d321ada15c1cff5d,main,DASM_MARKER_ENVELOPE_WITNESS,B2-R,6107,2.629442946263261e-06,16,4,95.421875,2.288818359375e-05,100000000,6.794929504394531e-06,1.7304361487428348e-06,False,PASS,low_perturbation,04d13a39266feff7663f0954ce3464cdc40b20e8bbe7f7bf18a476dae1f7ea2f,17792,0,0,0,16,4,1.0,YES,NA,95.421875,0,break_even_n4_d16/memory/B2R_RVV/trial-1/simulator.log,0,YES,NA,NA,3.4580771792903988e-06,20260811T124812Z_7225d41a_m2-matched-lut-scale-07,16512,NA,0,4243,1,33f066a87e3592e55aa4c78bcc583383243061423e6a790856d5b1be7f593fef,/home/wxt/work-online-merge-supplement/work-artifacts/work-online-merge-low-dasm-simulator-5c2aad2-r1/spatz_cluster.vlt,BREAK_EVEN,NA,0,NA,NA,NA,PASS,NA,PASS,64,c66fde967a7f2b783476a2649d749846d087d29a15fbe057e3013a8466696f56,pass,345,131072,0,NA,NA,NA,2026-08-11T12:51:34+00:00,break_even_n4_d16/memory/B2R_RVV/trace-witness/instruction_trace_audit.json,606,1889,1735,48,1883,INDEPENDENT_DASM_WITNESS,6,PASS,NA,PASS,361ff71bcc241b448e49ff6d212d06a13a986e2fad861b0aa0b67e40e7a21d68,/home/wxt/work-online-merge-supplement/work-artifacts/work-online-merge-traced-simulator-088a44d-r1/spatz_cluster.vlt,default,04d13a39266feff7663f0954ce3464cdc40b20e8bbe7f7bf18a476dae1f7ea2f,1,48,Verilator 5.034 2025-02-24 rev v5.034,4f53cda18c2baa0c0354bb5f9a3ecbe5ed12ab4d8e11ba873c2f11161202b945,,,,,,
/home/wxt/work-online-merge-supplement/run-archive/m1-matched-lut-7wqexi/artifacts/work-online-merge-m2-matched-lut-scale-07-r1,16,4,1280,NA,93095f527074b8f09df0a5f3e2917e8acdc3f6f7af8f584612b0daca6bf7ab94,6,0.08333333333333333,1280,1184,main,break_even_n4_d16,main,120fa0c30199e54e6e9b5c60d8da40913eae8526640992cc5d4f130bef159775,72,/home/wxt/m1-matched-lut.7wqexi/repo/hw/system/spatz_cluster/cfg/spatz_cluster.default.dram.hjson,NA,YES,clang version 14.0.6 (git@github.com:pulp-platform/llvm-project.git b494f2d8dde88723026db8ec16ac6c7ee1e140ca) | Target: riscv32-unknown-unknown-elf | Thread model: posix,7c231518dd5b12a7b4b1c918a0a08661614e663b2a91948c589e9f1c814beaa3,/home/wxt/m1-matched-lut.7wqexi/repo/install/llvm/bin/clang -DONLINE_MERGE_COUNTER_PROFILE=0 -DONLINE_MERGE_IMPLEMENTATION_SELECT=2 -DONLINE_MERGE_STACK_LOG2=13 -DONLINE_MERGE_TRACE_PROXY=0 -I/home/wxt/m1-matched-lut.7wqexi/repo/sw/spatzBenchmarks/include -I/home/wxt/m1-matched-lut.7wqexi/repo/sw/snRuntime/include -I/home/wxt/m1-matched-lut.7wqexi/repo/sw/snRuntime/vendor -I/home/wxt/m1-matched-lut.7wqexi/repo/sw/snRuntime/../toolchain/riscv-opcodes -I/home/wxt/work-online-merge-supplement/run-archive/m1-matched-lut-7wqexi/artifacts/work-online-merge-m2-matched-lut-scale-07-r1/build/spatzBenchmarks/online_merge_generated/N4_D16_S1_main_R1 -I/home/wxt/m1-matched-lut.7wqexi/repo/sw/spatzBenchmarks/online-softmax-merge  --gcc-toolchain=/home/wxt/m1-matched-lut.7wqexi/repo/install/riscv-gcc --gcc-toolchain=/home/wxt/m1-matched-lut.7wqexi/repo/install/riscv-gcc -mcpu=snitch -mcmodel=small -ffast-math -fno-builtin-printf -fno-common -falign-loops=16 -ffunction-sections -Wextra -static -mllvm -misched-topdown -menable-experimental-extensions -mno-relax -march=rv32imafdvzfh_xdma_xfquarter -mabi=ilp32d -O3 -g -o CMakeFiles/test-spatzBenchmarks-online-softmax-merge-b2r.dir/online-softmax-merge/main.c.o -c /home/wxt/m1-matched-lut.7wqexi/repo/sw/spatzBenchmarks/online-softmax-merge/main.c,B2R_RVV,A0,memory,4291,YES,48,NA,NO_EXPLICIT_TRANSFER_PHASE,MAIN_PERFORMANCE,pass,PASS,NA,1184,NA,7225d41ad2d1c63376a9fb1ea4e56b3b24a3e97f,False,B2-R,0,c5e06006cbf53bcdc3ebda812a88eafa1c21069d2e24eef6d321ada15c1cff5d,main,DASM_MARKER_ENVELOPE_WITNESS,B2-R,6107,2.629442946263261e-06,16,4,95.421875,2.288818359375e-05,100000000,6.794929504394531e-06,1.7304361487428348e-06,False,PASS,low_perturbation,04d13a39266feff7663f0954ce3464cdc40b20e8bbe7f7bf18a476dae1f7ea2f,17792,0,0,0,16,4,1.0,YES,NA,95.421875,0,break_even_n4_d16/memory/B2R_RVV/trial-2/simulator.log,0,YES,NA,NA,3.4580771792903988e-06,20260811T124812Z_7225d41a_m2-matched-lut-scale-07,16512,NA,0,4243,1,33f066a87e3592e55aa4c78bcc583383243061423e6a790856d5b1be7f593fef,/home/wxt/work-online-merge-supplement/work-artifacts/work-online-merge-low-dasm-simulator-5c2aad2-r1/spatz_cluster.vlt,BREAK_EVEN,NA,0,NA,NA,NA,PASS,NA,PASS,64,c66fde967a7f2b783476a2649d749846d087d29a15fbe057e3013a8466696f56,pass,345,131072,0,NA,NA,NA,2026-08-11T12:52:51+00:00,break_even_n4_d16/memory/B2R_RVV/trace-witness/instruction_trace_audit.json,606,1889,1735,48,1883,INDEPENDENT_DASM_WITNESS,6,PASS,NA,PASS,361ff71bcc241b448e49ff6d212d06a13a986e2fad861b0aa0b67e40e7a21d68,/home/wxt/work-online-merge-supplement/work-artifacts/work-online-merge-traced-simulator-088a44d-r1/spatz_cluster.vlt,default,04d13a39266feff7663f0954ce3464cdc40b20e8bbe7f7bf18a476dae1f7ea2f,2,48,Verilator 5.034 2025-02-24 rev v5.034,4f53cda18c2baa0c0354bb5f9a3ecbe5ed12ab4d8e11ba873c2f11161202b945,,,,,,
/home/wxt/work-online-merge-supplement/run-archive/m1-matched-lut-7wqexi/artifacts/work-online-merge-m2-matched-lut-scale-07-r1,16,4,1280,NA,8927d3f16a85ee065124486ffb91acc50b1de008372323b545d138484b9b4378,6,0.08333333333333333,1280,1184,main,break_even_n4_d16,main,120fa0c30199e54e6e9b5c60d8da40913eae8526640992cc5d4f130bef159775,72,/home/wxt/m1-matched-lut.7wqexi/repo/hw/system/spatz_cluster/cfg/spatz_cluster.default.dram.hjson,1743,YES,clang version 14.0.6 (git@github.com:pulp-platform/llvm-project.git b494f2d8dde88723026db8ec16ac6c7ee1e140ca) | Target: riscv32-unknown-unknown-elf | Thread model: posix,7c231518dd5b12a7b4b1c918a0a08661614e663b2a91948c589e9f1c814beaa3,/home/wxt/m1-matched-lut.7wqexi/repo/install/llvm/bin/clang -DONLINE_MERGE_COUNTER_PROFILE=0 -DONLINE_MERGE_IMPLEMENTATION_SELECT=4 -DONLINE_MERGE_STACK_LOG2=13 -DONLINE_MERGE_TRACE_PROXY=0 -I/home/wxt/m1-matched-lut.7wqexi/repo/sw/spatzBenchmarks/include -I/home/wxt/m1-matched-lut.7wqexi/repo/sw/snRuntime/include -I/home/wxt/m1-matched-lut.7wqexi/repo/sw/snRuntime/vendor -I/home/wxt/m1-matched-lut.7wqexi/repo/sw/snRuntime/../toolchain/riscv-opcodes -I/home/wxt/work-online-merge-supplement/run-archive/m1-matched-lut-7wqexi/artifacts/work-online-merge-m2-matched-lut-scale-07-r1/build/spatzBenchmarks/online_merge_generated/N4_D16_S1_main_R1 -I/home/wxt/m1-matched-lut.7wqexi/repo/sw/spatzBenchmarks/online-softmax-merge  --gcc-toolchain=/home/wxt/m1-matched-lut.7wqexi/repo/install/riscv-gcc --gcc-toolchain=/home/wxt/m1-matched-lut.7wqexi/repo/install/riscv-gcc -mcpu=snitch -mcmodel=small -ffast-math -fno-builtin-printf -fno-common -falign-loops=16 -ffunction-sections -Wextra -static -mllvm -misched-topdown -menable-experimental-extensions -mno-relax -march=rv32imafdvzfh_xdma_xfquarter -mabi=ilp32d -O3 -g -o CMakeFiles/test-spatzBenchmarks-online-softmax-merge-a1.dir/online-softmax-merge/main.c.o -c /home/wxt/m1-matched-lut.7wqexi/repo/sw/spatzBenchmarks/online-softmax-merge/main.c,A1_SMU_SCALAR,NA,memory,NA,NO,NA,NA,NO_EXPLICIT_TRANSFER_PHASE,MAIN_PERFORMANCE,pass,PASS,NA,1184,PASS,7225d41ad2d1c63376a9fb1ea4e56b3b24a3e97f,False,A1,0,c5e06006cbf53bcdc3ebda812a88eafa1c21069d2e24eef6d321ada15c1cff5d,main,NA,A1,1839,2.629442946263261e-06,16,4,28.734375,2.288818359375e-05,100000000,6.794929504394531e-06,1.7304361487428348e-06,False,PASS,low_perturbation,afaa62bb0e9b049712e55a696c53a0fbb9a0dd10f89095a021882add31752946,17792,0,0,0,16,4,1.0,YES,NA,28.734375,0,break_even_n4_d16/memory/A1_SMU_SCALAR/trial-0/simulator.log,0,YES,NA,NA,3.4580771792903988e-06,20260811T124812Z_7225d41a_m2-matched-lut-scale-07,16512,454,1,NA,1,33f066a87e3592e55aa4c78bcc583383243061423e6a790856d5b1be7f593fef,/home/wxt/work-online-merge-supplement/work-artifacts/work-online-merge-low-dasm-simulator-5c2aad2-r1/spatz_cluster.vlt,BREAK_EVEN,96,1,1385,NA,NA,PASS,NA,PASS,64,8f9aec1a88392ad2b019a104ca9f925f5f7e60914c22d3a0c0ed6c7b14205fd7,pass,551,131072,0,NA,NA,NA,2026-08-11T12:54:04+00:00,NA,NA,NA,NA,NA,NA,NA,NA,NA,NA,NA,NA,NA,NA,NA,0,NA,Verilator 5.034 2025-02-24 rev v5.034,4f53cda18c2baa0c0354bb5f9a3ecbe5ed12ab4d8e11ba873c2f11161202b945,4,4,52,1,36,0
/home/wxt/work-online-merge-supplement/run-archive/m1-matched-lut-7wqexi/artifacts/work-online-merge-m2-matched-lut-scale-07-r1,16,4,1280,NA,8927d3f16a85ee065124486ffb91acc50b1de008372323b545d138484b9b4378,6,0.08333333333333333,1280,1184,main,break_even_n4_d16,main,120fa0c30199e54e6e9b5c60d8da40913eae8526640992cc5d4f130bef159775,72,/home/wxt/m1-matched-lut.7wqexi/repo/hw/system/spatz_cluster/cfg/spatz_cluster.default.dram.hjson,1743,YES,clang version 14.0.6 (git@github.com:pulp-platform/llvm-project.git b494f2d8dde88723026db8ec16ac6c7ee1e140ca) | Target: riscv32-unknown-unknown-elf | Thread model: posix,7c231518dd5b12a7b4b1c918a0a08661614e663b2a91948c589e9f1c814beaa3,/home/wxt/m1-matched-lut.7wqexi/repo/install/llvm/bin/clang -DONLINE_MERGE_COUNTER_PROFILE=0 -DONLINE_MERGE_IMPLEMENTATION_SELECT=4 -DONLINE_MERGE_STACK_LOG2=13 -DONLINE_MERGE_TRACE_PROXY=0 -I/home/wxt/m1-matched-lut.7wqexi/repo/sw/spatzBenchmarks/include -I/home/wxt/m1-matched-lut.7wqexi/repo/sw/snRuntime/include -I/home/wxt/m1-matched-lut.7wqexi/repo/sw/snRuntime/vendor -I/home/wxt/m1-matched-lut.7wqexi/repo/sw/snRuntime/../toolchain/riscv-opcodes -I/home/wxt/work-online-merge-supplement/run-archive/m1-matched-lut-7wqexi/artifacts/work-online-merge-m2-matched-lut-scale-07-r1/build/spatzBenchmarks/online_merge_generated/N4_D16_S1_main_R1 -I/home/wxt/m1-matched-lut.7wqexi/repo/sw/spatzBenchmarks/online-softmax-merge  --gcc-toolchain=/home/wxt/m1-matched-lut.7wqexi/repo/install/riscv-gcc --gcc-toolchain=/home/wxt/m1-matched-lut.7wqexi/repo/install/riscv-gcc -mcpu=snitch -mcmodel=small -ffast-math -fno-builtin-printf -fno-common -falign-loops=16 -ffunction-sections -Wextra -static -mllvm -misched-topdown -menable-experimental-extensions -mno-relax -march=rv32imafdvzfh_xdma_xfquarter -mabi=ilp32d -O3 -g -o CMakeFiles/test-spatzBenchmarks-online-softmax-merge-a1.dir/online-softmax-merge/main.c.o -c /home/wxt/m1-matched-lut.7wqexi/repo/sw/spatzBenchmarks/online-softmax-merge/main.c,A1_SMU_SCALAR,NA,memory,NA,NO,NA,NA,NO_EXPLICIT_TRANSFER_PHASE,MAIN_PERFORMANCE,pass,PASS,NA,1184,PASS,7225d41ad2d1c63376a9fb1ea4e56b3b24a3e97f,False,A1,0,c5e06006cbf53bcdc3ebda812a88eafa1c21069d2e24eef6d321ada15c1cff5d,main,NA,A1,1839,2.629442946263261e-06,16,4,28.734375,2.288818359375e-05,100000000,6.794929504394531e-06,1.7304361487428348e-06,False,PASS,low_perturbation,afaa62bb0e9b049712e55a696c53a0fbb9a0dd10f89095a021882add31752946,17792,0,0,0,16,4,1.0,YES,NA,28.734375,0,break_even_n4_d16/memory/A1_SMU_SCALAR/trial-1/simulator.log,0,YES,NA,NA,3.4580771792903988e-06,20260811T124812Z_7225d41a_m2-matched-lut-scale-07,16512,454,1,NA,1,33f066a87e3592e55aa4c78bcc583383243061423e6a790856d5b1be7f593fef,/home/wxt/work-online-merge-supplement/work-artifacts/work-online-merge-low-dasm-simulator-5c2aad2-r1/spatz_cluster.vlt,BREAK_EVEN,96,1,1385,NA,NA,PASS,NA,PASS,64,8f9aec1a88392ad2b019a104ca9f925f5f7e60914c22d3a0c0ed6c7b14205fd7,pass,551,131072,0,NA,NA,NA,2026-08-11T12:55:17+00:00,NA,NA,NA,NA,NA,NA,NA,NA,NA,NA,NA,NA,NA,NA,NA,1,NA,Verilator 5.034 2025-02-24 rev v5.034,4f53cda18c2baa0c0354bb5f9a3ecbe5ed12ab4d8e11ba873c2f11161202b945,4,4,52,1,36,0
/home/wxt/work-online-merge-supplement/run-archive/m1-matched-lut-7wqexi/artifacts/work-online-merge-m2-matched-lut-scale-07-r1,16,4,1280,NA,8927d3f16a85ee065124486ffb91acc50b1de008372323b545d138484b9b4378,6,0.08333333333333333,1280,1184,main,break_even_n4_d16,main,120fa0c30199e54e6e9b5c60d8da40913eae8526640992cc5d4f130bef159775,72,/home/wxt/m1-matched-lut.7wqexi/repo/hw/system/spatz_cluster/cfg/spatz_cluster.default.dram.hjson,1743,YES,clang version 14.0.6 (git@github.com:pulp-platform/llvm-project.git b494f2d8dde88723026db8ec16ac6c7ee1e140ca) | Target: riscv32-unknown-unknown-elf | Thread model: posix,7c231518dd5b12a7b4b1c918a0a08661614e663b2a91948c589e9f1c814beaa3,/home/wxt/m1-matched-lut.7wqexi/repo/install/llvm/bin/clang -DONLINE_MERGE_COUNTER_PROFILE=0 -DONLINE_MERGE_IMPLEMENTATION_SELECT=4 -DONLINE_MERGE_STACK_LOG2=13 -DONLINE_MERGE_TRACE_PROXY=0 -I/home/wxt/m1-matched-lut.7wqexi/repo/sw/spatzBenchmarks/include -I/home/wxt/m1-matched-lut.7wqexi/repo/sw/snRuntime/include -I/home/wxt/m1-matched-lut.7wqexi/repo/sw/snRuntime/vendor -I/home/wxt/m1-matched-lut.7wqexi/repo/sw/snRuntime/../toolchain/riscv-opcodes -I/home/wxt/work-online-merge-supplement/run-archive/m1-matched-lut-7wqexi/artifacts/work-online-merge-m2-matched-lut-scale-07-r1/build/spatzBenchmarks/online_merge_generated/N4_D16_S1_main_R1 -I/home/wxt/m1-matched-lut.7wqexi/repo/sw/spatzBenchmarks/online-softmax-merge  --gcc-toolchain=/home/wxt/m1-matched-lut.7wqexi/repo/install/riscv-gcc --gcc-toolchain=/home/wxt/m1-matched-lut.7wqexi/repo/install/riscv-gcc -mcpu=snitch -mcmodel=small -ffast-math -fno-builtin-printf -fno-common -falign-loops=16 -ffunction-sections -Wextra -static -mllvm -misched-topdown -menable-experimental-extensions -mno-relax -march=rv32imafdvzfh_xdma_xfquarter -mabi=ilp32d -O3 -g -o CMakeFiles/test-spatzBenchmarks-online-softmax-merge-a1.dir/online-softmax-merge/main.c.o -c /home/wxt/m1-matched-lut.7wqexi/repo/sw/spatzBenchmarks/online-softmax-merge/main.c,A1_SMU_SCALAR,NA,memory,NA,NO,NA,NA,NO_EXPLICIT_TRANSFER_PHASE,MAIN_PERFORMANCE,pass,PASS,NA,1184,PASS,7225d41ad2d1c63376a9fb1ea4e56b3b24a3e97f,False,A1,0,c5e06006cbf53bcdc3ebda812a88eafa1c21069d2e24eef6d321ada15c1cff5d,main,NA,A1,1839,2.629442946263261e-06,16,4,28.734375,2.288818359375e-05,100000000,6.794929504394531e-06,1.7304361487428348e-06,False,PASS,low_perturbation,afaa62bb0e9b049712e55a696c53a0fbb9a0dd10f89095a021882add31752946,17792,0,0,0,16,4,1.0,YES,NA,28.734375,0,break_even_n4_d16/memory/A1_SMU_SCALAR/trial-2/simulator.log,0,YES,NA,NA,3.4580771792903988e-06,20260811T124812Z_7225d41a_m2-matched-lut-scale-07,16512,454,1,NA,1,33f066a87e3592e55aa4c78bcc583383243061423e6a790856d5b1be7f593fef,/home/wxt/work-online-merge-supplement/work-artifacts/work-online-merge-low-dasm-simulator-5c2aad2-r1/spatz_cluster.vlt,BREAK_EVEN,96,1,1385,NA,NA,PASS,NA,PASS,64,8f9aec1a88392ad2b019a104ca9f925f5f7e60914c22d3a0c0ed6c7b14205fd7,pass,551,131072,0,NA,NA,NA,2026-08-11T12:56:30+00:00,NA,NA,NA,NA,NA,NA,NA,NA,NA,NA,NA,NA,NA,NA,NA,2,NA,Verilator 5.034 2025-02-24 rev v5.034,4f53cda18c2baa0c0354bb5f9a3ecbe5ed12ab4d8e11ba873c2f11161202b945,4,4,52,1,36,0
/home/wxt/work-online-merge-supplement/run-archive/m1-matched-lut-7wqexi/artifacts/work-online-merge-m2-matched-lut-scale-07-r1,16,4,1280,NA,c80079ca7dda0efb93e5a69c17044bfa989403b1d885a5fbe04491e75718fde3,6,0.08333333333333333,1280,1184,main,break_even_n4_d16,main,120fa0c30199e54e6e9b5c60d8da40913eae8526640992cc5d4f130bef159775,72,/home/wxt/m1-matched-lut.7wqexi/repo/hw/system/spatz_cluster/cfg/spatz_cluster.default.dram.hjson,1262,YES,clang version 14.0.6 (git@github.com:pulp-platform/llvm-project.git b494f2d8dde88723026db8ec16ac6c7ee1e140ca) | Target: riscv32-unknown-unknown-elf | Thread model: posix,7c231518dd5b12a7b4b1c918a0a08661614e663b2a91948c589e9f1c814beaa3,/home/wxt/m1-matched-lut.7wqexi/repo/install/llvm/bin/clang -DONLINE_MERGE_COUNTER_PROFILE=0 -DONLINE_MERGE_IMPLEMENTATION_SELECT=3 -DONLINE_MERGE_STACK_LOG2=13 -DONLINE_MERGE_TRACE_PROXY=0 -I/home/wxt/m1-matched-lut.7wqexi/repo/sw/spatzBenchmarks/include -I/home/wxt/m1-matched-lut.7wqexi/repo/sw/snRuntime/include -I/home/wxt/m1-matched-lut.7wqexi/repo/sw/snRuntime/vendor -I/home/wxt/m1-matched-lut.7wqexi/repo/sw/snRuntime/../toolchain/riscv-opcodes -I/home/wxt/work-online-merge-supplement/run-archive/m1-matched-lut-7wqexi/artifacts/work-online-merge-m2-matched-lut-scale-07-r1/build/spatzBenchmarks/online_merge_generated/N4_D16_S1_main_R1 -I/home/wxt/m1-matched-lut.7wqexi/repo/sw/spatzBenchmarks/online-softmax-merge  --gcc-toolchain=/home/wxt/m1-matched-lut.7wqexi/repo/install/riscv-gcc --gcc-toolchain=/home/wxt/m1-matched-lut.7wqexi/repo/install/riscv-gcc -mcpu=snitch -mcmodel=small -ffast-math -fno-builtin-printf -fno-common -falign-loops=16 -ffunction-sections -Wextra -static -mllvm -misched-topdown -menable-experimental-extensions -mno-relax -march=rv32imafdvzfh_xdma_xfquarter -mabi=ilp32d -O3 -g -o CMakeFiles/test-spatzBenchmarks-online-softmax-merge-a2.dir/online-softmax-merge/main.c.o -c /home/wxt/m1-matched-lut.7wqexi/repo/sw/spatzBenchmarks/online-softmax-merge/main.c,A2_SMU_FULL,A2,memory,NA,NO,NA,NA,NO_EXPLICIT_TRANSFER_PHASE,MAIN_PERFORMANCE,pass,PASS,NA,1184,PASS,7225d41ad2d1c63376a9fb1ea4e56b3b24a3e97f,False,B3,0,c5e06006cbf53bcdc3ebda812a88eafa1c21069d2e24eef6d321ada15c1cff5d,main,NA,B3,1860,2.6281022292030256e-06,16,4,29.0625,2.288818359375e-05,100000000,6.794929504394531e-06,1.7268143387304412e-06,False,PASS,low_perturbation,d64e20d0696433bdb76583c8f0226597f80c3759a06ebefc13cc6fe4c18cdda9,17792,0,0,0,16,4,1.0,YES,NA,29.0625,0,break_even_n4_d16/memory/A2_SMU_FULL/trial-0/simulator.log,0,YES,NA,NA,3.456313952947544e-06,20260811T124812Z_7225d41a_m2-matched-lut-scale-07,16512,NA,1,NA,1,33f066a87e3592e55aa4c78bcc583383243061423e6a790856d5b1be7f593fef,/home/wxt/work-online-merge-supplement/work-artifacts/work-online-merge-low-dasm-simulator-5c2aad2-r1/spatz_cluster.vlt,BREAK_EVEN,598,1,NA,NA,NA,PASS,NA,PASS,64,7b9b978c5d1ec69bf9306ccc6b823902ad5688faa48b146f31ce4248776cf119,pass,687,131072,3,NA,NA,NA,2026-08-11T12:57:48+00:00,NA,NA,NA,NA,NA,NA,NA,NA,NA,NA,NA,NA,NA,NA,NA,0,NA,Verilator 5.034 2025-02-24 rev v5.034,4f53cda18c2baa0c0354bb5f9a3ecbe5ed12ab4d8e11ba873c2f11161202b945,4,4,52,1,20,518
/home/wxt/work-online-merge-supplement/run-archive/m1-matched-lut-7wqexi/artifacts/work-online-merge-m2-matched-lut-scale-07-r1,16,4,1280,NA,c80079ca7dda0efb93e5a69c17044bfa989403b1d885a5fbe04491e75718fde3,6,0.08333333333333333,1280,1184,main,break_even_n4_d16,main,120fa0c30199e54e6e9b5c60d8da40913eae8526640992cc5d4f130bef159775,72,/home/wxt/m1-matched-lut.7wqexi/repo/hw/system/spatz_cluster/cfg/spatz_cluster.default.dram.hjson,1262,YES,clang version 14.0.6 (git@github.com:pulp-platform/llvm-project.git b494f2d8dde88723026db8ec16ac6c7ee1e140ca) | Target: riscv32-unknown-unknown-elf | Thread model: posix,7c231518dd5b12a7b4b1c918a0a08661614e663b2a91948c589e9f1c814beaa3,/home/wxt/m1-matched-lut.7wqexi/repo/install/llvm/bin/clang -DONLINE_MERGE_COUNTER_PROFILE=0 -DONLINE_MERGE_IMPLEMENTATION_SELECT=3 -DONLINE_MERGE_STACK_LOG2=13 -DONLINE_MERGE_TRACE_PROXY=0 -I/home/wxt/m1-matched-lut.7wqexi/repo/sw/spatzBenchmarks/include -I/home/wxt/m1-matched-lut.7wqexi/repo/sw/snRuntime/include -I/home/wxt/m1-matched-lut.7wqexi/repo/sw/snRuntime/vendor -I/home/wxt/m1-matched-lut.7wqexi/repo/sw/snRuntime/../toolchain/riscv-opcodes -I/home/wxt/work-online-merge-supplement/run-archive/m1-matched-lut-7wqexi/artifacts/work-online-merge-m2-matched-lut-scale-07-r1/build/spatzBenchmarks/online_merge_generated/N4_D16_S1_main_R1 -I/home/wxt/m1-matched-lut.7wqexi/repo/sw/spatzBenchmarks/online-softmax-merge  --gcc-toolchain=/home/wxt/m1-matched-lut.7wqexi/repo/install/riscv-gcc --gcc-toolchain=/home/wxt/m1-matched-lut.7wqexi/repo/install/riscv-gcc -mcpu=snitch -mcmodel=small -ffast-math -fno-builtin-printf -fno-common -falign-loops=16 -ffunction-sections -Wextra -static -mllvm -misched-topdown -menable-experimental-extensions -mno-relax -march=rv32imafdvzfh_xdma_xfquarter -mabi=ilp32d -O3 -g -o CMakeFiles/test-spatzBenchmarks-online-softmax-merge-a2.dir/online-softmax-merge/main.c.o -c /home/wxt/m1-matched-lut.7wqexi/repo/sw/spatzBenchmarks/online-softmax-merge/main.c,A2_SMU_FULL,A2,memory,NA,NO,NA,NA,NO_EXPLICIT_TRANSFER_PHASE,MAIN_PERFORMANCE,pass,PASS,NA,1184,PASS,7225d41ad2d1c63376a9fb1ea4e56b3b24a3e97f,False,B3,0,c5e06006cbf53bcdc3ebda812a88eafa1c21069d2e24eef6d321ada15c1cff5d,main,NA,B3,1860,2.6281022292030256e-06,16,4,29.0625,2.288818359375e-05,100000000,6.794929504394531e-06,1.7268143387304412e-06,False,PASS,low_perturbation,d64e20d0696433bdb76583c8f0226597f80c3759a06ebefc13cc6fe4c18cdda9,17792,0,0,0,16,4,1.0,YES,NA,29.0625,0,break_even_n4_d16/memory/A2_SMU_FULL/trial-1/simulator.log,0,YES,NA,NA,3.456313952947544e-06,20260811T124812Z_7225d41a_m2-matched-lut-scale-07,16512,NA,1,NA,1,33f066a87e3592e55aa4c78bcc583383243061423e6a790856d5b1be7f593fef,/home/wxt/work-online-merge-supplement/work-artifacts/work-online-merge-low-dasm-simulator-5c2aad2-r1/spatz_cluster.vlt,BREAK_EVEN,598,1,NA,NA,NA,PASS,NA,PASS,64,7b9b978c5d1ec69bf9306ccc6b823902ad5688faa48b146f31ce4248776cf119,pass,687,131072,3,NA,NA,NA,2026-08-11T12:59:21+00:00,NA,NA,NA,NA,NA,NA,NA,NA,NA,NA,NA,NA,NA,NA,NA,1,NA,Verilator 5.034 2025-02-24 rev v5.034,4f53cda18c2baa0c0354bb5f9a3ecbe5ed12ab4d8e11ba873c2f11161202b945,4,4,52,1,20,518
/home/wxt/work-online-merge-supplement/run-archive/m1-matched-lut-7wqexi/artifacts/work-online-merge-m2-matched-lut-scale-07-r1,16,4,1280,NA,c80079ca7dda0efb93e5a69c17044bfa989403b1d885a5fbe04491e75718fde3,6,0.08333333333333333,1280,1184,main,break_even_n4_d16,main,120fa0c30199e54e6e9b5c60d8da40913eae8526640992cc5d4f130bef159775,72,/home/wxt/m1-matched-lut.7wqexi/repo/hw/system/spatz_cluster/cfg/spatz_cluster.default.dram.hjson,1262,YES,clang version 14.0.6 (git@github.com:pulp-platform/llvm-project.git b494f2d8dde88723026db8ec16ac6c7ee1e140ca) | Target: riscv32-unknown-unknown-elf | Thread model: posix,7c231518dd5b12a7b4b1c918a0a08661614e663b2a91948c589e9f1c814beaa3,/home/wxt/m1-matched-lut.7wqexi/repo/install/llvm/bin/clang -DONLINE_MERGE_COUNTER_PROFILE=0 -DONLINE_MERGE_IMPLEMENTATION_SELECT=3 -DONLINE_MERGE_STACK_LOG2=13 -DONLINE_MERGE_TRACE_PROXY=0 -I/home/wxt/m1-matched-lut.7wqexi/repo/sw/spatzBenchmarks/include -I/home/wxt/m1-matched-lut.7wqexi/repo/sw/snRuntime/include -I/home/wxt/m1-matched-lut.7wqexi/repo/sw/snRuntime/vendor -I/home/wxt/m1-matched-lut.7wqexi/repo/sw/snRuntime/../toolchain/riscv-opcodes -I/home/wxt/work-online-merge-supplement/run-archive/m1-matched-lut-7wqexi/artifacts/work-online-merge-m2-matched-lut-scale-07-r1/build/spatzBenchmarks/online_merge_generated/N4_D16_S1_main_R1 -I/home/wxt/m1-matched-lut.7wqexi/repo/sw/spatzBenchmarks/online-softmax-merge  --gcc-toolchain=/home/wxt/m1-matched-lut.7wqexi/repo/install/riscv-gcc --gcc-toolchain=/home/wxt/m1-matched-lut.7wqexi/repo/install/riscv-gcc -mcpu=snitch -mcmodel=small -ffast-math -fno-builtin-printf -fno-common -falign-loops=16 -ffunction-sections -Wextra -static -mllvm -misched-topdown -menable-experimental-extensions -mno-relax -march=rv32imafdvzfh_xdma_xfquarter -mabi=ilp32d -O3 -g -o CMakeFiles/test-spatzBenchmarks-online-softmax-merge-a2.dir/online-softmax-merge/main.c.o -c /home/wxt/m1-matched-lut.7wqexi/repo/sw/spatzBenchmarks/online-softmax-merge/main.c,A2_SMU_FULL,A2,memory,NA,NO,NA,NA,NO_EXPLICIT_TRANSFER_PHASE,MAIN_PERFORMANCE,pass,PASS,NA,1184,PASS,7225d41ad2d1c63376a9fb1ea4e56b3b24a3e97f,False,B3,0,c5e06006cbf53bcdc3ebda812a88eafa1c21069d2e24eef6d321ada15c1cff5d,main,NA,B3,1860,2.6281022292030256e-06,16,4,29.0625,2.288818359375e-05,100000000,6.794929504394531e-06,1.7268143387304412e-06,False,PASS,low_perturbation,d64e20d0696433bdb76583c8f0226597f80c3759a06ebefc13cc6fe4c18cdda9,17792,0,0,0,16,4,1.0,YES,NA,29.0625,0,break_even_n4_d16/memory/A2_SMU_FULL/trial-2/simulator.log,0,YES,NA,NA,3.456313952947544e-06,20260811T124812Z_7225d41a_m2-matched-lut-scale-07,16512,NA,1,NA,1,33f066a87e3592e55aa4c78bcc583383243061423e6a790856d5b1be7f593fef,/home/wxt/work-online-merge-supplement/work-artifacts/work-online-merge-low-dasm-simulator-5c2aad2-r1/spatz_cluster.vlt,BREAK_EVEN,598,1,NA,NA,NA,PASS,NA,PASS,64,7b9b978c5d1ec69bf9306ccc6b823902ad5688faa48b146f31ce4248776cf119,pass,687,131072,3,NA,NA,NA,2026-08-11T13:00:59+00:00,NA,NA,NA,NA,NA,NA,NA,NA,NA,NA,NA,NA,NA,NA,NA,2,NA,Verilator 5.034 2025-02-24 rev v5.034,4f53cda18c2baa0c0354bb5f9a3ecbe5ed12ab4d8e11ba873c2f11161202b945,4,4,52,1,20,518
/home/wxt/work-online-merge-supplement/run-archive/m1-matched-lut-7wqexi/artifacts/work-online-merge-m2-matched-lut-scale-07-r1,32,4,2304,NA,03293b0093d57956b7f1b23f908e173910a32a17e470aba31aa4fb59d26d70e4,6,0.04411764705882353,2304,2208,main,break_even_n4_d32,main,120fa0c30199e54e6e9b5c60d8da40913eae8526640992cc5d4f130bef159775,136,/home/wxt/m1-matched-lut.7wqexi/repo/hw/system/spatz_cluster/cfg/spatz_cluster.default.dram.hjson,NA,YES,clang version 14.0.6 (git@github.com:pulp-platform/llvm-project.git b494f2d8dde88723026db8ec16ac6c7ee1e140ca) | Target: riscv32-unknown-unknown-elf | Thread model: posix,0161a6d567990b4256c8ada322dbe9c4c6e611fb6fe5e198612587f6f4fe7dbd,/home/wxt/m1-matched-lut.7wqexi/repo/install/llvm/bin/clang -DONLINE_MERGE_COUNTER_PROFILE=0 -DONLINE_MERGE_IMPLEMENTATION_SELECT=2 -DONLINE_MERGE_STACK_LOG2=13 -DONLINE_MERGE_TRACE_PROXY=0 -I/home/wxt/m1-matched-lut.7wqexi/repo/sw/spatzBenchmarks/include -I/home/wxt/m1-matched-lut.7wqexi/repo/sw/snRuntime/include -I/home/wxt/m1-matched-lut.7wqexi/repo/sw/snRuntime/vendor -I/home/wxt/m1-matched-lut.7wqexi/repo/sw/snRuntime/../toolchain/riscv-opcodes -I/home/wxt/work-online-merge-supplement/run-archive/m1-matched-lut-7wqexi/artifacts/work-online-merge-m2-matched-lut-scale-07-r1/build/spatzBenchmarks/online_merge_generated/N4_D32_S1_main_R1 -I/home/wxt/m1-matched-lut.7wqexi/repo/sw/spatzBenchmarks/online-softmax-merge  --gcc-toolchain=/home/wxt/m1-matched-lut.7wqexi/repo/install/riscv-gcc -mcpu=snitch -mcmodel=small -ffast-math -fno-builtin-printf -fno-common -falign-loops=16 -ffunction-sections -Wextra -static -mllvm -misched-topdown -menable-experimental-extensions -mno-relax -march=rv32imafdvzfh_xdma_xfquarter -mabi=ilp32d -O3 -g -o CMakeFiles/test-spatzBenchmarks-online-softmax-merge-b2r.dir/online-softmax-merge/main.c.o -c /home/wxt/m1-matched-lut.7wqexi/repo/sw/spatzBenchmarks/online-softmax-merge/main.c,B2R_RVV,A0,memory,4438,YES,96,NA,NO_EXPLICIT_TRANSFER_PHASE,MAIN_PERFORMANCE,pass,PASS,NA,2208,NA,7225d41ad2d1c63376a9fb1ea4e56b3b24a3e97f,False,B2-R,0,2b520e291f54699a86aa919a7fe76b811e31faea66cc9770ec0476f6b772433f,main,DASM_MARKER_ENVELOPE_WITNESS,B2-R,6355,1.107952878059458e-05,32,4,49.6484375,9.900331497192383e-05,100000000,9.900331497192383e-05,2.6089563856230063e-06,False,PASS,low_perturbation,e4c1b06da938ff0ad0c64f313c513bb3e4c7ff8b91f6666dbb67d98f3a124730,18816,0,0,0,32,4,1.0,YES,NA,49.6484375,0,break_even_n4_d32/memory/B2R_RVV/trial-0/simulator.log,0,YES,NA,NA,9.941564849492602e-06,20260811T124812Z_7225d41a_m2-matched-lut-scale-07,16512,NA,0,4342,1,33f066a87e3592e55aa4c78bcc583383243061423e6a790856d5b1be7f593fef,/home/wxt/work-online-merge-supplement/work-artifacts/work-online-merge-low-dasm-simulator-5c2aad2-r1/spatz_cluster.vlt,BREAK_EVEN,NA,0,NA,NA,NA,PASS,NA,PASS,128,b1f002dbeb85c80157958a95d450ce8cce36155e68536d75bde514b601cae4c4,pass,441,131072,0,NA,NA,NA,2026-08-11T13:05:18+00:00,break_even_n4_d32/memory/B2R_RVV/trace-witness/instruction_trace_audit.json,650,2039,1757,120,1812,INDEPENDENT_DASM_WITNESS,6,PASS,NA,PASS,361ff71bcc241b448e49ff6d212d06a13a986e2fad861b0aa0b67e40e7a21d68,/home/wxt/work-online-merge-supplement/work-artifacts/work-online-merge-traced-simulator-088a44d-r1/spatz_cluster.vlt,default,e4c1b06da938ff0ad0c64f313c513bb3e4c7ff8b91f6666dbb67d98f3a124730,0,96,Verilator 5.034 2025-02-24 rev v5.034,4f53cda18c2baa0c0354bb5f9a3ecbe5ed12ab4d8e11ba873c2f11161202b945,,,,,,
/home/wxt/work-online-merge-supplement/run-archive/m1-matched-lut-7wqexi/artifacts/work-online-merge-m2-matched-lut-scale-07-r1,32,4,2304,NA,03293b0093d57956b7f1b23f908e173910a32a17e470aba31aa4fb59d26d70e4,6,0.04411764705882353,2304,2208,main,break_even_n4_d32,main,120fa0c30199e54e6e9b5c60d8da40913eae8526640992cc5d4f130bef159775,136,/home/wxt/m1-matched-lut.7wqexi/repo/hw/system/spatz_cluster/cfg/spatz_cluster.default.dram.hjson,NA,YES,clang version 14.0.6 (git@github.com:pulp-platform/llvm-project.git b494f2d8dde88723026db8ec16ac6c7ee1e140ca) | Target: riscv32-unknown-unknown-elf | Thread model: posix,0161a6d567990b4256c8ada322dbe9c4c6e611fb6fe5e198612587f6f4fe7dbd,/home/wxt/m1-matched-lut.7wqexi/repo/install/llvm/bin/clang -DONLINE_MERGE_COUNTER_PROFILE=0 -DONLINE_MERGE_IMPLEMENTATION_SELECT=2 -DONLINE_MERGE_STACK_LOG2=13 -DONLINE_MERGE_TRACE_PROXY=0 -I/home/wxt/m1-matched-lut.7wqexi/repo/sw/spatzBenchmarks/include -I/home/wxt/m1-matched-lut.7wqexi/repo/sw/snRuntime/include -I/home/wxt/m1-matched-lut.7wqexi/repo/sw/snRuntime/vendor -I/home/wxt/m1-matched-lut.7wqexi/repo/sw/snRuntime/../toolchain/riscv-opcodes -I/home/wxt/work-online-merge-supplement/run-archive/m1-matched-lut-7wqexi/artifacts/work-online-merge-m2-matched-lut-scale-07-r1/build/spatzBenchmarks/online_merge_generated/N4_D32_S1_main_R1 -I/home/wxt/m1-matched-lut.7wqexi/repo/sw/spatzBenchmarks/online-softmax-merge  --gcc-toolchain=/home/wxt/m1-matched-lut.7wqexi/repo/install/riscv-gcc -mcpu=snitch -mcmodel=small -ffast-math -fno-builtin-printf -fno-common -falign-loops=16 -ffunction-sections -Wextra -static -mllvm -misched-topdown -menable-experimental-extensions -mno-relax -march=rv32imafdvzfh_xdma_xfquarter -mabi=ilp32d -O3 -g -o CMakeFiles/test-spatzBenchmarks-online-softmax-merge-b2r.dir/online-softmax-merge/main.c.o -c /home/wxt/m1-matched-lut.7wqexi/repo/sw/spatzBenchmarks/online-softmax-merge/main.c,B2R_RVV,A0,memory,4438,YES,96,NA,NO_EXPLICIT_TRANSFER_PHASE,MAIN_PERFORMANCE,pass,PASS,NA,2208,NA,7225d41ad2d1c63376a9fb1ea4e56b3b24a3e97f,False,B2-R,0,2b520e291f54699a86aa919a7fe76b811e31faea66cc9770ec0476f6b772433f,main,DASM_MARKER_ENVELOPE_WITNESS,B2-R,6355,1.107952878059458e-05,32,4,49.6484375,9.900331497192383e-05,100000000,9.900331497192383e-05,2.6089563856230063e-06,False,PASS,low_perturbation,e4c1b06da938ff0ad0c64f313c513bb3e4c7ff8b91f6666dbb67d98f3a124730,18816,0,0,0,32,4,1.0,YES,NA,49.6484375,0,break_even_n4_d32/memory/B2R_RVV/trial-1/simulator.log,0,YES,NA,NA,9.941564849492602e-06,20260811T124812Z_7225d41a_m2-matched-lut-scale-07,16512,NA,0,4342,1,33f066a87e3592e55aa4c78bcc583383243061423e6a790856d5b1be7f593fef,/home/wxt/work-online-merge-supplement/work-artifacts/work-online-merge-low-dasm-simulator-5c2aad2-r1/spatz_cluster.vlt,BREAK_EVEN,NA,0,NA,NA,NA,PASS,NA,PASS,128,b1f002dbeb85c80157958a95d450ce8cce36155e68536d75bde514b601cae4c4,pass,441,131072,0,NA,NA,NA,2026-08-11T13:07:16+00:00,break_even_n4_d32/memory/B2R_RVV/trace-witness/instruction_trace_audit.json,650,2039,1757,120,1812,INDEPENDENT_DASM_WITNESS,6,PASS,NA,PASS,361ff71bcc241b448e49ff6d212d06a13a986e2fad861b0aa0b67e40e7a21d68,/home/wxt/work-online-merge-supplement/work-artifacts/work-online-merge-traced-simulator-088a44d-r1/spatz_cluster.vlt,default,e4c1b06da938ff0ad0c64f313c513bb3e4c7ff8b91f6666dbb67d98f3a124730,1,96,Verilator 5.034 2025-02-24 rev v5.034,4f53cda18c2baa0c0354bb5f9a3ecbe5ed12ab4d8e11ba873c2f11161202b945,,,,,,
/home/wxt/work-online-merge-supplement/run-archive/m1-matched-lut-7wqexi/artifacts/work-online-merge-m2-matched-lut-scale-07-r1,32,4,2304,NA,03293b0093d57956b7f1b23f908e173910a32a17e470aba31aa4fb59d26d70e4,6,0.04411764705882353,2304,2208,main,break_even_n4_d32,main,120fa0c30199e54e6e9b5c60d8da40913eae8526640992cc5d4f130bef159775,136,/home/wxt/m1-matched-lut.7wqexi/repo/hw/system/spatz_cluster/cfg/spatz_cluster.default.dram.hjson,NA,YES,clang version 14.0.6 (git@github.com:pulp-platform/llvm-project.git b494f2d8dde88723026db8ec16ac6c7ee1e140ca) | Target: riscv32-unknown-unknown-elf | Thread model: posix,0161a6d567990b4256c8ada322dbe9c4c6e611fb6fe5e198612587f6f4fe7dbd,/home/wxt/m1-matched-lut.7wqexi/repo/install/llvm/bin/clang -DONLINE_MERGE_COUNTER_PROFILE=0 -DONLINE_MERGE_IMPLEMENTATION_SELECT=2 -DONLINE_MERGE_STACK_LOG2=13 -DONLINE_MERGE_TRACE_PROXY=0 -I/home/wxt/m1-matched-lut.7wqexi/repo/sw/spatzBenchmarks/include -I/home/wxt/m1-matched-lut.7wqexi/repo/sw/snRuntime/include -I/home/wxt/m1-matched-lut.7wqexi/repo/sw/snRuntime/vendor -I/home/wxt/m1-matched-lut.7wqexi/repo/sw/snRuntime/../toolchain/riscv-opcodes -I/home/wxt/work-online-merge-supplement/run-archive/m1-matched-lut-7wqexi/artifacts/work-online-merge-m2-matched-lut-scale-07-r1/build/spatzBenchmarks/online_merge_generated/N4_D32_S1_main_R1 -I/home/wxt/m1-matched-lut.7wqexi/repo/sw/spatzBenchmarks/online-softmax-merge  --gcc-toolchain=/home/wxt/m1-matched-lut.7wqexi/repo/install/riscv-gcc -mcpu=snitch -mcmodel=small -ffast-math -fno-builtin-printf -fno-common -falign-loops=16 -ffunction-sections -Wextra -static -mllvm -misched-topdown -menable-experimental-extensions -mno-relax -march=rv32imafdvzfh_xdma_xfquarter -mabi=ilp32d -O3 -g -o CMakeFiles/test-spatzBenchmarks-online-softmax-merge-b2r.dir/online-softmax-merge/main.c.o -c /home/wxt/m1-matched-lut.7wqexi/repo/sw/spatzBenchmarks/online-softmax-merge/main.c,B2R_RVV,A0,memory,4438,YES,96,NA,NO_EXPLICIT_TRANSFER_PHASE,MAIN_PERFORMANCE,pass,PASS,NA,2208,NA,7225d41ad2d1c63376a9fb1ea4e56b3b24a3e97f,False,B2-R,0,2b520e291f54699a86aa919a7fe76b811e31faea66cc9770ec0476f6b772433f,main,DASM_MARKER_ENVELOPE_WITNESS,B2-R,6355,1.107952878059458e-05,32,4,49.6484375,9.900331497192383e-05,100000000,9.900331497192383e-05,2.6089563856230063e-06,False,PASS,low_perturbation,e4c1b06da938ff0ad0c64f313c513bb3e4c7ff8b91f6666dbb67d98f3a124730,18816,0,0,0,32,4,1.0,YES,NA,49.6484375,0,break_even_n4_d32/memory/B2R_RVV/trial-2/simulator.log,0,YES,NA,NA,9.941564849492602e-06,20260811T124812Z_7225d41a_m2-matched-lut-scale-07,16512,NA,0,4342,1,33f066a87e3592e55aa4c78bcc583383243061423e6a790856d5b1be7f593fef,/home/wxt/work-online-merge-supplement/work-artifacts/work-online-merge-low-dasm-simulator-5c2aad2-r1/spatz_cluster.vlt,BREAK_EVEN,NA,0,NA,NA,NA,PASS,NA,PASS,128,b1f002dbeb85c80157958a95d450ce8cce36155e68536d75bde514b601cae4c4,pass,441,131072,0,NA,NA,NA,2026-08-11T13:09:24+00:00,break_even_n4_d32/memory/B2R_RVV/trace-witness/instruction_trace_audit.json,650,2039,1757,120,1812,INDEPENDENT_DASM_WITNESS,6,PASS,NA,PASS,361ff71bcc241b448e49ff6d212d06a13a986e2fad861b0aa0b67e40e7a21d68,/home/wxt/work-online-merge-supplement/work-artifacts/work-online-merge-traced-simulator-088a44d-r1/spatz_cluster.vlt,default,e4c1b06da938ff0ad0c64f313c513bb3e4c7ff8b91f6666dbb67d98f3a124730,2,96,Verilator 5.034 2025-02-24 rev v5.034,4f53cda18c2baa0c0354bb5f9a3ecbe5ed12ab4d8e11ba873c2f11161202b945,,,,,,
/home/wxt/work-online-merge-supplement/run-archive/m1-matched-lut-7wqexi/artifacts/work-online-merge-m2-matched-lut-scale-07-r1,32,4,2304,NA,2dd965ae761f2575b4de6661ecddfb697fddb9d5907711c8c02319e2328a158a,6,0.04411764705882353,2304,2208,main,break_even_n4_d32,main,120fa0c30199e54e6e9b5c60d8da40913eae8526640992cc5d4f130bef159775,136,/home/wxt/m1-matched-lut.7wqexi/repo/hw/system/spatz_cluster/cfg/spatz_cluster.default.dram.hjson,1957,YES,clang version 14.0.6 (git@github.com:pulp-platform/llvm-project.git b494f2d8dde88723026db8ec16ac6c7ee1e140ca) | Target: riscv32-unknown-unknown-elf | Thread model: posix,0161a6d567990b4256c8ada322dbe9c4c6e611fb6fe5e198612587f6f4fe7dbd,/home/wxt/m1-matched-lut.7wqexi/repo/install/llvm/bin/clang -DONLINE_MERGE_COUNTER_PROFILE=0 -DONLINE_MERGE_IMPLEMENTATION_SELECT=4 -DONLINE_MERGE_STACK_LOG2=13 -DONLINE_MERGE_TRACE_PROXY=0 -I/home/wxt/m1-matched-lut.7wqexi/repo/sw/spatzBenchmarks/include -I/home/wxt/m1-matched-lut.7wqexi/repo/sw/snRuntime/include -I/home/wxt/m1-matched-lut.7wqexi/repo/sw/snRuntime/vendor -I/home/wxt/m1-matched-lut.7wqexi/repo/sw/snRuntime/../toolchain/riscv-opcodes -I/home/wxt/work-online-merge-supplement/run-archive/m1-matched-lut-7wqexi/artifacts/work-online-merge-m2-matched-lut-scale-07-r1/build/spatzBenchmarks/online_merge_generated/N4_D32_S1_main_R1 -I/home/wxt/m1-matched-lut.7wqexi/repo/sw/spatzBenchmarks/online-softmax-merge  --gcc-toolchain=/home/wxt/m1-matched-lut.7wqexi/repo/install/riscv-gcc -mcpu=snitch -mcmodel=small -ffast-math -fno-builtin-printf -fno-common -falign-loops=16 -ffunction-sections -Wextra -static -mllvm -misched-topdown -menable-experimental-extensions -mno-relax -march=rv32imafdvzfh_xdma_xfquarter -mabi=ilp32d -O3 -g -o CMakeFiles/test-spatzBenchmarks-online-softmax-merge-a1.dir/online-softmax-merge/main.c.o -c /home/wxt/m1-matched-lut.7wqexi/repo/sw/spatzBenchmarks/online-softmax-merge/main.c,A1_SMU_SCALAR,NA,memory,NA,NO,NA,NA,NO_EXPLICIT_TRANSFER_PHASE,MAIN_PERFORMANCE,pass,PASS,NA,2208,PASS,7225d41ad2d1c63376a9fb1ea4e56b3b24a3e97f,False,A1,0,2b520e291f54699a86aa919a7fe76b811e31faea66cc9770ec0476f6b772433f,main,NA,A1,2053,1.107952878059458e-05,32,4,16.0390625,9.900331497192383e-05,100000000,9.900331497192383e-05,2.6089563856230063e-06,False,PASS,low_perturbation,a142367429b51f5a6fb570a5aea4abf1b963bc42b28143ef3a62d1947cd8ff56,18816,0,0,0,32,4,1.0,YES,NA,16.0390625,0,break_even_n4_d32/memory/A1_SMU_SCALAR/trial-0/simulator.log,0,YES,NA,NA,9.941564849492602e-06,20260811T124812Z_7225d41a_m2-matched-lut-scale-07,16512,630,1,NA,1,33f066a87e3592e55aa4c78bcc583383243061423e6a790856d5b1be7f593fef,/home/wxt/work-online-merge-supplement/work-artifacts/work-online-merge-low-dasm-simulator-5c2aad2-r1/spatz_cluster.vlt,BREAK_EVEN,96,1,1423,NA,NA,PASS,NA,PASS,128,c2846ea8e34bde880c2964a1e10b868f1b8aedf5323fe18095acce98da7d176e,pass,647,131072,0,NA,NA,NA,2026-08-11T13:11:25+00:00,NA,NA,NA,NA,NA,NA,NA,NA,NA,NA,NA,NA,NA,NA,NA,0,NA,Verilator 5.034 2025-02-24 rev v5.034,4f53cda18c2baa0c0354bb5f9a3ecbe5ed12ab4d8e11ba873c2f11161202b945,4,4,52,1,36,0
/home/wxt/work-online-merge-supplement/run-archive/m1-matched-lut-7wqexi/artifacts/work-online-merge-m2-matched-lut-scale-07-r1,32,4,2304,NA,2dd965ae761f2575b4de6661ecddfb697fddb9d5907711c8c02319e2328a158a,6,0.04411764705882353,2304,2208,main,break_even_n4_d32,main,120fa0c30199e54e6e9b5c60d8da40913eae8526640992cc5d4f130bef159775,136,/home/wxt/m1-matched-lut.7wqexi/repo/hw/system/spatz_cluster/cfg/spatz_cluster.default.dram.hjson,1957,YES,clang version 14.0.6 (git@github.com:pulp-platform/llvm-project.git b494f2d8dde88723026db8ec16ac6c7ee1e140ca) | Target: riscv32-unknown-unknown-elf | Thread model: posix,0161a6d567990b4256c8ada322dbe9c4c6e611fb6fe5e198612587f6f4fe7dbd,/home/wxt/m1-matched-lut.7wqexi/repo/install/llvm/bin/clang -DONLINE_MERGE_COUNTER_PROFILE=0 -DONLINE_MERGE_IMPLEMENTATION_SELECT=4 -DONLINE_MERGE_STACK_LOG2=13 -DONLINE_MERGE_TRACE_PROXY=0 -I/home/wxt/m1-matched-lut.7wqexi/repo/sw/spatzBenchmarks/include -I/home/wxt/m1-matched-lut.7wqexi/repo/sw/snRuntime/include -I/home/wxt/m1-matched-lut.7wqexi/repo/sw/snRuntime/vendor -I/home/wxt/m1-matched-lut.7wqexi/repo/sw/snRuntime/../toolchain/riscv-opcodes -I/home/wxt/work-online-merge-supplement/run-archive/m1-matched-lut-7wqexi/artifacts/work-online-merge-m2-matched-lut-scale-07-r1/build/spatzBenchmarks/online_merge_generated/N4_D32_S1_main_R1 -I/home/wxt/m1-matched-lut.7wqexi/repo/sw/spatzBenchmarks/online-softmax-merge  --gcc-toolchain=/home/wxt/m1-matched-lut.7wqexi/repo/install/riscv-gcc -mcpu=snitch -mcmodel=small -ffast-math -fno-builtin-printf -fno-common -falign-loops=16 -ffunction-sections -Wextra -static -mllvm -misched-topdown -menable-experimental-extensions -mno-relax -march=rv32imafdvzfh_xdma_xfquarter -mabi=ilp32d -O3 -g -o CMakeFiles/test-spatzBenchmarks-online-softmax-merge-a1.dir/online-softmax-merge/main.c.o -c /home/wxt/m1-matched-lut.7wqexi/repo/sw/spatzBenchmarks/online-softmax-merge/main.c,A1_SMU_SCALAR,NA,memory,NA,NO,NA,NA,NO_EXPLICIT_TRANSFER_PHASE,MAIN_PERFORMANCE,pass,PASS,NA,2208,PASS,7225d41ad2d1c63376a9fb1ea4e56b3b24a3e97f,False,A1,0,2b520e291f54699a86aa919a7fe76b811e31faea66cc9770ec0476f6b772433f,main,NA,A1,2053,1.107952878059458e-05,32,4,16.0390625,9.900331497192383e-05,100000000,9.900331497192383e-05,2.6089563856230063e-06,False,PASS,low_perturbation,a142367429b51f5a6fb570a5aea4abf1b963bc42b28143ef3a62d1947cd8ff56,18816,0,0,0,32,4,1.0,YES,NA,16.0390625,0,break_even_n4_d32/memory/A1_SMU_SCALAR/trial-1/simulator.log,0,YES,NA,NA,9.941564849492602e-06,20260811T124812Z_7225d41a_m2-matched-lut-scale-07,16512,630,1,NA,1,33f066a87e3592e55aa4c78bcc583383243061423e6a790856d5b1be7f593fef,/home/wxt/work-online-merge-supplement/work-artifacts/work-online-merge-low-dasm-simulator-5c2aad2-r1/spatz_cluster.vlt,BREAK_EVEN,96,1,1423,NA,NA,PASS,NA,PASS,128,c2846ea8e34bde880c2964a1e10b868f1b8aedf5323fe18095acce98da7d176e,pass,647,131072,0,NA,NA,NA,2026-08-11T13:13:23+00:00,NA,NA,NA,NA,NA,NA,NA,NA,NA,NA,NA,NA,NA,NA,NA,1,NA,Verilator 5.034 2025-02-24 rev v5.034,4f53cda18c2baa0c0354bb5f9a3ecbe5ed12ab4d8e11ba873c2f11161202b945,4,4,52,1,36,0
/home/wxt/work-online-merge-supplement/run-archive/m1-matched-lut-7wqexi/artifacts/work-online-merge-m2-matched-lut-scale-07-r1,32,4,2304,NA,2dd965ae761f2575b4de6661ecddfb697fddb9d5907711c8c02319e2328a158a,6,0.04411764705882353,2304,2208,main,break_even_n4_d32,main,120fa0c30199e54e6e9b5c60d8da40913eae8526640992cc5d4f130bef159775,136,/home/wxt/m1-matched-lut.7wqexi/repo/hw/system/spatz_cluster/cfg/spatz_cluster.default.dram.hjson,1957,YES,clang version 14.0.6 (git@github.com:pulp-platform/llvm-project.git b494f2d8dde88723026db8ec16ac6c7ee1e140ca) | Target: riscv32-unknown-unknown-elf | Thread model: posix,0161a6d567990b4256c8ada322dbe9c4c6e611fb6fe5e198612587f6f4fe7dbd,/home/wxt/m1-matched-lut.7wqexi/repo/install/llvm/bin/clang -DONLINE_MERGE_COUNTER_PROFILE=0 -DONLINE_MERGE_IMPLEMENTATION_SELECT=4 -DONLINE_MERGE_STACK_LOG2=13 -DONLINE_MERGE_TRACE_PROXY=0 -I/home/wxt/m1-matched-lut.7wqexi/repo/sw/spatzBenchmarks/include -I/home/wxt/m1-matched-lut.7wqexi/repo/sw/snRuntime/include -I/home/wxt/m1-matched-lut.7wqexi/repo/sw/snRuntime/vendor -I/home/wxt/m1-matched-lut.7wqexi/repo/sw/snRuntime/../toolchain/riscv-opcodes -I/home/wxt/work-online-merge-supplement/run-archive/m1-matched-lut-7wqexi/artifacts/work-online-merge-m2-matched-lut-scale-07-r1/build/spatzBenchmarks/online_merge_generated/N4_D32_S1_main_R1 -I/home/wxt/m1-matched-lut.7wqexi/repo/sw/spatzBenchmarks/online-softmax-merge  --gcc-toolchain=/home/wxt/m1-matched-lut.7wqexi/repo/install/riscv-gcc -mcpu=snitch -mcmodel=small -ffast-math -fno-builtin-printf -fno-common -falign-loops=16 -ffunction-sections -Wextra -static -mllvm -misched-topdown -menable-experimental-extensions -mno-relax -march=rv32imafdvzfh_xdma_xfquarter -mabi=ilp32d -O3 -g -o CMakeFiles/test-spatzBenchmarks-online-softmax-merge-a1.dir/online-softmax-merge/main.c.o -c /home/wxt/m1-matched-lut.7wqexi/repo/sw/spatzBenchmarks/online-softmax-merge/main.c,A1_SMU_SCALAR,NA,memory,NA,NO,NA,NA,NO_EXPLICIT_TRANSFER_PHASE,MAIN_PERFORMANCE,pass,PASS,NA,2208,PASS,7225d41ad2d1c63376a9fb1ea4e56b3b24a3e97f,False,A1,0,2b520e291f54699a86aa919a7fe76b811e31faea66cc9770ec0476f6b772433f,main,NA,A1,2053,1.107952878059458e-05,32,4,16.0390625,9.900331497192383e-05,100000000,9.900331497192383e-05,2.6089563856230063e-06,False,PASS,low_perturbation,a142367429b51f5a6fb570a5aea4abf1b963bc42b28143ef3a62d1947cd8ff56,18816,0,0,0,32,4,1.0,YES,NA,16.0390625,0,break_even_n4_d32/memory/A1_SMU_SCALAR/trial-2/simulator.log,0,YES,NA,NA,9.941564849492602e-06,20260811T124812Z_7225d41a_m2-matched-lut-scale-07,16512,630,1,NA,1,33f066a87e3592e55aa4c78bcc583383243061423e6a790856d5b1be7f593fef,/home/wxt/work-online-merge-supplement/work-artifacts/work-online-merge-low-dasm-simulator-5c2aad2-r1/spatz_cluster.vlt,BREAK_EVEN,96,1,1423,NA,NA,PASS,NA,PASS,128,c2846ea8e34bde880c2964a1e10b868f1b8aedf5323fe18095acce98da7d176e,pass,647,131072,0,NA,NA,NA,2026-08-11T13:15:03+00:00,NA,NA,NA,NA,NA,NA,NA,NA,NA,NA,NA,NA,NA,NA,NA,2,NA,Verilator 5.034 2025-02-24 rev v5.034,4f53cda18c2baa0c0354bb5f9a3ecbe5ed12ab4d8e11ba873c2f11161202b945,4,4,52,1,36,0
/home/wxt/work-online-merge-supplement/run-archive/m1-matched-lut-7wqexi/artifacts/work-online-merge-m2-matched-lut-scale-07-r1,32,4,2304,NA,34b75d9abf458681506067c21530f23f7e2bbf4a41e215a648a38a21156d9876,7,0.051470588235294115,2304,2208,main,break_even_n4_d32,main,120fa0c30199e54e6e9b5c60d8da40913eae8526640992cc5d4f130bef159775,136,/home/wxt/m1-matched-lut.7wqexi/repo/hw/system/spatz_cluster/cfg/spatz_cluster.default.dram.hjson,1267,YES,clang version 14.0.6 (git@github.com:pulp-platform/llvm-project.git b494f2d8dde88723026db8ec16ac6c7ee1e140ca) | Target: riscv32-unknown-unknown-elf | Thread model: posix,0161a6d567990b4256c8ada322dbe9c4c6e611fb6fe5e198612587f6f4fe7dbd,/home/wxt/m1-matched-lut.7wqexi/repo/install/llvm/bin/clang -DONLINE_MERGE_COUNTER_PROFILE=0 -DONLINE_MERGE_IMPLEMENTATION_SELECT=3 -DONLINE_MERGE_STACK_LOG2=13 -DONLINE_MERGE_TRACE_PROXY=0 -I/home/wxt/m1-matched-lut.7wqexi/repo/sw/spatzBenchmarks/include -I/home/wxt/m1-matched-lut.7wqexi/repo/sw/snRuntime/include -I/home/wxt/m1-matched-lut.7wqexi/repo/sw/snRuntime/vendor -I/home/wxt/m1-matched-lut.7wqexi/repo/sw/snRuntime/../toolchain/riscv-opcodes -I/home/wxt/work-online-merge-supplement/run-archive/m1-matched-lut-7wqexi/artifacts/work-online-merge-m2-matched-lut-scale-07-r1/build/spatzBenchmarks/online_merge_generated/N4_D32_S1_main_R1 -I/home/wxt/m1-matched-lut.7wqexi/repo/sw/spatzBenchmarks/online-softmax-merge  --gcc-toolchain=/home/wxt/m1-matched-lut.7wqexi/repo/install/riscv-gcc -mcpu=snitch -mcmodel=small -ffast-math -fno-builtin-printf -fno-common -falign-loops=16 -ffunction-sections -Wextra -static -mllvm -misched-topdown -menable-experimental-extensions -mno-relax -march=rv32imafdvzfh_xdma_xfquarter -mabi=ilp32d -O3 -g -o CMakeFiles/test-spatzBenchmarks-online-softmax-merge-a2.dir/online-softmax-merge/main.c.o -c /home/wxt/m1-matched-lut.7wqexi/repo/sw/spatzBenchmarks/online-softmax-merge/main.c,A2_SMU_FULL,A2,memory,NA,NO,NA,NA,NO_EXPLICIT_TRANSFER_PHASE,MAIN_PERFORMANCE,pass,PASS,NA,2208,PASS,7225d41ad2d1c63376a9fb1ea4e56b3b24a3e97f,False,B3,0,2b520e291f54699a86aa919a7fe76b811e31faea66cc9770ec0476f6b772433f,main,NA,B3,2378,1.1079883845606094e-05,32,4,18.578125,9.900331497192383e-05,100000000,9.900331497192383e-05,2.61535238036338e-06,False,PASS,low_perturbation,da8161d5701803e5e01ffce1453afb715e228033e4dc79823b1d904d86fef78f,18816,0,0,0,32,4,1.0,YES,NA,18.578125,0,break_even_n4_d32/memory/A2_SMU_FULL/trial-0/simulator.log,0,YES,NA,NA,9.941883446240501e-06,20260811T124812Z_7225d41a_m2-matched-lut-scale-07,16512,NA,1,NA,1,33f066a87e3592e55aa4c78bcc583383243061423e6a790856d5b1be7f593fef,/home/wxt/work-online-merge-supplement/work-artifacts/work-online-merge-low-dasm-simulator-5c2aad2-r1/spatz_cluster.vlt,BREAK_EVEN,1111,1,NA,NA,NA,PASS,NA,PASS,128,9ba34c98f5e34c283523f8358766657587652b5f58b8a9f3a003dd84a58bad36,pass,971,131072,7,NA,NA,NA,2026-08-11T13:17:24+00:00,NA,NA,NA,NA,NA,NA,NA,NA,NA,NA,NA,NA,NA,NA,NA,0,NA,Verilator 5.034 2025-02-24 rev v5.034,4f53cda18c2baa0c0354bb5f9a3ecbe5ed12ab4d8e11ba873c2f11161202b945,4,4,52,1,20,1031
/home/wxt/work-online-merge-supplement/run-archive/m1-matched-lut-7wqexi/artifacts/work-online-merge-m2-matched-lut-scale-07-r1,32,4,2304,NA,34b75d9abf458681506067c21530f23f7e2bbf4a41e215a648a38a21156d9876,7,0.051470588235294115,2304,2208,main,break_even_n4_d32,main,120fa0c30199e54e6e9b5c60d8da40913eae8526640992cc5d4f130bef159775,136,/home/wxt/m1-matched-lut.7wqexi/repo/hw/system/spatz_cluster/cfg/spatz_cluster.default.dram.hjson,1267,YES,clang version 14.0.6 (git@github.com:pulp-platform/llvm-project.git b494f2d8dde88723026db8ec16ac6c7ee1e140ca) | Target: riscv32-unknown-unknown-elf | Thread model: posix,0161a6d567990b4256c8ada322dbe9c4c6e611fb6fe5e198612587f6f4fe7dbd,/home/wxt/m1-matched-lut.7wqexi/repo/install/llvm/bin/clang -DONLINE_MERGE_COUNTER_PROFILE=0 -DONLINE_MERGE_IMPLEMENTATION_SELECT=3 -DONLINE_MERGE_STACK_LOG2=13 -DONLINE_MERGE_TRACE_PROXY=0 -I/home/wxt/m1-matched-lut.7wqexi/repo/sw/spatzBenchmarks/include -I/home/wxt/m1-matched-lut.7wqexi/repo/sw/snRuntime/include -I/home/wxt/m1-matched-lut.7wqexi/repo/sw/snRuntime/vendor -I/home/wxt/m1-matched-lut.7wqexi/repo/sw/snRuntime/../toolchain/riscv-opcodes -I/home/wxt/work-online-merge-supplement/run-archive/m1-matched-lut-7wqexi/artifacts/work-online-merge-m2-matched-lut-scale-07-r1/build/spatzBenchmarks/online_merge_generated/N4_D32_S1_main_R1 -I/home/wxt/m1-matched-lut.7wqexi/repo/sw/spatzBenchmarks/online-softmax-merge  --gcc-toolchain=/home/wxt/m1-matched-lut.7wqexi/repo/install/riscv-gcc -mcpu=snitch -mcmodel=small -ffast-math -fno-builtin-printf -fno-common -falign-loops=16 -ffunction-sections -Wextra -static -mllvm -misched-topdown -menable-experimental-extensions -mno-relax -march=rv32imafdvzfh_xdma_xfquarter -mabi=ilp32d -O3 -g -o CMakeFiles/test-spatzBenchmarks-online-softmax-merge-a2.dir/online-softmax-merge/main.c.o -c /home/wxt/m1-matched-lut.7wqexi/repo/sw/spatzBenchmarks/online-softmax-merge/main.c,A2_SMU_FULL,A2,memory,NA,NO,NA,NA,NO_EXPLICIT_TRANSFER_PHASE,MAIN_PERFORMANCE,pass,PASS,NA,2208,PASS,7225d41ad2d1c63376a9fb1ea4e56b3b24a3e97f,False,B3,0,2b520e291f54699a86aa919a7fe76b811e31faea66cc9770ec0476f6b772433f,main,NA,B3,2378,1.1079883845606094e-05,32,4,18.578125,9.900331497192383e-05,100000000,9.900331497192383e-05,2.61535238036338e-06,False,PASS,low_perturbation,da8161d5701803e5e01ffce1453afb715e228033e4dc79823b1d904d86fef78f,18816,0,0,0,32,4,1.0,YES,NA,18.578125,0,break_even_n4_d32/memory/A2_SMU_FULL/trial-1/simulator.log,0,YES,NA,NA,9.941883446240501e-06,20260811T124812Z_7225d41a_m2-matched-lut-scale-07,16512,NA,1,NA,1,33f066a87e3592e55aa4c78bcc583383243061423e6a790856d5b1be7f593fef,/home/wxt/work-online-merge-supplement/work-artifacts/work-online-merge-low-dasm-simulator-5c2aad2-r1/spatz_cluster.vlt,BREAK_EVEN,1111,1,NA,NA,NA,PASS,NA,PASS,128,9ba34c98f5e34c283523f8358766657587652b5f58b8a9f3a003dd84a58bad36,pass,971,131072,7,NA,NA,NA,2026-08-11T13:19:29+00:00,NA,NA,NA,NA,NA,NA,NA,NA,NA,NA,NA,NA,NA,NA,NA,1,NA,Verilator 5.034 2025-02-24 rev v5.034,4f53cda18c2baa0c0354bb5f9a3ecbe5ed12ab4d8e11ba873c2f11161202b945,4,4,52,1,20,1031
/home/wxt/work-online-merge-supplement/run-archive/m1-matched-lut-7wqexi/artifacts/work-online-merge-m2-matched-lut-scale-07-r1,32,4,2304,NA,34b75d9abf458681506067c21530f23f7e2bbf4a41e215a648a38a21156d9876,7,0.051470588235294115,2304,2208,main,break_even_n4_d32,main,120fa0c30199e54e6e9b5c60d8da40913eae8526640992cc5d4f130bef159775,136,/home/wxt/m1-matched-lut.7wqexi/repo/hw/system/spatz_cluster/cfg/spatz_cluster.default.dram.hjson,1267,YES,clang version 14.0.6 (git@github.com:pulp-platform/llvm-project.git b494f2d8dde88723026db8ec16ac6c7ee1e140ca) | Target: riscv32-unknown-unknown-elf | Thread model: posix,0161a6d567990b4256c8ada322dbe9c4c6e611fb6fe5e198612587f6f4fe7dbd,/home/wxt/m1-matched-lut.7wqexi/repo/install/llvm/bin/clang -DONLINE_MERGE_COUNTER_PROFILE=0 -DONLINE_MERGE_IMPLEMENTATION_SELECT=3 -DONLINE_MERGE_STACK_LOG2=13 -DONLINE_MERGE_TRACE_PROXY=0 -I/home/wxt/m1-matched-lut.7wqexi/repo/sw/spatzBenchmarks/include -I/home/wxt/m1-matched-lut.7wqexi/repo/sw/snRuntime/include -I/home/wxt/m1-matched-lut.7wqexi/repo/sw/snRuntime/vendor -I/home/wxt/m1-matched-lut.7wqexi/repo/sw/snRuntime/../toolchain/riscv-opcodes -I/home/wxt/work-online-merge-supplement/run-archive/m1-matched-lut-7wqexi/artifacts/work-online-merge-m2-matched-lut-scale-07-r1/build/spatzBenchmarks/online_merge_generated/N4_D32_S1_main_R1 -I/home/wxt/m1-matched-lut.7wqexi/repo/sw/spatzBenchmarks/online-softmax-merge  --gcc-toolchain=/home/wxt/m1-matched-lut.7wqexi/repo/install/riscv-gcc -mcpu=snitch -mcmodel=small -ffast-math -fno-builtin-printf -fno-common -falign-loops=16 -ffunction-sections -Wextra -static -mllvm -misched-topdown -menable-experimental-extensions -mno-relax -march=rv32imafdvzfh_xdma_xfquarter -mabi=ilp32d -O3 -g -o CMakeFiles/test-spatzBenchmarks-online-softmax-merge-a2.dir/online-softmax-merge/main.c.o -c /home/wxt/m1-matched-lut.7wqexi/repo/sw/spatzBenchmarks/online-softmax-merge/main.c,A2_SMU_FULL,A2,memory,NA,NO,NA,NA,NO_EXPLICIT_TRANSFER_PHASE,MAIN_PERFORMANCE,pass,PASS,NA,2208,PASS,7225d41ad2d1c63376a9fb1ea4e56b3b24a3e97f,False,B3,0,2b520e291f54699a86aa919a7fe76b811e31faea66cc9770ec0476f6b772433f,main,NA,B3,2378,1.1079883845606094e-05,32,4,18.578125,9.900331497192383e-05,100000000,9.900331497192383e-05,2.61535238036338e-06,False,PASS,low_perturbation,da8161d5701803e5e01ffce1453afb715e228033e4dc79823b1d904d86fef78f,18816,0,0,0,32,4,1.0,YES,NA,18.578125,0,break_even_n4_d32/memory/A2_SMU_FULL/trial-2/simulator.log,0,YES,NA,NA,9.941883446240501e-06,20260811T124812Z_7225d41a_m2-matched-lut-scale-07,16512,NA,1,NA,1,33f066a87e3592e55aa4c78bcc583383243061423e6a790856d5b1be7f593fef,/home/wxt/work-online-merge-supplement/work-artifacts/work-online-merge-low-dasm-simulator-5c2aad2-r1/spatz_cluster.vlt,BREAK_EVEN,1111,1,NA,NA,NA,PASS,NA,PASS,128,9ba34c98f5e34c283523f8358766657587652b5f58b8a9f3a003dd84a58bad36,pass,971,131072,7,NA,NA,NA,2026-08-11T13:21:33+00:00,NA,NA,NA,NA,NA,NA,NA,NA,NA,NA,NA,NA,NA,NA,NA,2,NA,Verilator 5.034 2025-02-24 rev v5.034,4f53cda18c2baa0c0354bb5f9a3ecbe5ed12ab4d8e11ba873c2f11161202b945,4,4,52,1,20,1031
/home/wxt/work-online-merge-supplement/run-archive/m1-matched-lut-7wqexi/artifacts/work-online-merge-m2-matched-lut-models-r1,64,12,12800,NA,8ea969cde136573c52e60ab166a3c209b4a2153bf5ae2761a14d29484a4c1f78,17,0.021464646464646464,12800,12768,main,model_bert_base_heads,main,120fa0c30199e54e6e9b5c60d8da40913eae8526640992cc5d4f130bef159775,792,/home/wxt/m1-matched-lut.7wqexi/repo/hw/system/spatz_cluster/cfg/spatz_cluster.default.dram.hjson,NA,YES,clang version 14.0.6 (git@github.com:pulp-platform/llvm-project.git b494f2d8dde88723026db8ec16ac6c7ee1e140ca) | Target: riscv32-unknown-unknown-elf | Thread model: posix,8f36df4cdefcab1c585fac30a3d151c162c93c2073adc92ea095bda0fcbdfda9,/home/wxt/m1-matched-lut.7wqexi/repo/install/llvm/bin/clang -DONLINE_MERGE_COUNTER_PROFILE=0 -DONLINE_MERGE_IMPLEMENTATION_SELECT=2 -DONLINE_MERGE_STACK_LOG2=13 -DONLINE_MERGE_TRACE_PROXY=0 -I/home/wxt/m1-matched-lut.7wqexi/repo/sw/spatzBenchmarks/include -I/home/wxt/m1-matched-lut.7wqexi/repo/sw/snRuntime/include -I/home/wxt/m1-matched-lut.7wqexi/repo/sw/snRuntime/vendor -I/home/wxt/m1-matched-lut.7wqexi/repo/sw/snRuntime/../toolchain/riscv-opcodes -I/home/wxt/work-online-merge-supplement/run-archive/m1-matched-lut-7wqexi/artifacts/work-online-merge-m2-matched-lut-models-r1/build/spatzBenchmarks/online_merge_generated/N12_D64_S1_main_R1 -I/home/wxt/m1-matched-lut.7wqexi/repo/sw/spatzBenchmarks/online-softmax-merge  --gcc-toolchain=/home/wxt/m1-matched-lut.7wqexi/repo/install/riscv-gcc --gcc-toolchain=/home/wxt/m1-matched-lut.7wqexi/repo/install/riscv-gcc -mcpu=snitch -mcmodel=small -ffast-math -fno-builtin-printf -fno-common -falign-loops=16 -ffunction-sections -Wextra -static -mllvm -misched-topdown -menable-experimental-extensions -mno-relax -march=rv32imafdvzfh_xdma_xfquarter -mabi=ilp32d -O3 -g -o CMakeFiles/test-spatzBenchmarks-online-softmax-merge-b2r.dir/online-softmax-merge/main.c.o -c /home/wxt/m1-matched-lut.7wqexi/repo/sw/spatzBenchmarks/online-softmax-merge/main.c,B2R_RVV,A0,memory,14423,YES,576,NA,NO_EXPLICIT_TRANSFER_PHASE,MODEL_WORKLOAD,pass,PASS,NA,12768,NA,7225d41ad2d1c63376a9fb1ea4e56b3b24a3e97f,False,B2-R,0,9af41c47fe7b5bd7921757cb4afcce02980725f6ca085a830cc73b1b8699802d,main,DASM_MARKER_ENVELOPE_WITNESS,B2-R,19856,1.803163466275774e-05,64,12,25.854166666666668,0.0002593994140625,100000000,5.791646167894499e-05,5.815534457338579e-06,False,PASS,low_perturbation,21981f6c50fb6dc413314d39abb067efac7608f8e92adfb5e75a12b7a7799bce,29312,0,0,0,64,12,1.0,YES,NA,25.854166666666668,0,model_bert_base_heads/memory/B2R_RVV/trial-0/simulator.log,0,YES,NA,NA,1.495144468692969e-05,20260811T124812Z_7225d41a_m2-matched-lut-models,16512,NA,0,13847,1,33f066a87e3592e55aa4c78bcc583383243061423e6a790856d5b1be7f593fef,/home/wxt/work-online-merge-supplement/work-artifacts/work-online-merge-low-dasm-simulator-5c2aad2-r1/spatz_cluster.vlt,MODEL_ENCODER_HEAD_SET,NA,0,NA,NA,NA,PASS,NA,PASS,256,b734c34f6e73718c461f3912dbd4fc9b5c7e6bf483309c1f01f7c05003cfc3bd,pass,1761,131072,0,NA,NA,NA,2026-08-11T12:51:46+00:00,model_bert_base_heads/memory/B2R_RVV/trace-witness/instruction_trace_audit.json,1736,6069,5997,656,5421,INDEPENDENT_DASM_WITNESS,6,PASS,NA,PASS,361ff71bcc241b448e49ff6d212d06a13a986e2fad861b0aa0b67e40e7a21d68,/home/wxt/work-online-merge-supplement/work-artifacts/work-online-merge-traced-simulator-088a44d-r1/spatz_cluster.vlt,default,21981f6c50fb6dc413314d39abb067efac7608f8e92adfb5e75a12b7a7799bce,0,576,Verilator 5.034 2025-02-24 rev v5.034,4f53cda18c2baa0c0354bb5f9a3ecbe5ed12ab4d8e11ba873c2f11161202b945,,,,,,
/home/wxt/work-online-merge-supplement/run-archive/m1-matched-lut-7wqexi/artifacts/work-online-merge-m2-matched-lut-models-r1,64,12,12800,NA,8ea969cde136573c52e60ab166a3c209b4a2153bf5ae2761a14d29484a4c1f78,17,0.021464646464646464,12800,12768,main,model_bert_base_heads,main,120fa0c30199e54e6e9b5c60d8da40913eae8526640992cc5d4f130bef159775,792,/home/wxt/m1-matched-lut.7wqexi/repo/hw/system/spatz_cluster/cfg/spatz_cluster.default.dram.hjson,NA,YES,clang version 14.0.6 (git@github.com:pulp-platform/llvm-project.git b494f2d8dde88723026db8ec16ac6c7ee1e140ca) | Target: riscv32-unknown-unknown-elf | Thread model: posix,8f36df4cdefcab1c585fac30a3d151c162c93c2073adc92ea095bda0fcbdfda9,/home/wxt/m1-matched-lut.7wqexi/repo/install/llvm/bin/clang -DONLINE_MERGE_COUNTER_PROFILE=0 -DONLINE_MERGE_IMPLEMENTATION_SELECT=2 -DONLINE_MERGE_STACK_LOG2=13 -DONLINE_MERGE_TRACE_PROXY=0 -I/home/wxt/m1-matched-lut.7wqexi/repo/sw/spatzBenchmarks/include -I/home/wxt/m1-matched-lut.7wqexi/repo/sw/snRuntime/include -I/home/wxt/m1-matched-lut.7wqexi/repo/sw/snRuntime/vendor -I/home/wxt/m1-matched-lut.7wqexi/repo/sw/snRuntime/../toolchain/riscv-opcodes -I/home/wxt/work-online-merge-supplement/run-archive/m1-matched-lut-7wqexi/artifacts/work-online-merge-m2-matched-lut-models-r1/build/spatzBenchmarks/online_merge_generated/N12_D64_S1_main_R1 -I/home/wxt/m1-matched-lut.7wqexi/repo/sw/spatzBenchmarks/online-softmax-merge  --gcc-toolchain=/home/wxt/m1-matched-lut.7wqexi/repo/install/riscv-gcc --gcc-toolchain=/home/wxt/m1-matched-lut.7wqexi/repo/install/riscv-gcc -mcpu=snitch -mcmodel=small -ffast-math -fno-builtin-printf -fno-common -falign-loops=16 -ffunction-sections -Wextra -static -mllvm -misched-topdown -menable-experimental-extensions -mno-relax -march=rv32imafdvzfh_xdma_xfquarter -mabi=ilp32d -O3 -g -o CMakeFiles/test-spatzBenchmarks-online-softmax-merge-b2r.dir/online-softmax-merge/main.c.o -c /home/wxt/m1-matched-lut.7wqexi/repo/sw/spatzBenchmarks/online-softmax-merge/main.c,B2R_RVV,A0,memory,14423,YES,576,NA,NO_EXPLICIT_TRANSFER_PHASE,MODEL_WORKLOAD,pass,PASS,NA,12768,NA,7225d41ad2d1c63376a9fb1ea4e56b3b24a3e97f,False,B2-R,0,9af41c47fe7b5bd7921757cb4afcce02980725f6ca085a830cc73b1b8699802d,main,DASM_MARKER_ENVELOPE_WITNESS,B2-R,19856,1.803163466275774e-05,64,12,25.854166666666668,0.0002593994140625,100000000,5.791646167894499e-05,5.815534457338579e-06,False,PASS,low_perturbation,21981f6c50fb6dc413314d39abb067efac7608f8e92adfb5e75a12b7a7799bce,29312,0,0,0,64,12,1.0,YES,NA,25.854166666666668,0,model_bert_base_heads/memory/B2R_RVV/trial-1/simulator.log,0,YES,NA,NA,1.495144468692969e-05,20260811T124812Z_7225d41a_m2-matched-lut-models,16512,NA,0,13847,1,33f066a87e3592e55aa4c78bcc583383243061423e6a790856d5b1be7f593fef,/home/wxt/work-online-merge-supplement/work-artifacts/work-online-merge-low-dasm-simulator-5c2aad2-r1/spatz_cluster.vlt,MODEL_ENCODER_HEAD_SET,NA,0,NA,NA,NA,PASS,NA,PASS,256,b734c34f6e73718c461f3912dbd4fc9b5c7e6bf483309c1f01f7c05003cfc3bd,pass,1761,131072,0,NA,NA,NA,2026-08-11T12:54:17+00:00,model_bert_base_heads/memory/B2R_RVV/trace-witness/instruction_trace_audit.json,1736,6069,5997,656,5421,INDEPENDENT_DASM_WITNESS,6,PASS,NA,PASS,361ff71bcc241b448e49ff6d212d06a13a986e2fad861b0aa0b67e40e7a21d68,/home/wxt/work-online-merge-supplement/work-artifacts/work-online-merge-traced-simulator-088a44d-r1/spatz_cluster.vlt,default,21981f6c50fb6dc413314d39abb067efac7608f8e92adfb5e75a12b7a7799bce,1,576,Verilator 5.034 2025-02-24 rev v5.034,4f53cda18c2baa0c0354bb5f9a3ecbe5ed12ab4d8e11ba873c2f11161202b945,,,,,,
/home/wxt/work-online-merge-supplement/run-archive/m1-matched-lut-7wqexi/artifacts/work-online-merge-m2-matched-lut-models-r1,64,12,12800,NA,8ea969cde136573c52e60ab166a3c209b4a2153bf5ae2761a14d29484a4c1f78,17,0.021464646464646464,12800,12768,main,model_bert_base_heads,main,120fa0c30199e54e6e9b5c60d8da40913eae8526640992cc5d4f130bef159775,792,/home/wxt/m1-matched-lut.7wqexi/repo/hw/system/spatz_cluster/cfg/spatz_cluster.default.dram.hjson,NA,YES,clang version 14.0.6 (git@github.com:pulp-platform/llvm-project.git b494f2d8dde88723026db8ec16ac6c7ee1e140ca) | Target: riscv32-unknown-unknown-elf | Thread model: posix,8f36df4cdefcab1c585fac30a3d151c162c93c2073adc92ea095bda0fcbdfda9,/home/wxt/m1-matched-lut.7wqexi/repo/install/llvm/bin/clang -DONLINE_MERGE_COUNTER_PROFILE=0 -DONLINE_MERGE_IMPLEMENTATION_SELECT=2 -DONLINE_MERGE_STACK_LOG2=13 -DONLINE_MERGE_TRACE_PROXY=0 -I/home/wxt/m1-matched-lut.7wqexi/repo/sw/spatzBenchmarks/include -I/home/wxt/m1-matched-lut.7wqexi/repo/sw/snRuntime/include -I/home/wxt/m1-matched-lut.7wqexi/repo/sw/snRuntime/vendor -I/home/wxt/m1-matched-lut.7wqexi/repo/sw/snRuntime/../toolchain/riscv-opcodes -I/home/wxt/work-online-merge-supplement/run-archive/m1-matched-lut-7wqexi/artifacts/work-online-merge-m2-matched-lut-models-r1/build/spatzBenchmarks/online_merge_generated/N12_D64_S1_main_R1 -I/home/wxt/m1-matched-lut.7wqexi/repo/sw/spatzBenchmarks/online-softmax-merge  --gcc-toolchain=/home/wxt/m1-matched-lut.7wqexi/repo/install/riscv-gcc --gcc-toolchain=/home/wxt/m1-matched-lut.7wqexi/repo/install/riscv-gcc -mcpu=snitch -mcmodel=small -ffast-math -fno-builtin-printf -fno-common -falign-loops=16 -ffunction-sections -Wextra -static -mllvm -misched-topdown -menable-experimental-extensions -mno-relax -march=rv32imafdvzfh_xdma_xfquarter -mabi=ilp32d -O3 -g -o CMakeFiles/test-spatzBenchmarks-online-softmax-merge-b2r.dir/online-softmax-merge/main.c.o -c /home/wxt/m1-matched-lut.7wqexi/repo/sw/spatzBenchmarks/online-softmax-merge/main.c,B2R_RVV,A0,memory,14423,YES,576,NA,NO_EXPLICIT_TRANSFER_PHASE,MODEL_WORKLOAD,pass,PASS,NA,12768,NA,7225d41ad2d1c63376a9fb1ea4e56b3b24a3e97f,False,B2-R,0,9af41c47fe7b5bd7921757cb4afcce02980725f6ca085a830cc73b1b8699802d,main,DASM_MARKER_ENVELOPE_WITNESS,B2-R,19856,1.803163466275774e-05,64,12,25.854166666666668,0.0002593994140625,100000000,5.791646167894499e-05,5.815534457338579e-06,False,PASS,low_perturbation,21981f6c50fb6dc413314d39abb067efac7608f8e92adfb5e75a12b7a7799bce,29312,0,0,0,64,12,1.0,YES,NA,25.854166666666668,0,model_bert_base_heads/memory/B2R_RVV/trial-2/simulator.log,0,YES,NA,NA,1.495144468692969e-05,20260811T124812Z_7225d41a_m2-matched-lut-models,16512,NA,0,13847,1,33f066a87e3592e55aa4c78bcc583383243061423e6a790856d5b1be7f593fef,/home/wxt/work-online-merge-supplement/work-artifacts/work-online-merge-low-dasm-simulator-5c2aad2-r1/spatz_cluster.vlt,MODEL_ENCODER_HEAD_SET,NA,0,NA,NA,NA,PASS,NA,PASS,256,b734c34f6e73718c461f3912dbd4fc9b5c7e6bf483309c1f01f7c05003cfc3bd,pass,1761,131072,0,NA,NA,NA,2026-08-11T12:57:00+00:00,model_bert_base_heads/memory/B2R_RVV/trace-witness/instruction_trace_audit.json,1736,6069,5997,656,5421,INDEPENDENT_DASM_WITNESS,6,PASS,NA,PASS,361ff71bcc241b448e49ff6d212d06a13a986e2fad861b0aa0b67e40e7a21d68,/home/wxt/work-online-merge-supplement/work-artifacts/work-online-merge-traced-simulator-088a44d-r1/spatz_cluster.vlt,default,21981f6c50fb6dc413314d39abb067efac7608f8e92adfb5e75a12b7a7799bce,2,576,Verilator 5.034 2025-02-24 rev v5.034,4f53cda18c2baa0c0354bb5f9a3ecbe5ed12ab4d8e11ba873c2f11161202b945,,,,,,
/home/wxt/work-online-merge-supplement/run-archive/m1-matched-lut-7wqexi/artifacts/work-online-merge-m2-matched-lut-models-r1,64,12,12800,NA,830bc1e8a0759300d45bf054120698f6f881363ed247f0c1ed44a456246fffed,17,0.021464646464646464,12800,12768,main,model_bert_base_heads,main,120fa0c30199e54e6e9b5c60d8da40913eae8526640992cc5d4f130bef159775,792,/home/wxt/m1-matched-lut.7wqexi/repo/hw/system/spatz_cluster/cfg/spatz_cluster.default.dram.hjson,3839,YES,clang version 14.0.6 (git@github.com:pulp-platform/llvm-project.git b494f2d8dde88723026db8ec16ac6c7ee1e140ca) | Target: riscv32-unknown-unknown-elf | Thread model: posix,8f36df4cdefcab1c585fac30a3d151c162c93c2073adc92ea095bda0fcbdfda9,/home/wxt/m1-matched-lut.7wqexi/repo/install/llvm/bin/clang -DONLINE_MERGE_COUNTER_PROFILE=0 -DONLINE_MERGE_IMPLEMENTATION_SELECT=4 -DONLINE_MERGE_STACK_LOG2=13 -DONLINE_MERGE_TRACE_PROXY=0 -I/home/wxt/m1-matched-lut.7wqexi/repo/sw/spatzBenchmarks/include -I/home/wxt/m1-matched-lut.7wqexi/repo/sw/snRuntime/include -I/home/wxt/m1-matched-lut.7wqexi/repo/sw/snRuntime/vendor -I/home/wxt/m1-matched-lut.7wqexi/repo/sw/snRuntime/../toolchain/riscv-opcodes -I/home/wxt/work-online-merge-supplement/run-archive/m1-matched-lut-7wqexi/artifacts/work-online-merge-m2-matched-lut-models-r1/build/spatzBenchmarks/online_merge_generated/N12_D64_S1_main_R1 -I/home/wxt/m1-matched-lut.7wqexi/repo/sw/spatzBenchmarks/online-softmax-merge  --gcc-toolchain=/home/wxt/m1-matched-lut.7wqexi/repo/install/riscv-gcc --gcc-toolchain=/home/wxt/m1-matched-lut.7wqexi/repo/install/riscv-gcc -mcpu=snitch -mcmodel=small -ffast-math -fno-builtin-printf -fno-common -falign-loops=16 -ffunction-sections -Wextra -static -mllvm -misched-topdown -menable-experimental-extensions -mno-relax -march=rv32imafdvzfh_xdma_xfquarter -mabi=ilp32d -O3 -g -o CMakeFiles/test-spatzBenchmarks-online-softmax-merge-a1.dir/online-softmax-merge/main.c.o -c /home/wxt/m1-matched-lut.7wqexi/repo/sw/spatzBenchmarks/online-softmax-merge/main.c,A1_SMU_SCALAR,NA,memory,NA,NO,NA,NA,NO_EXPLICIT_TRANSFER_PHASE,MODEL_WORKLOAD,pass,PASS,NA,12768,PASS,7225d41ad2d1c63376a9fb1ea4e56b3b24a3e97f,False,A1,0,9af41c47fe7b5bd7921757cb4afcce02980725f6ca085a830cc73b1b8699802d,main,NA,A1,4128,1.803163466275774e-05,64,12,5.375,0.0002593994140625,100000000,5.791646167894499e-05,5.815534457338579e-06,False,PASS,low_perturbation,208bb4dd2845aaea4cbeeeb2f2965e5cd09f665ef8f11c8c1630bd5cd53112a6,29312,0,0,0,64,12,1.0,YES,NA,5.375,0,model_bert_base_heads/memory/A1_SMU_SCALAR/trial-0/simulator.log,0,YES,NA,NA,1.495144468692969e-05,20260811T124812Z_7225d41a_m2-matched-lut-models,16512,2543,1,NA,1,33f066a87e3592e55aa4c78bcc583383243061423e6a790856d5b1be7f593fef,/home/wxt/work-online-merge-supplement/work-artifacts/work-online-merge-low-dasm-simulator-5c2aad2-r1/spatz_cluster.vlt,MODEL_ENCODER_HEAD_SET,289,1,1585,NA,NA,PASS,NA,PASS,256,c354feaa292e784c8554a7331a8a672eb7d2792fdbf2a301b8ce1c7b6d4eb9d7,pass,1777,131072,1,NA,NA,NA,2026-08-11T13:00:19+00:00,NA,NA,NA,NA,NA,NA,NA,NA,NA,NA,NA,NA,NA,NA,NA,0,NA,Verilator 5.034 2025-02-24 rev v5.034,4f53cda18c2baa0c0354bb5f9a3ecbe5ed12ab4d8e11ba873c2f11161202b945,12,12,156,1,109,0
/home/wxt/work-online-merge-supplement/run-archive/m1-matched-lut-7wqexi/artifacts/work-online-merge-m2-matched-lut-models-r1,64,12,12800,NA,830bc1e8a0759300d45bf054120698f6f881363ed247f0c1ed44a456246fffed,17,0.021464646464646464,12800,12768,main,model_bert_base_heads,main,120fa0c30199e54e6e9b5c60d8da40913eae8526640992cc5d4f130bef159775,792,/home/wxt/m1-matched-lut.7wqexi/repo/hw/system/spatz_cluster/cfg/spatz_cluster.default.dram.hjson,3839,YES,clang version 14.0.6 (git@github.com:pulp-platform/llvm-project.git b494f2d8dde88723026db8ec16ac6c7ee1e140ca) | Target: riscv32-unknown-unknown-elf | Thread model: posix,8f36df4cdefcab1c585fac30a3d151c162c93c2073adc92ea095bda0fcbdfda9,/home/wxt/m1-matched-lut.7wqexi/repo/install/llvm/bin/clang -DONLINE_MERGE_COUNTER_PROFILE=0 -DONLINE_MERGE_IMPLEMENTATION_SELECT=4 -DONLINE_MERGE_STACK_LOG2=13 -DONLINE_MERGE_TRACE_PROXY=0 -I/home/wxt/m1-matched-lut.7wqexi/repo/sw/spatzBenchmarks/include -I/home/wxt/m1-matched-lut.7wqexi/repo/sw/snRuntime/include -I/home/wxt/m1-matched-lut.7wqexi/repo/sw/snRuntime/vendor -I/home/wxt/m1-matched-lut.7wqexi/repo/sw/snRuntime/../toolchain/riscv-opcodes -I/home/wxt/work-online-merge-supplement/run-archive/m1-matched-lut-7wqexi/artifacts/work-online-merge-m2-matched-lut-models-r1/build/spatzBenchmarks/online_merge_generated/N12_D64_S1_main_R1 -I/home/wxt/m1-matched-lut.7wqexi/repo/sw/spatzBenchmarks/online-softmax-merge  --gcc-toolchain=/home/wxt/m1-matched-lut.7wqexi/repo/install/riscv-gcc --gcc-toolchain=/home/wxt/m1-matched-lut.7wqexi/repo/install/riscv-gcc -mcpu=snitch -mcmodel=small -ffast-math -fno-builtin-printf -fno-common -falign-loops=16 -ffunction-sections -Wextra -static -mllvm -misched-topdown -menable-experimental-extensions -mno-relax -march=rv32imafdvzfh_xdma_xfquarter -mabi=ilp32d -O3 -g -o CMakeFiles/test-spatzBenchmarks-online-softmax-merge-a1.dir/online-softmax-merge/main.c.o -c /home/wxt/m1-matched-lut.7wqexi/repo/sw/spatzBenchmarks/online-softmax-merge/main.c,A1_SMU_SCALAR,NA,memory,NA,NO,NA,NA,NO_EXPLICIT_TRANSFER_PHASE,MODEL_WORKLOAD,pass,PASS,NA,12768,PASS,7225d41ad2d1c63376a9fb1ea4e56b3b24a3e97f,False,A1,0,9af41c47fe7b5bd7921757cb4afcce02980725f6ca085a830cc73b1b8699802d,main,NA,A1,4128,1.803163466275774e-05,64,12,5.375,0.0002593994140625,100000000,5.791646167894499e-05,5.815534457338579e-06,False,PASS,low_perturbation,208bb4dd2845aaea4cbeeeb2f2965e5cd09f665ef8f11c8c1630bd5cd53112a6,29312,0,0,0,64,12,1.0,YES,NA,5.375,0,model_bert_base_heads/memory/A1_SMU_SCALAR/trial-1/simulator.log,0,YES,NA,NA,1.495144468692969e-05,20260811T124812Z_7225d41a_m2-matched-lut-models,16512,2543,1,NA,1,33f066a87e3592e55aa4c78bcc583383243061423e6a790856d5b1be7f593fef,/home/wxt/work-online-merge-supplement/work-artifacts/work-online-merge-low-dasm-simulator-5c2aad2-r1/spatz_cluster.vlt,MODEL_ENCODER_HEAD_SET,289,1,1585,NA,NA,PASS,NA,PASS,256,c354feaa292e784c8554a7331a8a672eb7d2792fdbf2a301b8ce1c7b6d4eb9d7,pass,1777,131072,1,NA,NA,NA,2026-08-11T13:03:52+00:00,NA,NA,NA,NA,NA,NA,NA,NA,NA,NA,NA,NA,NA,NA,NA,1,NA,Verilator 5.034 2025-02-24 rev v5.034,4f53cda18c2baa0c0354bb5f9a3ecbe5ed12ab4d8e11ba873c2f11161202b945,12,12,156,1,109,0
/home/wxt/work-online-merge-supplement/run-archive/m1-matched-lut-7wqexi/artifacts/work-online-merge-m2-matched-lut-models-r1,64,12,12800,NA,830bc1e8a0759300d45bf054120698f6f881363ed247f0c1ed44a456246fffed,17,0.021464646464646464,12800,12768,main,model_bert_base_heads,main,120fa0c30199e54e6e9b5c60d8da40913eae8526640992cc5d4f130bef159775,792,/home/wxt/m1-matched-lut.7wqexi/repo/hw/system/spatz_cluster/cfg/spatz_cluster.default.dram.hjson,3839,YES,clang version 14.0.6 (git@github.com:pulp-platform/llvm-project.git b494f2d8dde88723026db8ec16ac6c7ee1e140ca) | Target: riscv32-unknown-unknown-elf | Thread model: posix,8f36df4cdefcab1c585fac30a3d151c162c93c2073adc92ea095bda0fcbdfda9,/home/wxt/m1-matched-lut.7wqexi/repo/install/llvm/bin/clang -DONLINE_MERGE_COUNTER_PROFILE=0 -DONLINE_MERGE_IMPLEMENTATION_SELECT=4 -DONLINE_MERGE_STACK_LOG2=13 -DONLINE_MERGE_TRACE_PROXY=0 -I/home/wxt/m1-matched-lut.7wqexi/repo/sw/spatzBenchmarks/include -I/home/wxt/m1-matched-lut.7wqexi/repo/sw/snRuntime/include -I/home/wxt/m1-matched-lut.7wqexi/repo/sw/snRuntime/vendor -I/home/wxt/m1-matched-lut.7wqexi/repo/sw/snRuntime/../toolchain/riscv-opcodes -I/home/wxt/work-online-merge-supplement/run-archive/m1-matched-lut-7wqexi/artifacts/work-online-merge-m2-matched-lut-models-r1/build/spatzBenchmarks/online_merge_generated/N12_D64_S1_main_R1 -I/home/wxt/m1-matched-lut.7wqexi/repo/sw/spatzBenchmarks/online-softmax-merge  --gcc-toolchain=/home/wxt/m1-matched-lut.7wqexi/repo/install/riscv-gcc --gcc-toolchain=/home/wxt/m1-matched-lut.7wqexi/repo/install/riscv-gcc -mcpu=snitch -mcmodel=small -ffast-math -fno-builtin-printf -fno-common -falign-loops=16 -ffunction-sections -Wextra -static -mllvm -misched-topdown -menable-experimental-extensions -mno-relax -march=rv32imafdvzfh_xdma_xfquarter -mabi=ilp32d -O3 -g -o CMakeFiles/test-spatzBenchmarks-online-softmax-merge-a1.dir/online-softmax-merge/main.c.o -c /home/wxt/m1-matched-lut.7wqexi/repo/sw/spatzBenchmarks/online-softmax-merge/main.c,A1_SMU_SCALAR,NA,memory,NA,NO,NA,NA,NO_EXPLICIT_TRANSFER_PHASE,MODEL_WORKLOAD,pass,PASS,NA,12768,PASS,7225d41ad2d1c63376a9fb1ea4e56b3b24a3e97f,False,A1,0,9af41c47fe7b5bd7921757cb4afcce02980725f6ca085a830cc73b1b8699802d,main,NA,A1,4128,1.803163466275774e-05,64,12,5.375,0.0002593994140625,100000000,5.791646167894499e-05,5.815534457338579e-06,False,PASS,low_perturbation,208bb4dd2845aaea4cbeeeb2f2965e5cd09f665ef8f11c8c1630bd5cd53112a6,29312,0,0,0,64,12,1.0,YES,NA,5.375,0,model_bert_base_heads/memory/A1_SMU_SCALAR/trial-2/simulator.log,0,YES,NA,NA,1.495144468692969e-05,20260811T124812Z_7225d41a_m2-matched-lut-models,16512,2543,1,NA,1,33f066a87e3592e55aa4c78bcc583383243061423e6a790856d5b1be7f593fef,/home/wxt/work-online-merge-supplement/work-artifacts/work-online-merge-low-dasm-simulator-5c2aad2-r1/spatz_cluster.vlt,MODEL_ENCODER_HEAD_SET,289,1,1585,NA,NA,PASS,NA,PASS,256,c354feaa292e784c8554a7331a8a672eb7d2792fdbf2a301b8ce1c7b6d4eb9d7,pass,1777,131072,1,NA,NA,NA,2026-08-11T13:07:53+00:00,NA,NA,NA,NA,NA,NA,NA,NA,NA,NA,NA,NA,NA,NA,NA,2,NA,Verilator 5.034 2025-02-24 rev v5.034,4f53cda18c2baa0c0354bb5f9a3ecbe5ed12ab4d8e11ba873c2f11161202b945,12,12,156,1,109,0
/home/wxt/work-online-merge-supplement/run-archive/m1-matched-lut-7wqexi/artifacts/work-online-merge-m2-matched-lut-models-r1,64,12,12800,NA,a1c535c76c4dc72f16c28ce05c55fc1c75a783614db10ac4fd5e010a93d12b9d,17,0.021464646464646464,12800,12768,main,model_bert_base_heads,main,120fa0c30199e54e6e9b5c60d8da40913eae8526640992cc5d4f130bef159775,792,/home/wxt/m1-matched-lut.7wqexi/repo/hw/system/spatz_cluster/cfg/spatz_cluster.default.dram.hjson,1292,YES,clang version 14.0.6 (git@github.com:pulp-platform/llvm-project.git b494f2d8dde88723026db8ec16ac6c7ee1e140ca) | Target: riscv32-unknown-unknown-elf | Thread model: posix,8f36df4cdefcab1c585fac30a3d151c162c93c2073adc92ea095bda0fcbdfda9,/home/wxt/m1-matched-lut.7wqexi/repo/install/llvm/bin/clang -DONLINE_MERGE_COUNTER_PROFILE=0 -DONLINE_MERGE_IMPLEMENTATION_SELECT=3 -DONLINE_MERGE_STACK_LOG2=13 -DONLINE_MERGE_TRACE_PROXY=0 -I/home/wxt/m1-matched-lut.7wqexi/repo/sw/spatzBenchmarks/include -I/home/wxt/m1-matched-lut.7wqexi/repo/sw/snRuntime/include -I/home/wxt/m1-matched-lut.7wqexi/repo/sw/snRuntime/vendor -I/home/wxt/m1-matched-lut.7wqexi/repo/sw/snRuntime/../toolchain/riscv-opcodes -I/home/wxt/work-online-merge-supplement/run-archive/m1-matched-lut-7wqexi/artifacts/work-online-merge-m2-matched-lut-models-r1/build/spatzBenchmarks/online_merge_generated/N12_D64_S1_main_R1 -I/home/wxt/m1-matched-lut.7wqexi/repo/sw/spatzBenchmarks/online-softmax-merge  --gcc-toolchain=/home/wxt/m1-matched-lut.7wqexi/repo/install/riscv-gcc --gcc-toolchain=/home/wxt/m1-matched-lut.7wqexi/repo/install/riscv-gcc -mcpu=snitch -mcmodel=small -ffast-math -fno-builtin-printf -fno-common -falign-loops=16 -ffunction-sections -Wextra -static -mllvm -misched-topdown -menable-experimental-extensions -mno-relax -march=rv32imafdvzfh_xdma_xfquarter -mabi=ilp32d -O3 -g -o CMakeFiles/test-spatzBenchmarks-online-softmax-merge-a2.dir/online-softmax-merge/main.c.o -c /home/wxt/m1-matched-lut.7wqexi/repo/sw/spatzBenchmarks/online-softmax-merge/main.c,A2_SMU_FULL,A2,memory,NA,NO,NA,NA,NO_EXPLICIT_TRANSFER_PHASE,MODEL_WORKLOAD,pass,PASS,NA,12768,PASS,7225d41ad2d1c63376a9fb1ea4e56b3b24a3e97f,False,B3,0,9af41c47fe7b5bd7921757cb4afcce02980725f6ca085a830cc73b1b8699802d,main,NA,B3,7704,1.8033519695214687e-05,64,12,10.03125,0.0002593994140625,100000000,5.791646167894499e-05,5.815808444914192e-06,False,PASS,low_perturbation,6aafa07cd23fad29ab6fbe78382ca83f61f389d4ce4501431201e1b85815d946,29312,0,0,0,64,12,1.0,YES,NA,10.03125,0,model_bert_base_heads/memory/A2_SMU_FULL/trial-0/simulator.log,0,YES,NA,NA,1.495300771540937e-05,20260811T124812Z_7225d41a_m2-matched-lut-models,16512,NA,1,NA,1,33f066a87e3592e55aa4c78bcc583383243061423e6a790856d5b1be7f593fef,/home/wxt/work-online-merge-supplement/work-artifacts/work-online-merge-low-dasm-simulator-5c2aad2-r1/spatz_cluster.vlt,MODEL_ENCODER_HEAD_SET,6412,1,NA,NA,NA,PASS,NA,PASS,256,5032182c8c39b309a09603a884200b55a3136d02c229b3a89c6ba5789bc28a6e,pass,3913,131072,24,NA,NA,NA,2026-08-11T13:11:27+00:00,NA,NA,NA,NA,NA,NA,NA,NA,NA,NA,NA,NA,NA,NA,NA,0,NA,Verilator 5.034 2025-02-24 rev v5.034,4f53cda18c2baa0c0354bb5f9a3ecbe5ed12ab4d8e11ba873c2f11161202b945,12,12,158,1,60,6170
/home/wxt/work-online-merge-supplement/run-archive/m1-matched-lut-7wqexi/artifacts/work-online-merge-m2-matched-lut-models-r1,64,12,12800,NA,a1c535c76c4dc72f16c28ce05c55fc1c75a783614db10ac4fd5e010a93d12b9d,17,0.021464646464646464,12800,12768,main,model_bert_base_heads,main,120fa0c30199e54e6e9b5c60d8da40913eae8526640992cc5d4f130bef159775,792,/home/wxt/m1-matched-lut.7wqexi/repo/hw/system/spatz_cluster/cfg/spatz_cluster.default.dram.hjson,1292,YES,clang version 14.0.6 (git@github.com:pulp-platform/llvm-project.git b494f2d8dde88723026db8ec16ac6c7ee1e140ca) | Target: riscv32-unknown-unknown-elf | Thread model: posix,8f36df4cdefcab1c585fac30a3d151c162c93c2073adc92ea095bda0fcbdfda9,/home/wxt/m1-matched-lut.7wqexi/repo/install/llvm/bin/clang -DONLINE_MERGE_COUNTER_PROFILE=0 -DONLINE_MERGE_IMPLEMENTATION_SELECT=3 -DONLINE_MERGE_STACK_LOG2=13 -DONLINE_MERGE_TRACE_PROXY=0 -I/home/wxt/m1-matched-lut.7wqexi/repo/sw/spatzBenchmarks/include -I/home/wxt/m1-matched-lut.7wqexi/repo/sw/snRuntime/include -I/home/wxt/m1-matched-lut.7wqexi/repo/sw/snRuntime/vendor -I/home/wxt/m1-matched-lut.7wqexi/repo/sw/snRuntime/../toolchain/riscv-opcodes -I/home/wxt/work-online-merge-supplement/run-archive/m1-matched-lut-7wqexi/artifacts/work-online-merge-m2-matched-lut-models-r1/build/spatzBenchmarks/online_merge_generated/N12_D64_S1_main_R1 -I/home/wxt/m1-matched-lut.7wqexi/repo/sw/spatzBenchmarks/online-softmax-merge  --gcc-toolchain=/home/wxt/m1-matched-lut.7wqexi/repo/install/riscv-gcc --gcc-toolchain=/home/wxt/m1-matched-lut.7wqexi/repo/install/riscv-gcc -mcpu=snitch -mcmodel=small -ffast-math -fno-builtin-printf -fno-common -falign-loops=16 -ffunction-sections -Wextra -static -mllvm -misched-topdown -menable-experimental-extensions -mno-relax -march=rv32imafdvzfh_xdma_xfquarter -mabi=ilp32d -O3 -g -o CMakeFiles/test-spatzBenchmarks-online-softmax-merge-a2.dir/online-softmax-merge/main.c.o -c /home/wxt/m1-matched-lut.7wqexi/repo/sw/spatzBenchmarks/online-softmax-merge/main.c,A2_SMU_FULL,A2,memory,NA,NO,NA,NA,NO_EXPLICIT_TRANSFER_PHASE,MODEL_WORKLOAD,pass,PASS,NA,12768,PASS,7225d41ad2d1c63376a9fb1ea4e56b3b24a3e97f,False,B3,0,9af41c47fe7b5bd7921757cb4afcce02980725f6ca085a830cc73b1b8699802d,main,NA,B3,7704,1.8033519695214687e-05,64,12,10.03125,0.0002593994140625,100000000,5.791646167894499e-05,5.815808444914192e-06,False,PASS,low_perturbation,6aafa07cd23fad29ab6fbe78382ca83f61f389d4ce4501431201e1b85815d946,29312,0,0,0,64,12,1.0,YES,NA,10.03125,0,model_bert_base_heads/memory/A2_SMU_FULL/trial-1/simulator.log,0,YES,NA,NA,1.495300771540937e-05,20260811T124812Z_7225d41a_m2-matched-lut-models,16512,NA,1,NA,1,33f066a87e3592e55aa4c78bcc583383243061423e6a790856d5b1be7f593fef,/home/wxt/work-online-merge-supplement/work-artifacts/work-online-merge-low-dasm-simulator-5c2aad2-r1/spatz_cluster.vlt,MODEL_ENCODER_HEAD_SET,6412,1,NA,NA,NA,PASS,NA,PASS,256,5032182c8c39b309a09603a884200b55a3136d02c229b3a89c6ba5789bc28a6e,pass,3913,131072,24,NA,NA,NA,2026-08-11T13:14:45+00:00,NA,NA,NA,NA,NA,NA,NA,NA,NA,NA,NA,NA,NA,NA,NA,1,NA,Verilator 5.034 2025-02-24 rev v5.034,4f53cda18c2baa0c0354bb5f9a3ecbe5ed12ab4d8e11ba873c2f11161202b945,12,12,158,1,60,6170
/home/wxt/work-online-merge-supplement/run-archive/m1-matched-lut-7wqexi/artifacts/work-online-merge-m2-matched-lut-models-r1,64,12,12800,NA,a1c535c76c4dc72f16c28ce05c55fc1c75a783614db10ac4fd5e010a93d12b9d,17,0.021464646464646464,12800,12768,main,model_bert_base_heads,main,120fa0c30199e54e6e9b5c60d8da40913eae8526640992cc5d4f130bef159775,792,/home/wxt/m1-matched-lut.7wqexi/repo/hw/system/spatz_cluster/cfg/spatz_cluster.default.dram.hjson,1292,YES,clang version 14.0.6 (git@github.com:pulp-platform/llvm-project.git b494f2d8dde88723026db8ec16ac6c7ee1e140ca) | Target: riscv32-unknown-unknown-elf | Thread model: posix,8f36df4cdefcab1c585fac30a3d151c162c93c2073adc92ea095bda0fcbdfda9,/home/wxt/m1-matched-lut.7wqexi/repo/install/llvm/bin/clang -DONLINE_MERGE_COUNTER_PROFILE=0 -DONLINE_MERGE_IMPLEMENTATION_SELECT=3 -DONLINE_MERGE_STACK_LOG2=13 -DONLINE_MERGE_TRACE_PROXY=0 -I/home/wxt/m1-matched-lut.7wqexi/repo/sw/spatzBenchmarks/include -I/home/wxt/m1-matched-lut.7wqexi/repo/sw/snRuntime/include -I/home/wxt/m1-matched-lut.7wqexi/repo/sw/snRuntime/vendor -I/home/wxt/m1-matched-lut.7wqexi/repo/sw/snRuntime/../toolchain/riscv-opcodes -I/home/wxt/work-online-merge-supplement/run-archive/m1-matched-lut-7wqexi/artifacts/work-online-merge-m2-matched-lut-models-r1/build/spatzBenchmarks/online_merge_generated/N12_D64_S1_main_R1 -I/home/wxt/m1-matched-lut.7wqexi/repo/sw/spatzBenchmarks/online-softmax-merge  --gcc-toolchain=/home/wxt/m1-matched-lut.7wqexi/repo/install/riscv-gcc --gcc-toolchain=/home/wxt/m1-matched-lut.7wqexi/repo/install/riscv-gcc -mcpu=snitch -mcmodel=small -ffast-math -fno-builtin-printf -fno-common -falign-loops=16 -ffunction-sections -Wextra -static -mllvm -misched-topdown -menable-experimental-extensions -mno-relax -march=rv32imafdvzfh_xdma_xfquarter -mabi=ilp32d -O3 -g -o CMakeFiles/test-spatzBenchmarks-online-softmax-merge-a2.dir/online-softmax-merge/main.c.o -c /home/wxt/m1-matched-lut.7wqexi/repo/sw/spatzBenchmarks/online-softmax-merge/main.c,A2_SMU_FULL,A2,memory,NA,NO,NA,NA,NO_EXPLICIT_TRANSFER_PHASE,MODEL_WORKLOAD,pass,PASS,NA,12768,PASS,7225d41ad2d1c63376a9fb1ea4e56b3b24a3e97f,False,B3,0,9af41c47fe7b5bd7921757cb4afcce02980725f6ca085a830cc73b1b8699802d,main,NA,B3,7704,1.8033519695214687e-05,64,12,10.03125,0.0002593994140625,100000000,5.791646167894499e-05,5.815808444914192e-06,False,PASS,low_perturbation,6aafa07cd23fad29ab6fbe78382ca83f61f389d4ce4501431201e1b85815d946,29312,0,0,0,64,12,1.0,YES,NA,10.03125,0,model_bert_base_heads/memory/A2_SMU_FULL/trial-2/simulator.log,0,YES,NA,NA,1.495300771540937e-05,20260811T124812Z_7225d41a_m2-matched-lut-models,16512,NA,1,NA,1,33f066a87e3592e55aa4c78bcc583383243061423e6a790856d5b1be7f593fef,/home/wxt/work-online-merge-supplement/work-artifacts/work-online-merge-low-dasm-simulator-5c2aad2-r1/spatz_cluster.vlt,MODEL_ENCODER_HEAD_SET,6412,1,NA,NA,NA,PASS,NA,PASS,256,5032182c8c39b309a09603a884200b55a3136d02c229b3a89c6ba5789bc28a6e,pass,3913,131072,24,NA,NA,NA,2026-08-11T13:18:49+00:00,NA,NA,NA,NA,NA,NA,NA,NA,NA,NA,NA,NA,NA,NA,NA,2,NA,Verilator 5.034 2025-02-24 rev v5.034,4f53cda18c2baa0c0354bb5f9a3ecbe5ed12ab4d8e11ba873c2f11161202b945,12,12,158,1,60,6170
/home/wxt/work-online-merge-supplement/run-archive/m1-matched-lut-7wqexi/artifacts/work-online-merge-m2-matched-lut-models-r1,128,32,66816,NA,553270a36eb5d6fa73f6f20fcafa2a7186cbaca13d5e1eab5051c90163a31301,72,0.01730769230769231,66816,66816,main,model_mistral_7b_heads,main,120fa0c30199e54e6e9b5c60d8da40913eae8526640992cc5d4f130bef159775,4160,/home/wxt/m1-matched-lut.7wqexi/repo/hw/system/spatz_cluster/cfg/spatz_cluster.default.dram.hjson,NA,YES,clang version 14.0.6 (git@github.com:pulp-platform/llvm-project.git b494f2d8dde88723026db8ec16ac6c7ee1e140ca) | Target: riscv32-unknown-unknown-elf | Thread model: posix,89fdbf633f53c0d2d9771f2cf4efefd411cc389ae21aa9aaa0a2423957ce230f,/home/wxt/m1-matched-lut.7wqexi/repo/install/llvm/bin/clang -DONLINE_MERGE_COUNTER_PROFILE=0 -DONLINE_MERGE_IMPLEMENTATION_SELECT=2 -DONLINE_MERGE_STACK_LOG2=13 -DONLINE_MERGE_TRACE_PROXY=0 -I/home/wxt/m1-matched-lut.7wqexi/repo/sw/spatzBenchmarks/include -I/home/wxt/m1-matched-lut.7wqexi/repo/sw/snRuntime/include -I/home/wxt/m1-matched-lut.7wqexi/repo/sw/snRuntime/vendor -I/home/wxt/m1-matched-lut.7wqexi/repo/sw/snRuntime/../toolchain/riscv-opcodes -I/home/wxt/work-online-merge-supplement/run-archive/m1-matched-lut-7wqexi/artifacts/work-online-merge-m2-matched-lut-models-r1/build/spatzBenchmarks/online_merge_generated/N32_D128_S1_main_R1 -I/home/wxt/m1-matched-lut.7wqexi/repo/sw/spatzBenchmarks/online-softmax-merge  --gcc-toolchain=/home/wxt/m1-matched-lut.7wqexi/repo/install/riscv-gcc -mcpu=snitch -mcmodel=small -ffast-math -fno-builtin-printf -fno-common -falign-loops=16 -ffunction-sections -Wextra -static -mllvm -misched-topdown -menable-experimental-extensions -mno-relax -march=rv32imafdvzfh_xdma_xfquarter -mabi=ilp32d -O3 -g -o CMakeFiles/test-spatzBenchmarks-online-softmax-merge-b2r.dir/online-softmax-merge/main.c.o -c /home/wxt/m1-matched-lut.7wqexi/repo/sw/spatzBenchmarks/online-softmax-merge/main.c,B2R_RVV,A0,memory,42847,YES,3072,NA,NO_EXPLICIT_TRANSFER_PHASE,MODEL_WORKLOAD,pass,PASS,NA,66816,NA,7225d41ad2d1c63376a9fb1ea4e56b3b24a3e97f,False,B2-R,0,7cef7b3c281ce11613c267b383d7dea2ee9597c76ae3b7d0c4c4fb7b5de5a18c,main,DASM_MARKER_ENVELOPE_WITNESS,B2-R,56296,3.001800859982877e-05,128,32,13.744140625,0.0007348060607910156,100000000,0.00014954394876963488,8.921165807315936e-06,False,PASS,low_perturbation,cf64374a7ac9c55b9102da73f27db50440c44ed5bef68b5a71f34ebc5bdd4a69,83328,0,0,0,128,32,1.0,YES,NA,13.744140625,0,model_mistral_7b_heads/memory/B2R_RVV/trial-0/simulator.log,0,YES,NA,NA,2.1346915179204536e-05,20260811T124812Z_7225d41a_m2-matched-lut-models,16512,NA,0,39775,1,33f066a87e3592e55aa4c78bcc583383243061423e6a790856d5b1be7f593fef,/home/wxt/work-online-merge-supplement/work-artifacts/work-online-merge-low-dasm-simulator-5c2aad2-r1/spatz_cluster.vlt,MODEL_DECODER_HEAD_SET,NA,0,NA,NA,NA,PASS,NA,PASS,512,4f5313e2302322369d28373cd4d1c8daf548ac2399a1496c19b6cad9f23b2d43,pass,7653,131072,0,NA,NA,NA,2026-08-11T13:38:01+00:00,model_mistral_7b_heads/memory/B2R_RVV/trace-witness/instruction_trace_audit.json,4420,15486,18010,3200,15203,INDEPENDENT_DASM_WITNESS,6,PASS,NA,PASS,361ff71bcc241b448e49ff6d212d06a13a986e2fad861b0aa0b67e40e7a21d68,/home/wxt/work-online-merge-supplement/work-artifacts/work-online-merge-traced-simulator-088a44d-r1/spatz_cluster.vlt,default,cf64374a7ac9c55b9102da73f27db50440c44ed5bef68b5a71f34ebc5bdd4a69,0,3072,Verilator 5.034 2025-02-24 rev v5.034,4f53cda18c2baa0c0354bb5f9a3ecbe5ed12ab4d8e11ba873c2f11161202b945,,,,,,
/home/wxt/work-online-merge-supplement/run-archive/m1-matched-lut-7wqexi/artifacts/work-online-merge-m2-matched-lut-models-r1,128,32,66816,NA,553270a36eb5d6fa73f6f20fcafa2a7186cbaca13d5e1eab5051c90163a31301,72,0.01730769230769231,66816,66816,main,model_mistral_7b_heads,main,120fa0c30199e54e6e9b5c60d8da40913eae8526640992cc5d4f130bef159775,4160,/home/wxt/m1-matched-lut.7wqexi/repo/hw/system/spatz_cluster/cfg/spatz_cluster.default.dram.hjson,NA,YES,clang version 14.0.6 (git@github.com:pulp-platform/llvm-project.git b494f2d8dde88723026db8ec16ac6c7ee1e140ca) | Target: riscv32-unknown-unknown-elf | Thread model: posix,89fdbf633f53c0d2d9771f2cf4efefd411cc389ae21aa9aaa0a2423957ce230f,/home/wxt/m1-matched-lut.7wqexi/repo/install/llvm/bin/clang -DONLINE_MERGE_COUNTER_PROFILE=0 -DONLINE_MERGE_IMPLEMENTATION_SELECT=2 -DONLINE_MERGE_STACK_LOG2=13 -DONLINE_MERGE_TRACE_PROXY=0 -I/home/wxt/m1-matched-lut.7wqexi/repo/sw/spatzBenchmarks/include -I/home/wxt/m1-matched-lut.7wqexi/repo/sw/snRuntime/include -I/home/wxt/m1-matched-lut.7wqexi/repo/sw/snRuntime/vendor -I/home/wxt/m1-matched-lut.7wqexi/repo/sw/snRuntime/../toolchain/riscv-opcodes -I/home/wxt/work-online-merge-supplement/run-archive/m1-matched-lut-7wqexi/artifacts/work-online-merge-m2-matched-lut-models-r1/build/spatzBenchmarks/online_merge_generated/N32_D128_S1_main_R1 -I/home/wxt/m1-matched-lut.7wqexi/repo/sw/spatzBenchmarks/online-softmax-merge  --gcc-toolchain=/home/wxt/m1-matched-lut.7wqexi/repo/install/riscv-gcc -mcpu=snitch -mcmodel=small -ffast-math -fno-builtin-printf -fno-common -falign-loops=16 -ffunction-sections -Wextra -static -mllvm -misched-topdown -menable-experimental-extensions -mno-relax -march=rv32imafdvzfh_xdma_xfquarter -mabi=ilp32d -O3 -g -o CMakeFiles/test-spatzBenchmarks-online-softmax-merge-b2r.dir/online-softmax-merge/main.c.o -c /home/wxt/m1-matched-lut.7wqexi/repo/sw/spatzBenchmarks/online-softmax-merge/main.c,B2R_RVV,A0,memory,42847,YES,3072,NA,NO_EXPLICIT_TRANSFER_PHASE,MODEL_WORKLOAD,pass,PASS,NA,66816,NA,7225d41ad2d1c63376a9fb1ea4e56b3b24a3e97f,False,B2-R,0,7cef7b3c281ce11613c267b383d7dea2ee9597c76ae3b7d0c4c4fb7b5de5a18c,main,DASM_MARKER_ENVELOPE_WITNESS,B2-R,56296,3.001800859982877e-05,128,32,13.744140625,0.0007348060607910156,100000000,0.00014954394876963488,8.921165807315936e-06,False,PASS,low_perturbation,cf64374a7ac9c55b9102da73f27db50440c44ed5bef68b5a71f34ebc5bdd4a69,83328,0,0,0,128,32,1.0,YES,NA,13.744140625,0,model_mistral_7b_heads/memory/B2R_RVV/trial-1/simulator.log,0,YES,NA,NA,2.1346915179204536e-05,20260811T124812Z_7225d41a_m2-matched-lut-models,16512,NA,0,39775,1,33f066a87e3592e55aa4c78bcc583383243061423e6a790856d5b1be7f593fef,/home/wxt/work-online-merge-supplement/work-artifacts/work-online-merge-low-dasm-simulator-5c2aad2-r1/spatz_cluster.vlt,MODEL_DECODER_HEAD_SET,NA,0,NA,NA,NA,PASS,NA,PASS,512,4f5313e2302322369d28373cd4d1c8daf548ac2399a1496c19b6cad9f23b2d43,pass,7653,131072,0,NA,NA,NA,2026-08-11T13:53:00+00:00,model_mistral_7b_heads/memory/B2R_RVV/trace-witness/instruction_trace_audit.json,4420,15486,18010,3200,15203,INDEPENDENT_DASM_WITNESS,6,PASS,NA,PASS,361ff71bcc241b448e49ff6d212d06a13a986e2fad861b0aa0b67e40e7a21d68,/home/wxt/work-online-merge-supplement/work-artifacts/work-online-merge-traced-simulator-088a44d-r1/spatz_cluster.vlt,default,cf64374a7ac9c55b9102da73f27db50440c44ed5bef68b5a71f34ebc5bdd4a69,1,3072,Verilator 5.034 2025-02-24 rev v5.034,4f53cda18c2baa0c0354bb5f9a3ecbe5ed12ab4d8e11ba873c2f11161202b945,,,,,,
/home/wxt/work-online-merge-supplement/run-archive/m1-matched-lut-7wqexi/artifacts/work-online-merge-m2-matched-lut-models-r1,128,32,66816,NA,553270a36eb5d6fa73f6f20fcafa2a7186cbaca13d5e1eab5051c90163a31301,72,0.01730769230769231,66816,66816,main,model_mistral_7b_heads,main,120fa0c30199e54e6e9b5c60d8da40913eae8526640992cc5d4f130bef159775,4160,/home/wxt/m1-matched-lut.7wqexi/repo/hw/system/spatz_cluster/cfg/spatz_cluster.default.dram.hjson,NA,YES,clang version 14.0.6 (git@github.com:pulp-platform/llvm-project.git b494f2d8dde88723026db8ec16ac6c7ee1e140ca) | Target: riscv32-unknown-unknown-elf | Thread model: posix,89fdbf633f53c0d2d9771f2cf4efefd411cc389ae21aa9aaa0a2423957ce230f,/home/wxt/m1-matched-lut.7wqexi/repo/install/llvm/bin/clang -DONLINE_MERGE_COUNTER_PROFILE=0 -DONLINE_MERGE_IMPLEMENTATION_SELECT=2 -DONLINE_MERGE_STACK_LOG2=13 -DONLINE_MERGE_TRACE_PROXY=0 -I/home/wxt/m1-matched-lut.7wqexi/repo/sw/spatzBenchmarks/include -I/home/wxt/m1-matched-lut.7wqexi/repo/sw/snRuntime/include -I/home/wxt/m1-matched-lut.7wqexi/repo/sw/snRuntime/vendor -I/home/wxt/m1-matched-lut.7wqexi/repo/sw/snRuntime/../toolchain/riscv-opcodes -I/home/wxt/work-online-merge-supplement/run-archive/m1-matched-lut-7wqexi/artifacts/work-online-merge-m2-matched-lut-models-r1/build/spatzBenchmarks/online_merge_generated/N32_D128_S1_main_R1 -I/home/wxt/m1-matched-lut.7wqexi/repo/sw/spatzBenchmarks/online-softmax-merge  --gcc-toolchain=/home/wxt/m1-matched-lut.7wqexi/repo/install/riscv-gcc -mcpu=snitch -mcmodel=small -ffast-math -fno-builtin-printf -fno-common -falign-loops=16 -ffunction-sections -Wextra -static -mllvm -misched-topdown -menable-experimental-extensions -mno-relax -march=rv32imafdvzfh_xdma_xfquarter -mabi=ilp32d -O3 -g -o CMakeFiles/test-spatzBenchmarks-online-softmax-merge-b2r.dir/online-softmax-merge/main.c.o -c /home/wxt/m1-matched-lut.7wqexi/repo/sw/spatzBenchmarks/online-softmax-merge/main.c,B2R_RVV,A0,memory,42847,YES,3072,NA,NO_EXPLICIT_TRANSFER_PHASE,MODEL_WORKLOAD,pass,PASS,NA,66816,NA,7225d41ad2d1c63376a9fb1ea4e56b3b24a3e97f,False,B2-R,0,7cef7b3c281ce11613c267b383d7dea2ee9597c76ae3b7d0c4c4fb7b5de5a18c,main,DASM_MARKER_ENVELOPE_WITNESS,B2-R,56296,3.001800859982877e-05,128,32,13.744140625,0.0007348060607910156,100000000,0.00014954394876963488,8.921165807315936e-06,False,PASS,low_perturbation,cf64374a7ac9c55b9102da73f27db50440c44ed5bef68b5a71f34ebc5bdd4a69,83328,0,0,0,128,32,1.0,YES,NA,13.744140625,0,model_mistral_7b_heads/memory/B2R_RVV/trial-2/simulator.log,0,YES,NA,NA,2.1346915179204536e-05,20260811T124812Z_7225d41a_m2-matched-lut-models,16512,NA,0,39775,1,33f066a87e3592e55aa4c78bcc583383243061423e6a790856d5b1be7f593fef,/home/wxt/work-online-merge-supplement/work-artifacts/work-online-merge-low-dasm-simulator-5c2aad2-r1/spatz_cluster.vlt,MODEL_DECODER_HEAD_SET,NA,0,NA,NA,NA,PASS,NA,PASS,512,4f5313e2302322369d28373cd4d1c8daf548ac2399a1496c19b6cad9f23b2d43,pass,7653,131072,0,NA,NA,NA,2026-08-11T14:06:57+00:00,model_mistral_7b_heads/memory/B2R_RVV/trace-witness/instruction_trace_audit.json,4420,15486,18010,3200,15203,INDEPENDENT_DASM_WITNESS,6,PASS,NA,PASS,361ff71bcc241b448e49ff6d212d06a13a986e2fad861b0aa0b67e40e7a21d68,/home/wxt/work-online-merge-supplement/work-artifacts/work-online-merge-traced-simulator-088a44d-r1/spatz_cluster.vlt,default,cf64374a7ac9c55b9102da73f27db50440c44ed5bef68b5a71f34ebc5bdd4a69,2,3072,Verilator 5.034 2025-02-24 rev v5.034,4f53cda18c2baa0c0354bb5f9a3ecbe5ed12ab4d8e11ba873c2f11161202b945,,,,,,
/home/wxt/work-online-merge-supplement/run-archive/m1-matched-lut-7wqexi/artifacts/work-online-merge-m2-matched-lut-models-r1,128,32,66816,NA,7c69c40db22eef51db4a308c67c5405cc2929cb1e04dddf84b4162ac0818f492,72,0.01730769230769231,66816,66816,main,model_mistral_7b_heads,main,120fa0c30199e54e6e9b5c60d8da40913eae8526640992cc5d4f130bef159775,4160,/home/wxt/m1-matched-lut.7wqexi/repo/hw/system/spatz_cluster/cfg/spatz_cluster.default.dram.hjson,12097,YES,clang version 14.0.6 (git@github.com:pulp-platform/llvm-project.git b494f2d8dde88723026db8ec16ac6c7ee1e140ca) | Target: riscv32-unknown-unknown-elf | Thread model: posix,89fdbf633f53c0d2d9771f2cf4efefd411cc389ae21aa9aaa0a2423957ce230f,/home/wxt/m1-matched-lut.7wqexi/repo/install/llvm/bin/clang -DONLINE_MERGE_COUNTER_PROFILE=0 -DONLINE_MERGE_IMPLEMENTATION_SELECT=4 -DONLINE_MERGE_STACK_LOG2=13 -DONLINE_MERGE_TRACE_PROXY=0 -I/home/wxt/m1-matched-lut.7wqexi/repo/sw/spatzBenchmarks/include -I/home/wxt/m1-matched-lut.7wqexi/repo/sw/snRuntime/include -I/home/wxt/m1-matched-lut.7wqexi/repo/sw/snRuntime/vendor -I/home/wxt/m1-matched-lut.7wqexi/repo/sw/snRuntime/../toolchain/riscv-opcodes -I/home/wxt/work-online-merge-supplement/run-archive/m1-matched-lut-7wqexi/artifacts/work-online-merge-m2-matched-lut-models-r1/build/spatzBenchmarks/online_merge_generated/N32_D128_S1_main_R1 -I/home/wxt/m1-matched-lut.7wqexi/repo/sw/spatzBenchmarks/online-softmax-merge  --gcc-toolchain=/home/wxt/m1-matched-lut.7wqexi/repo/install/riscv-gcc -mcpu=snitch -mcmodel=small -ffast-math -fno-builtin-printf -fno-common -falign-loops=16 -ffunction-sections -Wextra -static -mllvm -misched-topdown -menable-experimental-extensions -mno-relax -march=rv32imafdvzfh_xdma_xfquarter -mabi=ilp32d -O3 -g -o CMakeFiles/test-spatzBenchmarks-online-softmax-merge-a1.dir/online-softmax-merge/main.c.o -c /home/wxt/m1-matched-lut.7wqexi/repo/sw/spatzBenchmarks/online-softmax-merge/main.c,A1_SMU_SCALAR,NA,memory,NA,NO,NA,NA,NO_EXPLICIT_TRANSFER_PHASE,MODEL_WORKLOAD,pass,PASS,NA,66816,PASS,7225d41ad2d1c63376a9fb1ea4e56b3b24a3e97f,False,A1,0,7cef7b3c281ce11613c267b383d7dea2ee9597c76ae3b7d0c4c4fb7b5de5a18c,main,NA,A1,12866,3.001800859982877e-05,128,32,3.14111328125,0.0007348060607910156,100000000,0.00014954394876963488,8.921165807315936e-06,False,PASS,low_perturbation,0ac91b3098c5742eb86a7fe3a437daa406742334e428063b7422cefcf4506a1b,83328,0,0,0,128,32,1.0,YES,NA,3.14111328125,0,model_mistral_7b_heads/memory/A1_SMU_SCALAR/trial-0/simulator.log,0,YES,NA,NA,2.1346915179204536e-05,20260811T124812Z_7225d41a_m2-matched-lut-models,16512,10809,1,NA,1,33f066a87e3592e55aa4c78bcc583383243061423e6a790856d5b1be7f593fef,/home/wxt/work-online-merge-supplement/work-artifacts/work-online-merge-low-dasm-simulator-5c2aad2-r1/spatz_cluster.vlt,MODEL_DECODER_HEAD_SET,769,1,2057,NA,NA,PASS,NA,PASS,512,27f5ab8fc805136ec6f88c369998cffae0d35195f6b805c6544b51442c1249a0,pass,7200,131072,4,NA,NA,NA,2026-08-11T14:14:37+00:00,NA,NA,NA,NA,NA,NA,NA,NA,NA,NA,NA,NA,NA,NA,NA,0,NA,Verilator 5.034 2025-02-24 rev v5.034,4f53cda18c2baa0c0354bb5f9a3ecbe5ed12ab4d8e11ba873c2f11161202b945,32,32,416,1,289,0
/home/wxt/work-online-merge-supplement/run-archive/m1-matched-lut-7wqexi/artifacts/work-online-merge-m2-matched-lut-models-r1,128,32,66816,NA,7c69c40db22eef51db4a308c67c5405cc2929cb1e04dddf84b4162ac0818f492,72,0.01730769230769231,66816,66816,main,model_mistral_7b_heads,main,120fa0c30199e54e6e9b5c60d8da40913eae8526640992cc5d4f130bef159775,4160,/home/wxt/m1-matched-lut.7wqexi/repo/hw/system/spatz_cluster/cfg/spatz_cluster.default.dram.hjson,12097,YES,clang version 14.0.6 (git@github.com:pulp-platform/llvm-project.git b494f2d8dde88723026db8ec16ac6c7ee1e140ca) | Target: riscv32-unknown-unknown-elf | Thread model: posix,89fdbf633f53c0d2d9771f2cf4efefd411cc389ae21aa9aaa0a2423957ce230f,/home/wxt/m1-matched-lut.7wqexi/repo/install/llvm/bin/clang -DONLINE_MERGE_COUNTER_PROFILE=0 -DONLINE_MERGE_IMPLEMENTATION_SELECT=4 -DONLINE_MERGE_STACK_LOG2=13 -DONLINE_MERGE_TRACE_PROXY=0 -I/home/wxt/m1-matched-lut.7wqexi/repo/sw/spatzBenchmarks/include -I/home/wxt/m1-matched-lut.7wqexi/repo/sw/snRuntime/include -I/home/wxt/m1-matched-lut.7wqexi/repo/sw/snRuntime/vendor -I/home/wxt/m1-matched-lut.7wqexi/repo/sw/snRuntime/../toolchain/riscv-opcodes -I/home/wxt/work-online-merge-supplement/run-archive/m1-matched-lut-7wqexi/artifacts/work-online-merge-m2-matched-lut-models-r1/build/spatzBenchmarks/online_merge_generated/N32_D128_S1_main_R1 -I/home/wxt/m1-matched-lut.7wqexi/repo/sw/spatzBenchmarks/online-softmax-merge  --gcc-toolchain=/home/wxt/m1-matched-lut.7wqexi/repo/install/riscv-gcc -mcpu=snitch -mcmodel=small -ffast-math -fno-builtin-printf -fno-common -falign-loops=16 -ffunction-sections -Wextra -static -mllvm -misched-topdown -menable-experimental-extensions -mno-relax -march=rv32imafdvzfh_xdma_xfquarter -mabi=ilp32d -O3 -g -o CMakeFiles/test-spatzBenchmarks-online-softmax-merge-a1.dir/online-softmax-merge/main.c.o -c /home/wxt/m1-matched-lut.7wqexi/repo/sw/spatzBenchmarks/online-softmax-merge/main.c,A1_SMU_SCALAR,NA,memory,NA,NO,NA,NA,NO_EXPLICIT_TRANSFER_PHASE,MODEL_WORKLOAD,pass,PASS,NA,66816,PASS,7225d41ad2d1c63376a9fb1ea4e56b3b24a3e97f,False,A1,0,7cef7b3c281ce11613c267b383d7dea2ee9597c76ae3b7d0c4c4fb7b5de5a18c,main,NA,A1,12866,3.001800859982877e-05,128,32,3.14111328125,0.0007348060607910156,100000000,0.00014954394876963488,8.921165807315936e-06,False,PASS,low_perturbation,0ac91b3098c5742eb86a7fe3a437daa406742334e428063b7422cefcf4506a1b,83328,0,0,0,128,32,1.0,YES,NA,3.14111328125,0,model_mistral_7b_heads/memory/A1_SMU_SCALAR/trial-1/simulator.log,0,YES,NA,NA,2.1346915179204536e-05,20260811T124812Z_7225d41a_m2-matched-lut-models,16512,10809,1,NA,1,33f066a87e3592e55aa4c78bcc583383243061423e6a790856d5b1be7f593fef,/home/wxt/work-online-merge-supplement/work-artifacts/work-online-merge-low-dasm-simulator-5c2aad2-r1/spatz_cluster.vlt,MODEL_DECODER_HEAD_SET,769,1,2057,NA,NA,PASS,NA,PASS,512,27f5ab8fc805136ec6f88c369998cffae0d35195f6b805c6544b51442c1249a0,pass,7200,131072,4,NA,NA,NA,2026-08-11T14:21:18+00:00,NA,NA,NA,NA,NA,NA,NA,NA,NA,NA,NA,NA,NA,NA,NA,1,NA,Verilator 5.034 2025-02-24 rev v5.034,4f53cda18c2baa0c0354bb5f9a3ecbe5ed12ab4d8e11ba873c2f11161202b945,32,32,416,1,289,0
/home/wxt/work-online-merge-supplement/run-archive/m1-matched-lut-7wqexi/artifacts/work-online-merge-m2-matched-lut-models-r1,128,32,66816,NA,7c69c40db22eef51db4a308c67c5405cc2929cb1e04dddf84b4162ac0818f492,72,0.01730769230769231,66816,66816,main,model_mistral_7b_heads,main,120fa0c30199e54e6e9b5c60d8da40913eae8526640992cc5d4f130bef159775,4160,/home/wxt/m1-matched-lut.7wqexi/repo/hw/system/spatz_cluster/cfg/spatz_cluster.default.dram.hjson,12097,YES,clang version 14.0.6 (git@github.com:pulp-platform/llvm-project.git b494f2d8dde88723026db8ec16ac6c7ee1e140ca) | Target: riscv32-unknown-unknown-elf | Thread model: posix,89fdbf633f53c0d2d9771f2cf4efefd411cc389ae21aa9aaa0a2423957ce230f,/home/wxt/m1-matched-lut.7wqexi/repo/install/llvm/bin/clang -DONLINE_MERGE_COUNTER_PROFILE=0 -DONLINE_MERGE_IMPLEMENTATION_SELECT=4 -DONLINE_MERGE_STACK_LOG2=13 -DONLINE_MERGE_TRACE_PROXY=0 -I/home/wxt/m1-matched-lut.7wqexi/repo/sw/spatzBenchmarks/include -I/home/wxt/m1-matched-lut.7wqexi/repo/sw/snRuntime/include -I/home/wxt/m1-matched-lut.7wqexi/repo/sw/snRuntime/vendor -I/home/wxt/m1-matched-lut.7wqexi/repo/sw/snRuntime/../toolchain/riscv-opcodes -I/home/wxt/work-online-merge-supplement/run-archive/m1-matched-lut-7wqexi/artifacts/work-online-merge-m2-matched-lut-models-r1/build/spatzBenchmarks/online_merge_generated/N32_D128_S1_main_R1 -I/home/wxt/m1-matched-lut.7wqexi/repo/sw/spatzBenchmarks/online-softmax-merge  --gcc-toolchain=/home/wxt/m1-matched-lut.7wqexi/repo/install/riscv-gcc -mcpu=snitch -mcmodel=small -ffast-math -fno-builtin-printf -fno-common -falign-loops=16 -ffunction-sections -Wextra -static -mllvm -misched-topdown -menable-experimental-extensions -mno-relax -march=rv32imafdvzfh_xdma_xfquarter -mabi=ilp32d -O3 -g -o CMakeFiles/test-spatzBenchmarks-online-softmax-merge-a1.dir/online-softmax-merge/main.c.o -c /home/wxt/m1-matched-lut.7wqexi/repo/sw/spatzBenchmarks/online-softmax-merge/main.c,A1_SMU_SCALAR,NA,memory,NA,NO,NA,NA,NO_EXPLICIT_TRANSFER_PHASE,MODEL_WORKLOAD,pass,PASS,NA,66816,PASS,7225d41ad2d1c63376a9fb1ea4e56b3b24a3e97f,False,A1,0,7cef7b3c281ce11613c267b383d7dea2ee9597c76ae3b7d0c4c4fb7b5de5a18c,main,NA,A1,12866,3.001800859982877e-05,128,32,3.14111328125,0.0007348060607910156,100000000,0.00014954394876963488,8.921165807315936e-06,False,PASS,low_perturbation,0ac91b3098c5742eb86a7fe3a437daa406742334e428063b7422cefcf4506a1b,83328,0,0,0,128,32,1.0,YES,NA,3.14111328125,0,model_mistral_7b_heads/memory/A1_SMU_SCALAR/trial-2/simulator.log,0,YES,NA,NA,2.1346915179204536e-05,20260811T124812Z_7225d41a_m2-matched-lut-models,16512,10809,1,NA,1,33f066a87e3592e55aa4c78bcc583383243061423e6a790856d5b1be7f593fef,/home/wxt/work-online-merge-supplement/work-artifacts/work-online-merge-low-dasm-simulator-5c2aad2-r1/spatz_cluster.vlt,MODEL_DECODER_HEAD_SET,769,1,2057,NA,NA,PASS,NA,PASS,512,27f5ab8fc805136ec6f88c369998cffae0d35195f6b805c6544b51442c1249a0,pass,7200,131072,4,NA,NA,NA,2026-08-11T14:28:03+00:00,NA,NA,NA,NA,NA,NA,NA,NA,NA,NA,NA,NA,NA,NA,NA,2,NA,Verilator 5.034 2025-02-24 rev v5.034,4f53cda18c2baa0c0354bb5f9a3ecbe5ed12ab4d8e11ba873c2f11161202b945,32,32,416,1,289,0
/home/wxt/work-online-merge-supplement/run-archive/m1-matched-lut-7wqexi/artifacts/work-online-merge-m2-matched-lut-models-r1,128,32,66816,NA,90ef88bb9be8e1985b9c1a1f620b85ccd9ea5b0b043a5c662c1ed54a409202ce,66,0.015865384615384615,66816,66816,main,model_mistral_7b_heads,main,120fa0c30199e54e6e9b5c60d8da40913eae8526640992cc5d4f130bef159775,4160,/home/wxt/m1-matched-lut.7wqexi/repo/hw/system/spatz_cluster/cfg/spatz_cluster.default.dram.hjson,1237,YES,clang version 14.0.6 (git@github.com:pulp-platform/llvm-project.git b494f2d8dde88723026db8ec16ac6c7ee1e140ca) | Target: riscv32-unknown-unknown-elf | Thread model: posix,89fdbf633f53c0d2d9771f2cf4efefd411cc389ae21aa9aaa0a2423957ce230f,/home/wxt/m1-matched-lut.7wqexi/repo/install/llvm/bin/clang -DONLINE_MERGE_COUNTER_PROFILE=0 -DONLINE_MERGE_IMPLEMENTATION_SELECT=3 -DONLINE_MERGE_STACK_LOG2=13 -DONLINE_MERGE_TRACE_PROXY=0 -I/home/wxt/m1-matched-lut.7wqexi/repo/sw/spatzBenchmarks/include -I/home/wxt/m1-matched-lut.7wqexi/repo/sw/snRuntime/include -I/home/wxt/m1-matched-lut.7wqexi/repo/sw/snRuntime/vendor -I/home/wxt/m1-matched-lut.7wqexi/repo/sw/snRuntime/../toolchain/riscv-opcodes -I/home/wxt/work-online-merge-supplement/run-archive/m1-matched-lut-7wqexi/artifacts/work-online-merge-m2-matched-lut-models-r1/build/spatzBenchmarks/online_merge_generated/N32_D128_S1_main_R1 -I/home/wxt/m1-matched-lut.7wqexi/repo/sw/spatzBenchmarks/online-softmax-merge  --gcc-toolchain=/home/wxt/m1-matched-lut.7wqexi/repo/install/riscv-gcc -mcpu=snitch -mcmodel=small -ffast-math -fno-builtin-printf -fno-common -falign-loops=16 -ffunction-sections -Wextra -static -mllvm -misched-topdown -menable-experimental-extensions -mno-relax -march=rv32imafdvzfh_xdma_xfquarter -mabi=ilp32d -O3 -g -o CMakeFiles/test-spatzBenchmarks-online-softmax-merge-a2.dir/online-softmax-merge/main.c.o -c /home/wxt/m1-matched-lut.7wqexi/repo/sw/spatzBenchmarks/online-softmax-merge/main.c,A2_SMU_FULL,A2,memory,NA,NO,NA,NA,NO_EXPLICIT_TRANSFER_PHASE,MODEL_WORKLOAD,pass,PASS,NA,66816,PASS,7225d41ad2d1c63376a9fb1ea4e56b3b24a3e97f,False,B3,0,7cef7b3c281ce11613c267b383d7dea2ee9597c76ae3b7d0c4c4fb7b5de5a18c,main,NA,B3,34728,3.0016377545296636e-05,128,32,8.478515625,0.0007348060607910156,100000000,0.00014954394876963488,8.921130882719388e-06,False,PASS,low_perturbation,a2c8cca38719bc092e1bf36544fd44ffe29393fa7b81ece1d02b87635585caa0,83328,0,0,0,128,32,1.0,YES,NA,8.478515625,0,model_mistral_7b_heads/memory/A2_SMU_FULL/trial-0/simulator.log,0,YES,NA,NA,2.134575527605392e-05,20260811T124812Z_7225d41a_m2-matched-lut-models,16512,NA,1,NA,1,33f066a87e3592e55aa4c78bcc583383243061423e6a790856d5b1be7f593fef,/home/wxt/work-online-merge-supplement/work-artifacts/work-online-merge-low-dasm-simulator-5c2aad2-r1/spatz_cluster.vlt,MODEL_DECODER_HEAD_SET,33491,1,NA,NA,NA,PASS,NA,PASS,512,87cc3dc38e02aa9bf42fe43e2a974419a6fa7cafed3f713e1703b7e5f15b0563,pass,19037,131072,182,NA,NA,NA,2026-08-11T14:35:05+00:00,NA,NA,NA,NA,NA,NA,NA,NA,NA,NA,NA,NA,NA,NA,NA,0,NA,Verilator 5.034 2025-02-24 rev v5.034,4f53cda18c2baa0c0354bb5f9a3ecbe5ed12ab4d8e11ba873c2f11161202b945,32,32,416,1,160,32851
/home/wxt/work-online-merge-supplement/run-archive/m1-matched-lut-7wqexi/artifacts/work-online-merge-m2-matched-lut-models-r1,128,32,66816,NA,90ef88bb9be8e1985b9c1a1f620b85ccd9ea5b0b043a5c662c1ed54a409202ce,66,0.015865384615384615,66816,66816,main,model_mistral_7b_heads,main,120fa0c30199e54e6e9b5c60d8da40913eae8526640992cc5d4f130bef159775,4160,/home/wxt/m1-matched-lut.7wqexi/repo/hw/system/spatz_cluster/cfg/spatz_cluster.default.dram.hjson,1237,YES,clang version 14.0.6 (git@github.com:pulp-platform/llvm-project.git b494f2d8dde88723026db8ec16ac6c7ee1e140ca) | Target: riscv32-unknown-unknown-elf | Thread model: posix,89fdbf633f53c0d2d9771f2cf4efefd411cc389ae21aa9aaa0a2423957ce230f,/home/wxt/m1-matched-lut.7wqexi/repo/install/llvm/bin/clang -DONLINE_MERGE_COUNTER_PROFILE=0 -DONLINE_MERGE_IMPLEMENTATION_SELECT=3 -DONLINE_MERGE_STACK_LOG2=13 -DONLINE_MERGE_TRACE_PROXY=0 -I/home/wxt/m1-matched-lut.7wqexi/repo/sw/spatzBenchmarks/include -I/home/wxt/m1-matched-lut.7wqexi/repo/sw/snRuntime/include -I/home/wxt/m1-matched-lut.7wqexi/repo/sw/snRuntime/vendor -I/home/wxt/m1-matched-lut.7wqexi/repo/sw/snRuntime/../toolchain/riscv-opcodes -I/home/wxt/work-online-merge-supplement/run-archive/m1-matched-lut-7wqexi/artifacts/work-online-merge-m2-matched-lut-models-r1/build/spatzBenchmarks/online_merge_generated/N32_D128_S1_main_R1 -I/home/wxt/m1-matched-lut.7wqexi/repo/sw/spatzBenchmarks/online-softmax-merge  --gcc-toolchain=/home/wxt/m1-matched-lut.7wqexi/repo/install/riscv-gcc -mcpu=snitch -mcmodel=small -ffast-math -fno-builtin-printf -fno-common -falign-loops=16 -ffunction-sections -Wextra -static -mllvm -misched-topdown -menable-experimental-extensions -mno-relax -march=rv32imafdvzfh_xdma_xfquarter -mabi=ilp32d -O3 -g -o CMakeFiles/test-spatzBenchmarks-online-softmax-merge-a2.dir/online-softmax-merge/main.c.o -c /home/wxt/m1-matched-lut.7wqexi/repo/sw/spatzBenchmarks/online-softmax-merge/main.c,A2_SMU_FULL,A2,memory,NA,NO,NA,NA,NO_EXPLICIT_TRANSFER_PHASE,MODEL_WORKLOAD,pass,PASS,NA,66816,PASS,7225d41ad2d1c63376a9fb1ea4e56b3b24a3e97f,False,B3,0,7cef7b3c281ce11613c267b383d7dea2ee9597c76ae3b7d0c4c4fb7b5de5a18c,main,NA,B3,34728,3.0016377545296636e-05,128,32,8.478515625,0.0007348060607910156,100000000,0.00014954394876963488,8.921130882719388e-06,False,PASS,low_perturbation,a2c8cca38719bc092e1bf36544fd44ffe29393fa7b81ece1d02b87635585caa0,83328,0,0,0,128,32,1.0,YES,NA,8.478515625,0,model_mistral_7b_heads/memory/A2_SMU_FULL/trial-1/simulator.log,0,YES,NA,NA,2.134575527605392e-05,20260811T124812Z_7225d41a_m2-matched-lut-models,16512,NA,1,NA,1,33f066a87e3592e55aa4c78bcc583383243061423e6a790856d5b1be7f593fef,/home/wxt/work-online-merge-supplement/work-artifacts/work-online-merge-low-dasm-simulator-5c2aad2-r1/spatz_cluster.vlt,MODEL_DECODER_HEAD_SET,33491,1,NA,NA,NA,PASS,NA,PASS,512,87cc3dc38e02aa9bf42fe43e2a974419a6fa7cafed3f713e1703b7e5f15b0563,pass,19037,131072,182,NA,NA,NA,2026-08-11T14:42:42+00:00,NA,NA,NA,NA,NA,NA,NA,NA,NA,NA,NA,NA,NA,NA,NA,1,NA,Verilator 5.034 2025-02-24 rev v5.034,4f53cda18c2baa0c0354bb5f9a3ecbe5ed12ab4d8e11ba873c2f11161202b945,32,32,416,1,160,32851
/home/wxt/work-online-merge-supplement/run-archive/m1-matched-lut-7wqexi/artifacts/work-online-merge-m2-matched-lut-models-r1,128,32,66816,NA,90ef88bb9be8e1985b9c1a1f620b85ccd9ea5b0b043a5c662c1ed54a409202ce,66,0.015865384615384615,66816,66816,main,model_mistral_7b_heads,main,120fa0c30199e54e6e9b5c60d8da40913eae8526640992cc5d4f130bef159775,4160,/home/wxt/m1-matched-lut.7wqexi/repo/hw/system/spatz_cluster/cfg/spatz_cluster.default.dram.hjson,1237,YES,clang version 14.0.6 (git@github.com:pulp-platform/llvm-project.git b494f2d8dde88723026db8ec16ac6c7ee1e140ca) | Target: riscv32-unknown-unknown-elf | Thread model: posix,89fdbf633f53c0d2d9771f2cf4efefd411cc389ae21aa9aaa0a2423957ce230f,/home/wxt/m1-matched-lut.7wqexi/repo/install/llvm/bin/clang -DONLINE_MERGE_COUNTER_PROFILE=0 -DONLINE_MERGE_IMPLEMENTATION_SELECT=3 -DONLINE_MERGE_STACK_LOG2=13 -DONLINE_MERGE_TRACE_PROXY=0 -I/home/wxt/m1-matched-lut.7wqexi/repo/sw/spatzBenchmarks/include -I/home/wxt/m1-matched-lut.7wqexi/repo/sw/snRuntime/include -I/home/wxt/m1-matched-lut.7wqexi/repo/sw/snRuntime/vendor -I/home/wxt/m1-matched-lut.7wqexi/repo/sw/snRuntime/../toolchain/riscv-opcodes -I/home/wxt/work-online-merge-supplement/run-archive/m1-matched-lut-7wqexi/artifacts/work-online-merge-m2-matched-lut-models-r1/build/spatzBenchmarks/online_merge_generated/N32_D128_S1_main_R1 -I/home/wxt/m1-matched-lut.7wqexi/repo/sw/spatzBenchmarks/online-softmax-merge  --gcc-toolchain=/home/wxt/m1-matched-lut.7wqexi/repo/install/riscv-gcc -mcpu=snitch -mcmodel=small -ffast-math -fno-builtin-printf -fno-common -falign-loops=16 -ffunction-sections -Wextra -static -mllvm -misched-topdown -menable-experimental-extensions -mno-relax -march=rv32imafdvzfh_xdma_xfquarter -mabi=ilp32d -O3 -g -o CMakeFiles/test-spatzBenchmarks-online-softmax-merge-a2.dir/online-softmax-merge/main.c.o -c /home/wxt/m1-matched-lut.7wqexi/repo/sw/spatzBenchmarks/online-softmax-merge/main.c,A2_SMU_FULL,A2,memory,NA,NO,NA,NA,NO_EXPLICIT_TRANSFER_PHASE,MODEL_WORKLOAD,pass,PASS,NA,66816,PASS,7225d41ad2d1c63376a9fb1ea4e56b3b24a3e97f,False,B3,0,7cef7b3c281ce11613c267b383d7dea2ee9597c76ae3b7d0c4c4fb7b5de5a18c,main,NA,B3,34728,3.0016377545296636e-05,128,32,8.478515625,0.0007348060607910156,100000000,0.00014954394876963488,8.921130882719388e-06,False,PASS,low_perturbation,a2c8cca38719bc092e1bf36544fd44ffe29393fa7b81ece1d02b87635585caa0,83328,0,0,0,128,32,1.0,YES,NA,8.478515625,0,model_mistral_7b_heads/memory/A2_SMU_FULL/trial-2/simulator.log,0,YES,NA,NA,2.134575527605392e-05,20260811T124812Z_7225d41a_m2-matched-lut-models,16512,NA,1,NA,1,33f066a87e3592e55aa4c78bcc583383243061423e6a790856d5b1be7f593fef,/home/wxt/work-online-merge-supplement/work-artifacts/work-online-merge-low-dasm-simulator-5c2aad2-r1/spatz_cluster.vlt,MODEL_DECODER_HEAD_SET,33491,1,NA,NA,NA,PASS,NA,PASS,512,87cc3dc38e02aa9bf42fe43e2a974419a6fa7cafed3f713e1703b7e5f15b0563,pass,19037,131072,182,NA,NA,NA,2026-08-11T14:49:41+00:00,NA,NA,NA,NA,NA,NA,NA,NA,NA,NA,NA,NA,NA,NA,NA,2,NA,Verilator 5.034 2025-02-24 rev v5.034,4f53cda18c2baa0c0354bb5f9a3ecbe5ed12ab4d8e11ba873c2f11161202b945,32,32,416,1,160,32851
/home/wxt/work-online-merge-supplement/run-archive/m1-matched-lut-7wqexi/artifacts/work-online-merge-m2-matched-lut-models-r1,128,40,83712,NA,66ac3ee44242f1a771167e06abf5c288a3a9675fa1d9ac5af924c23f04d0a3f4,84,0.016153846153846154,83712,83520,main,model_qwen2_5_14b_heads,main,120fa0c30199e54e6e9b5c60d8da40913eae8526640992cc5d4f130bef159775,5200,/home/wxt/m1-matched-lut.7wqexi/repo/hw/system/spatz_cluster/cfg/spatz_cluster.default.dram.hjson,NA,YES,clang version 14.0.6 (git@github.com:pulp-platform/llvm-project.git b494f2d8dde88723026db8ec16ac6c7ee1e140ca) | Target: riscv32-unknown-unknown-elf | Thread model: posix,0ad8da65b9f90e3f0402e649f8d7e5a2eee50fc93a6655c98b60344aa139cdd2,/home/wxt/m1-matched-lut.7wqexi/repo/install/llvm/bin/clang -DONLINE_MERGE_COUNTER_PROFILE=0 -DONLINE_MERGE_IMPLEMENTATION_SELECT=2 -DONLINE_MERGE_STACK_LOG2=13 -DONLINE_MERGE_TRACE_PROXY=0 -I/home/wxt/m1-matched-lut.7wqexi/repo/sw/spatzBenchmarks/include -I/home/wxt/m1-matched-lut.7wqexi/repo/sw/snRuntime/include -I/home/wxt/m1-matched-lut.7wqexi/repo/sw/snRuntime/vendor -I/home/wxt/m1-matched-lut.7wqexi/repo/sw/snRuntime/../toolchain/riscv-opcodes -I/home/wxt/work-online-merge-supplement/run-archive/m1-matched-lut-7wqexi/artifacts/work-online-merge-m2-matched-lut-models-r1/build/spatzBenchmarks/online_merge_generated/N40_D128_S1_main_R1 -I/home/wxt/m1-matched-lut.7wqexi/repo/sw/spatzBenchmarks/online-softmax-merge  --gcc-toolchain=/home/wxt/m1-matched-lut.7wqexi/repo/install/riscv-gcc -mcpu=snitch -mcmodel=small -ffast-math -fno-builtin-printf -fno-common -falign-loops=16 -ffunction-sections -Wextra -static -mllvm -misched-topdown -menable-experimental-extensions -mno-relax -march=rv32imafdvzfh_xdma_xfquarter -mabi=ilp32d -O3 -g -o CMakeFiles/test-spatzBenchmarks-online-softmax-merge-b2r.dir/online-softmax-merge/main.c.o -c /home/wxt/m1-matched-lut.7wqexi/repo/sw/spatzBenchmarks/online-softmax-merge/main.c,B2R_RVV,A0,memory,53654,YES,3840,NA,NO_EXPLICIT_TRANSFER_PHASE,MODEL_WORKLOAD,pass,PASS,NA,83520,NA,7225d41ad2d1c63376a9fb1ea4e56b3b24a3e97f,False,B2-R,0,a202ff48117ef6598d47c16b2b2cb742a95c9cdd034a2b70aaeb558c0b07c3c0,main,DASM_MARKER_ENVELOPE_WITNESS,B2-R,69348,2.8570182795356735e-05,128,40,13.54453125,0.0007348060607910156,100000000,0.00014954394876963488,8.493315858336595e-06,False,PASS,low_perturbation,ae7cbbcf7c09fdc12abe62fb43ffdda127c616978f17550889a96814b7dae51d,100224,0,0,0,128,40,1.0,YES,NA,13.54453125,0,model_qwen2_5_14b_heads/memory/B2R_RVV/trial-0/simulator.log,0,YES,NA,NA,2.0559758419243722e-05,20260811T124812Z_7225d41a_m2-matched-lut-models,16512,NA,0,49814,1,33f066a87e3592e55aa4c78bcc583383243061423e6a790856d5b1be7f593fef,/home/wxt/work-online-merge-supplement/work-artifacts/work-online-merge-low-dasm-simulator-5c2aad2-r1/spatz_cluster.vlt,MODEL_DECODER_HEAD_SET_NEAR_CAPACITY,NA,0,NA,NA,NA,PASS,NA,PASS,512,3c259c9c10a939f198333070f8cef5c6df3c34d6a34bed4157d0b24795e9d885,pass,9551,131072,0,NA,NA,NA,2026-08-11T15:05:30+00:00,model_qwen2_5_14b_heads/memory/B2R_RVV/trace-witness/instruction_trace_audit.json,5276,19269,22945,3840,18072,INDEPENDENT_DASM_WITNESS,6,PASS,NA,PASS,361ff71bcc241b448e49ff6d212d06a13a986e2fad861b0aa0b67e40e7a21d68,/home/wxt/work-online-merge-supplement/work-artifacts/work-online-merge-traced-simulator-088a44d-r1/spatz_cluster.vlt,default,ae7cbbcf7c09fdc12abe62fb43ffdda127c616978f17550889a96814b7dae51d,0,3840,Verilator 5.034 2025-02-24 rev v5.034,4f53cda18c2baa0c0354bb5f9a3ecbe5ed12ab4d8e11ba873c2f11161202b945,,,,,,
/home/wxt/work-online-merge-supplement/run-archive/m1-matched-lut-7wqexi/artifacts/work-online-merge-m2-matched-lut-models-r1,128,40,83712,NA,66ac3ee44242f1a771167e06abf5c288a3a9675fa1d9ac5af924c23f04d0a3f4,84,0.016153846153846154,83712,83520,main,model_qwen2_5_14b_heads,main,120fa0c30199e54e6e9b5c60d8da40913eae8526640992cc5d4f130bef159775,5200,/home/wxt/m1-matched-lut.7wqexi/repo/hw/system/spatz_cluster/cfg/spatz_cluster.default.dram.hjson,NA,YES,clang version 14.0.6 (git@github.com:pulp-platform/llvm-project.git b494f2d8dde88723026db8ec16ac6c7ee1e140ca) | Target: riscv32-unknown-unknown-elf | Thread model: posix,0ad8da65b9f90e3f0402e649f8d7e5a2eee50fc93a6655c98b60344aa139cdd2,/home/wxt/m1-matched-lut.7wqexi/repo/install/llvm/bin/clang -DONLINE_MERGE_COUNTER_PROFILE=0 -DONLINE_MERGE_IMPLEMENTATION_SELECT=2 -DONLINE_MERGE_STACK_LOG2=13 -DONLINE_MERGE_TRACE_PROXY=0 -I/home/wxt/m1-matched-lut.7wqexi/repo/sw/spatzBenchmarks/include -I/home/wxt/m1-matched-lut.7wqexi/repo/sw/snRuntime/include -I/home/wxt/m1-matched-lut.7wqexi/repo/sw/snRuntime/vendor -I/home/wxt/m1-matched-lut.7wqexi/repo/sw/snRuntime/../toolchain/riscv-opcodes -I/home/wxt/work-online-merge-supplement/run-archive/m1-matched-lut-7wqexi/artifacts/work-online-merge-m2-matched-lut-models-r1/build/spatzBenchmarks/online_merge_generated/N40_D128_S1_main_R1 -I/home/wxt/m1-matched-lut.7wqexi/repo/sw/spatzBenchmarks/online-softmax-merge  --gcc-toolchain=/home/wxt/m1-matched-lut.7wqexi/repo/install/riscv-gcc -mcpu=snitch -mcmodel=small -ffast-math -fno-builtin-printf -fno-common -falign-loops=16 -ffunction-sections -Wextra -static -mllvm -misched-topdown -menable-experimental-extensions -mno-relax -march=rv32imafdvzfh_xdma_xfquarter -mabi=ilp32d -O3 -g -o CMakeFiles/test-spatzBenchmarks-online-softmax-merge-b2r.dir/online-softmax-merge/main.c.o -c /home/wxt/m1-matched-lut.7wqexi/repo/sw/spatzBenchmarks/online-softmax-merge/main.c,B2R_RVV,A0,memory,53654,YES,3840,NA,NO_EXPLICIT_TRANSFER_PHASE,MODEL_WORKLOAD,pass,PASS,NA,83520,NA,7225d41ad2d1c63376a9fb1ea4e56b3b24a3e97f,False,B2-R,0,a202ff48117ef6598d47c16b2b2cb742a95c9cdd034a2b70aaeb558c0b07c3c0,main,DASM_MARKER_ENVELOPE_WITNESS,B2-R,69348,2.8570182795356735e-05,128,40,13.54453125,0.0007348060607910156,100000000,0.00014954394876963488,8.493315858336595e-06,False,PASS,low_perturbation,ae7cbbcf7c09fdc12abe62fb43ffdda127c616978f17550889a96814b7dae51d,100224,0,0,0,128,40,1.0,YES,NA,13.54453125,0,model_qwen2_5_14b_heads/memory/B2R_RVV/trial-1/simulator.log,0,YES,NA,NA,2.0559758419243722e-05,20260811T124812Z_7225d41a_m2-matched-lut-models,16512,NA,0,49814,1,33f066a87e3592e55aa4c78bcc583383243061423e6a790856d5b1be7f593fef,/home/wxt/work-online-merge-supplement/work-artifacts/work-online-merge-low-dasm-simulator-5c2aad2-r1/spatz_cluster.vlt,MODEL_DECODER_HEAD_SET_NEAR_CAPACITY,NA,0,NA,NA,NA,PASS,NA,PASS,512,3c259c9c10a939f198333070f8cef5c6df3c34d6a34bed4157d0b24795e9d885,pass,9551,131072,0,NA,NA,NA,2026-08-11T15:14:12+00:00,model_qwen2_5_14b_heads/memory/B2R_RVV/trace-witness/instruction_trace_audit.json,5276,19269,22945,3840,18072,INDEPENDENT_DASM_WITNESS,6,PASS,NA,PASS,361ff71bcc241b448e49ff6d212d06a13a986e2fad861b0aa0b67e40e7a21d68,/home/wxt/work-online-merge-supplement/work-artifacts/work-online-merge-traced-simulator-088a44d-r1/spatz_cluster.vlt,default,ae7cbbcf7c09fdc12abe62fb43ffdda127c616978f17550889a96814b7dae51d,1,3840,Verilator 5.034 2025-02-24 rev v5.034,4f53cda18c2baa0c0354bb5f9a3ecbe5ed12ab4d8e11ba873c2f11161202b945,,,,,,
/home/wxt/work-online-merge-supplement/run-archive/m1-matched-lut-7wqexi/artifacts/work-online-merge-m2-matched-lut-models-r1,128,40,83712,NA,66ac3ee44242f1a771167e06abf5c288a3a9675fa1d9ac5af924c23f04d0a3f4,84,0.016153846153846154,83712,83520,main,model_qwen2_5_14b_heads,main,120fa0c30199e54e6e9b5c60d8da40913eae8526640992cc5d4f130bef159775,5200,/home/wxt/m1-matched-lut.7wqexi/repo/hw/system/spatz_cluster/cfg/spatz_cluster.default.dram.hjson,NA,YES,clang version 14.0.6 (git@github.com:pulp-platform/llvm-project.git b494f2d8dde88723026db8ec16ac6c7ee1e140ca) | Target: riscv32-unknown-unknown-elf | Thread model: posix,0ad8da65b9f90e3f0402e649f8d7e5a2eee50fc93a6655c98b60344aa139cdd2,/home/wxt/m1-matched-lut.7wqexi/repo/install/llvm/bin/clang -DONLINE_MERGE_COUNTER_PROFILE=0 -DONLINE_MERGE_IMPLEMENTATION_SELECT=2 -DONLINE_MERGE_STACK_LOG2=13 -DONLINE_MERGE_TRACE_PROXY=0 -I/home/wxt/m1-matched-lut.7wqexi/repo/sw/spatzBenchmarks/include -I/home/wxt/m1-matched-lut.7wqexi/repo/sw/snRuntime/include -I/home/wxt/m1-matched-lut.7wqexi/repo/sw/snRuntime/vendor -I/home/wxt/m1-matched-lut.7wqexi/repo/sw/snRuntime/../toolchain/riscv-opcodes -I/home/wxt/work-online-merge-supplement/run-archive/m1-matched-lut-7wqexi/artifacts/work-online-merge-m2-matched-lut-models-r1/build/spatzBenchmarks/online_merge_generated/N40_D128_S1_main_R1 -I/home/wxt/m1-matched-lut.7wqexi/repo/sw/spatzBenchmarks/online-softmax-merge  --gcc-toolchain=/home/wxt/m1-matched-lut.7wqexi/repo/install/riscv-gcc -mcpu=snitch -mcmodel=small -ffast-math -fno-builtin-printf -fno-common -falign-loops=16 -ffunction-sections -Wextra -static -mllvm -misched-topdown -menable-experimental-extensions -mno-relax -march=rv32imafdvzfh_xdma_xfquarter -mabi=ilp32d -O3 -g -o CMakeFiles/test-spatzBenchmarks-online-softmax-merge-b2r.dir/online-softmax-merge/main.c.o -c /home/wxt/m1-matched-lut.7wqexi/repo/sw/spatzBenchmarks/online-softmax-merge/main.c,B2R_RVV,A0,memory,53654,YES,3840,NA,NO_EXPLICIT_TRANSFER_PHASE,MODEL_WORKLOAD,pass,PASS,NA,83520,NA,7225d41ad2d1c63376a9fb1ea4e56b3b24a3e97f,False,B2-R,0,a202ff48117ef6598d47c16b2b2cb742a95c9cdd034a2b70aaeb558c0b07c3c0,main,DASM_MARKER_ENVELOPE_WITNESS,B2-R,69348,2.8570182795356735e-05,128,40,13.54453125,0.0007348060607910156,100000000,0.00014954394876963488,8.493315858336595e-06,False,PASS,low_perturbation,ae7cbbcf7c09fdc12abe62fb43ffdda127c616978f17550889a96814b7dae51d,100224,0,0,0,128,40,1.0,YES,NA,13.54453125,0,model_qwen2_5_14b_heads/memory/B2R_RVV/trial-2/simulator.log,0,YES,NA,NA,2.0559758419243722e-05,20260811T124812Z_7225d41a_m2-matched-lut-models,16512,NA,0,49814,1,33f066a87e3592e55aa4c78bcc583383243061423e6a790856d5b1be7f593fef,/home/wxt/work-online-merge-supplement/work-artifacts/work-online-merge-low-dasm-simulator-5c2aad2-r1/spatz_cluster.vlt,MODEL_DECODER_HEAD_SET_NEAR_CAPACITY,NA,0,NA,NA,NA,PASS,NA,PASS,512,3c259c9c10a939f198333070f8cef5c6df3c34d6a34bed4157d0b24795e9d885,pass,9551,131072,0,NA,NA,NA,2026-08-11T15:23:03+00:00,model_qwen2_5_14b_heads/memory/B2R_RVV/trace-witness/instruction_trace_audit.json,5276,19269,22945,3840,18072,INDEPENDENT_DASM_WITNESS,6,PASS,NA,PASS,361ff71bcc241b448e49ff6d212d06a13a986e2fad861b0aa0b67e40e7a21d68,/home/wxt/work-online-merge-supplement/work-artifacts/work-online-merge-traced-simulator-088a44d-r1/spatz_cluster.vlt,default,ae7cbbcf7c09fdc12abe62fb43ffdda127c616978f17550889a96814b7dae51d,2,3840,Verilator 5.034 2025-02-24 rev v5.034,4f53cda18c2baa0c0354bb5f9a3ecbe5ed12ab4d8e11ba873c2f11161202b945,,,,,,
/home/wxt/work-online-merge-supplement/run-archive/m1-matched-lut-7wqexi/artifacts/work-online-merge-m2-matched-lut-models-r1,128,40,83712,NA,fdcc812094d5ba135b7fab7a3fde09abdee8508475c47807e145cf3320ec7284,84,0.016153846153846154,83712,83520,main,model_qwen2_5_14b_heads,main,120fa0c30199e54e6e9b5c60d8da40913eae8526640992cc5d4f130bef159775,5200,/home/wxt/m1-matched-lut.7wqexi/repo/hw/system/spatz_cluster/cfg/spatz_cluster.default.dram.hjson,14771,YES,clang version 14.0.6 (git@github.com:pulp-platform/llvm-project.git b494f2d8dde88723026db8ec16ac6c7ee1e140ca) | Target: riscv32-unknown-unknown-elf | Thread model: posix,0ad8da65b9f90e3f0402e649f8d7e5a2eee50fc93a6655c98b60344aa139cdd2,/home/wxt/m1-matched-lut.7wqexi/repo/install/llvm/bin/clang -DONLINE_MERGE_COUNTER_PROFILE=0 -DONLINE_MERGE_IMPLEMENTATION_SELECT=4 -DONLINE_MERGE_STACK_LOG2=13 -DONLINE_MERGE_TRACE_PROXY=0 -I/home/wxt/m1-matched-lut.7wqexi/repo/sw/spatzBenchmarks/include -I/home/wxt/m1-matched-lut.7wqexi/repo/sw/snRuntime/include -I/home/wxt/m1-matched-lut.7wqexi/repo/sw/snRuntime/vendor -I/home/wxt/m1-matched-lut.7wqexi/repo/sw/snRuntime/../toolchain/riscv-opcodes -I/home/wxt/work-online-merge-supplement/run-archive/m1-matched-lut-7wqexi/artifacts/work-online-merge-m2-matched-lut-models-r1/build/spatzBenchmarks/online_merge_generated/N40_D128_S1_main_R1 -I/home/wxt/m1-matched-lut.7wqexi/repo/sw/spatzBenchmarks/online-softmax-merge  --gcc-toolchain=/home/wxt/m1-matched-lut.7wqexi/repo/install/riscv-gcc -mcpu=snitch -mcmodel=small -ffast-math -fno-builtin-printf -fno-common -falign-loops=16 -ffunction-sections -Wextra -static -mllvm -misched-topdown -menable-experimental-extensions -mno-relax -march=rv32imafdvzfh_xdma_xfquarter -mabi=ilp32d -O3 -g -o CMakeFiles/test-spatzBenchmarks-online-softmax-merge-a1.dir/online-softmax-merge/main.c.o -c /home/wxt/m1-matched-lut.7wqexi/repo/sw/spatzBenchmarks/online-softmax-merge/main.c,A1_SMU_SCALAR,NA,memory,NA,NO,NA,NA,NO_EXPLICIT_TRANSFER_PHASE,MODEL_WORKLOAD,pass,PASS,NA,83520,PASS,7225d41ad2d1c63376a9fb1ea4e56b3b24a3e97f,False,A1,0,a202ff48117ef6598d47c16b2b2cb742a95c9cdd034a2b70aaeb558c0b07c3c0,main,NA,A1,15733,2.8570182795356735e-05,128,40,3.0728515625,0.0007348060607910156,100000000,0.00014954394876963488,8.493315858336595e-06,False,PASS,low_perturbation,de583ac978616a27d8bd9775b5b74796bb2f16cf95da3d314c025b000881622d,100224,0,0,0,128,40,1.0,YES,NA,3.0728515625,0,model_qwen2_5_14b_heads/memory/A1_SMU_SCALAR/trial-0/simulator.log,0,YES,NA,NA,2.0559758419243722e-05,20260811T124812Z_7225d41a_m2-matched-lut-models,16512,13489,1,NA,1,33f066a87e3592e55aa4c78bcc583383243061423e6a790856d5b1be7f593fef,/home/wxt/work-online-merge-supplement/work-artifacts/work-online-merge-low-dasm-simulator-5c2aad2-r1/spatz_cluster.vlt,MODEL_DECODER_HEAD_SET_NEAR_CAPACITY,962,1,2244,NA,NA,PASS,NA,PASS,512,50813fb3e6da6a300377c28b4b6a3d2b8b591c53f289e65dfddd909d8c356209,pass,8904,131072,3,NA,NA,NA,2026-08-11T15:32:02+00:00,NA,NA,NA,NA,NA,NA,NA,NA,NA,NA,NA,NA,NA,NA,NA,0,NA,Verilator 5.034 2025-02-24 rev v5.034,4f53cda18c2baa0c0354bb5f9a3ecbe5ed12ab4d8e11ba873c2f11161202b945,40,40,521,1,361,0
/home/wxt/work-online-merge-supplement/run-archive/m1-matched-lut-7wqexi/artifacts/work-online-merge-m2-matched-lut-models-r1,128,40,83712,NA,fdcc812094d5ba135b7fab7a3fde09abdee8508475c47807e145cf3320ec7284,84,0.016153846153846154,83712,83520,main,model_qwen2_5_14b_heads,main,120fa0c30199e54e6e9b5c60d8da40913eae8526640992cc5d4f130bef159775,5200,/home/wxt/m1-matched-lut.7wqexi/repo/hw/system/spatz_cluster/cfg/spatz_cluster.default.dram.hjson,14771,YES,clang version 14.0.6 (git@github.com:pulp-platform/llvm-project.git b494f2d8dde88723026db8ec16ac6c7ee1e140ca) | Target: riscv32-unknown-unknown-elf | Thread model: posix,0ad8da65b9f90e3f0402e649f8d7e5a2eee50fc93a6655c98b60344aa139cdd2,/home/wxt/m1-matched-lut.7wqexi/repo/install/llvm/bin/clang -DONLINE_MERGE_COUNTER_PROFILE=0 -DONLINE_MERGE_IMPLEMENTATION_SELECT=4 -DONLINE_MERGE_STACK_LOG2=13 -DONLINE_MERGE_TRACE_PROXY=0 -I/home/wxt/m1-matched-lut.7wqexi/repo/sw/spatzBenchmarks/include -I/home/wxt/m1-matched-lut.7wqexi/repo/sw/snRuntime/include -I/home/wxt/m1-matched-lut.7wqexi/repo/sw/snRuntime/vendor -I/home/wxt/m1-matched-lut.7wqexi/repo/sw/snRuntime/../toolchain/riscv-opcodes -I/home/wxt/work-online-merge-supplement/run-archive/m1-matched-lut-7wqexi/artifacts/work-online-merge-m2-matched-lut-models-r1/build/spatzBenchmarks/online_merge_generated/N40_D128_S1_main_R1 -I/home/wxt/m1-matched-lut.7wqexi/repo/sw/spatzBenchmarks/online-softmax-merge  --gcc-toolchain=/home/wxt/m1-matched-lut.7wqexi/repo/install/riscv-gcc -mcpu=snitch -mcmodel=small -ffast-math -fno-builtin-printf -fno-common -falign-loops=16 -ffunction-sections -Wextra -static -mllvm -misched-topdown -menable-experimental-extensions -mno-relax -march=rv32imafdvzfh_xdma_xfquarter -mabi=ilp32d -O3 -g -o CMakeFiles/test-spatzBenchmarks-online-softmax-merge-a1.dir/online-softmax-merge/main.c.o -c /home/wxt/m1-matched-lut.7wqexi/repo/sw/spatzBenchmarks/online-softmax-merge/main.c,A1_SMU_SCALAR,NA,memory,NA,NO,NA,NA,NO_EXPLICIT_TRANSFER_PHASE,MODEL_WORKLOAD,pass,PASS,NA,83520,PASS,7225d41ad2d1c63376a9fb1ea4e56b3b24a3e97f,False,A1,0,a202ff48117ef6598d47c16b2b2cb742a95c9cdd034a2b70aaeb558c0b07c3c0,main,NA,A1,15733,2.8570182795356735e-05,128,40,3.0728515625,0.0007348060607910156,100000000,0.00014954394876963488,8.493315858336595e-06,False,PASS,low_perturbation,de583ac978616a27d8bd9775b5b74796bb2f16cf95da3d314c025b000881622d,100224,0,0,0,128,40,1.0,YES,NA,3.0728515625,0,model_qwen2_5_14b_heads/memory/A1_SMU_SCALAR/trial-1/simulator.log,0,YES,NA,NA,2.0559758419243722e-05,20260811T124812Z_7225d41a_m2-matched-lut-models,16512,13489,1,NA,1,33f066a87e3592e55aa4c78bcc583383243061423e6a790856d5b1be7f593fef,/home/wxt/work-online-merge-supplement/work-artifacts/work-online-merge-low-dasm-simulator-5c2aad2-r1/spatz_cluster.vlt,MODEL_DECODER_HEAD_SET_NEAR_CAPACITY,962,1,2244,NA,NA,PASS,NA,PASS,512,50813fb3e6da6a300377c28b4b6a3d2b8b591c53f289e65dfddd909d8c356209,pass,8904,131072,3,NA,NA,NA,2026-08-11T15:40:17+00:00,NA,NA,NA,NA,NA,NA,NA,NA,NA,NA,NA,NA,NA,NA,NA,1,NA,Verilator 5.034 2025-02-24 rev v5.034,4f53cda18c2baa0c0354bb5f9a3ecbe5ed12ab4d8e11ba873c2f11161202b945,40,40,521,1,361,0
/home/wxt/work-online-merge-supplement/run-archive/m1-matched-lut-7wqexi/artifacts/work-online-merge-m2-matched-lut-models-r1,128,40,83712,NA,fdcc812094d5ba135b7fab7a3fde09abdee8508475c47807e145cf3320ec7284,84,0.016153846153846154,83712,83520,main,model_qwen2_5_14b_heads,main,120fa0c30199e54e6e9b5c60d8da40913eae8526640992cc5d4f130bef159775,5200,/home/wxt/m1-matched-lut.7wqexi/repo/hw/system/spatz_cluster/cfg/spatz_cluster.default.dram.hjson,14771,YES,clang version 14.0.6 (git@github.com:pulp-platform/llvm-project.git b494f2d8dde88723026db8ec16ac6c7ee1e140ca) | Target: riscv32-unknown-unknown-elf | Thread model: posix,0ad8da65b9f90e3f0402e649f8d7e5a2eee50fc93a6655c98b60344aa139cdd2,/home/wxt/m1-matched-lut.7wqexi/repo/install/llvm/bin/clang -DONLINE_MERGE_COUNTER_PROFILE=0 -DONLINE_MERGE_IMPLEMENTATION_SELECT=4 -DONLINE_MERGE_STACK_LOG2=13 -DONLINE_MERGE_TRACE_PROXY=0 -I/home/wxt/m1-matched-lut.7wqexi/repo/sw/spatzBenchmarks/include -I/home/wxt/m1-matched-lut.7wqexi/repo/sw/snRuntime/include -I/home/wxt/m1-matched-lut.7wqexi/repo/sw/snRuntime/vendor -I/home/wxt/m1-matched-lut.7wqexi/repo/sw/snRuntime/../toolchain/riscv-opcodes -I/home/wxt/work-online-merge-supplement/run-archive/m1-matched-lut-7wqexi/artifacts/work-online-merge-m2-matched-lut-models-r1/build/spatzBenchmarks/online_merge_generated/N40_D128_S1_main_R1 -I/home/wxt/m1-matched-lut.7wqexi/repo/sw/spatzBenchmarks/online-softmax-merge  --gcc-toolchain=/home/wxt/m1-matched-lut.7wqexi/repo/install/riscv-gcc -mcpu=snitch -mcmodel=small -ffast-math -fno-builtin-printf -fno-common -falign-loops=16 -ffunction-sections -Wextra -static -mllvm -misched-topdown -menable-experimental-extensions -mno-relax -march=rv32imafdvzfh_xdma_xfquarter -mabi=ilp32d -O3 -g -o CMakeFiles/test-spatzBenchmarks-online-softmax-merge-a1.dir/online-softmax-merge/main.c.o -c /home/wxt/m1-matched-lut.7wqexi/repo/sw/spatzBenchmarks/online-softmax-merge/main.c,A1_SMU_SCALAR,NA,memory,NA,NO,NA,NA,NO_EXPLICIT_TRANSFER_PHASE,MODEL_WORKLOAD,pass,PASS,NA,83520,PASS,7225d41ad2d1c63376a9fb1ea4e56b3b24a3e97f,False,A1,0,a202ff48117ef6598d47c16b2b2cb742a95c9cdd034a2b70aaeb558c0b07c3c0,main,NA,A1,15733,2.8570182795356735e-05,128,40,3.0728515625,0.0007348060607910156,100000000,0.00014954394876963488,8.493315858336595e-06,False,PASS,low_perturbation,de583ac978616a27d8bd9775b5b74796bb2f16cf95da3d314c025b000881622d,100224,0,0,0,128,40,1.0,YES,NA,3.0728515625,0,model_qwen2_5_14b_heads/memory/A1_SMU_SCALAR/trial-2/simulator.log,0,YES,NA,NA,2.0559758419243722e-05,20260811T124812Z_7225d41a_m2-matched-lut-models,16512,13489,1,NA,1,33f066a87e3592e55aa4c78bcc583383243061423e6a790856d5b1be7f593fef,/home/wxt/work-online-merge-supplement/work-artifacts/work-online-merge-low-dasm-simulator-5c2aad2-r1/spatz_cluster.vlt,MODEL_DECODER_HEAD_SET_NEAR_CAPACITY,962,1,2244,NA,NA,PASS,NA,PASS,512,50813fb3e6da6a300377c28b4b6a3d2b8b591c53f289e65dfddd909d8c356209,pass,8904,131072,3,NA,NA,NA,2026-08-11T15:48:30+00:00,NA,NA,NA,NA,NA,NA,NA,NA,NA,NA,NA,NA,NA,NA,NA,2,NA,Verilator 5.034 2025-02-24 rev v5.034,4f53cda18c2baa0c0354bb5f9a3ecbe5ed12ab4d8e11ba873c2f11161202b945,40,40,521,1,361,0
/home/wxt/work-online-merge-supplement/run-archive/m1-matched-lut-7wqexi/artifacts/work-online-merge-m2-matched-lut-models-r1,128,40,83712,NA,2f5d2a958126382eaaaf12c2488e4128e6046f86685e2a3704df9d8b81946d80,81,0.015576923076923077,83712,83520,main,model_qwen2_5_14b_heads,main,120fa0c30199e54e6e9b5c60d8da40913eae8526640992cc5d4f130bef159775,5200,/home/wxt/m1-matched-lut.7wqexi/repo/hw/system/spatz_cluster/cfg/spatz_cluster.default.dram.hjson,1289,YES,clang version 14.0.6 (git@github.com:pulp-platform/llvm-project.git b494f2d8dde88723026db8ec16ac6c7ee1e140ca) | Target: riscv32-unknown-unknown-elf | Thread model: posix,0ad8da65b9f90e3f0402e649f8d7e5a2eee50fc93a6655c98b60344aa139cdd2,/home/wxt/m1-matched-lut.7wqexi/repo/install/llvm/bin/clang -DONLINE_MERGE_COUNTER_PROFILE=0 -DONLINE_MERGE_IMPLEMENTATION_SELECT=3 -DONLINE_MERGE_STACK_LOG2=13 -DONLINE_MERGE_TRACE_PROXY=0 -I/home/wxt/m1-matched-lut.7wqexi/repo/sw/spatzBenchmarks/include -I/home/wxt/m1-matched-lut.7wqexi/repo/sw/snRuntime/include -I/home/wxt/m1-matched-lut.7wqexi/repo/sw/snRuntime/vendor -I/home/wxt/m1-matched-lut.7wqexi/repo/sw/snRuntime/../toolchain/riscv-opcodes -I/home/wxt/work-online-merge-supplement/run-archive/m1-matched-lut-7wqexi/artifacts/work-online-merge-m2-matched-lut-models-r1/build/spatzBenchmarks/online_merge_generated/N40_D128_S1_main_R1 -I/home/wxt/m1-matched-lut.7wqexi/repo/sw/spatzBenchmarks/online-softmax-merge  --gcc-toolchain=/home/wxt/m1-matched-lut.7wqexi/repo/install/riscv-gcc -mcpu=snitch -mcmodel=small -ffast-math -fno-builtin-printf -fno-common -falign-loops=16 -ffunction-sections -Wextra -static -mllvm -misched-topdown -menable-experimental-extensions -mno-relax -march=rv32imafdvzfh_xdma_xfquarter -mabi=ilp32d -O3 -g -o CMakeFiles/test-spatzBenchmarks-online-softmax-merge-a2.dir/online-softmax-merge/main.c.o -c /home/wxt/m1-matched-lut.7wqexi/repo/sw/spatzBenchmarks/online-softmax-merge/main.c,A2_SMU_FULL,A2,memory,NA,NO,NA,NA,NO_EXPLICIT_TRANSFER_PHASE,MODEL_WORKLOAD,pass,PASS,NA,83520,PASS,7225d41ad2d1c63376a9fb1ea4e56b3b24a3e97f,False,B3,0,a202ff48117ef6598d47c16b2b2cb742a95c9cdd034a2b70aaeb558c0b07c3c0,main,NA,B3,43206,2.856961387837042e-05,128,40,8.438671875,0.0007348060607910156,100000000,0.00014954394876963488,8.494453504681588e-06,False,PASS,low_perturbation,f5450e3f4d10fb912e04ef39355ca977c499e3cde9c36407896931dac1db750e,100224,0,0,0,128,40,1.0,YES,NA,8.438671875,0,model_qwen2_5_14b_heads/memory/A2_SMU_FULL/trial-0/simulator.log,0,YES,NA,NA,2.0559349013539773e-05,20260811T124812Z_7225d41a_m2-matched-lut-models,16512,NA,1,NA,1,33f066a87e3592e55aa4c78bcc583383243061423e6a790856d5b1be7f593fef,/home/wxt/work-online-merge-supplement/work-artifacts/work-online-merge-low-dasm-simulator-5c2aad2-r1/spatz_cluster.vlt,MODEL_DECODER_HEAD_SET_NEAR_CAPACITY,41917,1,NA,NA,NA,PASS,NA,PASS,512,fa56601ed8c4298e1c2e6b60ff7c99daa25784596333260c14a4165943f1f6e1,pass,23715,131072,211,NA,NA,NA,2026-08-11T15:56:44+00:00,NA,NA,NA,NA,NA,NA,NA,NA,NA,NA,NA,NA,NA,NA,NA,0,NA,Verilator 5.034 2025-02-24 rev v5.034,4f53cda18c2baa0c0354bb5f9a3ecbe5ed12ab4d8e11ba873c2f11161202b945,40,40,521,1,201,41115
/home/wxt/work-online-merge-supplement/run-archive/m1-matched-lut-7wqexi/artifacts/work-online-merge-m2-matched-lut-models-r1,128,40,83712,NA,2f5d2a958126382eaaaf12c2488e4128e6046f86685e2a3704df9d8b81946d80,81,0.015576923076923077,83712,83520,main,model_qwen2_5_14b_heads,main,120fa0c30199e54e6e9b5c60d8da40913eae8526640992cc5d4f130bef159775,5200,/home/wxt/m1-matched-lut.7wqexi/repo/hw/system/spatz_cluster/cfg/spatz_cluster.default.dram.hjson,1289,YES,clang version 14.0.6 (git@github.com:pulp-platform/llvm-project.git b494f2d8dde88723026db8ec16ac6c7ee1e140ca) | Target: riscv32-unknown-unknown-elf | Thread model: posix,0ad8da65b9f90e3f0402e649f8d7e5a2eee50fc93a6655c98b60344aa139cdd2,/home/wxt/m1-matched-lut.7wqexi/repo/install/llvm/bin/clang -DONLINE_MERGE_COUNTER_PROFILE=0 -DONLINE_MERGE_IMPLEMENTATION_SELECT=3 -DONLINE_MERGE_STACK_LOG2=13 -DONLINE_MERGE_TRACE_PROXY=0 -I/home/wxt/m1-matched-lut.7wqexi/repo/sw/spatzBenchmarks/include -I/home/wxt/m1-matched-lut.7wqexi/repo/sw/snRuntime/include -I/home/wxt/m1-matched-lut.7wqexi/repo/sw/snRuntime/vendor -I/home/wxt/m1-matched-lut.7wqexi/repo/sw/snRuntime/../toolchain/riscv-opcodes -I/home/wxt/work-online-merge-supplement/run-archive/m1-matched-lut-7wqexi/artifacts/work-online-merge-m2-matched-lut-models-r1/build/spatzBenchmarks/online_merge_generated/N40_D128_S1_main_R1 -I/home/wxt/m1-matched-lut.7wqexi/repo/sw/spatzBenchmarks/online-softmax-merge  --gcc-toolchain=/home/wxt/m1-matched-lut.7wqexi/repo/install/riscv-gcc -mcpu=snitch -mcmodel=small -ffast-math -fno-builtin-printf -fno-common -falign-loops=16 -ffunction-sections -Wextra -static -mllvm -misched-topdown -menable-experimental-extensions -mno-relax -march=rv32imafdvzfh_xdma_xfquarter -mabi=ilp32d -O3 -g -o CMakeFiles/test-spatzBenchmarks-online-softmax-merge-a2.dir/online-softmax-merge/main.c.o -c /home/wxt/m1-matched-lut.7wqexi/repo/sw/spatzBenchmarks/online-softmax-merge/main.c,A2_SMU_FULL,A2,memory,NA,NO,NA,NA,NO_EXPLICIT_TRANSFER_PHASE,MODEL_WORKLOAD,pass,PASS,NA,83520,PASS,7225d41ad2d1c63376a9fb1ea4e56b3b24a3e97f,False,B3,0,a202ff48117ef6598d47c16b2b2cb742a95c9cdd034a2b70aaeb558c0b07c3c0,main,NA,B3,43206,2.856961387837042e-05,128,40,8.438671875,0.0007348060607910156,100000000,0.00014954394876963488,8.494453504681588e-06,False,PASS,low_perturbation,f5450e3f4d10fb912e04ef39355ca977c499e3cde9c36407896931dac1db750e,100224,0,0,0,128,40,1.0,YES,NA,8.438671875,0,model_qwen2_5_14b_heads/memory/A2_SMU_FULL/trial-1/simulator.log,0,YES,NA,NA,2.0559349013539773e-05,20260811T124812Z_7225d41a_m2-matched-lut-models,16512,NA,1,NA,1,33f066a87e3592e55aa4c78bcc583383243061423e6a790856d5b1be7f593fef,/home/wxt/work-online-merge-supplement/work-artifacts/work-online-merge-low-dasm-simulator-5c2aad2-r1/spatz_cluster.vlt,MODEL_DECODER_HEAD_SET_NEAR_CAPACITY,41917,1,NA,NA,NA,PASS,NA,PASS,512,fa56601ed8c4298e1c2e6b60ff7c99daa25784596333260c14a4165943f1f6e1,pass,23715,131072,211,NA,NA,NA,2026-08-11T16:05:23+00:00,NA,NA,NA,NA,NA,NA,NA,NA,NA,NA,NA,NA,NA,NA,NA,1,NA,Verilator 5.034 2025-02-24 rev v5.034,4f53cda18c2baa0c0354bb5f9a3ecbe5ed12ab4d8e11ba873c2f11161202b945,40,40,521,1,201,41115
/home/wxt/work-online-merge-supplement/run-archive/m1-matched-lut-7wqexi/artifacts/work-online-merge-m2-matched-lut-models-r1,128,40,83712,NA,2f5d2a958126382eaaaf12c2488e4128e6046f86685e2a3704df9d8b81946d80,81,0.015576923076923077,83712,83520,main,model_qwen2_5_14b_heads,main,120fa0c30199e54e6e9b5c60d8da40913eae8526640992cc5d4f130bef159775,5200,/home/wxt/m1-matched-lut.7wqexi/repo/hw/system/spatz_cluster/cfg/spatz_cluster.default.dram.hjson,1289,YES,clang version 14.0.6 (git@github.com:pulp-platform/llvm-project.git b494f2d8dde88723026db8ec16ac6c7ee1e140ca) | Target: riscv32-unknown-unknown-elf | Thread model: posix,0ad8da65b9f90e3f0402e649f8d7e5a2eee50fc93a6655c98b60344aa139cdd2,/home/wxt/m1-matched-lut.7wqexi/repo/install/llvm/bin/clang -DONLINE_MERGE_COUNTER_PROFILE=0 -DONLINE_MERGE_IMPLEMENTATION_SELECT=3 -DONLINE_MERGE_STACK_LOG2=13 -DONLINE_MERGE_TRACE_PROXY=0 -I/home/wxt/m1-matched-lut.7wqexi/repo/sw/spatzBenchmarks/include -I/home/wxt/m1-matched-lut.7wqexi/repo/sw/snRuntime/include -I/home/wxt/m1-matched-lut.7wqexi/repo/sw/snRuntime/vendor -I/home/wxt/m1-matched-lut.7wqexi/repo/sw/snRuntime/../toolchain/riscv-opcodes -I/home/wxt/work-online-merge-supplement/run-archive/m1-matched-lut-7wqexi/artifacts/work-online-merge-m2-matched-lut-models-r1/build/spatzBenchmarks/online_merge_generated/N40_D128_S1_main_R1 -I/home/wxt/m1-matched-lut.7wqexi/repo/sw/spatzBenchmarks/online-softmax-merge  --gcc-toolchain=/home/wxt/m1-matched-lut.7wqexi/repo/install/riscv-gcc -mcpu=snitch -mcmodel=small -ffast-math -fno-builtin-printf -fno-common -falign-loops=16 -ffunction-sections -Wextra -static -mllvm -misched-topdown -menable-experimental-extensions -mno-relax -march=rv32imafdvzfh_xdma_xfquarter -mabi=ilp32d -O3 -g -o CMakeFiles/test-spatzBenchmarks-online-softmax-merge-a2.dir/online-softmax-merge/main.c.o -c /home/wxt/m1-matched-lut.7wqexi/repo/sw/spatzBenchmarks/online-softmax-merge/main.c,A2_SMU_FULL,A2,memory,NA,NO,NA,NA,NO_EXPLICIT_TRANSFER_PHASE,MODEL_WORKLOAD,pass,PASS,NA,83520,PASS,7225d41ad2d1c63376a9fb1ea4e56b3b24a3e97f,False,B3,0,a202ff48117ef6598d47c16b2b2cb742a95c9cdd034a2b70aaeb558c0b07c3c0,main,NA,B3,43206,2.856961387837042e-05,128,40,8.438671875,0.0007348060607910156,100000000,0.00014954394876963488,8.494453504681588e-06,False,PASS,low_perturbation,f5450e3f4d10fb912e04ef39355ca977c499e3cde9c36407896931dac1db750e,100224,0,0,0,128,40,1.0,YES,NA,8.438671875,0,model_qwen2_5_14b_heads/memory/A2_SMU_FULL/trial-2/simulator.log,0,YES,NA,NA,2.0559349013539773e-05,20260811T124812Z_7225d41a_m2-matched-lut-models,16512,NA,1,NA,1,33f066a87e3592e55aa4c78bcc583383243061423e6a790856d5b1be7f593fef,/home/wxt/work-online-merge-supplement/work-artifacts/work-online-merge-low-dasm-simulator-5c2aad2-r1/spatz_cluster.vlt,MODEL_DECODER_HEAD_SET_NEAR_CAPACITY,41917,1,NA,NA,NA,PASS,NA,PASS,512,fa56601ed8c4298e1c2e6b60ff7c99daa25784596333260c14a4165943f1f6e1,pass,23715,131072,211,NA,NA,NA,2026-08-11T16:14:17+00:00,NA,NA,NA,NA,NA,NA,NA,NA,NA,NA,NA,NA,NA,NA,NA,2,NA,Verilator 5.034 2025-02-24 rev v5.034,4f53cda18c2baa0c0354bb5f9a3ecbe5ed12ab4d8e11ba873c2f11161202b945,40,40,521,1,201,41115
