case_id,split,entries,q_bits,rom_bits,sequence_length,head_dimension,score_scale,repetition,seed,probability_stable_relative_error,output_stable_relative_error,case_worst_error,probability_sum_error
random_scores_L128_D64_scale0_R0,calibration,64,10,1024,128,64,1.0,0,685338081,0.04421449612524243,0.04535452683621381,0.04535452683621381,0.0008040661341510713
random_scores_L128_D64_scale0_R1,calibration,64,10,1024,128,64,1.0,1,663847107,0.04215257813059416,0.04899610446395977,0.04899610446395977,0.0001922609517350793
random_scores_L128_D64_scale1_R0,calibration,64,10,1024,128,64,2.0,0,3773109054,0.031267269863963255,0.0317153194042348,0.0317153194042348,0.0002071580311167054
random_scores_L128_D64_scale1_R1,calibration,64,10,1024,128,64,2.0,1,595832534,0.03326559848088323,0.03877517242199411,0.03877517242199411,0.00013235518781584688
random_scores_L128_D128_scale0_R0,calibration,64,10,1024,128,128,1.0,0,3390620030,0.03781003650633675,0.04480400824335228,0.04480400824335228,0.0003140134795103222
random_scores_L128_D128_scale0_R1,calibration,64,10,1024,128,128,1.0,1,4022284655,0.035046154857998196,0.035884690947356634,0.035884690947356634,0.0005024048732593656
random_scores_L128_D128_scale1_R0,calibration,64,10,1024,128,128,2.0,0,887663375,0.04671434584905558,0.04533526767980748,0.04671434584905558,0.0002768179001577664
random_scores_L128_D128_scale1_R1,calibration,64,10,1024,128,128,2.0,1,1888543280,0.03371421578990494,0.03016111200740763,0.03371421578990494,0.0003601132302719634
random_scores_L256_D64_scale0_R0,calibration,64,10,1024,256,64,1.0,0,2004917602,0.03298975626661492,0.04160699013158799,0.04160699013158799,0.00021623265638481826
random_scores_L256_D64_scale0_R1,calibration,64,10,1024,256,64,1.0,1,1803965758,0.037852258423030444,0.03957352368072313,0.03957352368072313,0.0004450852320587728
random_scores_L256_D64_scale1_R0,calibration,64,10,1024,256,64,2.0,0,2041129786,0.04162589040607746,0.027830535657647537,0.04162589040607746,0.0002082316677842755
random_scores_L256_D64_scale1_R1,calibration,64,10,1024,256,64,2.0,1,209589351,0.02548574174624886,0.012540703774624124,0.02548574174624886,8.735280061955564e-06
random_scores_L256_D128_scale0_R0,calibration,64,10,1024,256,128,1.0,0,3371775186,0.03365453561834212,0.03604310732935659,0.03604310732935659,0.00019988497660961002
random_scores_L256_D128_scale0_R1,calibration,64,10,1024,256,128,1.0,1,141512215,0.04087929277837238,0.03856731429838383,0.04087929277837238,0.00016592699103057384
random_scores_L256_D128_scale1_R0,calibration,64,10,1024,256,128,2.0,0,2879470677,0.02361052064399439,0.011334452384351032,0.02361052064399439,1.803421491786139e-05
random_scores_L256_D128_scale1_R1,calibration,64,10,1024,256,128,2.0,1,1485725105,0.02910808530470187,0.02198237684634778,0.02910808530470187,0.0004360240691312356
random_scores_L512_D64_scale0_R0,calibration,64,10,1024,512,64,1.0,0,393753057,0.0376901097125691,0.0404988813197511,0.0404988813197511,0.0005634930348605849
random_scores_L512_D64_scale0_R1,calibration,64,10,1024,512,64,1.0,1,2303777491,0.038040233705763364,0.045949632272664916,0.045949632272664916,0.00023518111265730113
random_scores_L512_D64_scale1_R0,calibration,64,10,1024,512,64,2.0,0,3353718886,0.03126005740909183,0.03821897105613466,0.03821897105613466,0.000335727460878843
random_scores_L512_D64_scale1_R1,calibration,64,10,1024,512,64,2.0,1,3069741948,0.047525809721640465,0.04387313852778506,0.047525809721640465,0.00012967326711077476
random_scores_L512_D128_scale0_R0,calibration,64,10,1024,512,128,1.0,0,2711588791,0.040203737892006,0.0425040908200392,0.0425040908200392,0.0001096626183425542
random_scores_L512_D128_scale0_R1,calibration,64,10,1024,512,128,1.0,1,4160562991,0.039229127321228296,0.04434667184992857,0.04434667184992857,0.0004290241813578177
random_scores_L512_D128_scale1_R0,calibration,64,10,1024,512,128,2.0,0,699071233,0.02359043962348291,0.008095455650402116,0.02359043962348291,0.00031817361968933255
random_scores_L512_D128_scale1_R1,calibration,64,10,1024,512,128,2.0,1,2945457681,0.024210670437820474,0.0067802666465928765,0.024210670437820474,0.0002700178351915383
random_scores_L1024_D64_scale0_R0,calibration,64,10,1024,1024,64,1.0,0,844679095,0.039108506629359524,0.04087766641385406,0.04087766641385406,0.0002944749703601701
random_scores_L1024_D64_scale0_R1,calibration,64,10,1024,1024,64,1.0,1,2426034371,0.043039400324127536,0.043127658767004806,0.043127658767004806,0.0005623249089694582
random_scores_L1024_D64_scale1_R0,calibration,64,10,1024,1024,64,2.0,0,974098872,0.03300822840114216,0.023633584954561585,0.03300822840114216,0.00024573850748765835
random_scores_L1024_D64_scale1_R1,calibration,64,10,1024,1024,64,2.0,1,3900981413,0.037866038378183135,0.02782733303703317,0.037866038378183135,0.00015854756611588527
random_scores_L1024_D128_scale0_R0,calibration,64,10,1024,1024,128,1.0,0,955864114,0.05083140563043529,0.055120506356812586,0.055120506356812586,0.0002680593152035726
random_scores_L1024_D128_scale0_R1,calibration,64,10,1024,1024,128,1.0,1,2316380272,0.038946007578334024,0.05365487925570148,0.05365487925570148,0.00022249692301556934
random_scores_L1024_D128_scale1_R0,calibration,64,10,1024,1024,128,2.0,0,2742530172,0.03554531351527567,0.028125648684082176,0.03554531351527567,0.0001819742237785249
random_scores_L1024_D128_scale1_R1,calibration,64,10,1024,1024,128,2.0,1,1261299849,0.03724394975853518,0.02916628687271878,0.03724394975853518,0.0004913121713343571
random_scores_L128_D64_scale0_R0,validation,64,10,1024,128,64,1.0,0,2179143755,0.0374681129306403,0.03713990340029044,0.0374681129306403,2.8627662686631083e-05
random_scores_L128_D64_scale0_R1,validation,64,10,1024,128,64,1.0,1,886552149,0.02836473986898119,0.027275622964613597,0.02836473986898119,6.997183663770556e-05
random_scores_L128_D64_scale1_R0,validation,64,10,1024,128,64,2.0,0,1623101201,0.023569020683416916,0.020803775252666606,0.023569020683416916,0.0001636406268517021
random_scores_L128_D64_scale1_R1,validation,64,10,1024,128,64,2.0,1,3380450944,0.024126764158672362,0.013246198366630756,0.024126764158672362,6.16742872807663e-05
random_scores_L128_D128_scale0_R0,validation,64,10,1024,128,128,1.0,0,1566150152,0.037085241871308544,0.037108639351362646,0.037108639351362646,1.9401370082050562e-05
random_scores_L128_D128_scale0_R1,validation,64,10,1024,128,128,1.0,1,2703662685,0.03675354190736711,0.0346905577960386,0.03675354190736711,0.00017547528841532767
random_scores_L128_D128_scale1_R0,validation,64,10,1024,128,128,2.0,0,2135881214,0.039580618519065525,0.039273017530257345,0.039580618519065525,0.00043534381256904453
random_scores_L128_D128_scale1_R1,validation,64,10,1024,128,128,2.0,1,50132451,0.021488847911398958,0.02000571749507791,0.021488847911398958,0.0005696557491319254
random_scores_L256_D64_scale0_R0,validation,64,10,1024,256,64,1.0,0,3087993604,0.03488659215709135,0.03362238842806691,0.03488659215709135,0.0003131366102024913
random_scores_L256_D64_scale0_R1,validation,64,10,1024,256,64,1.0,1,41277796,0.03502899091131916,0.04612627144737586,0.04612627144737586,0.0003286132232460659
random_scores_L256_D64_scale1_R0,validation,64,10,1024,256,64,2.0,0,652470873,0.03359169946848964,0.029412599258893765,0.03359169946848964,0.0004935427095915657
random_scores_L256_D64_scale1_R1,validation,64,10,1024,256,64,2.0,1,2912149884,0.029072023564987233,0.02229603762450625,0.029072023564987233,0.00033740809703886043
random_scores_L256_D128_scale0_R0,validation,64,10,1024,256,128,1.0,0,2087022523,0.05343895215773167,0.05595796399972591,0.05595796399972591,0.0003114144055871293
random_scores_L256_D128_scale0_R1,validation,64,10,1024,256,128,1.0,1,1568551378,0.034520792631960735,0.039720527873190616,0.039720527873190616,0.00042952754301950336
random_scores_L256_D128_scale1_R0,validation,64,10,1024,256,128,2.0,0,3514103192,0.025434272997532616,0.014930434007116302,0.025434272997532616,0.00035134224708599504
random_scores_L256_D128_scale1_R1,validation,64,10,1024,256,128,2.0,1,151134492,0.03571613292941905,0.04055276940228069,0.04055276940228069,2.9239573450468015e-05
random_scores_L512_D64_scale0_R0,validation,64,10,1024,512,64,1.0,0,2656095403,0.043165407464928134,0.056372533524268756,0.056372533524268756,0.0005636038695229217
random_scores_L512_D64_scale0_R1,validation,64,10,1024,512,64,1.0,1,3366063715,0.04001788928667477,0.05146481788833755,0.05146481788833755,2.707095700316131e-05
random_scores_L512_D64_scale1_R0,validation,64,10,1024,512,64,2.0,0,909893417,0.03218299130323157,0.020276946270459992,0.03218299130323157,0.0005523970339709194
random_scores_L512_D64_scale1_R1,validation,64,10,1024,512,64,2.0,1,2640543791,0.050313906534307076,0.04266314157773075,0.050313906534307076,0.000436047974289977
random_scores_L512_D128_scale0_R0,validation,64,10,1024,512,128,1.0,0,3478535314,0.03524411199485604,0.03734088948652373,0.03734088948652373,0.0008958939506555907
random_scores_L512_D128_scale0_R1,validation,64,10,1024,512,128,1.0,1,1865149601,0.03896132646054336,0.04221961959976085,0.04221961959976085,0.0006392200120899361
random_scores_L512_D128_scale1_R0,validation,64,10,1024,512,128,2.0,0,1623223912,0.029841476667299964,0.0182668078732464,0.029841476667299964,0.00010503522162252921
random_scores_L512_D128_scale1_R1,validation,64,10,1024,512,128,2.0,1,2972957234,0.036651248071258906,0.04241492096022639,0.04241492096022639,0.00016486841218465997
random_scores_L1024_D64_scale0_R0,validation,64,10,1024,1024,64,1.0,0,2428269790,0.035610730643814495,0.04813149944741458,0.04813149944741458,0.0008691448820172809
random_scores_L1024_D64_scale0_R1,validation,64,10,1024,1024,64,1.0,1,2465942083,0.05794636740169962,0.06146436124389575,0.06146436124389575,0.00033323502611892764
random_scores_L1024_D64_scale1_R0,validation,64,10,1024,1024,64,2.0,0,2646275298,0.03894980571937046,0.03375787354253071,0.03894980571937046,0.0005526413713141665
random_scores_L1024_D64_scale1_R1,validation,64,10,1024,1024,64,2.0,1,2127805685,0.03599201624738165,0.02542468714502806,0.03599201624738165,0.0005283485706968349
random_scores_L1024_D128_scale0_R0,validation,64,10,1024,1024,128,1.0,0,1618877226,0.03918203327987418,0.03927300934734772,0.03927300934734772,0.0008195984992198646
random_scores_L1024_D128_scale0_R1,validation,64,10,1024,1024,128,1.0,1,3199744503,0.04005866403757983,0.04562105485428683,0.04562105485428683,0.0007262229446496349
random_scores_L1024_D128_scale1_R0,validation,64,10,1024,1024,128,2.0,0,3012212165,0.04265313880336061,0.03814057107771732,0.04265313880336061,0.0007731207699634979
random_scores_L1024_D128_scale1_R1,validation,64,10,1024,1024,128,2.0,1,3940770873,0.06387694216503877,0.06995321647662375,0.06995321647662375,0.0007182950737387728
random_scores_L128_D64_scale0_R0,final_test,64,10,1024,128,64,1.0,0,624292938,0.04479497303024373,0.04138502341760158,0.04479497303024373,0.00022222634288482368
random_scores_L128_D64_scale0_R1,final_test,64,10,1024,128,64,1.0,1,217281306,0.029788919447223002,0.024953379152517816,0.029788919447223002,0.00016819476149976254
random_scores_L128_D64_scale1_R0,final_test,64,10,1024,128,64,2.0,0,3359465834,0.028416151320140425,0.021044492485975733,0.028416151320140425,0.00010725935680966359
random_scores_L128_D64_scale1_R1,final_test,64,10,1024,128,64,2.0,1,2174172786,0.013462902493597263,0.004612347553049091,0.013462902493597263,7.821521649020724e-05
random_scores_L128_D128_scale0_R0,final_test,64,10,1024,128,128,1.0,0,1909645211,0.039232555685548884,0.03902938542385292,0.039232555685548884,0.00027714483439922333
random_scores_L128_D128_scale0_R1,final_test,64,10,1024,128,128,1.0,1,3255692506,0.03373838941174359,0.044423931435806745,0.044423931435806745,5.863534170202911e-05
random_scores_L128_D128_scale1_R0,final_test,64,10,1024,128,128,2.0,0,2019810081,0.028593288444022067,0.033141788814833935,0.033141788814833935,0.00019522180446074344
random_scores_L128_D128_scale1_R1,final_test,64,10,1024,128,128,2.0,1,2978631166,0.028190049519453295,0.020266238407979656,0.028190049519453295,0.00010872771235881373
random_scores_L256_D64_scale0_R0,final_test,64,10,1024,256,64,1.0,0,2367557448,0.036381322076021634,0.04353725752178481,0.04353725752178481,0.00017402331286575645
random_scores_L256_D64_scale0_R1,final_test,64,10,1024,256,64,1.0,1,1674591988,0.04368699670994519,0.055790185110086,0.055790185110086,2.3440035874955356e-05
random_scores_L256_D64_scale1_R0,final_test,64,10,1024,256,64,2.0,0,441878354,0.0201315703756699,0.007912440917900663,0.0201315703756699,0.00018938086031994317
random_scores_L256_D64_scale1_R1,final_test,64,10,1024,256,64,2.0,1,3504234577,0.02689899494661451,0.015201377586863817,0.02689899494661451,0.00024087798374239355
random_scores_L256_D128_scale0_R0,final_test,64,10,1024,256,128,1.0,0,1871249097,0.038527176615378585,0.04337870039385457,0.04337870039385457,0.00022738643747288734
random_scores_L256_D128_scale0_R1,final_test,64,10,1024,256,128,1.0,1,4090941081,0.03407618931886976,0.033016335225750267,0.03407618931886976,8.155043178703636e-05
random_scores_L256_D128_scale1_R0,final_test,64,10,1024,256,128,2.0,0,3217101173,0.030587909274126825,0.020376694529765368,0.030587909274126825,0.0001059828373399796
random_scores_L256_D128_scale1_R1,final_test,64,10,1024,256,128,2.0,1,3837859703,0.02969705623859881,0.02058111792477222,0.02969705623859881,0.0003106187632511137
random_scores_L512_D64_scale0_R0,final_test,64,10,1024,512,64,1.0,0,704213214,0.04392035507159829,0.05085462532986853,0.05085462532986853,0.0004675017698900774
random_scores_L512_D64_scale0_R1,final_test,64,10,1024,512,64,1.0,1,1267423294,0.03454808157560412,0.041175181021294624,0.041175181021294624,0.0003842849037027918
random_scores_L512_D64_scale1_R0,final_test,64,10,1024,512,64,2.0,0,3565306119,0.042689264019158554,0.046597347589053865,0.046597347589053865,0.0003543570551300945
random_scores_L512_D64_scale1_R1,final_test,64,10,1024,512,64,2.0,1,771629024,0.03854839478720977,0.022446491251523853,0.03854839478720977,1.409813876307453e-05
random_scores_L512_D128_scale0_R0,final_test,64,10,1024,512,128,1.0,0,1715525944,0.03459946388522804,0.03443784385326091,0.03459946388522804,0.00020431303710211068
random_scores_L512_D128_scale0_R1,final_test,64,10,1024,512,128,1.0,1,1529591353,0.03596219894802928,0.041704393112219545,0.041704393112219545,0.0009280118174501695
random_scores_L512_D128_scale1_R0,final_test,64,10,1024,512,128,2.0,0,3721455576,0.03837552355135352,0.034484799262574584,0.03837552355135352,0.000240581991874933
random_scores_L512_D128_scale1_R1,final_test,64,10,1024,512,128,2.0,1,4089477858,0.047678526608286545,0.048643654979593845,0.048643654979593845,1.5125632671697531e-05
random_scores_L1024_D64_scale0_R0,final_test,64,10,1024,1024,64,1.0,0,3209714255,0.03456370007195564,0.030056927218558672,0.03456370007195564,0.00042084548840648495
random_scores_L1024_D64_scale0_R1,final_test,64,10,1024,1024,64,1.0,1,139766981,0.036608863897983804,0.04129360051309817,0.04129360051309817,0.0008140080881275935
random_scores_L1024_D64_scale1_R0,final_test,64,10,1024,1024,64,2.0,0,1668092918,0.035657789999680556,0.022315094877256164,0.035657789999680556,0.0009165226504137536
random_scores_L1024_D64_scale1_R1,final_test,64,10,1024,1024,64,2.0,1,2370976415,0.035043148751085614,0.03471203162403596,0.035043148751085614,0.0001483364942487242
random_scores_L1024_D128_scale0_R0,final_test,64,10,1024,1024,128,1.0,0,2619846946,0.04237611318871411,0.038607776232137604,0.04237611318871411,0.0002993740145029733
random_scores_L1024_D128_scale0_R1,final_test,64,10,1024,1024,128,1.0,1,100676919,0.042123769933933033,0.05445783051301713,0.05445783051301713,0.001279238516872283
random_scores_L1024_D128_scale1_R0,final_test,64,10,1024,1024,128,2.0,0,3901754262,0.03184088906736969,0.026676640566848618,0.03184088906736969,0.0004501009018440527
random_scores_L1024_D128_scale1_R1,final_test,64,10,1024,1024,128,2.0,1,3348629160,0.03379143839434089,0.027571027421971796,0.03379143839434089,0.00029032441807430587
random_scores_L128_D64_scale0_R0,calibration,64,12,1024,128,64,1.0,0,685338081,0.043621574516827175,0.04493983512269473,0.04493983512269473,0.0001177166705019772
random_scores_L128_D64_scale0_R1,calibration,64,12,1024,128,64,1.0,1,663847107,0.04192867568887255,0.04878739943888015,0.04878739943888015,0.0006441751029342413
random_scores_L128_D64_scale1_R0,calibration,64,12,1024,128,64,2.0,0,3773109054,0.030304334938904384,0.03145533829207583,0.03145533829207583,0.00021767932412330993
random_scores_L128_D64_scale1_R1,calibration,64,12,1024,128,64,2.0,1,595832534,0.03299237951420733,0.03875721127163771,0.03875721127163771,0.0004186242804280482
random_scores_L128_D128_scale0_R0,calibration,64,12,1024,128,128,1.0,0,3390620030,0.037589612145660575,0.04485767563668308,0.04485767563668308,0.000429958978202194
random_scores_L128_D128_scale0_R1,calibration,64,12,1024,128,128,1.0,1,4022284655,0.03473999750407699,0.035813852788323115,0.035813852788323115,0.0002659006859175861
random_scores_L128_D128_scale1_R0,calibration,64,12,1024,128,128,2.0,0,887663375,0.04498008851459519,0.044627571357293956,0.04498008851459519,2.6900686862063594e-05
random_scores_L128_D128_scale1_R1,calibration,64,12,1024,128,128,2.0,1,1888543280,0.03349656028344934,0.0309491805898895,0.03349656028344934,0.00032633106820867397
random_scores_L256_D64_scale0_R0,calibration,64,12,1024,256,64,1.0,0,2004917602,0.03284481749648266,0.04130626614075928,0.04130626614075928,0.0006573083956027403
random_scores_L256_D64_scale0_R1,calibration,64,12,1024,256,64,1.0,1,1803965758,0.03788027212695549,0.039695918355598915,0.039695918355598915,0.00016662439884385094
random_scores_L256_D64_scale1_R0,calibration,64,12,1024,256,64,2.0,0,2041129786,0.03935377247179083,0.02753791833259693,0.03935377247179083,3.7403515307232738e-06
random_scores_L256_D64_scale1_R1,calibration,64,12,1024,256,64,2.0,1,209589351,0.024021348938846165,0.012932499003521215,0.024021348938846165,0.0003050672644349106
random_scores_L256_D128_scale0_R0,calibration,64,12,1024,256,128,1.0,0,3371775186,0.03341350282854548,0.03553280020221261,0.03553280020221261,0.0009654188470449299
random_scores_L256_D128_scale0_R1,calibration,64,12,1024,256,128,1.0,1,141512215,0.0406074234608174,0.03833096851482316,0.0406074234608174,0.000542692665476352
random_scores_L256_D128_scale1_R0,calibration,64,12,1024,256,128,2.0,0,2879470677,0.02299983879931519,0.01160410893973345,0.02299983879931519,0.00024363162901863689
random_scores_L256_D128_scale1_R1,calibration,64,12,1024,256,128,2.0,1,1485725105,0.02641085269351842,0.021755130847848955,0.02641085269351842,0.00010834312206497998
random_scores_L512_D64_scale0_R0,calibration,64,12,1024,512,64,1.0,0,393753057,0.0375354367784264,0.04065708858347862,0.04065708858347862,0.00023541095288237557
random_scores_L512_D64_scale0_R1,calibration,64,12,1024,512,64,1.0,1,2303777491,0.03789044312316258,0.04621950398523801,0.04621950398523801,0.0007379488815786317
random_scores_L512_D64_scale1_R0,calibration,64,12,1024,512,64,2.0,0,3353718886,0.029895221131377367,0.03781782754360697,0.03781782754360697,0.00014477939976131893
random_scores_L512_D64_scale1_R1,calibration,64,12,1024,512,64,2.0,1,3069741948,0.046878922128689354,0.043716602524282125,0.046878922128689354,0.00045472742704077973
random_scores_L512_D128_scale0_R0,calibration,64,12,1024,512,128,1.0,0,2711588791,0.04038381116466279,0.04250386339380055,0.04250386339380055,4.926496694679372e-05
random_scores_L512_D128_scale0_R1,calibration,64,12,1024,512,128,1.0,1,4160562991,0.03909631148740719,0.04428327522884367,0.04428327522884367,0.00030875621087034233
random_scores_L512_D128_scale1_R0,calibration,64,12,1024,512,128,2.0,0,699071233,0.02084831914298731,0.00721347458944581,0.02084831914298731,0.0006554206001965213
random_scores_L512_D128_scale1_R1,calibration,64,12,1024,512,128,2.0,1,2945457681,0.020309888643871208,0.006323629874390303,0.020309888643871208,0.0002941098193787184
random_scores_L1024_D64_scale0_R0,calibration,64,12,1024,1024,64,1.0,0,844679095,0.03884177609749828,0.04125951606141339,0.04125951606141339,0.0005639981409331085
random_scores_L1024_D64_scale0_R1,calibration,64,12,1024,1024,64,1.0,1,2426034371,0.04288195534121519,0.043261696650754605,0.043261696650754605,0.0006621954798902152
random_scores_L1024_D64_scale1_R0,calibration,64,12,1024,1024,64,2.0,0,974098872,0.031376937195605,0.02287214608868482,0.031376937195605,0.0006652393012700486
random_scores_L1024_D64_scale1_R1,calibration,64,12,1024,1024,64,2.0,1,3900981413,0.036123868210791305,0.026266981307035652,0.036123868210791305,0.0008171511594809999
random_scores_L1024_D128_scale0_R0,calibration,64,12,1024,1024,128,1.0,0,955864114,0.050666144051607256,0.054540816996655125,0.054540816996655125,0.0002592376567918109
random_scores_L1024_D128_scale0_R1,calibration,64,12,1024,1024,128,1.0,1,2316380272,0.03873013741443212,0.05313709467930535,0.05313709467930535,0.00012567431076604407
random_scores_L1024_D128_scale1_R0,calibration,64,12,1024,1024,128,2.0,0,2742530172,0.034448381343187985,0.028155455404050154,0.034448381343187985,0.0005718868810618005
random_scores_L1024_D128_scale1_R1,calibration,64,12,1024,1024,128,2.0,1,1261299849,0.03549864874266709,0.02859277541283634,0.03549864874266709,0.00016909044052226818
random_scores_L128_D64_scale0_R0,validation,64,12,1024,128,64,1.0,0,2179143755,0.03739096514064971,0.037034199986017376,0.03739096514064971,9.826821042224765e-06
random_scores_L128_D64_scale0_R1,validation,64,12,1024,128,64,1.0,1,886552149,0.028241587614490183,0.027175536277106203,0.028241587614490183,0.0005110162310302258
random_scores_L128_D64_scale1_R0,validation,64,12,1024,128,64,2.0,0,1623101201,0.02301766155579199,0.020297153091375912,0.02301766155579199,5.793560467282077e-05
random_scores_L128_D64_scale1_R1,validation,64,12,1024,128,64,2.0,1,3380450944,0.02313688124084014,0.012670188777016566,0.02313688124084014,0.00024884009872039314
random_scores_L128_D128_scale0_R0,validation,64,12,1024,128,128,1.0,0,1566150152,0.037176836940753535,0.037027844785395427,0.037176836940753535,0.00013750517973676324
random_scores_L128_D128_scale0_R1,validation,64,12,1024,128,128,1.0,1,2703662685,0.03674268796267375,0.03481950849071547,0.03674268796267375,0.00032655365066602826
random_scores_L128_D128_scale1_R0,validation,64,12,1024,128,128,2.0,0,2135881214,0.03935189553498796,0.0400385208962893,0.0400385208962893,0.0002311128773726523
random_scores_L128_D128_scale1_R1,validation,64,12,1024,128,128,2.0,1,50132451,0.020357573498796407,0.02003192563887057,0.020357573498796407,0.0010560171722318046
random_scores_L256_D64_scale0_R0,validation,64,12,1024,256,64,1.0,0,3087993604,0.03494273950009454,0.03396235772737145,0.03494273950009454,0.00010448666580487043
random_scores_L256_D64_scale0_R1,validation,64,12,1024,256,64,1.0,1,41277796,0.03486986153011467,0.04639394040897668,0.04639394040897668,0.0001726536502246745
random_scores_L256_D64_scale1_R0,validation,64,12,1024,256,64,2.0,0,652470873,0.03253318098862123,0.029456554136877814,0.03253318098862123,0.0008684670583534171
random_scores_L256_D64_scale1_R1,validation,64,12,1024,256,64,2.0,1,2912149884,0.027713200725789096,0.022155109276249717,0.027713200725789096,0.00015487035307160113
random_scores_L256_D128_scale0_R0,validation,64,12,1024,256,128,1.0,0,2087022523,0.05346250640877609,0.056301603795026335,0.056301603795026335,0.000290962983854115
random_scores_L256_D128_scale0_R1,validation,64,12,1024,256,128,1.0,1,1568551378,0.0343194647609705,0.0394122413275334,0.0394122413275334,0.0006644829918514006
random_scores_L256_D128_scale1_R0,validation,64,12,1024,256,128,2.0,0,3514103192,0.021638225104026434,0.013401265536103971,0.021638225104026434,0.00020424634021765087
random_scores_L256_D128_scale1_R1,validation,64,12,1024,256,128,2.0,1,151134492,0.03547609144695146,0.040865120063672364,0.040865120063672364,0.0006358166983773117
random_scores_L512_D64_scale0_R0,validation,64,12,1024,512,64,1.0,0,2656095403,0.04314246081125848,0.05698182947817125,0.05698182947817125,0.00016654432693030685
random_scores_L512_D64_scale0_R1,validation,64,12,1024,512,64,1.0,1,3366063715,0.04022129926499679,0.05208536668384015,0.05208536668384015,0.0002717834468057845
random_scores_L512_D64_scale1_R0,validation,64,12,1024,512,64,2.0,0,909893417,0.02972981122053926,0.01891030253972414,0.02972981122053926,0.00036264757090975763
random_scores_L512_D64_scale1_R1,validation,64,12,1024,512,64,2.0,1,2640543791,0.04792357982723761,0.0422159588876382,0.04792357982723761,0.000141965820716905
random_scores_L512_D128_scale0_R0,validation,64,12,1024,512,128,1.0,0,3478535314,0.03520772828649098,0.03732843470390929,0.03732843470390929,2.9259463190101087e-05
random_scores_L512_D128_scale0_R1,validation,64,12,1024,512,128,1.0,1,1865149601,0.038823278693820094,0.04197033077603742,0.04197033077603742,0.00015290033115888946
random_scores_L512_D128_scale1_R0,validation,64,12,1024,512,128,2.0,0,1623223912,0.02849244068153986,0.018101814964070175,0.02849244068153986,5.6699453580222325e-05
random_scores_L512_D128_scale1_R1,validation,64,12,1024,512,128,2.0,1,2972957234,0.03537920397675608,0.043433359521235386,0.043433359521235386,0.00029526470541441086
random_scores_L1024_D64_scale0_R0,validation,64,12,1024,1024,64,1.0,0,2428269790,0.03539004976984922,0.047765436339605324,0.047765436339605324,0.0009171993006020784
random_scores_L1024_D64_scale0_R1,validation,64,12,1024,1024,64,1.0,1,2465942083,0.0576028902970556,0.06115835288544156,0.06115835288544156,0.000548417341633467
random_scores_L1024_D64_scale1_R0,validation,64,12,1024,1024,64,2.0,0,2646275298,0.03745202234108146,0.03386693378235258,0.03745202234108146,0.00019341257893756847
random_scores_L1024_D64_scale1_R1,validation,64,12,1024,1024,64,2.0,1,2127805685,0.034521163699118916,0.02508947358339043,0.034521163699118916,0.00011175845111210947
random_scores_L1024_D128_scale0_R0,validation,64,12,1024,1024,128,1.0,0,1618877226,0.039261361999257005,0.03929166329198022,0.03929166329198022,9.406299068359658e-05
random_scores_L1024_D128_scale0_R1,validation,64,12,1024,1024,128,1.0,1,3199744503,0.03985895203979684,0.04531429138991845,0.04531429138991845,0.0001006325583148282
random_scores_L1024_D128_scale1_R0,validation,64,12,1024,1024,128,2.0,0,3012212165,0.04113354040359653,0.037226232123390324,0.04113354040359653,0.0002139026397571797
random_scores_L1024_D128_scale1_R1,validation,64,12,1024,1024,128,2.0,1,3940770873,0.061896893854832775,0.06877954938542893,0.06877954938542893,0.00024084204767405026
random_scores_L128_D64_scale0_R0,final_test,64,12,1024,128,64,1.0,0,624292938,0.04485060803154662,0.04162414814967413,0.04485060803154662,0.00018074180115945637
random_scores_L128_D64_scale0_R1,final_test,64,12,1024,128,64,1.0,1,217281306,0.02969673415412092,0.024863479383418697,0.02969673415412092,0.00027774577029049397
random_scores_L128_D64_scale1_R0,final_test,64,12,1024,128,64,2.0,0,3359465834,0.027113328531515022,0.02075688067854335,0.027113328531515022,0.00031711087285657413
random_scores_L128_D64_scale1_R1,final_test,64,12,1024,128,64,2.0,1,2174172786,0.01190291973758203,0.0048764664021132345,0.01190291973758203,5.665961543854792e-05
random_scores_L128_D128_scale0_R0,final_test,64,12,1024,128,128,1.0,0,1909645211,0.03876964578334777,0.03901161419655063,0.03901161419655063,9.701726958155632e-05
random_scores_L128_D128_scale0_R1,final_test,64,12,1024,128,128,1.0,1,3255692506,0.03377178826789589,0.04428293421657078,0.04428293421657078,2.8981914510950446e-05
random_scores_L128_D128_scale1_R0,final_test,64,12,1024,128,128,2.0,0,2019810081,0.02803424585696659,0.033047946186449434,0.033047946186449434,0.00011741686648747418
random_scores_L128_D128_scale1_R1,final_test,64,12,1024,128,128,2.0,1,2978631166,0.028226765267712936,0.021612685310911484,0.028226765267712936,9.632190995034762e-05
random_scores_L256_D64_scale0_R0,final_test,64,12,1024,256,64,1.0,0,2367557448,0.03622201717501707,0.043701115415447835,0.043701115415447835,0.0002442994446028024
random_scores_L256_D64_scale0_R1,final_test,64,12,1024,256,64,1.0,1,1674591988,0.043891326812797546,0.055573692272641764,0.055573692272641764,0.00010407201625639573
random_scores_L256_D64_scale1_R0,final_test,64,12,1024,256,64,2.0,0,441878354,0.019544902612071098,0.008429133005915013,0.019544902612071098,0.00010341827328375075
random_scores_L256_D64_scale1_R1,final_test,64,12,1024,256,64,2.0,1,3504234577,0.025525379103518583,0.01479866153567319,0.025525379103518583,2.054542892437894e-05
random_scores_L256_D128_scale0_R0,final_test,64,12,1024,256,128,1.0,0,1871249097,0.0385865830433581,0.043433486708500314,0.043433486708500314,9.737383516039699e-05
random_scores_L256_D128_scale0_R1,final_test,64,12,1024,256,128,1.0,1,4090941081,0.03355091135418459,0.03269210727487759,0.03355091135418459,0.0006430490684579127
random_scores_L256_D128_scale1_R0,final_test,64,12,1024,256,128,2.0,0,3217101173,0.0295648304308212,0.020708355100938842,0.0295648304308212,0.0004197884591121692
random_scores_L256_D128_scale1_R1,final_test,64,12,1024,256,128,2.0,1,3837859703,0.027899276453344137,0.02076377448845352,0.027899276453344137,0.00020422196212166455
random_scores_L512_D64_scale0_R0,final_test,64,12,1024,512,64,1.0,0,704213214,0.04358160999470188,0.05035238895717864,0.05035238895717864,5.599926225841045e-06
random_scores_L512_D64_scale0_R1,final_test,64,12,1024,512,64,1.0,1,1267423294,0.034438713291554776,0.04108023088402281,0.04108023088402281,0.0001292391461902298
random_scores_L512_D64_scale1_R0,final_test,64,12,1024,512,64,2.0,0,3565306119,0.04106992766333668,0.04686217927615287,0.04686217927615287,0.0002816296102992055
random_scores_L512_D64_scale1_R1,final_test,64,12,1024,512,64,2.0,1,771629024,0.03760754306093099,0.022200714577241404,0.03760754306093099,0.0001229479445328252
random_scores_L512_D128_scale0_R0,final_test,64,12,1024,512,128,1.0,0,1715525944,0.03439160768640607,0.034531412674172236,0.034531412674172236,0.0002505915217625443
random_scores_L512_D128_scale0_R1,final_test,64,12,1024,512,128,1.0,1,1529591353,0.036099983934387306,0.04197474578250771,0.04197474578250771,0.000489250996906776
random_scores_L512_D128_scale1_R0,final_test,64,12,1024,512,128,2.0,0,3721455576,0.03680454008694928,0.033922408032731076,0.03680454008694928,0.0001070359178356739
random_scores_L512_D128_scale1_R1,final_test,64,12,1024,512,128,2.0,1,4089477858,0.04686844535414976,0.04794085377873597,0.04794085377873597,0.00039061923598637804
random_scores_L1024_D64_scale0_R0,final_test,64,12,1024,1024,64,1.0,0,3209714255,0.0345381340694058,0.029957205409172218,0.0345381340694058,0.0002807496093737427
random_scores_L1024_D64_scale0_R1,final_test,64,12,1024,1024,64,1.0,1,139766981,0.03622504808763406,0.04110607786763822,0.04110607786763822,4.027140676043928e-05
random_scores_L1024_D64_scale1_R0,final_test,64,12,1024,1024,64,2.0,0,1668092918,0.03460497327775062,0.022860190400686906,0.03460497327775062,0.0006482127134859184
random_scores_L1024_D64_scale1_R1,final_test,64,12,1024,1024,64,2.0,1,2370976415,0.03399671747625072,0.03476684695489912,0.03476684695489912,3.196078398559621e-05
random_scores_L1024_D128_scale0_R0,final_test,64,12,1024,1024,128,1.0,0,2619846946,0.04274330395099357,0.03962747399463192,0.04274330395099357,0.00045692865933233406
random_scores_L1024_D128_scale0_R1,final_test,64,12,1024,1024,128,1.0,1,100676919,0.042092016162103174,0.054782324685448566,0.054782324685448566,0.0004818039778911043
random_scores_L1024_D128_scale1_R0,final_test,64,12,1024,1024,128,2.0,0,3901754262,0.03001568040317594,0.026081912788513635,0.03001568040317594,1.6809265957817843e-05
random_scores_L1024_D128_scale1_R1,final_test,64,12,1024,1024,128,2.0,1,3348629160,0.0326429086152005,0.027941097108185004,0.0326429086152005,0.00046005202636933973
random_scores_L128_D64_scale0_R0,calibration,64,14,1024,128,64,1.0,0,685338081,0.04351434222920382,0.0445979297155187,0.0445979297155187,0.0004935136530548334
random_scores_L128_D64_scale0_R1,calibration,64,14,1024,128,64,1.0,1,663847107,0.04198170743719111,0.048767337638631426,0.048767337638631426,8.069217437878251e-05
random_scores_L128_D64_scale1_R0,calibration,64,14,1024,128,64,2.0,0,3773109054,0.030351506348831984,0.03176522261796263,0.03176522261796263,0.0002678211667443975
random_scores_L128_D64_scale1_R1,calibration,64,14,1024,128,64,2.0,1,595832534,0.032970354694277275,0.03886019522692468,0.03886019522692468,2.4419048713753e-05
random_scores_L128_D128_scale0_R0,calibration,64,14,1024,128,128,1.0,0,3390620030,0.03760169666131133,0.044862861174111014,0.044862861174111014,0.0005240584432613105
random_scores_L128_D128_scale0_R1,calibration,64,14,1024,128,128,1.0,1,4022284655,0.03483779615329865,0.03583559561234011,0.03583559561234011,0.00014186272164806724
random_scores_L128_D128_scale1_R0,calibration,64,14,1024,128,128,2.0,0,887663375,0.045200624065854705,0.04481449252631561,0.045200624065854705,0.00012777939264196903
random_scores_L128_D128_scale1_R1,calibration,64,14,1024,128,128,2.0,1,1888543280,0.03341733297346328,0.030952646637908338,0.03341733297346328,0.00014066181029193103
random_scores_L256_D64_scale0_R0,calibration,64,14,1024,256,64,1.0,0,2004917602,0.03288768689582475,0.04157203985408134,0.04157203985408134,3.01914697047323e-05
random_scores_L256_D64_scale0_R1,calibration,64,14,1024,256,64,1.0,1,1803965758,0.03778290568763544,0.03953363453953691,0.03953363453953691,5.847009742865339e-05
random_scores_L256_D64_scale1_R0,calibration,64,14,1024,256,64,2.0,0,2041129786,0.03876388514970124,0.027635378736144533,0.03876388514970124,0.0005154532773303799
random_scores_L256_D64_scale1_R1,calibration,64,14,1024,256,64,2.0,1,209589351,0.023545590349646324,0.012658085057668628,0.023545590349646324,0.0005199795914450078
random_scores_L256_D128_scale0_R0,calibration,64,14,1024,256,128,1.0,0,3371775186,0.03370384470382227,0.03588237624399033,0.03588237624399033,0.0004109673318453133
random_scores_L256_D128_scale0_R1,calibration,64,14,1024,256,128,1.0,1,141512215,0.04047924152677756,0.03823227495699847,0.04047924152677756,0.0004954812029609457
random_scores_L256_D128_scale1_R0,calibration,64,14,1024,256,128,2.0,0,2879470677,0.022701479753657994,0.011534229548979794,0.022701479753657994,0.00045261914101502043
random_scores_L256_D128_scale1_R1,calibration,64,14,1024,256,128,2.0,1,1485725105,0.025900047463789325,0.021665955493531355,0.025900047463789325,0.00010658841256372398
random_scores_L512_D64_scale0_R0,calibration,64,14,1024,512,64,1.0,0,393753057,0.037522155454762895,0.04062417693194339,0.04062417693194339,0.00045919166586827487
random_scores_L512_D64_scale0_R1,calibration,64,14,1024,512,64,1.0,1,2303777491,0.03798303680018474,0.04620359451116914,0.04620359451116914,0.0003050073719350621
random_scores_L512_D64_scale1_R0,calibration,64,14,1024,512,64,2.0,0,3353718886,0.029839979623989963,0.038461395316725745,0.038461395316725745,0.0008623778944638616
random_scores_L512_D64_scale1_R1,calibration,64,14,1024,512,64,2.0,1,3069741948,0.046931464321226427,0.04384280067792941,0.046931464321226427,0.00041261356500399415
random_scores_L512_D128_scale0_R0,calibration,64,14,1024,512,128,1.0,0,2711588791,0.04028925210351197,0.04248952800395614,0.04248952800395614,0.0003082363255089149
random_scores_L512_D128_scale0_R1,calibration,64,14,1024,512,128,1.0,1,4160562991,0.03913974192572479,0.044377924873537505,0.044377924873537505,0.0006018403691996355
random_scores_L512_D128_scale1_R0,calibration,64,14,1024,512,128,2.0,0,699071233,0.02109600902083447,0.007684608235076019,0.02109600902083447,0.00027561431988942786
random_scores_L512_D128_scale1_R1,calibration,64,14,1024,512,128,2.0,1,2945457681,0.01966463293414344,0.006210215089152399,0.01966463293414344,0.00014603742772578698
random_scores_L1024_D64_scale0_R0,calibration,64,14,1024,1024,64,1.0,0,844679095,0.03880996488555906,0.04120096990836428,0.04120096990836428,0.0007387409987131832
random_scores_L1024_D64_scale0_R1,calibration,64,14,1024,1024,64,1.0,1,2426034371,0.043165543698898384,0.043399158263350016,0.043399158263350016,0.0009931879649229813
random_scores_L1024_D64_scale1_R0,calibration,64,14,1024,1024,64,2.0,0,974098872,0.031107153490562464,0.02293645210198408,0.031107153490562464,0.0005500344084339304
random_scores_L1024_D64_scale1_R1,calibration,64,14,1024,1024,64,2.0,1,3900981413,0.03630734458082308,0.027148632714061094,0.03630734458082308,0.000180023457801326
random_scores_L1024_D128_scale0_R0,calibration,64,14,1024,1024,128,1.0,0,955864114,0.05099210077479571,0.054862565034095555,0.054862565034095555,0.0007336052367463708
random_scores_L1024_D128_scale0_R1,calibration,64,14,1024,1024,128,1.0,1,2316380272,0.03886605264523124,0.05344313142315875,0.05344313142315875,0.00018099786393577233
random_scores_L1024_D128_scale1_R0,calibration,64,14,1024,1024,128,2.0,0,2742530172,0.03385550991502674,0.027923538976400975,0.03385550991502674,0.0002589426747476864
random_scores_L1024_D128_scale1_R1,calibration,64,14,1024,1024,128,2.0,1,1261299849,0.035776280507813535,0.028836847608459313,0.035776280507813535,0.0002634231833553713
random_scores_L128_D64_scale0_R0,validation,64,14,1024,128,64,1.0,0,2179143755,0.037324065184212885,0.03711006917083627,0.037324065184212885,0.0002279413747601211
random_scores_L128_D64_scale0_R1,validation,64,14,1024,128,64,1.0,1,886552149,0.028203410257434936,0.027145860802080424,0.028203410257434936,0.000361462589353323
random_scores_L128_D64_scale1_R0,validation,64,14,1024,128,64,2.0,0,1623101201,0.022963767765778437,0.020362347868475246,0.022963767765778437,7.384897071460728e-05
random_scores_L128_D64_scale1_R1,validation,64,14,1024,128,64,2.0,1,3380450944,0.02333960862216309,0.013020258111072337,0.02333960862216309,8.764643280301243e-05
random_scores_L128_D128_scale0_R0,validation,64,14,1024,128,128,1.0,0,1566150152,0.03740325935749829,0.03726909704965501,0.03740325935749829,3.129331162199378e-06
random_scores_L128_D128_scale0_R1,validation,64,14,1024,128,128,1.0,1,2703662685,0.03668189418541329,0.03481679888771802,0.03668189418541329,0.0003454662801232189
random_scores_L128_D128_scale1_R0,validation,64,14,1024,128,128,2.0,0,2135881214,0.039361708306852324,0.040019833407878756,0.040019833407878756,9.282523933507036e-05
random_scores_L128_D128_scale1_R1,validation,64,14,1024,128,128,2.0,1,50132451,0.02007552424776904,0.019759098542978706,0.02007552424776904,0.00025630419986555353
random_scores_L256_D64_scale0_R0,validation,64,14,1024,256,64,1.0,0,3087993604,0.034837740145990045,0.03383882034370687,0.034837740145990045,0.0004187986778561026
random_scores_L256_D64_scale0_R1,validation,64,14,1024,256,64,1.0,1,41277796,0.03479933385180563,0.0460666236743911,0.0460666236743911,0.00048648355732439086
random_scores_L256_D64_scale1_R0,validation,64,14,1024,256,64,2.0,0,652470873,0.03255090315165139,0.029479163969306027,0.03255090315165139,0.0007378571754088625
random_scores_L256_D64_scale1_R1,validation,64,14,1024,256,64,2.0,1,2912149884,0.027490225911479142,0.021954966071194015,0.027490225911479142,0.000177338435605634
random_scores_L256_D128_scale0_R0,validation,64,14,1024,256,128,1.0,0,2087022523,0.053342640595017865,0.056070795113943424,0.056070795113943424,0.00010359898442402482
random_scores_L256_D128_scale0_R1,validation,64,14,1024,256,128,1.0,1,1568551378,0.034369930348064154,0.03960397710068683,0.03960397710068683,0.00030038939439691603
random_scores_L256_D128_scale1_R0,validation,64,14,1024,256,128,2.0,0,3514103192,0.021477269216971084,0.013418262384784522,0.021477269216971084,0.00013922957850809325
random_scores_L256_D128_scale1_R1,validation,64,14,1024,256,128,2.0,1,151134492,0.03543254328344507,0.04087730864924473,0.04087730864924473,0.0006162787594803376
random_scores_L512_D64_scale0_R0,validation,64,14,1024,512,64,1.0,0,2656095403,0.04318606415209581,0.05684303418367568,0.05684303418367568,0.0003219399513909593
random_scores_L512_D64_scale0_R1,validation,64,14,1024,512,64,1.0,1,3366063715,0.04027116219721376,0.052200699256348834,0.052200699256348834,0.0008465056162094697
random_scores_L512_D64_scale1_R0,validation,64,14,1024,512,64,2.0,0,909893417,0.02970538323533343,0.019351766823814946,0.02970538323533343,0.000303150750369241
random_scores_L512_D64_scale1_R1,validation,64,14,1024,512,64,2.0,1,2640543791,0.04797226676177916,0.04248050086312599,0.04797226676177916,8.93348214958678e-07
random_scores_L512_D128_scale0_R0,validation,64,14,1024,512,128,1.0,0,3478535314,0.035216102463855356,0.03730898918925041,0.03730898918925041,0.00014846577687421814
random_scores_L512_D128_scale0_R1,validation,64,14,1024,512,128,1.0,1,1865149601,0.03878557003819884,0.04201489265619117,0.04201489265619117,0.0001264021084352862
random_scores_L512_D128_scale1_R0,validation,64,14,1024,512,128,2.0,0,1623223912,0.028393615166637316,0.018299702684177188,0.028393615166637316,0.0005413043113549065
random_scores_L512_D128_scale1_R1,validation,64,14,1024,512,128,2.0,1,2972957234,0.034957644400641,0.04288362531408962,0.04288362531408962,1.2184076467747218e-05
random_scores_L1024_D64_scale0_R0,validation,64,14,1024,1024,64,1.0,0,2428269790,0.035415631745181086,0.047576869797065886,0.047576869797065886,0.0005974684172542766
random_scores_L1024_D64_scale0_R1,validation,64,14,1024,1024,64,1.0,1,2465942083,0.05804430201434844,0.06150066813348809,0.06150066813348809,8.082142812781967e-06
random_scores_L1024_D64_scale1_R0,validation,64,14,1024,1024,64,2.0,0,2646275298,0.03743162122819963,0.03392444586581978,0.03743162122819963,0.0002733192803816564
random_scores_L1024_D64_scale1_R1,validation,64,14,1024,1024,64,2.0,1,2127805685,0.03430224352926096,0.024932338274546623,0.03430224352926096,8.628843227143079e-05
random_scores_L1024_D128_scale0_R0,validation,64,14,1024,1024,128,1.0,0,1618877226,0.03924506822957172,0.03913982144438306,0.03924506822957172,0.0008076422673184425
random_scores_L1024_D128_scale0_R1,validation,64,14,1024,1024,128,1.0,1,3199744503,0.03995342712809671,0.04553065244613011,0.04553065244613011,0.0006774948215024779
random_scores_L1024_D128_scale1_R0,validation,64,14,1024,1024,128,2.0,0,3012212165,0.041717361321001185,0.037723775038859646,0.041717361321001185,0.0004894138518238833
random_scores_L1024_D128_scale1_R1,validation,64,14,1024,1024,128,2.0,1,3940770873,0.062267341483720505,0.06926732886406947,0.06926732886406947,0.0009183350058492579
random_scores_L128_D64_scale0_R0,final_test,64,14,1024,128,64,1.0,0,624292938,0.04484548310893766,0.041664346610018846,0.04484548310893766,0.00012703269021585584
random_scores_L128_D64_scale0_R1,final_test,64,14,1024,128,64,1.0,1,217281306,0.029685727740617885,0.02497349105416339,0.029685727740617885,0.0001247668405994773
random_scores_L128_D64_scale1_R0,final_test,64,14,1024,128,64,2.0,0,3359465834,0.026845100605373002,0.020715594321913975,0.026845100605373002,0.0005115503463457571
random_scores_L128_D64_scale1_R1,final_test,64,14,1024,128,64,2.0,1,2174172786,0.011687274864283162,0.004899439390962944,0.011687274864283162,0.0004081566494278377
random_scores_L128_D128_scale0_R0,final_test,64,14,1024,128,128,1.0,0,1909645211,0.03884984133474255,0.03912490031218466,0.03912490031218466,0.0002125130849890411
random_scores_L128_D128_scale0_R1,final_test,64,14,1024,128,128,1.0,1,3255692506,0.03386804121268199,0.044422765225379544,0.044422765225379544,5.2595598390325904e-05
random_scores_L128_D128_scale1_R0,final_test,64,14,1024,128,128,2.0,0,2019810081,0.027849562876914948,0.032856015287304065,0.032856015287304065,0.00028459052737161983
random_scores_L128_D128_scale1_R1,final_test,64,14,1024,128,128,2.0,1,2978631166,0.027677665845148886,0.021572179666776974,0.027677665845148886,0.00031646036586607806
random_scores_L256_D64_scale0_R0,final_test,64,14,1024,256,64,1.0,0,2367557448,0.03600070589973838,0.043560026883043834,0.043560026883043834,6.502591713797301e-05
random_scores_L256_D64_scale0_R1,final_test,64,14,1024,256,64,1.0,1,1674591988,0.04390972277856828,0.05576224831634556,0.05576224831634556,2.990513894474134e-05
random_scores_L256_D64_scale1_R0,final_test,64,14,1024,256,64,2.0,0,441878354,0.018416938126933333,0.008264842832632872,0.018416938126933333,0.0001769042087289563
random_scores_L256_D64_scale1_R1,final_test,64,14,1024,256,64,2.0,1,3504234577,0.025332634059273426,0.014587235410410791,0.025332634059273426,0.0006433406215364812
random_scores_L256_D128_scale0_R0,final_test,64,14,1024,256,128,1.0,0,1871249097,0.038553454681167026,0.04345811606974342,0.04345811606974342,0.00013425438373815268
random_scores_L256_D128_scale0_R1,final_test,64,14,1024,256,128,1.0,1,4090941081,0.0339047014140348,0.03304981428759773,0.0339047014140348,0.0004261672802385874
random_scores_L256_D128_scale1_R0,final_test,64,14,1024,256,128,2.0,0,3217101173,0.02949941370127278,0.020745918862650307,0.02949941370127278,1.1443715266068466e-05
random_scores_L256_D128_scale1_R1,final_test,64,14,1024,256,128,2.0,1,3837859703,0.027774143977728954,0.020562285854767156,0.027774143977728954,0.00043985790989609086
random_scores_L512_D64_scale0_R0,final_test,64,14,1024,512,64,1.0,0,704213214,0.04359772218477181,0.05068111455315955,0.05068111455315955,0.00034405552651151083
random_scores_L512_D64_scale0_R1,final_test,64,14,1024,512,64,1.0,1,1267423294,0.03440099051308746,0.04051265369053597,0.04051265369053597,0.0007599716991535388
random_scores_L512_D64_scale1_R0,final_test,64,14,1024,512,64,2.0,0,3565306119,0.04057825748396669,0.0469481290986732,0.0469481290986732,0.0008537721137145127
random_scores_L512_D64_scale1_R1,final_test,64,14,1024,512,64,2.0,1,771629024,0.037261401711672956,0.022164841730468454,0.037261401711672956,9.349599508823303e-05
random_scores_L512_D128_scale0_R0,final_test,64,14,1024,512,128,1.0,0,1715525944,0.034375719549346005,0.03438802108433574,0.03438802108433574,0.00011028160952264443
random_scores_L512_D128_scale0_R1,final_test,64,14,1024,512,128,1.0,1,1529591353,0.03601448032356759,0.04172494360274171,0.04172494360274171,0.0003301059259683825
random_scores_L512_D128_scale1_R0,final_test,64,14,1024,512,128,2.0,0,3721455576,0.0369037071778526,0.03413265099942731,0.0369037071778526,0.00012015013658128737
random_scores_L512_D128_scale1_R1,final_test,64,14,1024,512,128,2.0,1,4089477858,0.04681953548428026,0.04831471501944934,0.04831471501944934,0.0002701193607208552
random_scores_L1024_D64_scale0_R0,final_test,64,14,1024,1024,64,1.0,0,3209714255,0.03450384430087245,0.02994964858978772,0.03450384430087245,0.0002552482583269011
random_scores_L1024_D64_scale0_R1,final_test,64,14,1024,1024,64,1.0,1,139766981,0.036269780302953254,0.04158111534709254,0.04158111534709254,0.0013105297621223144
random_scores_L1024_D64_scale1_R0,final_test,64,14,1024,1024,64,2.0,0,1668092918,0.03440040452357027,0.022790334576821496,0.03440040452357027,0.0006156553827167954
random_scores_L1024_D64_scale1_R1,final_test,64,14,1024,1024,64,2.0,1,2370976415,0.033660603014065295,0.03442648237912775,0.03442648237912775,0.00037435499621096824
random_scores_L1024_D128_scale0_R0,final_test,64,14,1024,1024,128,1.0,0,2619846946,0.04272437342644228,0.039423492163710945,0.04272437342644228,0.0002631151564855827
random_scores_L1024_D128_scale0_R1,final_test,64,14,1024,1024,128,1.0,1,100676919,0.04221198186068717,0.05488509789039812,0.05488509789039812,0.001131153287133202
random_scores_L1024_D128_scale1_R0,final_test,64,14,1024,1024,128,2.0,0,3901754262,0.02975831429403277,0.026444927352907155,0.02975831429403277,0.00021073274535865494
random_scores_L1024_D128_scale1_R1,final_test,64,14,1024,1024,128,2.0,1,3348629160,0.03266731076003809,0.028069157091777493,0.03266731076003809,0.0009695947411501038
random_scores_L128_D64_scale0_R0,calibration,128,10,2048,128,64,1.0,0,685338081,0.015081013645918327,0.015659399561962103,0.015659399561962103,0.0007773215766064823
random_scores_L128_D64_scale0_R1,calibration,128,10,2048,128,64,1.0,1,663847107,0.018037711519616653,0.02843232677208645,0.02843232677208645,0.0005892894114367664
random_scores_L128_D64_scale1_R0,calibration,128,10,2048,128,64,2.0,0,3773109054,0.016624997814361303,0.016347363327263446,0.016624997814361303,0.00023865134426159784
random_scores_L128_D64_scale1_R1,calibration,128,10,2048,128,64,2.0,1,595832534,0.01813484612972815,0.020659647015091657,0.020659647015091657,0.00021273672246024944
random_scores_L128_D128_scale0_R0,calibration,128,10,2048,128,128,1.0,0,3390620030,0.016974022714219706,0.022200365636342995,0.022200365636342995,0.00015736441127955914
random_scores_L128_D128_scale0_R1,calibration,128,10,2048,128,128,1.0,1,4022284655,0.01249405001870733,0.011496726917427444,0.01249405001870733,0.0007764120819047093
random_scores_L128_D128_scale1_R0,calibration,128,10,2048,128,128,2.0,0,887663375,0.022183502481476117,0.018489164387507723,0.022183502481476117,0.00037623442767653614
random_scores_L128_D128_scale1_R1,calibration,128,10,2048,128,128,2.0,1,1888543280,0.0131052347409818,0.009511251182578218,0.0131052347409818,0.0005080732771602925
random_scores_L256_D64_scale0_R0,calibration,128,10,2048,256,64,1.0,0,2004917602,0.019625883736789966,0.0250543641478748,0.0250543641478748,0.00024727408890612423
random_scores_L256_D64_scale0_R1,calibration,128,10,2048,256,64,1.0,1,1803965758,0.019228505878107004,0.020265424992528393,0.020265424992528393,0.00023868201969889924
random_scores_L256_D64_scale1_R0,calibration,128,10,2048,256,64,2.0,0,2041129786,0.019807441249681514,0.014534512373425295,0.019807441249681514,0.0001450151294193347
random_scores_L256_D64_scale1_R1,calibration,128,10,2048,256,64,2.0,1,209589351,0.01318862224373395,0.006702435724795831,0.01318862224373395,0.0009568178011249984
random_scores_L256_D128_scale0_R0,calibration,128,10,2048,256,128,1.0,0,3371775186,0.021018291893714548,0.02136306661613951,0.02136306661613951,0.0005471314070746303
random_scores_L256_D128_scale0_R1,calibration,128,10,2048,256,128,1.0,1,141512215,0.014632228067002706,0.015608839879865341,0.015608839879865341,0.00022735571837984025
random_scores_L256_D128_scale1_R0,calibration,128,10,2048,256,128,2.0,0,2879470677,0.015379001412285046,0.007882949630423753,0.015379001412285046,0.00016687613970134407
random_scores_L256_D128_scale1_R1,calibration,128,10,2048,256,128,2.0,1,1485725105,0.016352300855562094,0.01423638454106322,0.016352300855562094,0.00038417433279391844
random_scores_L512_D64_scale0_R0,calibration,128,10,2048,512,64,1.0,0,393753057,0.02439223571731214,0.024817631553453994,0.024817631553453994,0.00030749144207220525
random_scores_L512_D64_scale0_R1,calibration,128,10,2048,512,64,1.0,1,2303777491,0.017881486343828027,0.017716987043318734,0.017881486343828027,0.000996108225081116
random_scores_L512_D64_scale1_R0,calibration,128,10,2048,512,64,2.0,0,3353718886,0.016631097588131347,0.015196610029468063,0.016631097588131347,0.0012141934321334702
random_scores_L512_D64_scale1_R1,calibration,128,10,2048,512,64,2.0,1,3069741948,0.02412866274483768,0.023117840548714935,0.02412866274483768,0.00012348935979389353
random_scores_L512_D128_scale0_R0,calibration,128,10,2048,512,128,1.0,0,2711588791,0.020562903288856127,0.022064241881456666,0.022064241881456666,0.0003079372581851203
random_scores_L512_D128_scale0_R1,calibration,128,10,2048,512,128,1.0,1,4160562991,0.02038656782697092,0.0215269520727423,0.0215269520727423,0.0002191354287788272
random_scores_L512_D128_scale1_R0,calibration,128,10,2048,512,128,2.0,0,699071233,0.020353452455762398,0.009938524672419248,0.020353452455762398,0.0005170840609025618
random_scores_L512_D128_scale1_R1,calibration,128,10,2048,512,128,2.0,1,2945457681,0.014600474208835233,0.004481650126351539,0.014600474208835233,0.0011106845222457196
random_scores_L1024_D64_scale0_R0,calibration,128,10,2048,1024,64,1.0,0,844679095,0.021651530574467625,0.024613745620165814,0.024613745620165814,0.0009339787575299852
random_scores_L1024_D64_scale0_R1,calibration,128,10,2048,1024,64,1.0,1,2426034371,0.020519224895792998,0.020970122365269878,0.020970122365269878,0.000679383007081924
random_scores_L1024_D64_scale1_R0,calibration,128,10,2048,1024,64,2.0,0,974098872,0.02442996125251853,0.019013819899699455,0.02442996125251853,0.0007827474802866163
random_scores_L1024_D64_scale1_R1,calibration,128,10,2048,1024,64,2.0,1,3900981413,0.019246740863864912,0.015906595957412333,0.019246740863864912,0.00036872740611215704
random_scores_L1024_D128_scale0_R0,calibration,128,10,2048,1024,128,1.0,0,955864114,0.02263926317270861,0.027422034703051455,0.027422034703051455,0.0006695711654174374
random_scores_L1024_D128_scale0_R1,calibration,128,10,2048,1024,128,1.0,1,2316380272,0.01704314050305018,0.019452567486863324,0.019452567486863324,0.00015457323388545774
random_scores_L1024_D128_scale1_R0,calibration,128,10,2048,1024,128,2.0,0,2742530172,0.019536439824940653,0.01637623878092411,0.019536439824940653,5.005329967389116e-06
random_scores_L1024_D128_scale1_R1,calibration,128,10,2048,1024,128,2.0,1,1261299849,0.019754464261114463,0.01776429879854032,0.019754464261114463,0.0005612957747871405
random_scores_L128_D64_scale0_R0,validation,128,10,2048,128,64,1.0,0,2179143755,0.02234645609129899,0.022818355712251364,0.022818355712251364,0.00017460592789575458
random_scores_L128_D64_scale0_R1,validation,128,10,2048,128,64,1.0,1,886552149,0.01771675543290951,0.022282021665879732,0.022282021665879732,0.0001311700907535851
random_scores_L128_D64_scale1_R0,validation,128,10,2048,128,64,2.0,0,1623101201,0.011502158860129048,0.006460276769620693,0.011502158860129048,4.370640453998931e-05
random_scores_L128_D64_scale1_R1,validation,128,10,2048,128,64,2.0,1,3380450944,0.023107171266753625,0.01553995024252373,0.023107171266753625,0.00010435759031679481
random_scores_L128_D128_scale0_R0,validation,128,10,2048,128,128,1.0,0,1566150152,0.022799342092612102,0.0260742641925382,0.0260742641925382,0.0004120471130590886
random_scores_L128_D128_scale0_R1,validation,128,10,2048,128,128,1.0,1,2703662685,0.015156136293745836,0.012985556845553577,0.015156136293745836,0.0001020072668325156
random_scores_L128_D128_scale1_R0,validation,128,10,2048,128,128,2.0,0,2135881214,0.014852465752917625,0.01250901213220326,0.014852465752917625,0.0001239035918843001
random_scores_L128_D128_scale1_R1,validation,128,10,2048,128,128,2.0,1,50132451,0.020111284671999158,0.018741095763602507,0.020111284671999158,0.00015422840078826994
random_scores_L256_D64_scale0_R0,validation,128,10,2048,256,64,1.0,0,3087993604,0.01692917891093695,0.0176999374919151,0.0176999374919151,9.448097262065858e-05
random_scores_L256_D64_scale0_R1,validation,128,10,2048,256,64,1.0,1,41277796,0.01940909648501313,0.027456922925419833,0.027456922925419833,7.719656423432752e-05
random_scores_L256_D64_scale1_R0,validation,128,10,2048,256,64,2.0,0,652470873,0.01701122840716368,0.014359789928852574,0.01701122840716368,0.000570050155147328
random_scores_L256_D64_scale1_R1,validation,128,10,2048,256,64,2.0,1,2912149884,0.020112218318627605,0.01810586017440463,0.020112218318627605,0.0003902418702637078
random_scores_L256_D128_scale0_R0,validation,128,10,2048,256,128,1.0,0,2087022523,0.017884376736532058,0.018012951673970812,0.018012951673970812,0.00036951169022358954
random_scores_L256_D128_scale0_R1,validation,128,10,2048,256,128,1.0,1,1568551378,0.01582945460860258,0.018399346774810414,0.018399346774810414,0.00027208066603634506
random_scores_L256_D128_scale1_R0,validation,128,10,2048,256,128,2.0,0,3514103192,0.016057101593634108,0.007473048053258358,0.016057101593634108,0.0004359734975878382
random_scores_L256_D128_scale1_R1,validation,128,10,2048,256,128,2.0,1,151134492,0.015459076102754243,0.013269743116384071,0.015459076102754243,0.0005307578503561672
random_scores_L512_D64_scale0_R0,validation,128,10,2048,512,64,1.0,0,2656095403,0.02034938786708148,0.027236135968832897,0.027236135968832897,1.3423370546661317e-05
random_scores_L512_D64_scale0_R1,validation,128,10,2048,512,64,1.0,1,3366063715,0.020052238531634167,0.024183921760903997,0.024183921760903997,0.00016629348829155788
random_scores_L512_D64_scale1_R0,validation,128,10,2048,512,64,2.0,0,909893417,0.018430895925238965,0.011528767701542887,0.018430895925238965,6.265602178245899e-05
random_scores_L512_D64_scale1_R1,validation,128,10,2048,512,64,2.0,1,2640543791,0.017320962297465433,0.013649366373772077,0.017320962297465433,0.00023625526773685124
random_scores_L512_D128_scale0_R0,validation,128,10,2048,512,128,1.0,0,3478535314,0.019678206726459622,0.020798597722695746,0.020798597722695746,0.00031392947857966647
random_scores_L512_D128_scale0_R1,validation,128,10,2048,512,128,1.0,1,1865149601,0.028128556354772,0.028416063418134813,0.028416063418134813,0.00016569880608585663
random_scores_L512_D128_scale1_R0,validation,128,10,2048,512,128,2.0,0,1623223912,0.02183269349928406,0.016231557347071934,0.02183269349928406,0.00014642468340753112
random_scores_L512_D128_scale1_R1,validation,128,10,2048,512,128,2.0,1,2972957234,0.01784561380976074,0.015452998838667176,0.01784561380976074,0.0006654623464328324
random_scores_L1024_D64_scale0_R0,validation,128,10,2048,1024,64,1.0,0,2428269790,0.019652430567748423,0.02576477460334202,0.02576477460334202,0.00029796393209835514
random_scores_L1024_D64_scale0_R1,validation,128,10,2048,1024,64,1.0,1,2465942083,0.022219519540628056,0.022354366301663087,0.022354366301663087,0.0003934844662580872
random_scores_L1024_D64_scale1_R0,validation,128,10,2048,1024,64,2.0,0,2646275298,0.02618601189587417,0.022544235117366876,0.02618601189587417,0.0005021900540214119
random_scores_L1024_D64_scale1_R1,validation,128,10,2048,1024,64,2.0,1,2127805685,0.025514915871723907,0.020063041651234608,0.025514915871723907,0.0009610902573058411
random_scores_L1024_D128_scale0_R0,validation,128,10,2048,1024,128,1.0,0,1618877226,0.019781791728463484,0.019717543622585217,0.019781791728463484,0.0005929856597504113
random_scores_L1024_D128_scale0_R1,validation,128,10,2048,1024,128,1.0,1,3199744503,0.019884814313764664,0.02213132870520316,0.02213132870520316,0.00014403838758880738
random_scores_L1024_D128_scale1_R0,validation,128,10,2048,1024,128,2.0,0,3012212165,0.017130702980486044,0.012388204788638793,0.017130702980486044,5.49589681213547e-05
random_scores_L1024_D128_scale1_R1,validation,128,10,2048,1024,128,2.0,1,3940770873,0.028122690098528125,0.031507467371814334,0.031507467371814334,0.00030908608550817007
random_scores_L128_D64_scale0_R0,final_test,128,10,2048,128,64,1.0,0,624292938,0.019717315309542252,0.01990258742401558,0.01990258742401558,0.0002763065858744085
random_scores_L128_D64_scale0_R1,final_test,128,10,2048,128,64,1.0,1,217281306,0.01966168930445799,0.020922224619463543,0.020922224619463543,0.001024972356390208
random_scores_L128_D64_scale1_R0,final_test,128,10,2048,128,64,2.0,0,3359465834,0.017809214398862246,0.012618107960916456,0.017809214398862246,0.00011566573812160641
random_scores_L128_D64_scale1_R1,final_test,128,10,2048,128,64,2.0,1,2174172786,0.008637839311058083,0.001834467128295252,0.008637839311058083,0.00030704468008480035
random_scores_L128_D128_scale0_R0,final_test,128,10,2048,128,128,1.0,0,1909645211,0.016510805135016945,0.01647387783321566,0.016510805135016945,0.0006034852704033256
random_scores_L128_D128_scale0_R1,final_test,128,10,2048,128,128,1.0,1,3255692506,0.013677204379943951,0.016787113416060196,0.016787113416060196,0.0004765463818330318
random_scores_L128_D128_scale1_R0,final_test,128,10,2048,128,128,2.0,0,2019810081,0.017302032282324936,0.018036680708855998,0.018036680708855998,3.322692646179348e-05
random_scores_L128_D128_scale1_R1,final_test,128,10,2048,128,128,2.0,1,2978631166,0.018165043625538183,0.01618374415627215,0.018165043625538183,0.0005309984480845742
random_scores_L256_D64_scale0_R0,final_test,128,10,2048,256,64,1.0,0,2367557448,0.01789249783893836,0.02137816322958757,0.02137816322958757,0.0005816067714476958
random_scores_L256_D64_scale0_R1,final_test,128,10,2048,256,64,1.0,1,1674591988,0.01784012727725031,0.023686391397674873,0.023686391397674873,0.0003237383280065842
random_scores_L256_D64_scale1_R0,final_test,128,10,2048,256,64,2.0,0,441878354,0.012623048548475683,0.004823947132539322,0.012623048548475683,6.776511872885749e-05
random_scores_L256_D64_scale1_R1,final_test,128,10,2048,256,64,2.0,1,3504234577,0.01812569891563966,0.013992760328747479,0.01812569891563966,2.6124665964744054e-05
random_scores_L256_D128_scale0_R0,final_test,128,10,2048,256,128,1.0,0,1871249097,0.01895118346369286,0.02096886728314202,0.02096886728314202,0.0001329901278950274
random_scores_L256_D128_scale0_R1,final_test,128,10,2048,256,128,1.0,1,4090941081,0.023120220605982178,0.023653077910766134,0.023653077910766134,0.00010334429680369794
random_scores_L256_D128_scale1_R0,final_test,128,10,2048,256,128,2.0,0,3217101173,0.019512842443451254,0.014113131630392569,0.019512842443451254,3.145512528135441e-05
random_scores_L256_D128_scale1_R1,final_test,128,10,2048,256,128,2.0,1,3837859703,0.01384054473985311,0.011277239577645839,0.01384054473985311,0.000174304304891848
random_scores_L512_D64_scale0_R0,final_test,128,10,2048,512,64,1.0,0,704213214,0.02510554238620949,0.02677493995829982,0.02677493995829982,0.00028386871781549416
random_scores_L512_D64_scale0_R1,final_test,128,10,2048,512,64,1.0,1,1267423294,0.01815976805796449,0.021791703330387723,0.021791703330387723,0.00014001853560330346
random_scores_L512_D64_scale1_R0,final_test,128,10,2048,512,64,2.0,0,3565306119,0.021841601900739596,0.01902790745513117,0.021841601900739596,0.0002962630082947726
random_scores_L512_D64_scale1_R1,final_test,128,10,2048,512,64,2.0,1,771629024,0.01348392911988923,0.005485798954895447,0.01348392911988923,0.0006094243094594276
random_scores_L512_D128_scale0_R0,final_test,128,10,2048,512,128,1.0,0,1715525944,0.02105007747958655,0.02364237575900378,0.02364237575900378,0.0008721417580090929
random_scores_L512_D128_scale0_R1,final_test,128,10,2048,512,128,1.0,1,1529591353,0.021085256454730462,0.02243775212167909,0.02243775212167909,0.0006000007088005077
random_scores_L512_D128_scale1_R0,final_test,128,10,2048,512,128,2.0,0,3721455576,0.019983974329417797,0.01734937369667356,0.019983974329417797,0.0006495599577647226
random_scores_L512_D128_scale1_R1,final_test,128,10,2048,512,128,2.0,1,4089477858,0.023235498970670693,0.021815054359701252,0.023235498970670693,0.0001637967984606803
random_scores_L1024_D64_scale0_R0,final_test,128,10,2048,1024,64,1.0,0,3209714255,0.019726318575623174,0.022223535100534847,0.022223535100534847,0.000738345246645622
random_scores_L1024_D64_scale0_R1,final_test,128,10,2048,1024,64,1.0,1,139766981,0.022528560672452964,0.027234825412445617,0.027234825412445617,0.0002877058632293483
random_scores_L1024_D64_scale1_R0,final_test,128,10,2048,1024,64,2.0,0,1668092918,0.01908921553179774,0.011709312595325195,0.01908921553179774,0.00038742101241950877
random_scores_L1024_D64_scale1_R1,final_test,128,10,2048,1024,64,2.0,1,2370976415,0.019799856046155324,0.02025532290423673,0.02025532290423673,0.0006075025669360912
random_scores_L1024_D128_scale0_R0,final_test,128,10,2048,1024,128,1.0,0,2619846946,0.018742882318896655,0.017096891260589924,0.018742882318896655,0.0001760726299835369
random_scores_L1024_D128_scale0_R1,final_test,128,10,2048,1024,128,1.0,1,100676919,0.020987377787111572,0.028697225295399933,0.028697225295399933,9.277701610699296e-05
random_scores_L1024_D128_scale1_R0,final_test,128,10,2048,1024,128,2.0,0,3901754262,0.021922817306648027,0.013394774632780585,0.021922817306648027,0.0018166471895710856
random_scores_L1024_D128_scale1_R1,final_test,128,10,2048,1024,128,2.0,1,3348629160,0.018564188341689006,0.016779478539961472,0.018564188341689006,0.0002574544769231579
random_scores_L128_D64_scale0_R0,calibration,128,12,2048,128,64,1.0,0,685338081,0.015101860086839584,0.015051769299359887,0.015101860086839584,6.993277929723263e-05
random_scores_L128_D64_scale0_R1,calibration,128,12,2048,128,64,1.0,1,663847107,0.01835317716020221,0.028964652546441018,0.028964652546441018,0.000294696306809783
random_scores_L128_D64_scale1_R0,calibration,128,12,2048,128,64,2.0,0,3773109054,0.015374653892768084,0.01662199144209533,0.01662199144209533,0.00024201691485359333
random_scores_L128_D64_scale1_R1,calibration,128,12,2048,128,64,2.0,1,595832534,0.017491847059665763,0.020652329309088672,0.020652329309088672,0.00013863500134903006
random_scores_L128_D128_scale0_R0,calibration,128,12,2048,128,128,1.0,0,3390620030,0.016757398612188768,0.021789390096016485,0.021789390096016485,0.00019212387269362807
random_scores_L128_D128_scale0_R1,calibration,128,12,2048,128,128,1.0,1,4022284655,0.012391958086547177,0.011551971166110267,0.012391958086547177,9.624729864299297e-05
random_scores_L128_D128_scale1_R0,calibration,128,12,2048,128,128,2.0,0,887663375,0.020852960958520867,0.01826486711545363,0.020852960958520867,4.3139360059285536e-05
random_scores_L128_D128_scale1_R1,calibration,128,12,2048,128,128,2.0,1,1888543280,0.012016070343558819,0.009493071824549901,0.012016070343558819,0.000248131083935732
random_scores_L256_D64_scale0_R0,calibration,128,12,2048,256,64,1.0,0,2004917602,0.01966542939906325,0.025206263932541113,0.025206263932541113,0.00015332558541558683
random_scores_L256_D64_scale0_R1,calibration,128,12,2048,256,64,1.0,1,1803965758,0.019090254811746088,0.0203687606255905,0.0203687606255905,0.0003966522344853729
random_scores_L256_D64_scale1_R0,calibration,128,12,2048,256,64,2.0,0,2041129786,0.017153411413785333,0.012920119766381025,0.017153411413785333,0.0003633676506069605
random_scores_L256_D64_scale1_R1,calibration,128,12,2048,256,64,2.0,1,209589351,0.010493479707400916,0.005965182141782311,0.010493479707400916,1.635742410144303e-05
random_scores_L256_D128_scale0_R0,calibration,128,12,2048,256,128,1.0,0,3371775186,0.02090117312463538,0.02143596709584158,0.02143596709584158,0.0001664123556111008
random_scores_L256_D128_scale0_R1,calibration,128,12,2048,256,128,1.0,1,141512215,0.014639275731202103,0.015608829632403235,0.015608829632403235,8.497398812323809e-05
random_scores_L256_D128_scale1_R0,calibration,128,12,2048,256,128,2.0,0,2879470677,0.01080795093874247,0.0053952149680318185,0.01080795093874247,0.0003251026255384204
random_scores_L256_D128_scale1_R1,calibration,128,12,2048,256,128,2.0,1,1485725105,0.013609039734187475,0.01449581147932803,0.01449581147932803,0.00013644269711221568
random_scores_L512_D64_scale0_R0,calibration,128,12,2048,512,64,1.0,0,393753057,0.023997167813705075,0.024472808508591883,0.024472808508591883,0.0004797832225449383
random_scores_L512_D64_scale0_R1,calibration,128,12,2048,512,64,1.0,1,2303777491,0.01784511297001491,0.017988021878521464,0.017988021878521464,0.00012362971756374463
random_scores_L512_D64_scale1_R0,calibration,128,12,2048,512,64,2.0,0,3353718886,0.015032851772275747,0.015704557920647004,0.015704557920647004,0.00042966905721186777
random_scores_L512_D64_scale1_R1,calibration,128,12,2048,512,64,2.0,1,3069741948,0.022638932349647246,0.02307644699503969,0.02307644699503969,0.00011428160178184044
random_scores_L512_D128_scale0_R0,calibration,128,12,2048,512,128,1.0,0,2711588791,0.020373500485580346,0.022015005907519414,0.022015005907519414,0.0003942199000448454
random_scores_L512_D128_scale0_R1,calibration,128,12,2048,512,128,1.0,1,4160562991,0.02024695811892024,0.02145190285077636,0.02145190285077636,8.566618635086343e-05
random_scores_L512_D128_scale1_R0,calibration,128,12,2048,512,128,2.0,0,699071233,0.017398802291072546,0.009754384338945451,0.017398802291072546,0.00034114122627215693
random_scores_L512_D128_scale1_R1,calibration,128,12,2048,512,128,2.0,1,2945457681,0.012755135983988234,0.004685308624074124,0.012755135983988234,0.00039491319864737306
random_scores_L1024_D64_scale0_R0,calibration,128,12,2048,1024,64,1.0,0,844679095,0.021531508426834635,0.02419511916831303,0.02419511916831303,0.000589628929446917
random_scores_L1024_D64_scale0_R1,calibration,128,12,2048,1024,64,1.0,1,2426034371,0.020451970540747377,0.020964449157278804,0.020964449157278804,9.677935486251954e-05
random_scores_L1024_D64_scale1_R0,calibration,128,12,2048,1024,64,2.0,0,974098872,0.022823656715665566,0.022136092478180314,0.022823656715665566,0.0002147556182308108
random_scores_L1024_D64_scale1_R1,calibration,128,12,2048,1024,64,2.0,1,3900981413,0.01786405132516961,0.016304575523009953,0.01786405132516961,0.00045212233396796364
random_scores_L1024_D128_scale0_R0,calibration,128,12,2048,1024,128,1.0,0,955864114,0.022389004065108308,0.027061796950819478,0.027061796950819478,0.00010080355059471913
random_scores_L1024_D128_scale0_R1,calibration,128,12,2048,1024,128,1.0,1,2316380272,0.01693406368471874,0.019271857796405573,0.019271857796405573,0.0003158447871101089
random_scores_L1024_D128_scale1_R0,calibration,128,12,2048,1024,128,2.0,0,2742530172,0.01789745356418509,0.015177315081696974,0.01789745356418509,0.00016056075241976941
random_scores_L1024_D128_scale1_R1,calibration,128,12,2048,1024,128,2.0,1,1261299849,0.01852932944857854,0.018055009908736642,0.01852932944857854,8.194458359866985e-05
random_scores_L128_D64_scale0_R0,validation,128,12,2048,128,64,1.0,0,2179143755,0.022641379696536644,0.02270350127726095,0.02270350127726095,0.0005502703425008804
random_scores_L128_D64_scale0_R1,validation,128,12,2048,128,64,1.0,1,886552149,0.017801311802491032,0.022910017285618145,0.022910017285618145,0.0005804242682643235
random_scores_L128_D64_scale1_R0,validation,128,12,2048,128,64,2.0,0,1623101201,0.008582863201014097,0.0052249014406612745,0.008582863201014097,0.0003582888857636135
random_scores_L128_D64_scale1_R1,validation,128,12,2048,128,64,2.0,1,3380450944,0.020887575107100553,0.01594553732755313,0.020887575107100553,0.00011835034274554346
random_scores_L128_D128_scale0_R0,validation,128,12,2048,128,128,1.0,0,1566150152,0.022528897374286108,0.0258090554020758,0.0258090554020758,0.00030341450474224985
random_scores_L128_D128_scale0_R1,validation,128,12,2048,128,128,1.0,1,2703662685,0.014962398037342233,0.012746069140816293,0.014962398037342233,0.00041482565575279295
random_scores_L128_D128_scale1_R0,validation,128,12,2048,128,128,2.0,0,2135881214,0.014239353754967083,0.012504883287344195,0.014239353754967083,0.000636746850432246
random_scores_L128_D128_scale1_R1,validation,128,12,2048,128,128,2.0,1,50132451,0.017647239777090748,0.018021544918178752,0.018021544918178752,0.0004242260256432928
random_scores_L256_D64_scale0_R0,validation,128,12,2048,256,64,1.0,0,3087993604,0.016915936734289906,0.017787126766638,0.017787126766638,0.000385669874958694
random_scores_L256_D64_scale0_R1,validation,128,12,2048,256,64,1.0,1,41277796,0.01933282625241377,0.02754184008566095,0.02754184008566095,0.0004300648652133532
random_scores_L256_D64_scale1_R0,validation,128,12,2048,256,64,2.0,0,652470873,0.016104314091606006,0.014714752118058479,0.016104314091606006,0.00035657976786751533
random_scores_L256_D64_scale1_R1,validation,128,12,2048,256,64,2.0,1,2912149884,0.019431535346100842,0.017959464119549184,0.019431535346100842,6.062243664928246e-05
random_scores_L256_D128_scale0_R0,validation,128,12,2048,256,128,1.0,0,2087022523,0.01775181399591446,0.017897661813814855,0.017897661813814855,0.00020855751063209027
random_scores_L256_D128_scale0_R1,validation,128,12,2048,256,128,1.0,1,1568551378,0.015712972579416673,0.01853603873715642,0.01853603873715642,3.6545839975588024e-05
random_scores_L256_D128_scale1_R0,validation,128,12,2048,256,128,2.0,0,3514103192,0.012919211265186036,0.00664744394671242,0.012919211265186036,9.902917008730583e-05
random_scores_L256_D128_scale1_R1,validation,128,12,2048,256,128,2.0,1,151134492,0.014638547735320256,0.013202353752896735,0.014638547735320256,0.00045646188937098486
random_scores_L512_D64_scale0_R0,validation,128,12,2048,512,64,1.0,0,2656095403,0.01979200912894493,0.026552131529901418,0.026552131529901418,0.00011461096801212989
random_scores_L512_D64_scale0_R1,validation,128,12,2048,512,64,1.0,1,3366063715,0.02000091079741982,0.02424557300112055,0.02424557300112055,0.0001709758653305471
random_scores_L512_D64_scale1_R0,validation,128,12,2048,512,64,2.0,0,909893417,0.015533076868347867,0.008953501953945788,0.015533076868347867,0.0003772669915633742
random_scores_L512_D64_scale1_R1,validation,128,12,2048,512,64,2.0,1,2640543791,0.0152988687056029,0.013607385607707951,0.0152988687056029,0.0007953525403081585
random_scores_L512_D128_scale0_R0,validation,128,12,2048,512,128,1.0,0,3478535314,0.019584109644597406,0.02079471018025566,0.02079471018025566,0.0005145273462403566
random_scores_L512_D128_scale0_R1,validation,128,12,2048,512,128,1.0,1,1865149601,0.027831857896507422,0.028310297240738885,0.028310297240738885,0.00043781514250440523
random_scores_L512_D128_scale1_R0,validation,128,12,2048,512,128,2.0,0,1623223912,0.020616685645839898,0.016166857641997906,0.020616685645839898,3.847839343507076e-05
random_scores_L512_D128_scale1_R1,validation,128,12,2048,512,128,2.0,1,2972957234,0.016254404505234948,0.014858160003520622,0.016254404505234948,0.0006444835520369452
random_scores_L1024_D64_scale0_R0,validation,128,12,2048,1024,64,1.0,0,2428269790,0.019690254571211614,0.025384592939244794,0.025384592939244794,4.260020068613812e-05
random_scores_L1024_D64_scale0_R1,validation,128,12,2048,1024,64,1.0,1,2465942083,0.0221132155513726,0.022508268533389733,0.022508268533389733,0.0001270890425075777
random_scores_L1024_D64_scale1_R0,validation,128,12,2048,1024,64,2.0,0,2646275298,0.02515155880941101,0.023086442807331825,0.02515155880941101,0.0009280928538828448
random_scores_L1024_D64_scale1_R1,validation,128,12,2048,1024,64,2.0,1,2127805685,0.024288935470862156,0.02063101891139172,0.024288935470862156,0.0005274546118698709
random_scores_L1024_D128_scale0_R0,validation,128,12,2048,1024,128,1.0,0,1618877226,0.01966943688938938,0.01974746587206036,0.01974746587206036,9.291384412790649e-05
random_scores_L1024_D128_scale0_R1,validation,128,12,2048,1024,128,1.0,1,3199744503,0.019819466149844197,0.02219787046304594,0.02219787046304594,0.0005914521589147625
random_scores_L1024_D128_scale1_R0,validation,128,12,2048,1024,128,2.0,0,3012212165,0.015902959013451897,0.012375584517223242,0.015902959013451897,0.00104192012565818
random_scores_L1024_D128_scale1_R1,validation,128,12,2048,1024,128,2.0,1,3940770873,0.02658832473116544,0.031000683032467884,0.031000683032467884,2.5514404796922463e-05
random_scores_L128_D64_scale0_R0,final_test,128,12,2048,128,64,1.0,0,624292938,0.019462774369389545,0.01953339137681914,0.01953339137681914,0.000385134742828086
random_scores_L128_D64_scale0_R1,final_test,128,12,2048,128,64,1.0,1,217281306,0.01960449960927025,0.02067871768920076,0.02067871768920076,0.0001757596037350595
random_scores_L128_D64_scale1_R0,final_test,128,12,2048,128,64,2.0,0,3359465834,0.01496656774870615,0.011293225969691041,0.01496656774870615,2.594853867776692e-05
random_scores_L128_D64_scale1_R1,final_test,128,12,2048,128,64,2.0,1,2174172786,0.0053751829704796255,0.0009024913234333527,0.0053751829704796255,0.0001998638817894971
random_scores_L128_D128_scale0_R0,final_test,128,12,2048,128,128,1.0,0,1909645211,0.01636578263499306,0.016327276436743515,0.01636578263499306,0.00026124040596187115
random_scores_L128_D128_scale0_R1,final_test,128,12,2048,128,128,1.0,1,3255692506,0.013572458458868782,0.016665062924614803,0.016665062924614803,0.00030382900149561465
random_scores_L128_D128_scale1_R0,final_test,128,12,2048,128,128,2.0,0,2019810081,0.01713578566423007,0.018395442434067696,0.018395442434067696,0.00022553466260433197
random_scores_L128_D128_scale1_R1,final_test,128,12,2048,128,128,2.0,1,2978631166,0.017024643290845944,0.01647583794764423,0.017024643290845944,8.456820069113746e-05
random_scores_L256_D64_scale0_R0,final_test,128,12,2048,256,64,1.0,0,2367557448,0.017637615399414115,0.02177186280613741,0.02177186280613741,4.355887358542532e-05
random_scores_L256_D64_scale0_R1,final_test,128,12,2048,256,64,1.0,1,1674591988,0.01770626584142317,0.023617595157887028,0.023617595157887028,0.0005379783906391822
random_scores_L256_D64_scale1_R0,final_test,128,12,2048,256,64,2.0,0,441878354,0.010263730556257324,0.004472671470195885,0.010263730556257324,0.00044020592440574546
random_scores_L256_D64_scale1_R1,final_test,128,12,2048,256,64,2.0,1,3504234577,0.016391341905692552,0.013224860062890106,0.016391341905692552,0.00021487811591214268
random_scores_L256_D128_scale0_R0,final_test,128,12,2048,256,128,1.0,0,1871249097,0.018811868065209937,0.020841097665987556,0.020841097665987556,5.426211282610893e-05
random_scores_L256_D128_scale0_R1,final_test,128,12,2048,256,128,1.0,1,4090941081,0.023150631225413006,0.023793565689512363,0.023793565689512363,0.0002879813400795683
random_scores_L256_D128_scale1_R0,final_test,128,12,2048,256,128,2.0,0,3217101173,0.018145524867709435,0.014534252744233835,0.018145524867709435,0.0003793664272961905
random_scores_L256_D128_scale1_R1,final_test,128,12,2048,256,128,2.0,1,3837859703,0.013278974029928904,0.011830557385915059,0.013278974029928904,0.000585912885981088
random_scores_L512_D64_scale0_R0,final_test,128,12,2048,512,64,1.0,0,704213214,0.024886399685113483,0.026742873709428374,0.026742873709428374,0.0001848772881203331
random_scores_L512_D64_scale0_R1,final_test,128,12,2048,512,64,1.0,1,1267423294,0.01828851524160724,0.0222349857662758,0.0222349857662758,5.091600905871019e-05
random_scores_L512_D64_scale1_R0,final_test,128,12,2048,512,64,2.0,0,3565306119,0.01947990221332142,0.018163160651754825,0.01947990221332142,0.00027879060121449584
random_scores_L512_D64_scale1_R1,final_test,128,12,2048,512,64,2.0,1,771629024,0.012050949853632427,0.005185815959132734,0.012050949853632427,5.643672920996323e-05
random_scores_L512_D128_scale0_R0,final_test,128,12,2048,512,128,1.0,0,1715525944,0.021241937876015124,0.023987603386242982,0.023987603386242982,6.215427492861636e-05
random_scores_L512_D128_scale0_R1,final_test,128,12,2048,512,128,1.0,1,1529591353,0.02110892220328455,0.0225273354365254,0.0225273354365254,2.6743691705632955e-05
random_scores_L512_D128_scale1_R0,final_test,128,12,2048,512,128,2.0,0,3721455576,0.018916715298962522,0.01723675190031427,0.018916715298962522,0.0003653556664175994
random_scores_L512_D128_scale1_R1,final_test,128,12,2048,512,128,2.0,1,4089477858,0.022335722113186823,0.021671578192017128,0.022335722113186823,4.509106793193496e-05
random_scores_L1024_D64_scale0_R0,final_test,128,12,2048,1024,64,1.0,0,3209714255,0.019950461855119304,0.022713465665505295,0.022713465665505295,0.00023800602502888069
random_scores_L1024_D64_scale0_R1,final_test,128,12,2048,1024,64,1.0,1,139766981,0.022143414146049013,0.027049182374185018,0.027049182374185018,0.0007956930894579273
random_scores_L1024_D64_scale1_R0,final_test,128,12,2048,1024,64,2.0,0,1668092918,0.017110564464138753,0.011328451315143888,0.017110564464138753,0.00010610111610276363
random_scores_L1024_D64_scale1_R1,final_test,128,12,2048,1024,64,2.0,1,2370976415,0.01854946151962117,0.019724217104112398,0.019724217104112398,0.00032766372305559344
random_scores_L1024_D128_scale0_R0,final_test,128,12,2048,1024,128,1.0,0,2619846946,0.01850348551729283,0.016820953931822088,0.01850348551729283,0.0006251593149499968
random_scores_L1024_D128_scale0_R1,final_test,128,12,2048,1024,128,1.0,1,100676919,0.020779672756554058,0.02870422345536262,0.02870422345536262,9.912030145642348e-05
random_scores_L1024_D128_scale1_R0,final_test,128,12,2048,1024,128,2.0,0,3901754262,0.018132009292613983,0.013175545855492531,0.018132009292613983,0.0008314147170267461
random_scores_L1024_D128_scale1_R1,final_test,128,12,2048,1024,128,2.0,1,3348629160,0.01701905078665584,0.016963557138989113,0.01701905078665584,0.0004940641925941236
random_scores_L128_D64_scale0_R0,calibration,128,14,2048,128,64,1.0,0,685338081,0.015121478828264307,0.015084551313399634,0.015121478828264307,0.00027163606137037277
random_scores_L128_D64_scale0_R1,calibration,128,14,2048,128,64,1.0,1,663847107,0.018370249932809418,0.028956705504855306,0.028956705504855306,0.0002632066607475281
random_scores_L128_D64_scale1_R0,calibration,128,14,2048,128,64,2.0,0,3773109054,0.015360900848320942,0.01658930974456744,0.01658930974456744,8.090540177363437e-06
random_scores_L128_D64_scale1_R1,calibration,128,14,2048,128,64,2.0,1,595832534,0.017284023107029305,0.020543297095030267,0.020543297095030267,0.0002534866762289312
random_scores_L128_D128_scale0_R0,calibration,128,14,2048,128,128,1.0,0,3390620030,0.016721692150346284,0.021785411966098116,0.021785411966098116,0.0001586498983670026
random_scores_L128_D128_scale0_R1,calibration,128,14,2048,128,128,1.0,1,4022284655,0.012373758578739534,0.011517520670622635,0.012373758578739534,9.608612162992358e-05
random_scores_L128_D128_scale1_R0,calibration,128,14,2048,128,128,2.0,0,887663375,0.02080682717206156,0.018383268735273732,0.02080682717206156,0.00020875740119663533
random_scores_L128_D128_scale1_R1,calibration,128,14,2048,128,128,2.0,1,1888543280,0.01210148773247221,0.009590267640994743,0.01210148773247221,0.0002218558156528161
random_scores_L256_D64_scale0_R0,calibration,128,14,2048,256,64,1.0,0,2004917602,0.019618195027849915,0.025177942131116373,0.025177942131116373,0.0003798054240178317
random_scores_L256_D64_scale0_R1,calibration,128,14,2048,256,64,1.0,1,1803965758,0.019034101008147952,0.020328664798952175,0.020328664798952175,0.0005273829738143831
random_scores_L256_D64_scale1_R0,calibration,128,14,2048,256,64,2.0,0,2041129786,0.016706752929655788,0.012284051899816135,0.016706752929655788,0.00019469041671982268
random_scores_L256_D64_scale1_R1,calibration,128,14,2048,256,64,2.0,1,209589351,0.01034650577757558,0.005990880663257674,0.01034650577757558,0.00014566433219442843
random_scores_L256_D128_scale0_R0,calibration,128,14,2048,256,128,1.0,0,3371775186,0.020922076704230522,0.021463821132254597,0.021463821132254597,0.0001406429219059646
random_scores_L256_D128_scale0_R1,calibration,128,14,2048,256,128,1.0,1,141512215,0.014643729492566608,0.015682478179000647,0.015682478179000647,3.28474270645529e-05
random_scores_L256_D128_scale1_R0,calibration,128,14,2048,256,128,2.0,0,2879470677,0.010123803838392684,0.005118722684854716,0.010123803838392684,4.658582383854082e-05
random_scores_L256_D128_scale1_R1,calibration,128,14,2048,256,128,2.0,1,1485725105,0.013326499786694129,0.014706046400556208,0.014706046400556208,2.3090238300937926e-05
random_scores_L512_D64_scale0_R0,calibration,128,14,2048,512,64,1.0,0,393753057,0.024074263801993703,0.024544221367717233,0.024544221367717233,0.0004136891948292032
random_scores_L512_D64_scale0_R1,calibration,128,14,2048,512,64,1.0,1,2303777491,0.017895666026338356,0.018034421106619864,0.018034421106619864,0.00010673113138182089
random_scores_L512_D64_scale1_R0,calibration,128,14,2048,512,64,2.0,0,3353718886,0.014581791244927403,0.015310249346232005,0.015310249346232005,0.0006643804244959028
random_scores_L512_D64_scale1_R1,calibration,128,14,2048,512,64,2.0,1,3069741948,0.022708563958689913,0.02334700579878709,0.02334700579878709,4.709749237008509e-05
random_scores_L512_D128_scale0_R0,calibration,128,14,2048,512,128,1.0,0,2711588791,0.02041026719083428,0.02214524643814978,0.02214524643814978,5.332916043698788e-05
random_scores_L512_D128_scale0_R1,calibration,128,14,2048,512,128,1.0,1,4160562991,0.020205795203870575,0.02137072801363893,0.02137072801363893,0.0003955837746616453
random_scores_L512_D128_scale1_R0,calibration,128,14,2048,512,128,2.0,0,699071233,0.017745006889303857,0.01025783049279641,0.017745006889303857,0.00013800657688989304
random_scores_L512_D128_scale1_R1,calibration,128,14,2048,512,128,2.0,1,2945457681,0.011840299363970292,0.004284664887657484,0.011840299363970292,0.00029795702891988185
random_scores_L1024_D64_scale0_R0,calibration,128,14,2048,1024,64,1.0,0,844679095,0.02153886843185613,0.02437298833215143,0.02437298833215143,0.001164224053354701
random_scores_L1024_D64_scale0_R1,calibration,128,14,2048,1024,64,1.0,1,2426034371,0.020457237517646505,0.021035123372391083,0.021035123372391083,7.849864232412074e-05
random_scores_L1024_D64_scale1_R0,calibration,128,14,2048,1024,64,2.0,0,974098872,0.022722715605814257,0.022426059923564643,0.022722715605814257,0.00032978276635731163
random_scores_L1024_D64_scale1_R1,calibration,128,14,2048,1024,64,2.0,1,3900981413,0.017765143953951713,0.016383205843099116,0.017765143953951713,0.0008442674995876587
random_scores_L1024_D128_scale0_R0,calibration,128,14,2048,1024,128,1.0,0,955864114,0.02244412907135067,0.02719122897412794,0.02719122897412794,0.0005772067506768508
random_scores_L1024_D128_scale0_R1,calibration,128,14,2048,1024,128,1.0,1,2316380272,0.01695646243467871,0.019251331362549584,0.019251331362549584,0.0004287726878828835
random_scores_L1024_D128_scale1_R0,calibration,128,14,2048,1024,128,2.0,0,2742530172,0.017663501263191137,0.015232829183731263,0.017663501263191137,4.161376637057401e-06
random_scores_L1024_D128_scale1_R1,calibration,128,14,2048,1024,128,2.0,1,1261299849,0.018237473399810748,0.01830599117091112,0.01830599117091112,0.0009364349360225788
random_scores_L128_D64_scale0_R0,validation,128,14,2048,128,64,1.0,0,2179143755,0.022558956860181827,0.022690730682824903,0.022690730682824903,0.000649699562927708
random_scores_L128_D64_scale0_R1,validation,128,14,2048,128,64,1.0,1,886552149,0.017769556564073103,0.022915173280305658,0.022915173280305658,0.0006455255206674337
random_scores_L128_D64_scale1_R0,validation,128,14,2048,128,64,2.0,0,1623101201,0.008299491366891206,0.005215380844750055,0.008299491366891206,0.000462027171124646
random_scores_L128_D64_scale1_R1,validation,128,14,2048,128,64,2.0,1,3380450944,0.020386242085610535,0.015894042886869693,0.020386242085610535,3.074276537518017e-05
random_scores_L128_D128_scale0_R0,validation,128,14,2048,128,128,1.0,0,1566150152,0.022566967893824036,0.025796775848942445,0.025796775848942445,0.0003402135625947267
random_scores_L128_D128_scale0_R1,validation,128,14,2048,128,128,1.0,1,2703662685,0.0149985891452803,0.012716659099917241,0.0149985891452803,0.0005323018995113671
random_scores_L128_D128_scale1_R0,validation,128,14,2048,128,128,2.0,0,2135881214,0.014019999919146552,0.012502209378826581,0.014019999919146552,0.00016352970123989508
random_scores_L128_D128_scale1_R1,validation,128,14,2048,128,128,2.0,1,50132451,0.01771791391770647,0.018320217462764223,0.018320217462764223,5.9684665757231414e-05
random_scores_L256_D64_scale0_R0,validation,128,14,2048,256,64,1.0,0,3087993604,0.016995861380796232,0.017855069953658244,0.017855069953658244,0.0003323010168969631
random_scores_L256_D64_scale0_R1,validation,128,14,2048,256,64,1.0,1,41277796,0.01919060128804285,0.02719591631107723,0.02719591631107723,0.00027046541799791157
random_scores_L256_D64_scale1_R0,validation,128,14,2048,256,64,2.0,0,652470873,0.01600985465946827,0.014919509672800691,0.01600985465946827,0.0003503220996208256
random_scores_L256_D64_scale1_R1,validation,128,14,2048,256,64,2.0,1,2912149884,0.01894800025894041,0.017560568270918512,0.01894800025894041,0.00040179051393351983
random_scores_L256_D128_scale0_R0,validation,128,14,2048,256,128,1.0,0,2087022523,0.017643051441418645,0.017730163951566173,0.017730163951566173,0.0003284882695879787
random_scores_L256_D128_scale0_R1,validation,128,14,2048,256,128,1.0,1,1568551378,0.015520696772305744,0.018275306111699273,0.018275306111699273,0.0002818276916514151
random_scores_L256_D128_scale1_R0,validation,128,14,2048,256,128,2.0,0,3514103192,0.012521972712292736,0.006952902416937521,0.012521972712292736,0.0004218806020617194
random_scores_L256_D128_scale1_R1,validation,128,14,2048,256,128,2.0,1,151134492,0.01464308748777054,0.013191616395497728,0.01464308748777054,0.000673501388519071
random_scores_L512_D64_scale0_R0,validation,128,14,2048,512,64,1.0,0,2656095403,0.01991293807986486,0.026829756452555063,0.026829756452555063,0.0008009809243958443
random_scores_L512_D64_scale0_R1,validation,128,14,2048,512,64,1.0,1,3366063715,0.01997789257885309,0.024395917332723335,0.024395917332723335,3.2723073672968894e-05
random_scores_L512_D64_scale1_R0,validation,128,14,2048,512,64,2.0,0,909893417,0.01513781246409711,0.009002106341794266,0.01513781246409711,0.000531597860799593
random_scores_L512_D64_scale1_R1,validation,128,14,2048,512,64,2.0,1,2640543791,0.01476923659534989,0.012993053464463533,0.01476923659534989,5.5587518772881594e-05
random_scores_L512_D128_scale0_R0,validation,128,14,2048,512,128,1.0,0,3478535314,0.019498473691195402,0.02071160245034977,0.02071160245034977,0.0007645987425348721
random_scores_L512_D128_scale0_R1,validation,128,14,2048,512,128,1.0,1,1865149601,0.0279129765640765,0.028343628065995146,0.028343628065995146,0.00039006227598292753
random_scores_L512_D128_scale1_R0,validation,128,14,2048,512,128,2.0,0,1623223912,0.020547477223652355,0.016076540869871023,0.020547477223652355,0.0004428720653777418
random_scores_L512_D128_scale1_R1,validation,128,14,2048,512,128,2.0,1,2972957234,0.016144536888307193,0.015397161950013791,0.016144536888307193,0.00026146598997911497
random_scores_L1024_D64_scale0_R0,validation,128,14,2048,1024,64,1.0,0,2428269790,0.01969770789287604,0.025611971303433075,0.025611971303433075,9.679655704530887e-05
random_scores_L1024_D64_scale0_R1,validation,128,14,2048,1024,64,1.0,1,2465942083,0.022108300716168258,0.02243623961427286,0.02243623961427286,0.0002033109176409198
random_scores_L1024_D64_scale1_R0,validation,128,14,2048,1024,64,2.0,0,2646275298,0.02495175675729504,0.02287573090118212,0.02495175675729504,0.00028632769908654154
random_scores_L1024_D64_scale1_R1,validation,128,14,2048,1024,64,2.0,1,2127805685,0.023757117607227502,0.02019091328733414,0.023757117607227502,3.523292514273635e-05
random_scores_L1024_D128_scale0_R0,validation,128,14,2048,1024,128,1.0,0,1618877226,0.019597161010135034,0.019676530336667598,0.019676530336667598,0.0004993724433006719
random_scores_L1024_D128_scale0_R1,validation,128,14,2048,1024,128,1.0,1,3199744503,0.019787554090993212,0.022092986563517027,0.022092986563517027,0.0004872803419857519
random_scores_L1024_D128_scale1_R0,validation,128,14,2048,1024,128,2.0,0,3012212165,0.015472807183654071,0.012392388099160379,0.015472807183654071,0.0002461155942228288
random_scores_L1024_D128_scale1_R1,validation,128,14,2048,1024,128,2.0,1,3940770873,0.026319256497583182,0.030887052470823736,0.030887052470823736,0.0005950461024895048
random_scores_L128_D64_scale0_R0,final_test,128,14,2048,128,64,1.0,0,624292938,0.019432640234230813,0.019485124019427216,0.019485124019427216,0.00023895216872915626
random_scores_L128_D64_scale0_R1,final_test,128,14,2048,128,64,1.0,1,217281306,0.01971379546193122,0.020976026855513644,0.020976026855513644,0.0008916774240788072
random_scores_L128_D64_scale1_R0,final_test,128,14,2048,128,64,2.0,0,3359465834,0.015024503946580278,0.011317660410119097,0.015024503946580278,0.0006474530491686892
random_scores_L128_D64_scale1_R1,final_test,128,14,2048,128,64,2.0,1,2174172786,0.005471067486767663,0.0011962357471466364,0.005471067486767663,0.0004852842594118556
random_scores_L128_D128_scale0_R0,final_test,128,14,2048,128,128,1.0,0,1909645211,0.016459650413304723,0.016597740693371527,0.016597740693371527,0.0004237932153046131
random_scores_L128_D128_scale0_R1,final_test,128,14,2048,128,128,1.0,1,3255692506,0.013573130158829782,0.016674473634341446,0.016674473634341446,0.0003455783589743078
random_scores_L128_D128_scale1_R0,final_test,128,14,2048,128,128,2.0,0,2019810081,0.016787381213262318,0.018253350977561332,0.018253350977561332,0.00011906663348781876
random_scores_L128_D128_scale1_R1,final_test,128,14,2048,128,128,2.0,1,2978631166,0.017028887507681403,0.016667263375443737,0.017028887507681403,0.00043365512101445347
random_scores_L256_D64_scale0_R0,final_test,128,14,2048,256,64,1.0,0,2367557448,0.017561094536472532,0.02160232017098656,0.02160232017098656,0.00017159823619294912
random_scores_L256_D64_scale0_R1,final_test,128,14,2048,256,64,1.0,1,1674591988,0.01777579707382681,0.02387752890463022,0.02387752890463022,0.0005399429210228845
random_scores_L256_D64_scale1_R0,final_test,128,14,2048,256,64,2.0,0,441878354,0.009468520342759506,0.004235441107873535,0.009468520342759506,0.00033137641185021494
random_scores_L256_D64_scale1_R1,final_test,128,14,2048,256,64,2.0,1,3504234577,0.016202037823636245,0.01330508530860577,0.016202037823636245,0.0002793839971673151
random_scores_L256_D128_scale0_R0,final_test,128,14,2048,256,128,1.0,0,1871249097,0.01875521232498993,0.020754626614571038,0.020754626614571038,6.551727710757405e-05
random_scores_L256_D128_scale0_R1,final_test,128,14,2048,256,128,1.0,1,4090941081,0.023135853019483024,0.02397769699847911,0.02397769699847911,0.00021567416843026876
random_scores_L256_D128_scale1_R0,final_test,128,14,2048,256,128,2.0,0,3217101173,0.017990186421939298,0.014733219690938907,0.017990186421939298,0.00028869318066426786
random_scores_L256_D128_scale1_R1,final_test,128,14,2048,256,128,2.0,1,3837859703,0.012871931590747917,0.011787977788288733,0.012871931590747917,0.0001955428106157342
random_scores_L512_D64_scale0_R0,final_test,128,14,2048,512,64,1.0,0,704213214,0.024796538801587324,0.02660381859856893,0.02660381859856893,0.00021740472584497184
random_scores_L512_D64_scale0_R1,final_test,128,14,2048,512,64,1.0,1,1267423294,0.018164574355172006,0.022175488045040947,0.022175488045040947,8.939055987866595e-05
random_scores_L512_D64_scale1_R0,final_test,128,14,2048,512,64,2.0,0,3565306119,0.019158507529335914,0.01802297463037899,0.019158507529335914,0.0008713074680599675
random_scores_L512_D64_scale1_R1,final_test,128,14,2048,512,64,2.0,1,771629024,0.011917086996848934,0.005247592676463222,0.011917086996848934,0.00014999911513768893
random_scores_L512_D128_scale0_R0,final_test,128,14,2048,512,128,1.0,0,1715525944,0.02093481911317,0.023299907718517174,0.023299907718517174,0.000557185907382518
random_scores_L512_D128_scale0_R1,final_test,128,14,2048,512,128,1.0,1,1529591353,0.021050452425129623,0.022529063959477808,0.022529063959477808,0.0001250456589332316
random_scores_L512_D128_scale1_R0,final_test,128,14,2048,512,128,2.0,0,3721455576,0.018487200293544465,0.01703116437564389,0.018487200293544465,0.0006737181086009514
random_scores_L512_D128_scale1_R1,final_test,128,14,2048,512,128,2.0,1,4089477858,0.022286509535197018,0.02169611309994123,0.022286509535197018,1.2138037618569797e-05
random_scores_L1024_D64_scale0_R0,final_test,128,14,2048,1024,64,1.0,0,3209714255,0.020011010588236088,0.022719050621109998,0.022719050621109998,0.0006259674046305008
random_scores_L1024_D64_scale0_R1,final_test,128,14,2048,1024,64,1.0,1,139766981,0.02234317423941534,0.027179815736812107,0.027179815736812107,0.0002579465617600363
random_scores_L1024_D64_scale1_R0,final_test,128,14,2048,1024,64,2.0,0,1668092918,0.01704770135471401,0.011774704854952396,0.01704770135471401,0.000524526441438411
random_scores_L1024_D64_scale1_R1,final_test,128,14,2048,1024,64,2.0,1,2370976415,0.01837601014270478,0.019606338987699694,0.019606338987699694,0.0005495874547705171
random_scores_L1024_D128_scale0_R0,final_test,128,14,2048,1024,128,1.0,0,2619846946,0.018419927074871105,0.016919139879459543,0.018419927074871105,0.0004955451149726287
random_scores_L1024_D128_scale0_R1,final_test,128,14,2048,1024,128,1.0,1,100676919,0.02079663917987477,0.028722557148969784,0.028722557148969784,0.0011612829766818322
random_scores_L1024_D128_scale1_R0,final_test,128,14,2048,1024,128,2.0,0,3901754262,0.017890455645171,0.013311901474414157,0.017890455645171,0.0008312761151501036
random_scores_L1024_D128_scale1_R1,final_test,128,14,2048,1024,128,2.0,1,3348629160,0.016733523012811478,0.01672758559994448,0.016733523012811478,0.0001028929810900081
random_scores_L128_D64_scale0_R0,calibration,256,10,4096,128,64,1.0,0,685338081,0.006901921746092044,0.006339051786656177,0.006901921746092044,0.000626352964900434
random_scores_L128_D64_scale0_R1,calibration,256,10,4096,128,64,1.0,1,663847107,0.007494808567078454,0.010279235276229317,0.010279235276229317,0.00025841209571808577
random_scores_L128_D64_scale1_R0,calibration,256,10,4096,128,64,2.0,0,3773109054,0.008346724793654321,0.007397454402275982,0.008346724793654321,0.00025956473109545186
random_scores_L128_D64_scale1_R1,calibration,256,10,4096,128,64,2.0,1,595832534,0.009658359103709557,0.008570299283748426,0.009658359103709557,0.00016157488425960764
random_scores_L128_D128_scale0_R0,calibration,256,10,4096,128,128,1.0,0,3390620030,0.008236411721275257,0.010111276974790542,0.010111276974790542,0.00020747521193698049
random_scores_L128_D128_scale0_R1,calibration,256,10,4096,128,128,1.0,1,4022284655,0.008656155601853297,0.009728321594286837,0.009728321594286837,0.0005643577896989882
random_scores_L128_D128_scale1_R0,calibration,256,10,4096,128,128,2.0,0,887663375,0.008928388984214736,0.006845554533160512,0.008928388984214736,4.2159132135566324e-05
random_scores_L128_D128_scale1_R1,calibration,256,10,4096,128,128,2.0,1,1888543280,0.008165809010670058,0.006590111016724919,0.008165809010670058,8.319006155943498e-06
random_scores_L256_D64_scale0_R0,calibration,256,10,4096,256,64,1.0,0,2004917602,0.00849906117582654,0.00992405059731784,0.00992405059731784,3.2836353057064116e-05
random_scores_L256_D64_scale0_R1,calibration,256,10,4096,256,64,1.0,1,1803965758,0.009626812383536614,0.010085695405131486,0.010085695405131486,3.309810927021317e-05
random_scores_L256_D64_scale1_R0,calibration,256,10,4096,256,64,2.0,0,2041129786,0.008955636581988287,0.0016039452624385727,0.008955636581988287,0.00046830019982735394
random_scores_L256_D64_scale1_R1,calibration,256,10,4096,256,64,2.0,1,209589351,0.008746694134263763,0.003980145854469495,0.008746694134263763,0.0005586288225458702
random_scores_L256_D128_scale0_R0,calibration,256,10,4096,256,128,1.0,0,3371775186,0.010758689369681568,0.011525262611055763,0.011525262611055763,5.9169513406232e-05
random_scores_L256_D128_scale0_R1,calibration,256,10,4096,256,128,1.0,1,141512215,0.00908053546979885,0.008918817204634196,0.00908053546979885,0.00011068797903135419
random_scores_L256_D128_scale1_R0,calibration,256,10,4096,256,128,2.0,0,2879470677,0.010086917340613302,0.003456467776888752,0.010086917340613302,0.00040171671116695506
random_scores_L256_D128_scale1_R1,calibration,256,10,4096,256,128,2.0,1,1485725105,0.010078362739343922,0.005223520326411923,0.010078362739343922,2.5611942874093074e-05
random_scores_L512_D64_scale0_R0,calibration,256,10,4096,512,64,1.0,0,393753057,0.011472333097981994,0.013067963642271576,0.013067963642271576,0.00029926333809271455
random_scores_L512_D64_scale0_R1,calibration,256,10,4096,512,64,1.0,1,2303777491,0.01123132402583102,0.013761346148507735,0.013761346148507735,0.00025378321879543364
random_scores_L512_D64_scale1_R0,calibration,256,10,4096,512,64,2.0,0,3353718886,0.011361582508893922,0.011277796015718752,0.011361582508893922,0.0002769680322671775
random_scores_L512_D64_scale1_R1,calibration,256,10,4096,512,64,2.0,1,3069741948,0.014495965171251936,0.013921623436293308,0.014495965171251936,0.00029733367136941524
random_scores_L512_D128_scale0_R0,calibration,256,10,4096,512,128,1.0,0,2711588791,0.00998939288083061,0.0107103361945418,0.0107103361945418,7.293563976418227e-05
random_scores_L512_D128_scale0_R1,calibration,256,10,4096,512,128,1.0,1,4160562991,0.009193418294654995,0.009756878287448973,0.009756878287448973,0.0009088901388167869
random_scores_L512_D128_scale1_R0,calibration,256,10,4096,512,128,2.0,0,699071233,0.01401258404066986,0.007741554286089551,0.01401258404066986,0.0006328918475446699
random_scores_L512_D128_scale1_R1,calibration,256,10,4096,512,128,2.0,1,2945457681,0.012496546875547632,0.0028371339893465707,0.012496546875547632,0.000373870513158181
random_scores_L1024_D64_scale0_R0,calibration,256,10,4096,1024,64,1.0,0,844679095,0.012691574002746642,0.01569239161418637,0.01569239161418637,3.779365579248406e-05
random_scores_L1024_D64_scale0_R1,calibration,256,10,4096,1024,64,1.0,1,2426034371,0.009807131202196624,0.010755728433228454,0.010755728433228454,0.0010253131149511319
random_scores_L1024_D64_scale1_R0,calibration,256,10,4096,1024,64,2.0,0,974098872,0.011779196900496908,0.0037961470095622557,0.011779196900496908,0.00018802359574010552
random_scores_L1024_D64_scale1_R1,calibration,256,10,4096,1024,64,2.0,1,3900981413,0.010202428607917717,0.007217772379731092,0.010202428607917717,2.1504001324501587e-05
random_scores_L1024_D128_scale0_R0,calibration,256,10,4096,1024,128,1.0,0,955864114,0.011131298535910328,0.011431405451484557,0.011431405451484557,0.0010658294431777904
random_scores_L1024_D128_scale0_R1,calibration,256,10,4096,1024,128,1.0,1,2316380272,0.010251429893009518,0.011735560865109677,0.011735560865109677,2.9064716727589257e-05
random_scores_L1024_D128_scale1_R0,calibration,256,10,4096,1024,128,2.0,0,2742530172,0.013701949903727773,0.009834518768076396,0.013701949903727773,0.0017650840547958069
random_scores_L1024_D128_scale1_R1,calibration,256,10,4096,1024,128,2.0,1,1261299849,0.011783158103251826,0.010758987903066161,0.011783158103251826,0.000246204610903078
random_scores_L128_D64_scale0_R0,validation,256,10,4096,128,64,1.0,0,2179143755,0.009762393531917404,0.00850341545951225,0.009762393531917404,1.7115817172452807e-05
random_scores_L128_D64_scale0_R1,validation,256,10,4096,128,64,1.0,1,886552149,0.008023663138962822,0.007157785314073123,0.008023663138962822,0.0003014573594555259
random_scores_L128_D64_scale1_R0,validation,256,10,4096,128,64,2.0,0,1623101201,0.009828866824739418,0.008190651636543407,0.009828866824739418,0.0004939200971421087
random_scores_L128_D64_scale1_R1,validation,256,10,4096,128,64,2.0,1,3380450944,0.01025239851872503,0.008970202088807966,0.01025239851872503,2.0597854017978534e-05
random_scores_L128_D128_scale0_R0,validation,256,10,4096,128,128,1.0,0,1566150152,0.00890942207520208,0.009344457039267104,0.009344457039267104,0.0006774056528229266
random_scores_L128_D128_scale0_R1,validation,256,10,4096,128,128,1.0,1,2703662685,0.009766663789056607,0.009015213953717653,0.009766663789056607,0.00023464535479433835
random_scores_L128_D128_scale1_R0,validation,256,10,4096,128,128,2.0,0,2135881214,0.007869809503120247,0.0064858718798765985,0.007869809503120247,0.00026781242195283994
random_scores_L128_D128_scale1_R1,validation,256,10,4096,128,128,2.0,1,50132451,0.010771231233725548,0.007161958075981154,0.010771231233725548,0.00019476651505101472
random_scores_L256_D64_scale0_R0,validation,256,10,4096,256,64,1.0,0,3087993604,0.008937960298001767,0.007426537718755089,0.008937960298001767,0.00014620969886891544
random_scores_L256_D64_scale0_R1,validation,256,10,4096,256,64,1.0,1,41277796,0.009143665472564809,0.011201944694940543,0.011201944694940543,0.0001353480402030982
random_scores_L256_D64_scale1_R0,validation,256,10,4096,256,64,2.0,0,652470873,0.009335672234659819,0.006487821502564089,0.009335672234659819,0.0005353615761123365
random_scores_L256_D64_scale1_R1,validation,256,10,4096,256,64,2.0,1,2912149884,0.008502402596965919,0.004832993524109929,0.008502402596965919,0.0002787495122902328
random_scores_L256_D128_scale0_R0,validation,256,10,4096,256,128,1.0,0,2087022523,0.009932032366486933,0.010997070745364424,0.010997070745364424,0.0002592106902739033
random_scores_L256_D128_scale0_R1,validation,256,10,4096,256,128,1.0,1,1568551378,0.008933330392405875,0.010603895821728397,0.010603895821728397,3.3696247555781156e-05
random_scores_L256_D128_scale1_R0,validation,256,10,4096,256,128,2.0,0,3514103192,0.010885598721272522,0.005625128130368947,0.010885598721272522,0.0004901102711301064
random_scores_L256_D128_scale1_R1,validation,256,10,4096,256,128,2.0,1,151134492,0.007791787884258143,0.0064701552071679755,0.007791787884258143,0.0005690753287126427
random_scores_L512_D64_scale0_R0,validation,256,10,4096,512,64,1.0,0,2656095403,0.00853816336351634,0.007062293261726259,0.00853816336351634,0.00015016215547802858
random_scores_L512_D64_scale0_R1,validation,256,10,4096,512,64,1.0,1,3366063715,0.010337746408176971,0.012465090295278423,0.012465090295278423,6.220539944479242e-06
random_scores_L512_D64_scale1_R0,validation,256,10,4096,512,64,2.0,0,909893417,0.008578859030799487,0.0020659942838521027,0.008578859030799487,0.00022832267268313444
random_scores_L512_D64_scale1_R1,validation,256,10,4096,512,64,2.0,1,2640543791,0.01268929908638617,0.01025485773216316,0.01268929908638617,0.0005230128108451026
random_scores_L512_D128_scale0_R0,validation,256,10,4096,512,128,1.0,0,3478535314,0.011868930186027488,0.013838504006067663,0.013838504006067663,0.00035696591658052057
random_scores_L512_D128_scale0_R1,validation,256,10,4096,512,128,1.0,1,1865149601,0.012762955874521543,0.010876736638857151,0.012762955874521543,0.000982397461484652
random_scores_L512_D128_scale1_R0,validation,256,10,4096,512,128,2.0,0,1623223912,0.012710871488533634,0.008995460550801604,0.012710871488533634,0.0003738346044883656
random_scores_L512_D128_scale1_R1,validation,256,10,4096,512,128,2.0,1,2972957234,0.010515127560584533,0.0074366101302900285,0.010515127560584533,0.0003149500223571522
random_scores_L1024_D64_scale0_R0,validation,256,10,4096,1024,64,1.0,0,2428269790,0.009710189038220442,0.010906987218709138,0.010906987218709138,0.00010914282756857574
random_scores_L1024_D64_scale0_R1,validation,256,10,4096,1024,64,1.0,1,2465942083,0.010087012856214711,0.010694564090721736,0.010694564090721736,0.00020042748292325996
random_scores_L1024_D64_scale1_R0,validation,256,10,4096,1024,64,2.0,0,2646275298,0.010963055406801661,0.008991516226030994,0.010963055406801661,0.00028983770152990473
random_scores_L1024_D64_scale1_R1,validation,256,10,4096,1024,64,2.0,1,2127805685,0.013272224306549911,0.008569946969057291,0.013272224306549911,0.0003270762574629771
random_scores_L1024_D128_scale0_R0,validation,256,10,4096,1024,128,1.0,0,1618877226,0.01022731715330476,0.011188606846544305,0.011188606846544305,0.000563636036531534
random_scores_L1024_D128_scale0_R1,validation,256,10,4096,1024,128,1.0,1,3199744503,0.010790059315254721,0.012925549873817855,0.012925549873817855,0.0004765784196933964
random_scores_L1024_D128_scale1_R0,validation,256,10,4096,1024,128,2.0,0,3012212165,0.01214761339115764,0.009017759569012851,0.01214761339115764,0.0005879077918962139
random_scores_L1024_D128_scale1_R1,validation,256,10,4096,1024,128,2.0,1,3940770873,0.012120251303446234,0.00986990570060569,0.012120251303446234,0.0008572218919198349
random_scores_L128_D64_scale0_R0,final_test,256,10,4096,128,64,1.0,0,624292938,0.007715197552405354,0.006939909129819457,0.007715197552405354,9.49879758991301e-05
random_scores_L128_D64_scale0_R1,final_test,256,10,4096,128,64,1.0,1,217281306,0.008738976305736864,0.007350724927211605,0.008738976305736864,0.0003498319711070508
random_scores_L128_D64_scale1_R0,final_test,256,10,4096,128,64,2.0,0,3359465834,0.008888433101464628,0.0045519447698436815,0.008888433101464628,0.00036073212140763644
random_scores_L128_D64_scale1_R1,final_test,256,10,4096,128,64,2.0,1,2174172786,0.006535521622136058,0.0014084621536376676,0.006535521622136058,0.0002200371127401013
random_scores_L128_D128_scale0_R0,final_test,256,10,4096,128,128,1.0,0,1909645211,0.008322131496661082,0.007789674195732956,0.008322131496661082,0.0002506064483895898
random_scores_L128_D128_scale0_R1,final_test,256,10,4096,128,128,1.0,1,3255692506,0.007571752105181085,0.008962005949361385,0.008962005949361385,0.0005176260892767459
random_scores_L128_D128_scale1_R0,final_test,256,10,4096,128,128,2.0,0,2019810081,0.007771323692509964,0.007237761312513809,0.007771323692509964,0.000445774981926661
random_scores_L128_D128_scale1_R1,final_test,256,10,4096,128,128,2.0,1,2978631166,0.007919253787472363,0.004480656961497271,0.007919253787472363,7.597519288538024e-05
random_scores_L256_D64_scale0_R0,final_test,256,10,4096,256,64,1.0,0,2367557448,0.011409450921089314,0.01473003915744879,0.01473003915744879,0.0008458864176645875
random_scores_L256_D64_scale0_R1,final_test,256,10,4096,256,64,1.0,1,1674591988,0.007039709629782504,0.008090289134609446,0.008090289134609446,0.0001679335255175829
random_scores_L256_D64_scale1_R0,final_test,256,10,4096,256,64,2.0,0,441878354,0.010009747639977043,0.0031639279206753454,0.010009747639977043,0.0002176366342609981
random_scores_L256_D64_scale1_R1,final_test,256,10,4096,256,64,2.0,1,3504234577,0.008641607565734403,0.006190396702608737,0.008641607565734403,0.00029809294574079104
random_scores_L256_D128_scale0_R0,final_test,256,10,4096,256,128,1.0,0,1871249097,0.0082169756081535,0.008758407047783821,0.008758407047783821,0.00024480251886416227
random_scores_L256_D128_scale0_R1,final_test,256,10,4096,256,128,1.0,1,4090941081,0.010479080571096309,0.010835547920276103,0.010835547920276103,0.0002048287497018464
random_scores_L256_D128_scale1_R0,final_test,256,10,4096,256,128,2.0,0,3217101173,0.014200349222655728,0.010961056832923904,0.014200349222655728,9.282748942496255e-05
random_scores_L256_D128_scale1_R1,final_test,256,10,4096,256,128,2.0,1,3837859703,0.008796786085840986,0.005603637469290248,0.008796786085840986,0.00047968233957362827
random_scores_L512_D64_scale0_R0,final_test,256,10,4096,512,64,1.0,0,704213214,0.012088419630958344,0.014286882125966422,0.014286882125966422,0.0001667468786763493
random_scores_L512_D64_scale0_R1,final_test,256,10,4096,512,64,1.0,1,1267423294,0.009615694372565257,0.010465638984183703,0.010465638984183703,0.0011618759235716425
random_scores_L512_D64_scale1_R0,final_test,256,10,4096,512,64,2.0,0,3565306119,0.010565421919567476,0.005311550893611,0.010565421919567476,0.0005752310271418537
random_scores_L512_D64_scale1_R1,final_test,256,10,4096,512,64,2.0,1,771629024,0.01358537979433577,0.00984958943326062,0.01358537979433577,3.886226113536395e-05
random_scores_L512_D128_scale0_R0,final_test,256,10,4096,512,128,1.0,0,1715525944,0.010455296778834186,0.011758239261126952,0.011758239261126952,0.000850087046273984
random_scores_L512_D128_scale0_R1,final_test,256,10,4096,512,128,1.0,1,1529591353,0.012588574369382387,0.01322139977949233,0.01322139977949233,0.00033049699413822964
random_scores_L512_D128_scale1_R0,final_test,256,10,4096,512,128,2.0,0,3721455576,0.010751312573493049,0.008730522918571435,0.010751312573493049,7.779674297125894e-05
random_scores_L512_D128_scale1_R1,final_test,256,10,4096,512,128,2.0,1,4089477858,0.010611010635059818,0.00876281483707559,0.010611010635059818,0.0006070833105695783
random_scores_L1024_D64_scale0_R0,final_test,256,10,4096,1024,64,1.0,0,3209714255,0.00929887743975098,0.009928500809413533,0.009928500809413533,0.0005274829891277477
random_scores_L1024_D64_scale0_R1,final_test,256,10,4096,1024,64,1.0,1,139766981,0.010551564048781522,0.009967015957107856,0.010551564048781522,1.7331167327938601e-06
random_scores_L1024_D64_scale1_R0,final_test,256,10,4096,1024,64,2.0,0,1668092918,0.01153875513501983,0.006615282255030834,0.01153875513501983,0.0008236223326321124
random_scores_L1024_D64_scale1_R1,final_test,256,10,4096,1024,64,2.0,1,2370976415,0.011827040404082528,0.01164366465981218,0.011827040404082528,0.0009677874920726026
random_scores_L1024_D128_scale0_R0,final_test,256,10,4096,1024,128,1.0,0,2619846946,0.010986972542703123,0.013010468540564627,0.013010468540564627,0.00029017539964115713
random_scores_L1024_D128_scale0_R1,final_test,256,10,4096,1024,128,1.0,1,100676919,0.010088151339923938,0.01281175672152179,0.01281175672152179,9.762462286744267e-05
random_scores_L1024_D128_scale1_R0,final_test,256,10,4096,1024,128,2.0,0,3901754262,0.012842084943859801,0.0089707236055816,0.012842084943859801,3.386946536920732e-05
random_scores_L1024_D128_scale1_R1,final_test,256,10,4096,1024,128,2.0,1,3348629160,0.009691210667524057,0.006017393689979235,0.009691210667524057,0.00012942003149873926
random_scores_L128_D64_scale0_R0,calibration,256,12,4096,128,64,1.0,0,685338081,0.007027311199241741,0.00639963825434785,0.007027311199241741,0.0005893602501600981
random_scores_L128_D64_scale0_R1,calibration,256,12,4096,128,64,1.0,1,663847107,0.007532323503199391,0.010297778936889828,0.010297778936889828,2.161104930564761e-05
random_scores_L128_D64_scale1_R0,calibration,256,12,4096,128,64,2.0,0,3773109054,0.007065383646979555,0.008193666797643277,0.008193666797643277,0.0003314288096589735
random_scores_L128_D64_scale1_R1,calibration,256,12,4096,128,64,2.0,1,595832534,0.009226512084465404,0.008222741978177841,0.009226512084465404,0.00038075124757597223
random_scores_L128_D128_scale0_R0,calibration,256,12,4096,128,128,1.0,0,3390620030,0.00819837022884393,0.010591879803953137,0.010591879803953137,0.0002474886132404208
random_scores_L128_D128_scale0_R1,calibration,256,12,4096,128,128,1.0,1,4022284655,0.008643379813146636,0.010036946293974783,0.010036946293974783,0.0003786023589782417
random_scores_L128_D128_scale1_R0,calibration,256,12,4096,128,128,2.0,0,887663375,0.007458578060414632,0.0068377666007416954,0.007458578060414632,0.00016840480020618998
random_scores_L128_D128_scale1_R1,calibration,256,12,4096,128,128,2.0,1,1888543280,0.007988976691159864,0.007860503018299403,0.007988976691159864,4.667311623052228e-05
random_scores_L256_D64_scale0_R0,calibration,256,12,4096,256,64,1.0,0,2004917602,0.008423970405069167,0.00978874188869979,0.00978874188869979,0.00043802046275231987
random_scores_L256_D64_scale0_R1,calibration,256,12,4096,256,64,1.0,1,1803965758,0.009345531137673446,0.009966749746690443,0.009966749746690443,0.0003163536748616025
random_scores_L256_D64_scale1_R0,calibration,256,12,4096,256,64,2.0,0,2041129786,0.006663486628593528,0.003387248810971842,0.006663486628593528,0.0003253988734286395
random_scores_L256_D64_scale1_R1,calibration,256,12,4096,256,64,2.0,1,209589351,0.007067218407866383,0.003926224762200058,0.007067218407866383,0.0004854875191995234
random_scores_L256_D128_scale0_R0,calibration,256,12,4096,256,128,1.0,0,3371775186,0.010836722072541247,0.011803776529783289,0.011803776529783289,6.860564462840557e-05
random_scores_L256_D128_scale0_R1,calibration,256,12,4096,256,128,1.0,1,141512215,0.009080418674178243,0.008929085994096303,0.009080418674178243,4.452356370165944e-05
random_scores_L256_D128_scale1_R0,calibration,256,12,4096,256,128,2.0,0,2879470677,0.007722290800582848,0.0038742798781315193,0.007722290800582848,0.0003784309114962525
random_scores_L256_D128_scale1_R1,calibration,256,12,4096,256,128,2.0,1,1485725105,0.0065792667939059985,0.004849263937675428,0.0065792667939059985,6.961161216167966e-05
random_scores_L512_D64_scale0_R0,calibration,256,12,4096,512,64,1.0,0,393753057,0.011266477399507608,0.013283006957261555,0.013283006957261555,0.00024371472682105377
random_scores_L512_D64_scale0_R1,calibration,256,12,4096,512,64,1.0,1,2303777491,0.010906317498141945,0.01391195587367036,0.01391195587367036,0.00022263268328970298
random_scores_L512_D64_scale1_R0,calibration,256,12,4096,512,64,2.0,0,3353718886,0.009403167403934909,0.010671055202618566,0.010671055202618566,0.0009102086387429154
random_scores_L512_D64_scale1_R1,calibration,256,12,4096,512,64,2.0,1,3069741948,0.01281344705217827,0.013591074232490744,0.013591074232490744,0.0004847271466132952
random_scores_L512_D128_scale0_R0,calibration,256,12,4096,512,128,1.0,0,2711588791,0.009997048539607594,0.010806483030946524,0.010806483030946524,0.0002893876371672377
random_scores_L512_D128_scale0_R1,calibration,256,12,4096,512,128,1.0,1,4160562991,0.00902459040862702,0.00968050216963902,0.00968050216963902,0.0007320417316805106
random_scores_L512_D128_scale1_R0,calibration,256,12,4096,512,128,2.0,0,699071233,0.010674843181559165,0.006476389223215892,0.010674843181559165,0.000440680198607879
random_scores_L512_D128_scale1_R1,calibration,256,12,4096,512,128,2.0,1,2945457681,0.006549348847401959,0.0019976545994247214,0.006549348847401959,0.00029153978073281905
random_scores_L1024_D64_scale0_R0,calibration,256,12,4096,1024,64,1.0,0,844679095,0.013214604560223817,0.016669560504251075,0.016669560504251075,0.00020567443971231114
random_scores_L1024_D64_scale0_R1,calibration,256,12,4096,1024,64,1.0,1,2426034371,0.009418156277344696,0.010541640765071894,0.010541640765071894,0.00041388523277419154
random_scores_L1024_D64_scale1_R0,calibration,256,12,4096,1024,64,2.0,0,974098872,0.009661927056750093,0.003709671611274602,0.009661927056750093,0.0004850637061508678
random_scores_L1024_D64_scale1_R1,calibration,256,12,4096,1024,64,2.0,1,3900981413,0.008020515612924743,0.007445835382904838,0.008020515612924743,0.00016475945938054792
random_scores_L1024_D128_scale0_R0,calibration,256,12,4096,1024,128,1.0,0,955864114,0.010942527104922377,0.011134073304656142,0.011134073304656142,0.0010384684119344456
random_scores_L1024_D128_scale0_R1,calibration,256,12,4096,1024,128,1.0,1,2316380272,0.009940763820995504,0.011960194137647455,0.011960194137647455,0.00011027146319975145
random_scores_L1024_D128_scale1_R0,calibration,256,12,4096,1024,128,2.0,0,2742530172,0.011940069349571914,0.009609568477958134,0.011940069349571914,0.0011689865250446019
random_scores_L1024_D128_scale1_R1,calibration,256,12,4096,1024,128,2.0,1,1261299849,0.00940002971019702,0.010331735389020187,0.010331735389020187,0.00025623488534165517
random_scores_L128_D64_scale0_R0,validation,256,12,4096,128,64,1.0,0,2179143755,0.009258569456160874,0.008022758963802503,0.009258569456160874,0.00010984120308421552
random_scores_L128_D64_scale0_R1,validation,256,12,4096,128,64,1.0,1,886552149,0.007642517831305814,0.006770304026686947,0.007642517831305814,0.00016025587683543563
random_scores_L128_D64_scale1_R0,validation,256,12,4096,128,64,2.0,0,1623101201,0.0074950452665131975,0.008304955609672784,0.008304955609672784,0.0005792921783722704
random_scores_L128_D64_scale1_R1,validation,256,12,4096,128,64,2.0,1,3380450944,0.007957281437503433,0.008507441734722662,0.008507441734722662,0.00013192122241889592
random_scores_L128_D128_scale0_R0,validation,256,12,4096,128,128,1.0,0,1566150152,0.009085515359971999,0.009553059868759607,0.009553059868759607,9.13809344638139e-05
random_scores_L128_D128_scale0_R1,validation,256,12,4096,128,128,1.0,1,2703662685,0.009098845305961889,0.008327333496376823,0.009098845305961889,0.0003968796518165618
random_scores_L128_D128_scale1_R0,validation,256,12,4096,128,128,2.0,0,2135881214,0.007133617465006561,0.0060376808045803886,0.007133617465006561,0.0005011465364077594
random_scores_L128_D128_scale1_R1,validation,256,12,4096,128,128,2.0,1,50132451,0.008800475091657638,0.006556155095548919,0.008800475091657638,0.0002068481844617054
random_scores_L256_D64_scale0_R0,validation,256,12,4096,256,64,1.0,0,3087993604,0.008553055897666258,0.007195685882233751,0.008553055897666258,0.0001720325817586854
random_scores_L256_D64_scale0_R1,validation,256,12,4096,256,64,1.0,1,41277796,0.008933823570651403,0.011107494007083333,0.011107494007083333,0.0003229672147426754
random_scores_L256_D64_scale1_R0,validation,256,12,4096,256,64,2.0,0,652470873,0.0076631386749447345,0.006286524254323205,0.0076631386749447345,0.00024647342615935486
random_scores_L256_D64_scale1_R1,validation,256,12,4096,256,64,2.0,1,2912149884,0.007667766548928017,0.005173974910014198,0.007667766548928017,0.00031642274916521274
random_scores_L256_D128_scale0_R0,validation,256,12,4096,256,128,1.0,0,2087022523,0.009798497791559049,0.010897947448597841,0.010897947448597841,0.0003857150295516476
random_scores_L256_D128_scale0_R1,validation,256,12,4096,256,128,1.0,1,1568551378,0.008769400919290547,0.010324307461949268,0.010324307461949268,0.0001202802814077586
random_scores_L256_D128_scale1_R0,validation,256,12,4096,256,128,2.0,0,3514103192,0.006930347644371817,0.0037013924915063373,0.006930347644371817,5.1595519380498445e-05
random_scores_L256_D128_scale1_R1,validation,256,12,4096,256,128,2.0,1,151134492,0.00675632507532691,0.006369455962487054,0.00675632507532691,0.0005281874127831543
random_scores_L512_D64_scale0_R0,validation,256,12,4096,512,64,1.0,0,2656095403,0.00846911254278623,0.00735743220683758,0.00846911254278623,0.0006113058188930154
random_scores_L512_D64_scale0_R1,validation,256,12,4096,512,64,1.0,1,3366063715,0.010222554948159133,0.012434937068502636,0.012434937068502636,2.9471368179656565e-05
random_scores_L512_D64_scale1_R0,validation,256,12,4096,512,64,2.0,0,909893417,0.006200402116143934,0.001764294504069093,0.006200402116143934,0.00028318725526332855
random_scores_L512_D64_scale1_R1,validation,256,12,4096,512,64,2.0,1,2640543791,0.010867461765219417,0.010095206018712742,0.010867461765219417,0.0006842359905476769
random_scores_L512_D128_scale0_R0,validation,256,12,4096,512,128,1.0,0,3478535314,0.011506178609939983,0.013712143631723784,0.013712143631723784,0.0007420822803396732
random_scores_L512_D128_scale0_R1,validation,256,12,4096,512,128,1.0,1,1865149601,0.012717928263130604,0.010874689360635006,0.012717928263130604,0.0014604936623072717
random_scores_L512_D128_scale1_R0,validation,256,12,4096,512,128,2.0,0,1623223912,0.010793829358233819,0.008391072795584056,0.010793829358233819,0.0004569972124954802
random_scores_L512_D128_scale1_R1,validation,256,12,4096,512,128,2.0,1,2972957234,0.008294113684791101,0.0075122518238336915,0.008294113684791101,0.0005301795290506561
random_scores_L1024_D64_scale0_R0,validation,256,12,4096,1024,64,1.0,0,2428269790,0.009450923770139076,0.010943362763569634,0.010943362763569634,0.00034650269299163483
random_scores_L1024_D64_scale0_R1,validation,256,12,4096,1024,64,1.0,1,2465942083,0.009691740971587547,0.010225468368172315,0.010225468368172315,5.989317833154928e-05
random_scores_L1024_D64_scale1_R0,validation,256,12,4096,1024,64,2.0,0,2646275298,0.009031434711994798,0.008876196217139526,0.009031434711994798,0.0007089219874387709
random_scores_L1024_D64_scale1_R1,validation,256,12,4096,1024,64,2.0,1,2127805685,0.012462797285778444,0.008919080730515954,0.012462797285778444,0.0008653675560026386
random_scores_L1024_D128_scale0_R0,validation,256,12,4096,1024,128,1.0,0,1618877226,0.00959414872007995,0.010748656646908007,0.010748656646908007,0.00012457717821234837
random_scores_L1024_D128_scale0_R1,validation,256,12,4096,1024,128,1.0,1,3199744503,0.010885474739025276,0.013300486992739105,0.013300486992739105,0.00019058540965488646
random_scores_L1024_D128_scale1_R0,validation,256,12,4096,1024,128,2.0,0,3012212165,0.010541865510428614,0.008894949645168175,0.010541865510428614,0.0007998151105539364
random_scores_L1024_D128_scale1_R1,validation,256,12,4096,1024,128,2.0,1,3940770873,0.009828707252852235,0.009447706300153567,0.009828707252852235,0.00019887808923613193
random_scores_L128_D64_scale0_R0,final_test,256,12,4096,128,64,1.0,0,624292938,0.007536375461922801,0.0069573748338986946,0.007536375461922801,0.00013108833809383214
random_scores_L128_D64_scale0_R1,final_test,256,12,4096,128,64,1.0,1,217281306,0.008659509374508075,0.007394754962872799,0.008659509374508075,3.6138546420261264e-05
random_scores_L128_D64_scale1_R0,final_test,256,12,4096,128,64,2.0,0,3359465834,0.00591380575583488,0.0034244889351881724,0.00591380575583488,0.0005184415967960376
random_scores_L128_D64_scale1_R1,final_test,256,12,4096,128,64,2.0,1,2174172786,0.004174199695836194,0.0009110669381699011,0.004174199695836194,0.0001488528159825364
random_scores_L128_D128_scale0_R0,final_test,256,12,4096,128,128,1.0,0,1909645211,0.007944237176535588,0.007444833420521064,0.007944237176535588,8.155679097399116e-05
random_scores_L128_D128_scale0_R1,final_test,256,12,4096,128,128,1.0,1,3255692506,0.007745998903375996,0.008992433467960949,0.008992433467960949,0.0003355523513164371
random_scores_L128_D128_scale1_R0,final_test,256,12,4096,128,128,2.0,0,2019810081,0.006918802815811823,0.007004784607021553,0.007004784607021553,0.00010442317761771847
random_scores_L128_D128_scale1_R1,final_test,256,12,4096,128,128,2.0,1,2978631166,0.00632639897778269,0.00460906963761395,0.00632639897778269,0.0006608313997276127
random_scores_L256_D64_scale0_R0,final_test,256,12,4096,256,64,1.0,0,2367557448,0.011023915649418993,0.01461141886863895,0.01461141886863895,0.0001645478478167206
random_scores_L256_D64_scale0_R1,final_test,256,12,4096,256,64,1.0,1,1674591988,0.007081331641707127,0.008477731490034822,0.008477731490034822,0.0003822315775323659
random_scores_L256_D64_scale1_R0,final_test,256,12,4096,256,64,2.0,0,441878354,0.006018885195259433,0.0022404645393402462,0.006018885195259433,0.000575140664295759
random_scores_L256_D64_scale1_R1,final_test,256,12,4096,256,64,2.0,1,3504234577,0.007537156719067076,0.005561226223133908,0.007537156719067076,0.00023317721206694841
random_scores_L256_D128_scale0_R0,final_test,256,12,4096,256,128,1.0,0,1871249097,0.007997275111650513,0.008546190678729465,0.008546190678729465,0.00039435329381376505
random_scores_L256_D128_scale0_R1,final_test,256,12,4096,256,128,1.0,1,4090941081,0.010329999754006744,0.011116346118586444,0.011116346118586444,0.0003935482818633318
random_scores_L256_D128_scale1_R0,final_test,256,12,4096,256,128,2.0,0,3217101173,0.012424294697947456,0.010285159732005294,0.012424294697947456,8.959669685282279e-05
random_scores_L256_D128_scale1_R1,final_test,256,12,4096,256,128,2.0,1,3837859703,0.006843859563656677,0.0049353824065881055,0.006843859563656677,0.0008297623708131141
random_scores_L512_D64_scale0_R0,final_test,256,12,4096,512,64,1.0,0,704213214,0.011945695286154825,0.014416980205063865,0.014416980205063865,0.0003464159381110221
random_scores_L512_D64_scale0_R1,final_test,256,12,4096,512,64,1.0,1,1267423294,0.009060396785763664,0.009921323182420306,0.009921323182420306,0.00015979670570231974
random_scores_L512_D64_scale1_R0,final_test,256,12,4096,512,64,2.0,0,3565306119,0.008411177915211086,0.005956361166536845,0.008411177915211086,0.0005566147954141343
random_scores_L512_D64_scale1_R1,final_test,256,12,4096,512,64,2.0,1,771629024,0.012542334700319024,0.009911867076309772,0.012542334700319024,0.0002433523418403638
random_scores_L512_D128_scale0_R0,final_test,256,12,4096,512,128,1.0,0,1715525944,0.009891387435620727,0.011302458958673251,0.011302458958673251,0.0006371127565216739
random_scores_L512_D128_scale0_R1,final_test,256,12,4096,512,128,1.0,1,1529591353,0.011980934579435078,0.012953078094250123,0.012953078094250123,0.00020155934907961637
random_scores_L512_D128_scale1_R0,final_test,256,12,4096,512,128,2.0,0,3721455576,0.009521048754416624,0.008501281807766613,0.009521048754416624,0.0003509289406338212
random_scores_L512_D128_scale1_R1,final_test,256,12,4096,512,128,2.0,1,4089477858,0.009486184400423751,0.008872426146151824,0.009486184400423751,0.0002220813580606773
random_scores_L1024_D64_scale0_R0,final_test,256,12,4096,1024,64,1.0,0,3209714255,0.009171998031932777,0.010010045283909702,0.010010045283909702,0.00048235263966489583
random_scores_L1024_D64_scale0_R1,final_test,256,12,4096,1024,64,1.0,1,139766981,0.010115788198249561,0.009810086022744705,0.010115788198249561,0.000283416906313505
random_scores_L1024_D64_scale1_R0,final_test,256,12,4096,1024,64,2.0,0,1668092918,0.009220861644701019,0.006605426788333278,0.009220861644701019,0.0006796376075612898
random_scores_L1024_D64_scale1_R1,final_test,256,12,4096,1024,64,2.0,1,2370976415,0.00989027318537023,0.011297202863574208,0.011297202863574208,0.00035058223500072927
random_scores_L1024_D128_scale0_R0,final_test,256,12,4096,1024,128,1.0,0,2619846946,0.010704365505038206,0.012773218394740781,0.012773218394740781,0.00023824487288948148
random_scores_L1024_D128_scale0_R1,final_test,256,12,4096,1024,128,1.0,1,100676919,0.009977034308717402,0.012614067201457597,0.012614067201457597,0.0001439775078324601
random_scores_L1024_D128_scale1_R0,final_test,256,12,4096,1024,128,2.0,0,3901754262,0.010725876848396196,0.007844899249247271,0.010725876848396196,0.0005398102746312361
random_scores_L1024_D128_scale1_R1,final_test,256,12,4096,1024,128,2.0,1,3348629160,0.0076362418650741705,0.005977952197603453,0.0076362418650741705,0.0006501722162965962
random_scores_L128_D64_scale0_R0,calibration,256,14,4096,128,64,1.0,0,685338081,0.007055263582777905,0.006323064277754025,0.007055263582777905,0.0005470073083415627
random_scores_L128_D64_scale0_R1,calibration,256,14,4096,128,64,1.0,1,663847107,0.00745638343206354,0.01016248106145157,0.01016248106145157,0.0002692849957384169
random_scores_L128_D64_scale1_R0,calibration,256,14,4096,128,64,2.0,0,3773109054,0.006855168034486206,0.008279439078177513,0.008279439078177513,0.0006500812269223388
random_scores_L128_D64_scale1_R1,calibration,256,14,4096,128,64,2.0,1,595832534,0.009074173064361427,0.008133616277807043,0.009074173064361427,0.00013640743782161735
random_scores_L128_D128_scale0_R0,calibration,256,14,4096,128,128,1.0,0,3390620030,0.008116113697515446,0.01041362238248864,0.01041362238248864,0.00044268937199376523
random_scores_L128_D128_scale0_R1,calibration,256,14,4096,128,128,1.0,1,4022284655,0.00859911483901642,0.010055397838536895,0.010055397838536895,0.00038632185896858573
random_scores_L128_D128_scale1_R0,calibration,256,14,4096,128,128,2.0,0,887663375,0.007298714466485105,0.006899603720709385,0.007298714466485105,9.779839638213161e-05
random_scores_L128_D128_scale1_R1,calibration,256,14,4096,128,128,2.0,1,1888543280,0.00784867731309192,0.007454337499727268,0.00784867731309192,0.0006914131963640102
random_scores_L256_D64_scale0_R0,calibration,256,14,4096,256,64,1.0,0,2004917602,0.00836690092112422,0.009839874900601696,0.009839874900601696,0.000568794144783169
random_scores_L256_D64_scale0_R1,calibration,256,14,4096,256,64,1.0,1,1803965758,0.009202525188009876,0.009851260299417446,0.009851260299417446,0.00032181951974052936
random_scores_L256_D64_scale1_R0,calibration,256,14,4096,256,64,2.0,0,2041129786,0.005198012379079939,0.0017375603784898857,0.005198012379079939,7.605552491440903e-05
random_scores_L256_D64_scale1_R1,calibration,256,14,4096,256,64,2.0,1,209589351,0.0062221310878358225,0.0034003937022074183,0.0062221310878358225,0.00015868028140175738
random_scores_L256_D128_scale0_R0,calibration,256,14,4096,256,128,1.0,0,3371775186,0.01067009421770855,0.011530077061330022,0.011530077061330022,8.034566417336464e-05
random_scores_L256_D128_scale0_R1,calibration,256,14,4096,256,128,1.0,1,141512215,0.009096057581683602,0.008951961828933317,0.009096057581683602,3.18601232720539e-05
random_scores_L256_D128_scale1_R0,calibration,256,14,4096,256,128,2.0,0,2879470677,0.007519394387309359,0.0038824685480544374,0.007519394387309359,0.0007763409757899353
random_scores_L256_D128_scale1_R1,calibration,256,14,4096,256,128,2.0,1,1485725105,0.00619023111169461,0.004821637738585162,0.00619023111169461,0.000322917756420793
random_scores_L512_D64_scale0_R0,calibration,256,14,4096,512,64,1.0,0,393753057,0.011401277132752416,0.013449515129083036,0.013449515129083036,0.0003865304388455115
random_scores_L512_D64_scale0_R1,calibration,256,14,4096,512,64,1.0,1,2303777491,0.01080961098147846,0.013657007209318109,0.013657007209318109,0.00016004993085516617
random_scores_L512_D64_scale1_R0,calibration,256,14,4096,512,64,2.0,0,3353718886,0.009092195123324003,0.01053965786692694,0.01053965786692694,0.0009195046868626378
random_scores_L512_D64_scale1_R1,calibration,256,14,4096,512,64,2.0,1,3069741948,0.012618724548970806,0.013058142420607117,0.013058142420607117,0.0006232825317056268
random_scores_L512_D128_scale0_R0,calibration,256,14,4096,512,128,1.0,0,2711588791,0.009994188419336079,0.010837984318751319,0.010837984318751319,0.00023494374909205362
random_scores_L512_D128_scale0_R1,calibration,256,14,4096,512,128,1.0,1,4160562991,0.009122076748088735,0.009814885101115256,0.009814885101115256,0.0009203412701026537
random_scores_L512_D128_scale1_R0,calibration,256,14,4096,512,128,2.0,0,699071233,0.009824867077294862,0.006422382236449449,0.009824867077294862,0.0001272571839763259
random_scores_L512_D128_scale1_R1,calibration,256,14,4096,512,128,2.0,1,2945457681,0.00709338177048382,0.002260020114889387,0.00709338177048382,0.0004781267032285541
random_scores_L1024_D64_scale0_R0,calibration,256,14,4096,1024,64,1.0,0,844679095,0.013117154934016384,0.01658453654073455,0.01658453654073455,0.00027921034597966354
random_scores_L1024_D64_scale0_R1,calibration,256,14,4096,1024,64,1.0,1,2426034371,0.009411282990604137,0.010618577810964662,0.010618577810964662,0.00044552502367878333
random_scores_L1024_D64_scale1_R0,calibration,256,14,4096,1024,64,2.0,0,974098872,0.009099128763108989,0.003715074119507762,0.009099128763108989,0.00010134554463547829
random_scores_L1024_D64_scale1_R1,calibration,256,14,4096,1024,64,2.0,1,3900981413,0.007869388425719577,0.007549931201401508,0.007869388425719577,0.0003563387951999175
random_scores_L1024_D128_scale0_R0,calibration,256,14,4096,1024,128,1.0,0,955864114,0.010807597058500193,0.011049211300071108,0.011049211300071108,0.0004512735886237351
random_scores_L1024_D128_scale0_R1,calibration,256,14,4096,1024,128,1.0,1,2316380272,0.00999508100482769,0.011975290776655642,0.011975290776655642,0.00028317652322584763
random_scores_L1024_D128_scale1_R0,calibration,256,14,4096,1024,128,2.0,0,2742530172,0.011468375051586642,0.009423390270460304,0.011468375051586642,0.0012821561005580406
random_scores_L1024_D128_scale1_R1,calibration,256,14,4096,1024,128,2.0,1,1261299849,0.009253534971177865,0.010161016609832672,0.010161016609832672,0.00036754513536152444
random_scores_L128_D64_scale0_R0,validation,256,14,4096,128,64,1.0,0,2179143755,0.009380962501721492,0.008248978295230717,0.009380962501721492,0.00017079620738513768
random_scores_L128_D64_scale0_R1,validation,256,14,4096,128,64,1.0,1,886552149,0.007857458652748077,0.007031658099462381,0.007857458652748077,0.0003439507563598454
random_scores_L128_D64_scale1_R0,validation,256,14,4096,128,64,2.0,0,1623101201,0.007125142305964011,0.008308580780398964,0.008308580780398964,0.0004140935825489578
random_scores_L128_D64_scale1_R1,validation,256,14,4096,128,64,2.0,1,3380450944,0.007810531148976688,0.009216939587095274,0.009216939587095274,0.00034443119693605695
random_scores_L128_D128_scale0_R0,validation,256,14,4096,128,128,1.0,0,1566150152,0.009179295741775728,0.009525855526080367,0.009525855526080367,0.0002375264884904027
random_scores_L128_D128_scale0_R1,validation,256,14,4096,128,128,1.0,1,2703662685,0.009348236604461976,0.008632554579624533,0.009348236604461976,0.00017618772108107805
random_scores_L128_D128_scale1_R0,validation,256,14,4096,128,128,2.0,0,2135881214,0.006953767377043459,0.006009327915204509,0.006953767377043459,0.0005935425378993386
random_scores_L128_D128_scale1_R1,validation,256,14,4096,128,128,2.0,1,50132451,0.008475389476759292,0.006414345597735007,0.008475389476759292,5.331307329470292e-05
random_scores_L256_D64_scale0_R0,validation,256,14,4096,256,64,1.0,0,3087993604,0.008599712125474078,0.007451838723876324,0.008599712125474078,0.0004426446830620989
random_scores_L256_D64_scale0_R1,validation,256,14,4096,256,64,1.0,1,41277796,0.009011618510104123,0.011359737517786466,0.011359737517786466,0.00041352702828589827
random_scores_L256_D64_scale1_R0,validation,256,14,4096,256,64,2.0,0,652470873,0.007620535196157484,0.0064196215689444214,0.007620535196157484,0.0006025053844496142
random_scores_L256_D64_scale1_R1,validation,256,14,4096,256,64,2.0,1,2912149884,0.007165245359321107,0.004781130859438309,0.007165245359321107,2.764397686405573e-05
random_scores_L256_D128_scale0_R0,validation,256,14,4096,256,128,1.0,0,2087022523,0.009552094139629244,0.010606397409967286,0.010606397409967286,0.0002827624703058973
random_scores_L256_D128_scale0_R1,validation,256,14,4096,256,128,1.0,1,1568551378,0.00874851798620833,0.010334622052882275,0.010334622052882275,7.41941767046228e-05
random_scores_L256_D128_scale1_R0,validation,256,14,4096,256,128,2.0,0,3514103192,0.006376054333296977,0.0032966948205624355,0.006376054333296977,0.0001394252849422628
random_scores_L256_D128_scale1_R1,validation,256,14,4096,256,128,2.0,1,151134492,0.006527334033847099,0.00652404954963037,0.006527334033847099,0.000605352461207076
random_scores_L512_D64_scale0_R0,validation,256,14,4096,512,64,1.0,0,2656095403,0.008337563471685062,0.007186594006251685,0.008337563471685062,0.00017678718722891062
random_scores_L512_D64_scale0_R1,validation,256,14,4096,512,64,1.0,1,3366063715,0.010263182001474816,0.012336645003163381,0.012336645003163381,2.4225224478868768e-05
random_scores_L512_D64_scale1_R0,validation,256,14,4096,512,64,2.0,0,909893417,0.005371572730313531,0.0013465865710077902,0.005371572730313531,0.0005879404493498441
random_scores_L512_D64_scale1_R1,validation,256,14,4096,512,64,2.0,1,2640543791,0.010371302527948595,0.009690462877459562,0.010371302527948595,0.0004927850200147077
random_scores_L512_D128_scale0_R0,validation,256,14,4096,512,128,1.0,0,3478535314,0.011445687829762411,0.013673907648908096,0.013673907648908096,0.0007318704083445482
random_scores_L512_D128_scale0_R1,validation,256,14,4096,512,128,1.0,1,1865149601,0.012588168684347837,0.010774480303112531,0.012588168684347837,0.001699479758826783
random_scores_L512_D128_scale1_R0,validation,256,14,4096,512,128,2.0,0,1623223912,0.010860659314036888,0.008614574220931221,0.010860659314036888,0.000391277408652968
random_scores_L512_D128_scale1_R1,validation,256,14,4096,512,128,2.0,1,2972957234,0.00811294994730917,0.0073225621447665055,0.00811294994730917,0.00036857405848422786
random_scores_L1024_D64_scale0_R0,validation,256,14,4096,1024,64,1.0,0,2428269790,0.00945441639018274,0.011036336896491836,0.011036336896491836,0.0003698208092828281
random_scores_L1024_D64_scale0_R1,validation,256,14,4096,1024,64,1.0,1,2465942083,0.009679658850003813,0.010256678822146731,0.010256678822146731,1.239141056430526e-05
random_scores_L1024_D64_scale1_R0,validation,256,14,4096,1024,64,2.0,0,2646275298,0.008576434659368963,0.008492746637819376,0.008576434659368963,0.0002124243881098664
random_scores_L1024_D64_scale1_R1,validation,256,14,4096,1024,64,2.0,1,2127805685,0.01223623303052913,0.008949186684886472,0.01223623303052913,0.0009338891188690468
random_scores_L1024_D128_scale0_R0,validation,256,14,4096,1024,128,1.0,0,1618877226,0.009675370081339405,0.0109010208666942,0.0109010208666942,0.00021193338034208864
random_scores_L1024_D128_scale0_R1,validation,256,14,4096,1024,128,1.0,1,3199744503,0.010866037655906895,0.013243961575588083,0.013243961575588083,0.00026640092437446583
random_scores_L1024_D128_scale1_R0,validation,256,14,4096,1024,128,2.0,0,3012212165,0.010178369585495473,0.008418236654155826,0.010178369585495473,0.000913567490101741
random_scores_L1024_D128_scale1_R1,validation,256,14,4096,1024,128,2.0,1,3940770873,0.009351607744746832,0.00910938848935384,0.009351607744746832,0.0009435069277969887
random_scores_L128_D64_scale0_R0,final_test,256,14,4096,128,64,1.0,0,624292938,0.007485893459005206,0.006951427446913527,0.007485893459005206,0.000229463359573856
random_scores_L128_D64_scale0_R1,final_test,256,14,4096,128,64,1.0,1,217281306,0.008642722300741222,0.007327046361798769,0.008642722300741222,6.917666178196669e-05
random_scores_L128_D64_scale1_R0,final_test,256,14,4096,128,64,2.0,0,3359465834,0.005658416734042687,0.0032564550199576077,0.005658416734042687,0.00041110385609499644
random_scores_L128_D64_scale1_R1,final_test,256,14,4096,128,64,2.0,1,2174172786,0.0035329404222756954,0.0008896241912502929,0.0035329404222756954,0.0004956214688718319
random_scores_L128_D128_scale0_R0,final_test,256,14,4096,128,128,1.0,0,1909645211,0.00803808588931676,0.007514953507418739,0.00803808588931676,0.00019833585247397423
random_scores_L128_D128_scale0_R1,final_test,256,14,4096,128,128,1.0,1,3255692506,0.007722076468347673,0.008934517622950037,0.008934517622950037,0.000336481723934412
random_scores_L128_D128_scale1_R0,final_test,256,14,4096,128,128,2.0,0,2019810081,0.00679956998416571,0.007035757508263805,0.007035757508263805,0.0003272833546361653
random_scores_L128_D128_scale1_R1,final_test,256,14,4096,128,128,2.0,1,2978631166,0.005998510455780247,0.0042851471044598865,0.005998510455780247,0.0002735619054874405
random_scores_L256_D64_scale0_R0,final_test,256,14,4096,256,64,1.0,0,2367557448,0.011143722934382632,0.014776505807496556,0.014776505807496556,0.00018666473624762148
random_scores_L256_D64_scale0_R1,final_test,256,14,4096,256,64,1.0,1,1674591988,0.006942547442336277,0.007995393913279835,0.007995393913279835,0.0003871780209010467
random_scores_L256_D64_scale1_R0,final_test,256,14,4096,256,64,2.0,0,441878354,0.004645864574952574,0.0015761641883436186,0.004645864574952574,8.870577039488126e-05
random_scores_L256_D64_scale1_R1,final_test,256,14,4096,256,64,2.0,1,3504234577,0.00713041562427646,0.005433615393581722,0.00713041562427646,0.0002569981670603738
random_scores_L256_D128_scale0_R0,final_test,256,14,4096,256,128,1.0,0,1871249097,0.00808756406118262,0.00865855491045653,0.00865855491045653,0.00028043583733960986
random_scores_L256_D128_scale0_R1,final_test,256,14,4096,256,128,1.0,1,4090941081,0.01015862060806232,0.010802834658543219,0.010802834658543219,0.0004067561822012067
random_scores_L256_D128_scale1_R0,final_test,256,14,4096,256,128,2.0,0,3217101173,0.012177484304633644,0.010244575707047192,0.012177484304633644,5.334423985914327e-05
random_scores_L256_D128_scale1_R1,final_test,256,14,4096,256,128,2.0,1,3837859703,0.006287502683474051,0.0053025680993983295,0.006287502683474051,1.068384017344215e-05
random_scores_L512_D64_scale0_R0,final_test,256,14,4096,512,64,1.0,0,704213214,0.011926438186235438,0.014361709306834997,0.014361709306834997,0.00023813948791939765
random_scores_L512_D64_scale0_R1,final_test,256,14,4096,512,64,1.0,1,1267423294,0.008963018465628178,0.009820935160595255,0.009820935160595255,0.0001302940581808798
random_scores_L512_D64_scale1_R0,final_test,256,14,4096,512,64,2.0,0,3565306119,0.007908777191793753,0.005806383529084278,0.007908777191793753,0.00045213702946966805
random_scores_L512_D64_scale1_R1,final_test,256,14,4096,512,64,2.0,1,771629024,0.011858234091734898,0.009714829322872291,0.011858234091734898,0.00011460456812528719
random_scores_L512_D128_scale0_R0,final_test,256,14,4096,512,128,1.0,0,1715525944,0.009747342257656598,0.011176152581835007,0.011176152581835007,0.000818377757241251
random_scores_L512_D128_scale0_R1,final_test,256,14,4096,512,128,1.0,1,1529591353,0.011752374678211771,0.012655924484753667,0.012655924484753667,0.00045468057578545995
random_scores_L512_D128_scale1_R0,final_test,256,14,4096,512,128,2.0,0,3721455576,0.009147027441558394,0.008488391042784791,0.009147027441558394,0.0005006950889310247
random_scores_L512_D128_scale1_R1,final_test,256,14,4096,512,128,2.0,1,4089477858,0.009187120160600158,0.008726089495834602,0.009187120160600158,0.0004567529590531194
random_scores_L1024_D64_scale0_R0,final_test,256,14,4096,1024,64,1.0,0,3209714255,0.00904404316593431,0.0098543433053302,0.0098543433053302,0.0007360507370322011
random_scores_L1024_D64_scale0_R1,final_test,256,14,4096,1024,64,1.0,1,139766981,0.010189355046055256,0.00983365642180568,0.010189355046055256,0.00017472117542638443
random_scores_L1024_D64_scale1_R0,final_test,256,14,4096,1024,64,2.0,0,1668092918,0.008917519945286285,0.006391326259213879,0.008917519945286285,3.8494039984016126e-05
random_scores_L1024_D64_scale1_R1,final_test,256,14,4096,1024,64,2.0,1,2370976415,0.009634594508254695,0.011148864272995832,0.011148864272995832,0.00021247643599053845
random_scores_L1024_D128_scale0_R0,final_test,256,14,4096,1024,128,1.0,0,2619846946,0.010863273312639721,0.012994483635435828,0.012994483635435828,0.00011735974476323463
random_scores_L1024_D128_scale0_R1,final_test,256,14,4096,1024,128,1.0,1,100676919,0.010015758185678375,0.012651071259793714,0.012651071259793714,0.0001400315813953057
random_scores_L1024_D128_scale1_R0,final_test,256,14,4096,1024,128,2.0,0,3901754262,0.010167243094996913,0.007825483145485066,0.010167243094996913,0.00032754042490523716
random_scores_L1024_D128_scale1_R1,final_test,256,14,4096,1024,128,2.0,1,3348629160,0.007379524672120774,0.005846359830984443,0.007379524672120774,0.0007476882124137774
