D,N,allocation_bytes,bank_conflicts,binary_hash,bit_equal,bit_equal_ratio,buffer_allocation_bytes,buffer_footprint_bytes,case_class,case_kind,cfg_hash,checked,cluster_cfg,command_and_sync_cycles,comparison_set_complete,compiler,compiler_fairness_hash,compiler_flags,config,config_alias,counter_profile,dynamic_retired_instructions,dynamic_trace_verified,dynamic_vector_instructions,end_to_end_cycles,end_to_end_reason,fairness_gate,fairness_mismatches,footprint_bytes,fsm_gate,git_commit,git_dirty,implementation,inf_count,input_hash,input_pattern,instruction_mix_source,internal_implementation,kernel_cycles,l2_relative_error,logical_D,logical_N,logical_cycles_per_element,max_abs_error,max_kernel_cycles,max_rel_error,mean_abs_error,memory_footprint_bytes,nan_count,neg_inf_count,nonfinite,padded_D,padded_N,padding_ratio,paper_eligible,paper_ineligible_reasons,physical_cycles_per_element,pos_inf_count,raw_log_path,repeat,reproducible,retired_accelerator_instructions,retired_instructions,rmse,run_id,runtime_reserved_bytes,rvv_vector_cycles,saw_busy,scalar_instructions,seed,simulator_hash,simulator_path,size_class,smu_busy_cycles,smu_commands,smu_scalar_cycles,smu_wait_cycles,stall_cycles,static_code_gate,static_code_gate_reasons,status,stride,target_result_hash,target_status,tcdm_accessed,tcdm_capacity_bytes,tcdm_congested,tcdm_read_bytes,tcdm_write_bytes,tile_size,timestamp,trace_audit_path,trace_load_store_cycles,trace_loop_control_cycles,trace_other_cycles,trace_rvv_cycles,trace_software_scalar_cycles,trace_synchronization_cycles,trace_undecoded_cycles,trial,vector_instructions,verilator_version,worktree_snapshot_hash,compute_scalar_cycles,compute_weight_cycles,load_scalar_cycles,smu_measured_invocation,store_scalar_cycles,update_vector_cycles
1,1,256,NA,644d8947732146342757e0c992d8dc82e54518bbbe4671d3fadd849b32d3f6b1,2,0.6666666666666666,256,56,main,main,120fa0c30199e54e6e9b5c60d8da40913eae8526640992cc5d4f130bef159775,3,hw/system/spatz_cluster/cfg/spatz_cluster.default.dram.hjson,NA,YES,clang version 14.0.6 (git@github.com:pulp-platform/llvm-project.git b494f2d8dde88723026db8ec16ac6c7ee1e140ca) | Target: riscv32-unknown-unknown-elf | Thread model: posix,99e64e42880bd1e668c88014216e88f6da9302e1e42041975fb8e1d3dce41f01,/home/wxt/work-online-merge-supplement/install/llvm/bin/clang -DONLINE_MERGE_COUNTER_PROFILE=0 -DONLINE_MERGE_IMPLEMENTATION_SELECT=1 -DONLINE_MERGE_STACK_LOG2=13 -DONLINE_MERGE_TRACE_PROXY=0 -I/home/wxt/work-online-merge-supplement/sw/spatzBenchmarks/include -I/home/wxt/work-online-merge-supplement/sw/snRuntime/include -I/home/wxt/work-online-merge-supplement/sw/snRuntime/vendor -I/home/wxt/work-online-merge-supplement/sw/snRuntime/../toolchain/riscv-opcodes -I/home/wxt/work-online-merge-20260728T161747Z_5c2aad2f_p0-anchor/build/spatzBenchmarks/online_merge_generated/N1_D1_S1_main_R1 -I/home/wxt/work-online-merge-supplement/sw/spatzBenchmarks/online-softmax-merge  --gcc-toolchain=/home/wxt/work-online-merge-supplement/install/riscv-gcc --gcc-toolchain=/home/wxt/work-online-merge-supplement/install/riscv-gcc -mcpu=snitch -mcmodel=small -ffast-math -fno-builtin-printf -fno-common -falign-loops=16 -ffunction-sections -Wextra -static -mllvm -misched-topdown -menable-experimental-extensions -mno-relax -march=rv32imafdvzfh_xdma_xfquarter -mabi=ilp32d -O3 -g -o CMakeFiles/test-spatzBenchmarks-online-softmax-merge-b1.dir/online-softmax-merge/main.c.o -c /home/wxt/work-online-merge-supplement/sw/spatzBenchmarks/online-softmax-merge/main.c,B1_SCALAR,NA,memory,1183,YES,0,NA,NO_EXPLICIT_TRANSFER_PHASE,PASS,NA,56,NA,5c2aad2f0af79dee95f8456bccddebcb8084d4b1,False,B1,0,9d2d7b5a01325e3a0b252f9c9ba34371b2a01c2103351f1c6d5bae30afa62286,main,DASM_MARKER_ENVELOPE,B1,2065,3.152311533271239e-07,1,1,2065.0,1.2516975402832031e-06,100000,1.2516975402832031e-06,4.172325134277344e-07,16768,0,0,0,1,1,1.0,YES,NA,2065.0,0,N1_D1_S1_main/memory/B1_SCALAR/trial-0/simulator.log,0,YES,NA,NA,7.226679118264997e-07,20260728T161747Z_5c2aad2f_p0-anchor,16512,NA,0,1183,1,361ff71bcc241b448e49ff6d212d06a13a986e2fad861b0aa0b67e40e7a21d68,/home/wxt/spatz/hw/system/spatz_cluster/bin/spatz_cluster.vlt,SMALL,NA,0,NA,NA,NA,PASS,NA,PASS,4,df43711fc01b82ff4cf955ba337a7adf938c4744e6f621920e004ec1953ce130,pass,133,131072,0,NA,NA,NA,2026-07-28T16:17:48+00:00,N1_D1_S1_main/memory/B1_SCALAR/trial-0/instruction_trace_audit.json,250,692,378,NA,768,6,NA,0,0,Verilator 5.034 2025-02-24 rev v5.034,4f53cda18c2baa0c0354bb5f9a3ecbe5ed12ab4d8e11ba873c2f11161202b945,,,,,,
1,1,256,NA,644d8947732146342757e0c992d8dc82e54518bbbe4671d3fadd849b32d3f6b1,2,0.6666666666666666,256,56,main,main,120fa0c30199e54e6e9b5c60d8da40913eae8526640992cc5d4f130bef159775,3,hw/system/spatz_cluster/cfg/spatz_cluster.default.dram.hjson,NA,YES,clang version 14.0.6 (git@github.com:pulp-platform/llvm-project.git b494f2d8dde88723026db8ec16ac6c7ee1e140ca) | Target: riscv32-unknown-unknown-elf | Thread model: posix,99e64e42880bd1e668c88014216e88f6da9302e1e42041975fb8e1d3dce41f01,/home/wxt/work-online-merge-supplement/install/llvm/bin/clang -DONLINE_MERGE_COUNTER_PROFILE=0 -DONLINE_MERGE_IMPLEMENTATION_SELECT=1 -DONLINE_MERGE_STACK_LOG2=13 -DONLINE_MERGE_TRACE_PROXY=0 -I/home/wxt/work-online-merge-supplement/sw/spatzBenchmarks/include -I/home/wxt/work-online-merge-supplement/sw/snRuntime/include -I/home/wxt/work-online-merge-supplement/sw/snRuntime/vendor -I/home/wxt/work-online-merge-supplement/sw/snRuntime/../toolchain/riscv-opcodes -I/home/wxt/work-online-merge-20260728T161747Z_5c2aad2f_p0-anchor/build/spatzBenchmarks/online_merge_generated/N1_D1_S1_main_R1 -I/home/wxt/work-online-merge-supplement/sw/spatzBenchmarks/online-softmax-merge  --gcc-toolchain=/home/wxt/work-online-merge-supplement/install/riscv-gcc --gcc-toolchain=/home/wxt/work-online-merge-supplement/install/riscv-gcc -mcpu=snitch -mcmodel=small -ffast-math -fno-builtin-printf -fno-common -falign-loops=16 -ffunction-sections -Wextra -static -mllvm -misched-topdown -menable-experimental-extensions -mno-relax -march=rv32imafdvzfh_xdma_xfquarter -mabi=ilp32d -O3 -g -o CMakeFiles/test-spatzBenchmarks-online-softmax-merge-b1.dir/online-softmax-merge/main.c.o -c /home/wxt/work-online-merge-supplement/sw/spatzBenchmarks/online-softmax-merge/main.c,B1_SCALAR,NA,memory,1183,YES,0,NA,NO_EXPLICIT_TRANSFER_PHASE,PASS,NA,56,NA,5c2aad2f0af79dee95f8456bccddebcb8084d4b1,False,B1,0,9d2d7b5a01325e3a0b252f9c9ba34371b2a01c2103351f1c6d5bae30afa62286,main,DASM_MARKER_ENVELOPE,B1,2065,3.152311533271239e-07,1,1,2065.0,1.2516975402832031e-06,100000,1.2516975402832031e-06,4.172325134277344e-07,16768,0,0,0,1,1,1.0,YES,NA,2065.0,0,N1_D1_S1_main/memory/B1_SCALAR/trial-1/simulator.log,0,YES,NA,NA,7.226679118264997e-07,20260728T161747Z_5c2aad2f_p0-anchor,16512,NA,0,1183,1,361ff71bcc241b448e49ff6d212d06a13a986e2fad861b0aa0b67e40e7a21d68,/home/wxt/spatz/hw/system/spatz_cluster/bin/spatz_cluster.vlt,SMALL,NA,0,NA,NA,NA,PASS,NA,PASS,4,df43711fc01b82ff4cf955ba337a7adf938c4744e6f621920e004ec1953ce130,pass,133,131072,0,NA,NA,NA,2026-07-28T16:18:45+00:00,N1_D1_S1_main/memory/B1_SCALAR/trial-1/instruction_trace_audit.json,250,692,378,NA,768,6,NA,1,0,Verilator 5.034 2025-02-24 rev v5.034,4f53cda18c2baa0c0354bb5f9a3ecbe5ed12ab4d8e11ba873c2f11161202b945,,,,,,
1,1,256,NA,644d8947732146342757e0c992d8dc82e54518bbbe4671d3fadd849b32d3f6b1,2,0.6666666666666666,256,56,main,main,120fa0c30199e54e6e9b5c60d8da40913eae8526640992cc5d4f130bef159775,3,hw/system/spatz_cluster/cfg/spatz_cluster.default.dram.hjson,NA,YES,clang version 14.0.6 (git@github.com:pulp-platform/llvm-project.git b494f2d8dde88723026db8ec16ac6c7ee1e140ca) | Target: riscv32-unknown-unknown-elf | Thread model: posix,99e64e42880bd1e668c88014216e88f6da9302e1e42041975fb8e1d3dce41f01,/home/wxt/work-online-merge-supplement/install/llvm/bin/clang -DONLINE_MERGE_COUNTER_PROFILE=0 -DONLINE_MERGE_IMPLEMENTATION_SELECT=1 -DONLINE_MERGE_STACK_LOG2=13 -DONLINE_MERGE_TRACE_PROXY=0 -I/home/wxt/work-online-merge-supplement/sw/spatzBenchmarks/include -I/home/wxt/work-online-merge-supplement/sw/snRuntime/include -I/home/wxt/work-online-merge-supplement/sw/snRuntime/vendor -I/home/wxt/work-online-merge-supplement/sw/snRuntime/../toolchain/riscv-opcodes -I/home/wxt/work-online-merge-20260728T161747Z_5c2aad2f_p0-anchor/build/spatzBenchmarks/online_merge_generated/N1_D1_S1_main_R1 -I/home/wxt/work-online-merge-supplement/sw/spatzBenchmarks/online-softmax-merge  --gcc-toolchain=/home/wxt/work-online-merge-supplement/install/riscv-gcc --gcc-toolchain=/home/wxt/work-online-merge-supplement/install/riscv-gcc -mcpu=snitch -mcmodel=small -ffast-math -fno-builtin-printf -fno-common -falign-loops=16 -ffunction-sections -Wextra -static -mllvm -misched-topdown -menable-experimental-extensions -mno-relax -march=rv32imafdvzfh_xdma_xfquarter -mabi=ilp32d -O3 -g -o CMakeFiles/test-spatzBenchmarks-online-softmax-merge-b1.dir/online-softmax-merge/main.c.o -c /home/wxt/work-online-merge-supplement/sw/spatzBenchmarks/online-softmax-merge/main.c,B1_SCALAR,NA,memory,1183,YES,0,NA,NO_EXPLICIT_TRANSFER_PHASE,PASS,NA,56,NA,5c2aad2f0af79dee95f8456bccddebcb8084d4b1,False,B1,0,9d2d7b5a01325e3a0b252f9c9ba34371b2a01c2103351f1c6d5bae30afa62286,main,DASM_MARKER_ENVELOPE,B1,2065,3.152311533271239e-07,1,1,2065.0,1.2516975402832031e-06,100000,1.2516975402832031e-06,4.172325134277344e-07,16768,0,0,0,1,1,1.0,YES,NA,2065.0,0,N1_D1_S1_main/memory/B1_SCALAR/trial-2/simulator.log,0,YES,NA,NA,7.226679118264997e-07,20260728T161747Z_5c2aad2f_p0-anchor,16512,NA,0,1183,1,361ff71bcc241b448e49ff6d212d06a13a986e2fad861b0aa0b67e40e7a21d68,/home/wxt/spatz/hw/system/spatz_cluster/bin/spatz_cluster.vlt,SMALL,NA,0,NA,NA,NA,PASS,NA,PASS,4,df43711fc01b82ff4cf955ba337a7adf938c4744e6f621920e004ec1953ce130,pass,133,131072,0,NA,NA,NA,2026-07-28T16:19:38+00:00,N1_D1_S1_main/memory/B1_SCALAR/trial-2/instruction_trace_audit.json,250,692,378,NA,768,6,NA,2,0,Verilator 5.034 2025-02-24 rev v5.034,4f53cda18c2baa0c0354bb5f9a3ecbe5ed12ab4d8e11ba873c2f11161202b945,,,,,,
1,1,256,NA,b9e6a8360e74cb99fc5cebf5bd6848fd885484cbbc2fefabdc25508713171fe8,2,0.6666666666666666,256,56,main,main,120fa0c30199e54e6e9b5c60d8da40913eae8526640992cc5d4f130bef159775,3,hw/system/spatz_cluster/cfg/spatz_cluster.default.dram.hjson,NA,YES,clang version 14.0.6 (git@github.com:pulp-platform/llvm-project.git b494f2d8dde88723026db8ec16ac6c7ee1e140ca) | Target: riscv32-unknown-unknown-elf | Thread model: posix,99e64e42880bd1e668c88014216e88f6da9302e1e42041975fb8e1d3dce41f01,/home/wxt/work-online-merge-supplement/install/llvm/bin/clang -DONLINE_MERGE_COUNTER_PROFILE=0 -DONLINE_MERGE_IMPLEMENTATION_SELECT=2 -DONLINE_MERGE_STACK_LOG2=13 -DONLINE_MERGE_TRACE_PROXY=0 -I/home/wxt/work-online-merge-supplement/sw/spatzBenchmarks/include -I/home/wxt/work-online-merge-supplement/sw/snRuntime/include -I/home/wxt/work-online-merge-supplement/sw/snRuntime/vendor -I/home/wxt/work-online-merge-supplement/sw/snRuntime/../toolchain/riscv-opcodes -I/home/wxt/work-online-merge-20260728T161747Z_5c2aad2f_p0-anchor/build/spatzBenchmarks/online_merge_generated/N1_D1_S1_main_R1 -I/home/wxt/work-online-merge-supplement/sw/spatzBenchmarks/online-softmax-merge  --gcc-toolchain=/home/wxt/work-online-merge-supplement/install/riscv-gcc --gcc-toolchain=/home/wxt/work-online-merge-supplement/install/riscv-gcc -mcpu=snitch -mcmodel=small -ffast-math -fno-builtin-printf -fno-common -falign-loops=16 -ffunction-sections -Wextra -static -mllvm -misched-topdown -menable-experimental-extensions -mno-relax -march=rv32imafdvzfh_xdma_xfquarter -mabi=ilp32d -O3 -g -o CMakeFiles/test-spatzBenchmarks-online-softmax-merge-b2r.dir/online-softmax-merge/main.c.o -c /home/wxt/work-online-merge-supplement/sw/spatzBenchmarks/online-softmax-merge/main.c,B2R_RVV,A0,memory,1035,YES,6,NA,NO_EXPLICIT_TRANSFER_PHASE,PASS,NA,56,NA,5c2aad2f0af79dee95f8456bccddebcb8084d4b1,False,B2-R,0,9d2d7b5a01325e3a0b252f9c9ba34371b2a01c2103351f1c6d5bae30afa62286,main,DASM_MARKER_ENVELOPE,B2-R,1713,3.152311533271239e-07,1,1,1713.0,1.2516975402832031e-06,100000,1.2516975402832031e-06,4.172325134277344e-07,16768,0,0,0,1,1,1.0,YES,NA,1713.0,0,N1_D1_S1_main/memory/B2R_RVV/trial-0/simulator.log,0,YES,NA,NA,7.226679118264997e-07,20260728T161747Z_5c2aad2f_p0-anchor,16512,NA,0,1029,1,361ff71bcc241b448e49ff6d212d06a13a986e2fad861b0aa0b67e40e7a21d68,/home/wxt/spatz/hw/system/spatz_cluster/bin/spatz_cluster.vlt,SMALL,NA,0,NA,NA,NA,PASS,NA,PASS,4,c8e40edb4f07f821a90b0dd5754c9254d34a96c3520c83a15434cf08bb980c2d,pass,117,131072,0,NA,NA,NA,2026-07-28T16:20:32+00:00,N1_D1_S1_main/memory/B2R_RVV/trial-0/instruction_trace_audit.json,214,553,339,14,620,6,NA,0,6,Verilator 5.034 2025-02-24 rev v5.034,4f53cda18c2baa0c0354bb5f9a3ecbe5ed12ab4d8e11ba873c2f11161202b945,,,,,,
1,1,256,NA,b9e6a8360e74cb99fc5cebf5bd6848fd885484cbbc2fefabdc25508713171fe8,2,0.6666666666666666,256,56,main,main,120fa0c30199e54e6e9b5c60d8da40913eae8526640992cc5d4f130bef159775,3,hw/system/spatz_cluster/cfg/spatz_cluster.default.dram.hjson,NA,YES,clang version 14.0.6 (git@github.com:pulp-platform/llvm-project.git b494f2d8dde88723026db8ec16ac6c7ee1e140ca) | Target: riscv32-unknown-unknown-elf | Thread model: posix,99e64e42880bd1e668c88014216e88f6da9302e1e42041975fb8e1d3dce41f01,/home/wxt/work-online-merge-supplement/install/llvm/bin/clang -DONLINE_MERGE_COUNTER_PROFILE=0 -DONLINE_MERGE_IMPLEMENTATION_SELECT=2 -DONLINE_MERGE_STACK_LOG2=13 -DONLINE_MERGE_TRACE_PROXY=0 -I/home/wxt/work-online-merge-supplement/sw/spatzBenchmarks/include -I/home/wxt/work-online-merge-supplement/sw/snRuntime/include -I/home/wxt/work-online-merge-supplement/sw/snRuntime/vendor -I/home/wxt/work-online-merge-supplement/sw/snRuntime/../toolchain/riscv-opcodes -I/home/wxt/work-online-merge-20260728T161747Z_5c2aad2f_p0-anchor/build/spatzBenchmarks/online_merge_generated/N1_D1_S1_main_R1 -I/home/wxt/work-online-merge-supplement/sw/spatzBenchmarks/online-softmax-merge  --gcc-toolchain=/home/wxt/work-online-merge-supplement/install/riscv-gcc --gcc-toolchain=/home/wxt/work-online-merge-supplement/install/riscv-gcc -mcpu=snitch -mcmodel=small -ffast-math -fno-builtin-printf -fno-common -falign-loops=16 -ffunction-sections -Wextra -static -mllvm -misched-topdown -menable-experimental-extensions -mno-relax -march=rv32imafdvzfh_xdma_xfquarter -mabi=ilp32d -O3 -g -o CMakeFiles/test-spatzBenchmarks-online-softmax-merge-b2r.dir/online-softmax-merge/main.c.o -c /home/wxt/work-online-merge-supplement/sw/spatzBenchmarks/online-softmax-merge/main.c,B2R_RVV,A0,memory,1035,YES,6,NA,NO_EXPLICIT_TRANSFER_PHASE,PASS,NA,56,NA,5c2aad2f0af79dee95f8456bccddebcb8084d4b1,False,B2-R,0,9d2d7b5a01325e3a0b252f9c9ba34371b2a01c2103351f1c6d5bae30afa62286,main,DASM_MARKER_ENVELOPE,B2-R,1713,3.152311533271239e-07,1,1,1713.0,1.2516975402832031e-06,100000,1.2516975402832031e-06,4.172325134277344e-07,16768,0,0,0,1,1,1.0,YES,NA,1713.0,0,N1_D1_S1_main/memory/B2R_RVV/trial-1/simulator.log,0,YES,NA,NA,7.226679118264997e-07,20260728T161747Z_5c2aad2f_p0-anchor,16512,NA,0,1029,1,361ff71bcc241b448e49ff6d212d06a13a986e2fad861b0aa0b67e40e7a21d68,/home/wxt/spatz/hw/system/spatz_cluster/bin/spatz_cluster.vlt,SMALL,NA,0,NA,NA,NA,PASS,NA,PASS,4,c8e40edb4f07f821a90b0dd5754c9254d34a96c3520c83a15434cf08bb980c2d,pass,117,131072,0,NA,NA,NA,2026-07-28T16:21:27+00:00,N1_D1_S1_main/memory/B2R_RVV/trial-1/instruction_trace_audit.json,214,553,339,14,620,6,NA,1,6,Verilator 5.034 2025-02-24 rev v5.034,4f53cda18c2baa0c0354bb5f9a3ecbe5ed12ab4d8e11ba873c2f11161202b945,,,,,,
1,1,256,NA,b9e6a8360e74cb99fc5cebf5bd6848fd885484cbbc2fefabdc25508713171fe8,2,0.6666666666666666,256,56,main,main,120fa0c30199e54e6e9b5c60d8da40913eae8526640992cc5d4f130bef159775,3,hw/system/spatz_cluster/cfg/spatz_cluster.default.dram.hjson,NA,YES,clang version 14.0.6 (git@github.com:pulp-platform/llvm-project.git b494f2d8dde88723026db8ec16ac6c7ee1e140ca) | Target: riscv32-unknown-unknown-elf | Thread model: posix,99e64e42880bd1e668c88014216e88f6da9302e1e42041975fb8e1d3dce41f01,/home/wxt/work-online-merge-supplement/install/llvm/bin/clang -DONLINE_MERGE_COUNTER_PROFILE=0 -DONLINE_MERGE_IMPLEMENTATION_SELECT=2 -DONLINE_MERGE_STACK_LOG2=13 -DONLINE_MERGE_TRACE_PROXY=0 -I/home/wxt/work-online-merge-supplement/sw/spatzBenchmarks/include -I/home/wxt/work-online-merge-supplement/sw/snRuntime/include -I/home/wxt/work-online-merge-supplement/sw/snRuntime/vendor -I/home/wxt/work-online-merge-supplement/sw/snRuntime/../toolchain/riscv-opcodes -I/home/wxt/work-online-merge-20260728T161747Z_5c2aad2f_p0-anchor/build/spatzBenchmarks/online_merge_generated/N1_D1_S1_main_R1 -I/home/wxt/work-online-merge-supplement/sw/spatzBenchmarks/online-softmax-merge  --gcc-toolchain=/home/wxt/work-online-merge-supplement/install/riscv-gcc --gcc-toolchain=/home/wxt/work-online-merge-supplement/install/riscv-gcc -mcpu=snitch -mcmodel=small -ffast-math -fno-builtin-printf -fno-common -falign-loops=16 -ffunction-sections -Wextra -static -mllvm -misched-topdown -menable-experimental-extensions -mno-relax -march=rv32imafdvzfh_xdma_xfquarter -mabi=ilp32d -O3 -g -o CMakeFiles/test-spatzBenchmarks-online-softmax-merge-b2r.dir/online-softmax-merge/main.c.o -c /home/wxt/work-online-merge-supplement/sw/spatzBenchmarks/online-softmax-merge/main.c,B2R_RVV,A0,memory,1035,YES,6,NA,NO_EXPLICIT_TRANSFER_PHASE,PASS,NA,56,NA,5c2aad2f0af79dee95f8456bccddebcb8084d4b1,False,B2-R,0,9d2d7b5a01325e3a0b252f9c9ba34371b2a01c2103351f1c6d5bae30afa62286,main,DASM_MARKER_ENVELOPE,B2-R,1713,3.152311533271239e-07,1,1,1713.0,1.2516975402832031e-06,100000,1.2516975402832031e-06,4.172325134277344e-07,16768,0,0,0,1,1,1.0,YES,NA,1713.0,0,N1_D1_S1_main/memory/B2R_RVV/trial-2/simulator.log,0,YES,NA,NA,7.226679118264997e-07,20260728T161747Z_5c2aad2f_p0-anchor,16512,NA,0,1029,1,361ff71bcc241b448e49ff6d212d06a13a986e2fad861b0aa0b67e40e7a21d68,/home/wxt/spatz/hw/system/spatz_cluster/bin/spatz_cluster.vlt,SMALL,NA,0,NA,NA,NA,PASS,NA,PASS,4,c8e40edb4f07f821a90b0dd5754c9254d34a96c3520c83a15434cf08bb980c2d,pass,117,131072,0,NA,NA,NA,2026-07-28T16:22:21+00:00,N1_D1_S1_main/memory/B2R_RVV/trial-2/instruction_trace_audit.json,214,553,339,14,620,6,NA,2,6,Verilator 5.034 2025-02-24 rev v5.034,4f53cda18c2baa0c0354bb5f9a3ecbe5ed12ab4d8e11ba873c2f11161202b945,,,,,,
1,1,256,NA,ff2220bbbec2daaac45546c2ce78fafa647fb7f8c479a5ff9cbc31cf8081e14d,2,0.6666666666666666,256,56,main,main,120fa0c30199e54e6e9b5c60d8da40913eae8526640992cc5d4f130bef159775,3,hw/system/spatz_cluster/cfg/spatz_cluster.default.dram.hjson,1443,YES,clang version 14.0.6 (git@github.com:pulp-platform/llvm-project.git b494f2d8dde88723026db8ec16ac6c7ee1e140ca) | Target: riscv32-unknown-unknown-elf | Thread model: posix,99e64e42880bd1e668c88014216e88f6da9302e1e42041975fb8e1d3dce41f01,/home/wxt/work-online-merge-supplement/install/llvm/bin/clang -DONLINE_MERGE_COUNTER_PROFILE=0 -DONLINE_MERGE_IMPLEMENTATION_SELECT=4 -DONLINE_MERGE_STACK_LOG2=13 -DONLINE_MERGE_TRACE_PROXY=0 -I/home/wxt/work-online-merge-supplement/sw/spatzBenchmarks/include -I/home/wxt/work-online-merge-supplement/sw/snRuntime/include -I/home/wxt/work-online-merge-supplement/sw/snRuntime/vendor -I/home/wxt/work-online-merge-supplement/sw/snRuntime/../toolchain/riscv-opcodes -I/home/wxt/work-online-merge-20260728T161747Z_5c2aad2f_p0-anchor/build/spatzBenchmarks/online_merge_generated/N1_D1_S1_main_R1 -I/home/wxt/work-online-merge-supplement/sw/spatzBenchmarks/online-softmax-merge  --gcc-toolchain=/home/wxt/work-online-merge-supplement/install/riscv-gcc --gcc-toolchain=/home/wxt/work-online-merge-supplement/install/riscv-gcc -mcpu=snitch -mcmodel=small -ffast-math -fno-builtin-printf -fno-common -falign-loops=16 -ffunction-sections -Wextra -static -mllvm -misched-topdown -menable-experimental-extensions -mno-relax -march=rv32imafdvzfh_xdma_xfquarter -mabi=ilp32d -O3 -g -o CMakeFiles/test-spatzBenchmarks-online-softmax-merge-a1.dir/online-softmax-merge/main.c.o -c /home/wxt/work-online-merge-supplement/sw/spatzBenchmarks/online-softmax-merge/main.c,A1_SMU_SCALAR,NA,memory,885,YES,6,NA,NO_EXPLICIT_TRANSFER_PHASE,PASS,NA,56,PASS,5c2aad2f0af79dee95f8456bccddebcb8084d4b1,False,A1,0,9d2d7b5a01325e3a0b252f9c9ba34371b2a01c2103351f1c6d5bae30afa62286,main,DASM_MARKER_ENVELOPE,A1,1467,3.152311533271239e-07,1,1,1467.0,1.2516975402832031e-06,100000,1.2516975402832031e-06,4.172325134277344e-07,16768,0,0,0,1,1,1.0,YES,NA,1467.0,0,N1_D1_S1_main/memory/A1_SMU_SCALAR/trial-0/simulator.log,0,YES,NA,NA,7.226679118264997e-07,20260728T161747Z_5c2aad2f_p0-anchor,16512,132,0,879,1,361ff71bcc241b448e49ff6d212d06a13a986e2fad861b0aa0b67e40e7a21d68,/home/wxt/spatz/hw/system/spatz_cluster/bin/spatz_cluster.vlt,SMALL,24,1,1335,NA,NA,PASS,NA,PASS,4,bd6ad7ba7eecc6ef3435720800acd0efb14cedf2cc8a214457f0df395acde7ba,pass,396,131072,0,NA,NA,NA,2026-07-28T16:23:15+00:00,N1_D1_S1_main/memory/A1_SMU_SCALAR/trial-0/instruction_trace_audit.json,1015,226,248,6,NA,9,NA,0,6,Verilator 5.034 2025-02-24 rev v5.034,4f53cda18c2baa0c0354bb5f9a3ecbe5ed12ab4d8e11ba873c2f11161202b945,1,1,13,1,9,0
1,1,256,NA,ff2220bbbec2daaac45546c2ce78fafa647fb7f8c479a5ff9cbc31cf8081e14d,2,0.6666666666666666,256,56,main,main,120fa0c30199e54e6e9b5c60d8da40913eae8526640992cc5d4f130bef159775,3,hw/system/spatz_cluster/cfg/spatz_cluster.default.dram.hjson,1443,YES,clang version 14.0.6 (git@github.com:pulp-platform/llvm-project.git b494f2d8dde88723026db8ec16ac6c7ee1e140ca) | Target: riscv32-unknown-unknown-elf | Thread model: posix,99e64e42880bd1e668c88014216e88f6da9302e1e42041975fb8e1d3dce41f01,/home/wxt/work-online-merge-supplement/install/llvm/bin/clang -DONLINE_MERGE_COUNTER_PROFILE=0 -DONLINE_MERGE_IMPLEMENTATION_SELECT=4 -DONLINE_MERGE_STACK_LOG2=13 -DONLINE_MERGE_TRACE_PROXY=0 -I/home/wxt/work-online-merge-supplement/sw/spatzBenchmarks/include -I/home/wxt/work-online-merge-supplement/sw/snRuntime/include -I/home/wxt/work-online-merge-supplement/sw/snRuntime/vendor -I/home/wxt/work-online-merge-supplement/sw/snRuntime/../toolchain/riscv-opcodes -I/home/wxt/work-online-merge-20260728T161747Z_5c2aad2f_p0-anchor/build/spatzBenchmarks/online_merge_generated/N1_D1_S1_main_R1 -I/home/wxt/work-online-merge-supplement/sw/spatzBenchmarks/online-softmax-merge  --gcc-toolchain=/home/wxt/work-online-merge-supplement/install/riscv-gcc --gcc-toolchain=/home/wxt/work-online-merge-supplement/install/riscv-gcc -mcpu=snitch -mcmodel=small -ffast-math -fno-builtin-printf -fno-common -falign-loops=16 -ffunction-sections -Wextra -static -mllvm -misched-topdown -menable-experimental-extensions -mno-relax -march=rv32imafdvzfh_xdma_xfquarter -mabi=ilp32d -O3 -g -o CMakeFiles/test-spatzBenchmarks-online-softmax-merge-a1.dir/online-softmax-merge/main.c.o -c /home/wxt/work-online-merge-supplement/sw/spatzBenchmarks/online-softmax-merge/main.c,A1_SMU_SCALAR,NA,memory,885,YES,6,NA,NO_EXPLICIT_TRANSFER_PHASE,PASS,NA,56,PASS,5c2aad2f0af79dee95f8456bccddebcb8084d4b1,False,A1,0,9d2d7b5a01325e3a0b252f9c9ba34371b2a01c2103351f1c6d5bae30afa62286,main,DASM_MARKER_ENVELOPE,A1,1467,3.152311533271239e-07,1,1,1467.0,1.2516975402832031e-06,100000,1.2516975402832031e-06,4.172325134277344e-07,16768,0,0,0,1,1,1.0,YES,NA,1467.0,0,N1_D1_S1_main/memory/A1_SMU_SCALAR/trial-1/simulator.log,0,YES,NA,NA,7.226679118264997e-07,20260728T161747Z_5c2aad2f_p0-anchor,16512,132,0,879,1,361ff71bcc241b448e49ff6d212d06a13a986e2fad861b0aa0b67e40e7a21d68,/home/wxt/spatz/hw/system/spatz_cluster/bin/spatz_cluster.vlt,SMALL,24,1,1335,NA,NA,PASS,NA,PASS,4,bd6ad7ba7eecc6ef3435720800acd0efb14cedf2cc8a214457f0df395acde7ba,pass,396,131072,0,NA,NA,NA,2026-07-28T16:24:10+00:00,N1_D1_S1_main/memory/A1_SMU_SCALAR/trial-1/instruction_trace_audit.json,1015,226,248,6,NA,9,NA,1,6,Verilator 5.034 2025-02-24 rev v5.034,4f53cda18c2baa0c0354bb5f9a3ecbe5ed12ab4d8e11ba873c2f11161202b945,1,1,13,1,9,0
1,1,256,NA,ff2220bbbec2daaac45546c2ce78fafa647fb7f8c479a5ff9cbc31cf8081e14d,2,0.6666666666666666,256,56,main,main,120fa0c30199e54e6e9b5c60d8da40913eae8526640992cc5d4f130bef159775,3,hw/system/spatz_cluster/cfg/spatz_cluster.default.dram.hjson,1443,YES,clang version 14.0.6 (git@github.com:pulp-platform/llvm-project.git b494f2d8dde88723026db8ec16ac6c7ee1e140ca) | Target: riscv32-unknown-unknown-elf | Thread model: posix,99e64e42880bd1e668c88014216e88f6da9302e1e42041975fb8e1d3dce41f01,/home/wxt/work-online-merge-supplement/install/llvm/bin/clang -DONLINE_MERGE_COUNTER_PROFILE=0 -DONLINE_MERGE_IMPLEMENTATION_SELECT=4 -DONLINE_MERGE_STACK_LOG2=13 -DONLINE_MERGE_TRACE_PROXY=0 -I/home/wxt/work-online-merge-supplement/sw/spatzBenchmarks/include -I/home/wxt/work-online-merge-supplement/sw/snRuntime/include -I/home/wxt/work-online-merge-supplement/sw/snRuntime/vendor -I/home/wxt/work-online-merge-supplement/sw/snRuntime/../toolchain/riscv-opcodes -I/home/wxt/work-online-merge-20260728T161747Z_5c2aad2f_p0-anchor/build/spatzBenchmarks/online_merge_generated/N1_D1_S1_main_R1 -I/home/wxt/work-online-merge-supplement/sw/spatzBenchmarks/online-softmax-merge  --gcc-toolchain=/home/wxt/work-online-merge-supplement/install/riscv-gcc --gcc-toolchain=/home/wxt/work-online-merge-supplement/install/riscv-gcc -mcpu=snitch -mcmodel=small -ffast-math -fno-builtin-printf -fno-common -falign-loops=16 -ffunction-sections -Wextra -static -mllvm -misched-topdown -menable-experimental-extensions -mno-relax -march=rv32imafdvzfh_xdma_xfquarter -mabi=ilp32d -O3 -g -o CMakeFiles/test-spatzBenchmarks-online-softmax-merge-a1.dir/online-softmax-merge/main.c.o -c /home/wxt/work-online-merge-supplement/sw/spatzBenchmarks/online-softmax-merge/main.c,A1_SMU_SCALAR,NA,memory,885,YES,6,NA,NO_EXPLICIT_TRANSFER_PHASE,PASS,NA,56,PASS,5c2aad2f0af79dee95f8456bccddebcb8084d4b1,False,A1,0,9d2d7b5a01325e3a0b252f9c9ba34371b2a01c2103351f1c6d5bae30afa62286,main,DASM_MARKER_ENVELOPE,A1,1467,3.152311533271239e-07,1,1,1467.0,1.2516975402832031e-06,100000,1.2516975402832031e-06,4.172325134277344e-07,16768,0,0,0,1,1,1.0,YES,NA,1467.0,0,N1_D1_S1_main/memory/A1_SMU_SCALAR/trial-2/simulator.log,0,YES,NA,NA,7.226679118264997e-07,20260728T161747Z_5c2aad2f_p0-anchor,16512,132,0,879,1,361ff71bcc241b448e49ff6d212d06a13a986e2fad861b0aa0b67e40e7a21d68,/home/wxt/spatz/hw/system/spatz_cluster/bin/spatz_cluster.vlt,SMALL,24,1,1335,NA,NA,PASS,NA,PASS,4,bd6ad7ba7eecc6ef3435720800acd0efb14cedf2cc8a214457f0df395acde7ba,pass,396,131072,0,NA,NA,NA,2026-07-28T16:25:10+00:00,N1_D1_S1_main/memory/A1_SMU_SCALAR/trial-2/instruction_trace_audit.json,1015,226,248,6,NA,9,NA,2,6,Verilator 5.034 2025-02-24 rev v5.034,4f53cda18c2baa0c0354bb5f9a3ecbe5ed12ab4d8e11ba873c2f11161202b945,1,1,13,1,9,0
1,1,256,NA,9c7dd91920bb285436f1a2b3bab577cf1d75b25a0d5e02c5f9cf7af5c6628c59,2,0.6666666666666666,256,56,main,main,120fa0c30199e54e6e9b5c60d8da40913eae8526640992cc5d4f130bef159775,3,hw/system/spatz_cluster/cfg/spatz_cluster.default.dram.hjson,1309,YES,clang version 14.0.6 (git@github.com:pulp-platform/llvm-project.git b494f2d8dde88723026db8ec16ac6c7ee1e140ca) | Target: riscv32-unknown-unknown-elf | Thread model: posix,99e64e42880bd1e668c88014216e88f6da9302e1e42041975fb8e1d3dce41f01,/home/wxt/work-online-merge-supplement/install/llvm/bin/clang -DONLINE_MERGE_COUNTER_PROFILE=0 -DONLINE_MERGE_IMPLEMENTATION_SELECT=3 -DONLINE_MERGE_STACK_LOG2=13 -DONLINE_MERGE_TRACE_PROXY=0 -I/home/wxt/work-online-merge-supplement/sw/spatzBenchmarks/include -I/home/wxt/work-online-merge-supplement/sw/snRuntime/include -I/home/wxt/work-online-merge-supplement/sw/snRuntime/vendor -I/home/wxt/work-online-merge-supplement/sw/snRuntime/../toolchain/riscv-opcodes -I/home/wxt/work-online-merge-20260728T161747Z_5c2aad2f_p0-anchor/build/spatzBenchmarks/online_merge_generated/N1_D1_S1_main_R1 -I/home/wxt/work-online-merge-supplement/sw/spatzBenchmarks/online-softmax-merge  --gcc-toolchain=/home/wxt/work-online-merge-supplement/install/riscv-gcc --gcc-toolchain=/home/wxt/work-online-merge-supplement/install/riscv-gcc -mcpu=snitch -mcmodel=small -ffast-math -fno-builtin-printf -fno-common -falign-loops=16 -ffunction-sections -Wextra -static -mllvm -misched-topdown -menable-experimental-extensions -mno-relax -march=rv32imafdvzfh_xdma_xfquarter -mabi=ilp32d -O3 -g -o CMakeFiles/test-spatzBenchmarks-online-softmax-merge-a2.dir/online-softmax-merge/main.c.o -c /home/wxt/work-online-merge-supplement/sw/spatzBenchmarks/online-softmax-merge/main.c,A2_SMU_FULL,A2,memory,818,YES,0,NA,NO_EXPLICIT_TRANSFER_PHASE,PASS,NA,56,PASS,5c2aad2f0af79dee95f8456bccddebcb8084d4b1,False,B3,0,9d2d7b5a01325e3a0b252f9c9ba34371b2a01c2103351f1c6d5bae30afa62286,main,DASM_MARKER_ENVELOPE,B3,1338,3.152311533271239e-07,1,1,1338.0,1.2516975402832031e-06,100000,1.2516975402832031e-06,4.172325134277344e-07,16768,0,0,0,1,1,1.0,YES,NA,1338.0,0,N1_D1_S1_main/memory/A2_SMU_FULL/trial-0/simulator.log,0,YES,NA,NA,7.226679118264997e-07,20260728T161747Z_5c2aad2f_p0-anchor,16512,NA,0,818,1,361ff71bcc241b448e49ff6d212d06a13a986e2fad861b0aa0b67e40e7a21d68,/home/wxt/spatz/hw/system/spatz_cluster/bin/spatz_cluster.vlt,SMALL,29,1,NA,NA,NA,PASS,NA,PASS,4,ff78879508c2a070a70ab088d5b9c1c1ba07e58713a5918d5027c3929e0b5e47,pass,378,131072,0,NA,NA,NA,2026-07-28T16:26:08+00:00,N1_D1_S1_main/memory/A2_SMU_FULL/trial-0/instruction_trace_audit.json,981,159,225,NA,NA,6,NA,0,0,Verilator 5.034 2025-02-24 rev v5.034,4f53cda18c2baa0c0354bb5f9a3ecbe5ed12ab4d8e11ba873c2f11161202b945,1,1,13,1,5,9
1,1,256,NA,9c7dd91920bb285436f1a2b3bab577cf1d75b25a0d5e02c5f9cf7af5c6628c59,2,0.6666666666666666,256,56,main,main,120fa0c30199e54e6e9b5c60d8da40913eae8526640992cc5d4f130bef159775,3,hw/system/spatz_cluster/cfg/spatz_cluster.default.dram.hjson,1309,YES,clang version 14.0.6 (git@github.com:pulp-platform/llvm-project.git b494f2d8dde88723026db8ec16ac6c7ee1e140ca) | Target: riscv32-unknown-unknown-elf | Thread model: posix,99e64e42880bd1e668c88014216e88f6da9302e1e42041975fb8e1d3dce41f01,/home/wxt/work-online-merge-supplement/install/llvm/bin/clang -DONLINE_MERGE_COUNTER_PROFILE=0 -DONLINE_MERGE_IMPLEMENTATION_SELECT=3 -DONLINE_MERGE_STACK_LOG2=13 -DONLINE_MERGE_TRACE_PROXY=0 -I/home/wxt/work-online-merge-supplement/sw/spatzBenchmarks/include -I/home/wxt/work-online-merge-supplement/sw/snRuntime/include -I/home/wxt/work-online-merge-supplement/sw/snRuntime/vendor -I/home/wxt/work-online-merge-supplement/sw/snRuntime/../toolchain/riscv-opcodes -I/home/wxt/work-online-merge-20260728T161747Z_5c2aad2f_p0-anchor/build/spatzBenchmarks/online_merge_generated/N1_D1_S1_main_R1 -I/home/wxt/work-online-merge-supplement/sw/spatzBenchmarks/online-softmax-merge  --gcc-toolchain=/home/wxt/work-online-merge-supplement/install/riscv-gcc --gcc-toolchain=/home/wxt/work-online-merge-supplement/install/riscv-gcc -mcpu=snitch -mcmodel=small -ffast-math -fno-builtin-printf -fno-common -falign-loops=16 -ffunction-sections -Wextra -static -mllvm -misched-topdown -menable-experimental-extensions -mno-relax -march=rv32imafdvzfh_xdma_xfquarter -mabi=ilp32d -O3 -g -o CMakeFiles/test-spatzBenchmarks-online-softmax-merge-a2.dir/online-softmax-merge/main.c.o -c /home/wxt/work-online-merge-supplement/sw/spatzBenchmarks/online-softmax-merge/main.c,A2_SMU_FULL,A2,memory,818,YES,0,NA,NO_EXPLICIT_TRANSFER_PHASE,PASS,NA,56,PASS,5c2aad2f0af79dee95f8456bccddebcb8084d4b1,False,B3,0,9d2d7b5a01325e3a0b252f9c9ba34371b2a01c2103351f1c6d5bae30afa62286,main,DASM_MARKER_ENVELOPE,B3,1338,3.152311533271239e-07,1,1,1338.0,1.2516975402832031e-06,100000,1.2516975402832031e-06,4.172325134277344e-07,16768,0,0,0,1,1,1.0,YES,NA,1338.0,0,N1_D1_S1_main/memory/A2_SMU_FULL/trial-1/simulator.log,0,YES,NA,NA,7.226679118264997e-07,20260728T161747Z_5c2aad2f_p0-anchor,16512,NA,0,818,1,361ff71bcc241b448e49ff6d212d06a13a986e2fad861b0aa0b67e40e7a21d68,/home/wxt/spatz/hw/system/spatz_cluster/bin/spatz_cluster.vlt,SMALL,29,1,NA,NA,NA,PASS,NA,PASS,4,ff78879508c2a070a70ab088d5b9c1c1ba07e58713a5918d5027c3929e0b5e47,pass,378,131072,0,NA,NA,NA,2026-07-28T16:27:00+00:00,N1_D1_S1_main/memory/A2_SMU_FULL/trial-1/instruction_trace_audit.json,981,159,225,NA,NA,6,NA,1,0,Verilator 5.034 2025-02-24 rev v5.034,4f53cda18c2baa0c0354bb5f9a3ecbe5ed12ab4d8e11ba873c2f11161202b945,1,1,13,1,5,9
1,1,256,NA,9c7dd91920bb285436f1a2b3bab577cf1d75b25a0d5e02c5f9cf7af5c6628c59,2,0.6666666666666666,256,56,main,main,120fa0c30199e54e6e9b5c60d8da40913eae8526640992cc5d4f130bef159775,3,hw/system/spatz_cluster/cfg/spatz_cluster.default.dram.hjson,1309,YES,clang version 14.0.6 (git@github.com:pulp-platform/llvm-project.git b494f2d8dde88723026db8ec16ac6c7ee1e140ca) | Target: riscv32-unknown-unknown-elf | Thread model: posix,99e64e42880bd1e668c88014216e88f6da9302e1e42041975fb8e1d3dce41f01,/home/wxt/work-online-merge-supplement/install/llvm/bin/clang -DONLINE_MERGE_COUNTER_PROFILE=0 -DONLINE_MERGE_IMPLEMENTATION_SELECT=3 -DONLINE_MERGE_STACK_LOG2=13 -DONLINE_MERGE_TRACE_PROXY=0 -I/home/wxt/work-online-merge-supplement/sw/spatzBenchmarks/include -I/home/wxt/work-online-merge-supplement/sw/snRuntime/include -I/home/wxt/work-online-merge-supplement/sw/snRuntime/vendor -I/home/wxt/work-online-merge-supplement/sw/snRuntime/../toolchain/riscv-opcodes -I/home/wxt/work-online-merge-20260728T161747Z_5c2aad2f_p0-anchor/build/spatzBenchmarks/online_merge_generated/N1_D1_S1_main_R1 -I/home/wxt/work-online-merge-supplement/sw/spatzBenchmarks/online-softmax-merge  --gcc-toolchain=/home/wxt/work-online-merge-supplement/install/riscv-gcc --gcc-toolchain=/home/wxt/work-online-merge-supplement/install/riscv-gcc -mcpu=snitch -mcmodel=small -ffast-math -fno-builtin-printf -fno-common -falign-loops=16 -ffunction-sections -Wextra -static -mllvm -misched-topdown -menable-experimental-extensions -mno-relax -march=rv32imafdvzfh_xdma_xfquarter -mabi=ilp32d -O3 -g -o CMakeFiles/test-spatzBenchmarks-online-softmax-merge-a2.dir/online-softmax-merge/main.c.o -c /home/wxt/work-online-merge-supplement/sw/spatzBenchmarks/online-softmax-merge/main.c,A2_SMU_FULL,A2,memory,818,YES,0,NA,NO_EXPLICIT_TRANSFER_PHASE,PASS,NA,56,PASS,5c2aad2f0af79dee95f8456bccddebcb8084d4b1,False,B3,0,9d2d7b5a01325e3a0b252f9c9ba34371b2a01c2103351f1c6d5bae30afa62286,main,DASM_MARKER_ENVELOPE,B3,1338,3.152311533271239e-07,1,1,1338.0,1.2516975402832031e-06,100000,1.2516975402832031e-06,4.172325134277344e-07,16768,0,0,0,1,1,1.0,YES,NA,1338.0,0,N1_D1_S1_main/memory/A2_SMU_FULL/trial-2/simulator.log,0,YES,NA,NA,7.226679118264997e-07,20260728T161747Z_5c2aad2f_p0-anchor,16512,NA,0,818,1,361ff71bcc241b448e49ff6d212d06a13a986e2fad861b0aa0b67e40e7a21d68,/home/wxt/spatz/hw/system/spatz_cluster/bin/spatz_cluster.vlt,SMALL,29,1,NA,NA,NA,PASS,NA,PASS,4,ff78879508c2a070a70ab088d5b9c1c1ba07e58713a5918d5027c3929e0b5e47,pass,378,131072,0,NA,NA,NA,2026-07-28T16:27:52+00:00,N1_D1_S1_main/memory/A2_SMU_FULL/trial-2/instruction_trace_audit.json,981,159,225,NA,NA,6,NA,2,0,Verilator 5.034 2025-02-24 rev v5.034,4f53cda18c2baa0c0354bb5f9a3ecbe5ed12ab4d8e11ba873c2f11161202b945,1,1,13,1,5,9
1,1,256,NA,3981fcf845c4279b9135e11f293276df67c52e8d0a24eaf782c3437b1ea1db52,2,0.6666666666666666,256,56,main,main,120fa0c30199e54e6e9b5c60d8da40913eae8526640992cc5d4f130bef159775,3,hw/system/spatz_cluster/cfg/spatz_cluster.default.dram.hjson,NA,YES,clang version 14.0.6 (git@github.com:pulp-platform/llvm-project.git b494f2d8dde88723026db8ec16ac6c7ee1e140ca) | Target: riscv32-unknown-unknown-elf | Thread model: posix,d57bb162a4ad6938ca7cb7b24ae253b93e770287658868703df1b61c0dc6b595,/home/wxt/work-online-merge-supplement/install/llvm/bin/clang -DONLINE_MERGE_COUNTER_PROFILE=1 -DONLINE_MERGE_IMPLEMENTATION_SELECT=1 -DONLINE_MERGE_STACK_LOG2=13 -DONLINE_MERGE_TRACE_PROXY=0 -I/home/wxt/work-online-merge-supplement/sw/spatzBenchmarks/include -I/home/wxt/work-online-merge-supplement/sw/snRuntime/include -I/home/wxt/work-online-merge-supplement/sw/snRuntime/vendor -I/home/wxt/work-online-merge-supplement/sw/snRuntime/../toolchain/riscv-opcodes -I/home/wxt/work-online-merge-20260728T161747Z_5c2aad2f_p0-anchor/build/spatzBenchmarks/online_merge_generated/N1_D1_S1_main_R1 -I/home/wxt/work-online-merge-supplement/sw/spatzBenchmarks/online-softmax-merge  --gcc-toolchain=/home/wxt/work-online-merge-supplement/install/riscv-gcc -mcpu=snitch -mcmodel=small -ffast-math -fno-builtin-printf -fno-common -falign-loops=16 -ffunction-sections -Wextra -static -mllvm -misched-topdown -menable-experimental-extensions -mno-relax -march=rv32imafdvzfh_xdma_xfquarter -mabi=ilp32d -O3 -g -o CMakeFiles/test-spatzBenchmarks-online-softmax-merge-b1.dir/online-softmax-merge/main.c.o -c /home/wxt/work-online-merge-supplement/sw/spatzBenchmarks/online-softmax-merge/main.c,B1_SCALAR,NA,instructions,1183,YES,0,NA,NO_EXPLICIT_TRANSFER_PHASE,PASS,NA,56,NA,5c2aad2f0af79dee95f8456bccddebcb8084d4b1,False,B1,0,9d2d7b5a01325e3a0b252f9c9ba34371b2a01c2103351f1c6d5bae30afa62286,main,DASM_MARKER_ENVELOPE,B1,2313,3.152311533271239e-07,1,1,2313.0,1.2516975402832031e-06,100000,1.2516975402832031e-06,4.172325134277344e-07,16768,0,0,0,1,1,1.0,NO,AUXILIARY_COUNTER_PROFILE,2313.0,0,N1_D1_S1_main/instructions/B1_SCALAR/trial-0/simulator.log,0,YES,41,1194,7.226679118264997e-07,20260728T161747Z_5c2aad2f_p0-anchor,16512,NA,0,1183,1,361ff71bcc241b448e49ff6d212d06a13a986e2fad861b0aa0b67e40e7a21d68,/home/wxt/spatz/hw/system/spatz_cluster/bin/spatz_cluster.vlt,SMALL,NA,0,NA,NA,NA,PASS,NA,PASS,4,1903007f5c9f155750c9f36fff37b9eab58491f6864db53fefbeadbf4118dcd7,pass,NA,131072,NA,NA,NA,NA,2026-07-28T16:28:45+00:00,N1_D1_S1_main/instructions/B1_SCALAR/trial-0/instruction_trace_audit.json,281,840,406,NA,822,6,NA,0,0,Verilator 5.034 2025-02-24 rev v5.034,4f53cda18c2baa0c0354bb5f9a3ecbe5ed12ab4d8e11ba873c2f11161202b945,,,,,,
1,1,256,NA,3981fcf845c4279b9135e11f293276df67c52e8d0a24eaf782c3437b1ea1db52,2,0.6666666666666666,256,56,main,main,120fa0c30199e54e6e9b5c60d8da40913eae8526640992cc5d4f130bef159775,3,hw/system/spatz_cluster/cfg/spatz_cluster.default.dram.hjson,NA,YES,clang version 14.0.6 (git@github.com:pulp-platform/llvm-project.git b494f2d8dde88723026db8ec16ac6c7ee1e140ca) | Target: riscv32-unknown-unknown-elf | Thread model: posix,d57bb162a4ad6938ca7cb7b24ae253b93e770287658868703df1b61c0dc6b595,/home/wxt/work-online-merge-supplement/install/llvm/bin/clang -DONLINE_MERGE_COUNTER_PROFILE=1 -DONLINE_MERGE_IMPLEMENTATION_SELECT=1 -DONLINE_MERGE_STACK_LOG2=13 -DONLINE_MERGE_TRACE_PROXY=0 -I/home/wxt/work-online-merge-supplement/sw/spatzBenchmarks/include -I/home/wxt/work-online-merge-supplement/sw/snRuntime/include -I/home/wxt/work-online-merge-supplement/sw/snRuntime/vendor -I/home/wxt/work-online-merge-supplement/sw/snRuntime/../toolchain/riscv-opcodes -I/home/wxt/work-online-merge-20260728T161747Z_5c2aad2f_p0-anchor/build/spatzBenchmarks/online_merge_generated/N1_D1_S1_main_R1 -I/home/wxt/work-online-merge-supplement/sw/spatzBenchmarks/online-softmax-merge  --gcc-toolchain=/home/wxt/work-online-merge-supplement/install/riscv-gcc -mcpu=snitch -mcmodel=small -ffast-math -fno-builtin-printf -fno-common -falign-loops=16 -ffunction-sections -Wextra -static -mllvm -misched-topdown -menable-experimental-extensions -mno-relax -march=rv32imafdvzfh_xdma_xfquarter -mabi=ilp32d -O3 -g -o CMakeFiles/test-spatzBenchmarks-online-softmax-merge-b1.dir/online-softmax-merge/main.c.o -c /home/wxt/work-online-merge-supplement/sw/spatzBenchmarks/online-softmax-merge/main.c,B1_SCALAR,NA,instructions,1183,YES,0,NA,NO_EXPLICIT_TRANSFER_PHASE,PASS,NA,56,NA,5c2aad2f0af79dee95f8456bccddebcb8084d4b1,False,B1,0,9d2d7b5a01325e3a0b252f9c9ba34371b2a01c2103351f1c6d5bae30afa62286,main,DASM_MARKER_ENVELOPE,B1,2313,3.152311533271239e-07,1,1,2313.0,1.2516975402832031e-06,100000,1.2516975402832031e-06,4.172325134277344e-07,16768,0,0,0,1,1,1.0,NO,AUXILIARY_COUNTER_PROFILE,2313.0,0,N1_D1_S1_main/instructions/B1_SCALAR/trial-1/simulator.log,0,YES,41,1194,7.226679118264997e-07,20260728T161747Z_5c2aad2f_p0-anchor,16512,NA,0,1183,1,361ff71bcc241b448e49ff6d212d06a13a986e2fad861b0aa0b67e40e7a21d68,/home/wxt/spatz/hw/system/spatz_cluster/bin/spatz_cluster.vlt,SMALL,NA,0,NA,NA,NA,PASS,NA,PASS,4,1903007f5c9f155750c9f36fff37b9eab58491f6864db53fefbeadbf4118dcd7,pass,NA,131072,NA,NA,NA,NA,2026-07-28T16:29:38+00:00,N1_D1_S1_main/instructions/B1_SCALAR/trial-1/instruction_trace_audit.json,281,840,406,NA,822,6,NA,1,0,Verilator 5.034 2025-02-24 rev v5.034,4f53cda18c2baa0c0354bb5f9a3ecbe5ed12ab4d8e11ba873c2f11161202b945,,,,,,
1,1,256,NA,3981fcf845c4279b9135e11f293276df67c52e8d0a24eaf782c3437b1ea1db52,2,0.6666666666666666,256,56,main,main,120fa0c30199e54e6e9b5c60d8da40913eae8526640992cc5d4f130bef159775,3,hw/system/spatz_cluster/cfg/spatz_cluster.default.dram.hjson,NA,YES,clang version 14.0.6 (git@github.com:pulp-platform/llvm-project.git b494f2d8dde88723026db8ec16ac6c7ee1e140ca) | Target: riscv32-unknown-unknown-elf | Thread model: posix,d57bb162a4ad6938ca7cb7b24ae253b93e770287658868703df1b61c0dc6b595,/home/wxt/work-online-merge-supplement/install/llvm/bin/clang -DONLINE_MERGE_COUNTER_PROFILE=1 -DONLINE_MERGE_IMPLEMENTATION_SELECT=1 -DONLINE_MERGE_STACK_LOG2=13 -DONLINE_MERGE_TRACE_PROXY=0 -I/home/wxt/work-online-merge-supplement/sw/spatzBenchmarks/include -I/home/wxt/work-online-merge-supplement/sw/snRuntime/include -I/home/wxt/work-online-merge-supplement/sw/snRuntime/vendor -I/home/wxt/work-online-merge-supplement/sw/snRuntime/../toolchain/riscv-opcodes -I/home/wxt/work-online-merge-20260728T161747Z_5c2aad2f_p0-anchor/build/spatzBenchmarks/online_merge_generated/N1_D1_S1_main_R1 -I/home/wxt/work-online-merge-supplement/sw/spatzBenchmarks/online-softmax-merge  --gcc-toolchain=/home/wxt/work-online-merge-supplement/install/riscv-gcc -mcpu=snitch -mcmodel=small -ffast-math -fno-builtin-printf -fno-common -falign-loops=16 -ffunction-sections -Wextra -static -mllvm -misched-topdown -menable-experimental-extensions -mno-relax -march=rv32imafdvzfh_xdma_xfquarter -mabi=ilp32d -O3 -g -o CMakeFiles/test-spatzBenchmarks-online-softmax-merge-b1.dir/online-softmax-merge/main.c.o -c /home/wxt/work-online-merge-supplement/sw/spatzBenchmarks/online-softmax-merge/main.c,B1_SCALAR,NA,instructions,1183,YES,0,NA,NO_EXPLICIT_TRANSFER_PHASE,PASS,NA,56,NA,5c2aad2f0af79dee95f8456bccddebcb8084d4b1,False,B1,0,9d2d7b5a01325e3a0b252f9c9ba34371b2a01c2103351f1c6d5bae30afa62286,main,DASM_MARKER_ENVELOPE,B1,2313,3.152311533271239e-07,1,1,2313.0,1.2516975402832031e-06,100000,1.2516975402832031e-06,4.172325134277344e-07,16768,0,0,0,1,1,1.0,NO,AUXILIARY_COUNTER_PROFILE,2313.0,0,N1_D1_S1_main/instructions/B1_SCALAR/trial-2/simulator.log,0,YES,41,1194,7.226679118264997e-07,20260728T161747Z_5c2aad2f_p0-anchor,16512,NA,0,1183,1,361ff71bcc241b448e49ff6d212d06a13a986e2fad861b0aa0b67e40e7a21d68,/home/wxt/spatz/hw/system/spatz_cluster/bin/spatz_cluster.vlt,SMALL,NA,0,NA,NA,NA,PASS,NA,PASS,4,1903007f5c9f155750c9f36fff37b9eab58491f6864db53fefbeadbf4118dcd7,pass,NA,131072,NA,NA,NA,NA,2026-07-28T16:30:33+00:00,N1_D1_S1_main/instructions/B1_SCALAR/trial-2/instruction_trace_audit.json,281,840,406,NA,822,6,NA,2,0,Verilator 5.034 2025-02-24 rev v5.034,4f53cda18c2baa0c0354bb5f9a3ecbe5ed12ab4d8e11ba873c2f11161202b945,,,,,,
1,1,256,NA,6ea8fd5afa0d76ef832815532fe133c0ec46288c75552ebc4f08b09d965ccc16,2,0.6666666666666666,256,56,main,main,120fa0c30199e54e6e9b5c60d8da40913eae8526640992cc5d4f130bef159775,3,hw/system/spatz_cluster/cfg/spatz_cluster.default.dram.hjson,NA,YES,clang version 14.0.6 (git@github.com:pulp-platform/llvm-project.git b494f2d8dde88723026db8ec16ac6c7ee1e140ca) | Target: riscv32-unknown-unknown-elf | Thread model: posix,d57bb162a4ad6938ca7cb7b24ae253b93e770287658868703df1b61c0dc6b595,/home/wxt/work-online-merge-supplement/install/llvm/bin/clang -DONLINE_MERGE_COUNTER_PROFILE=1 -DONLINE_MERGE_IMPLEMENTATION_SELECT=2 -DONLINE_MERGE_STACK_LOG2=13 -DONLINE_MERGE_TRACE_PROXY=0 -I/home/wxt/work-online-merge-supplement/sw/spatzBenchmarks/include -I/home/wxt/work-online-merge-supplement/sw/snRuntime/include -I/home/wxt/work-online-merge-supplement/sw/snRuntime/vendor -I/home/wxt/work-online-merge-supplement/sw/snRuntime/../toolchain/riscv-opcodes -I/home/wxt/work-online-merge-20260728T161747Z_5c2aad2f_p0-anchor/build/spatzBenchmarks/online_merge_generated/N1_D1_S1_main_R1 -I/home/wxt/work-online-merge-supplement/sw/spatzBenchmarks/online-softmax-merge  --gcc-toolchain=/home/wxt/work-online-merge-supplement/install/riscv-gcc -mcpu=snitch -mcmodel=small -ffast-math -fno-builtin-printf -fno-common -falign-loops=16 -ffunction-sections -Wextra -static -mllvm -misched-topdown -menable-experimental-extensions -mno-relax -march=rv32imafdvzfh_xdma_xfquarter -mabi=ilp32d -O3 -g -o CMakeFiles/test-spatzBenchmarks-online-softmax-merge-b2r.dir/online-softmax-merge/main.c.o -c /home/wxt/work-online-merge-supplement/sw/spatzBenchmarks/online-softmax-merge/main.c,B2R_RVV,A0,instructions,1035,YES,6,NA,NO_EXPLICIT_TRANSFER_PHASE,PASS,NA,56,NA,5c2aad2f0af79dee95f8456bccddebcb8084d4b1,False,B2-R,0,9d2d7b5a01325e3a0b252f9c9ba34371b2a01c2103351f1c6d5bae30afa62286,main,DASM_MARKER_ENVELOPE,B2-R,1855,3.152311533271239e-07,1,1,1855.0,1.2516975402832031e-06,100000,1.2516975402832031e-06,4.172325134277344e-07,16768,0,0,0,1,1,1.0,NO,AUXILIARY_COUNTER_PROFILE,1855.0,0,N1_D1_S1_main/instructions/B2R_RVV/trial-0/simulator.log,0,YES,30,1070,7.226679118264997e-07,20260728T161747Z_5c2aad2f_p0-anchor,16512,NA,0,1029,1,361ff71bcc241b448e49ff6d212d06a13a986e2fad861b0aa0b67e40e7a21d68,/home/wxt/spatz/hw/system/spatz_cluster/bin/spatz_cluster.vlt,SMALL,NA,0,NA,NA,NA,PASS,NA,PASS,4,a0b3563e81bfc751f648a8f39a68e5b4a76315598e6c30463e6238f5e5385a7b,pass,NA,131072,NA,NA,NA,NA,2026-07-28T16:31:26+00:00,N1_D1_S1_main/instructions/B2R_RVV/trial-0/instruction_trace_audit.json,226,653,367,6,648,6,NA,0,6,Verilator 5.034 2025-02-24 rev v5.034,4f53cda18c2baa0c0354bb5f9a3ecbe5ed12ab4d8e11ba873c2f11161202b945,,,,,,
1,1,256,NA,6ea8fd5afa0d76ef832815532fe133c0ec46288c75552ebc4f08b09d965ccc16,2,0.6666666666666666,256,56,main,main,120fa0c30199e54e6e9b5c60d8da40913eae8526640992cc5d4f130bef159775,3,hw/system/spatz_cluster/cfg/spatz_cluster.default.dram.hjson,NA,YES,clang version 14.0.6 (git@github.com:pulp-platform/llvm-project.git b494f2d8dde88723026db8ec16ac6c7ee1e140ca) | Target: riscv32-unknown-unknown-elf | Thread model: posix,d57bb162a4ad6938ca7cb7b24ae253b93e770287658868703df1b61c0dc6b595,/home/wxt/work-online-merge-supplement/install/llvm/bin/clang -DONLINE_MERGE_COUNTER_PROFILE=1 -DONLINE_MERGE_IMPLEMENTATION_SELECT=2 -DONLINE_MERGE_STACK_LOG2=13 -DONLINE_MERGE_TRACE_PROXY=0 -I/home/wxt/work-online-merge-supplement/sw/spatzBenchmarks/include -I/home/wxt/work-online-merge-supplement/sw/snRuntime/include -I/home/wxt/work-online-merge-supplement/sw/snRuntime/vendor -I/home/wxt/work-online-merge-supplement/sw/snRuntime/../toolchain/riscv-opcodes -I/home/wxt/work-online-merge-20260728T161747Z_5c2aad2f_p0-anchor/build/spatzBenchmarks/online_merge_generated/N1_D1_S1_main_R1 -I/home/wxt/work-online-merge-supplement/sw/spatzBenchmarks/online-softmax-merge  --gcc-toolchain=/home/wxt/work-online-merge-supplement/install/riscv-gcc -mcpu=snitch -mcmodel=small -ffast-math -fno-builtin-printf -fno-common -falign-loops=16 -ffunction-sections -Wextra -static -mllvm -misched-topdown -menable-experimental-extensions -mno-relax -march=rv32imafdvzfh_xdma_xfquarter -mabi=ilp32d -O3 -g -o CMakeFiles/test-spatzBenchmarks-online-softmax-merge-b2r.dir/online-softmax-merge/main.c.o -c /home/wxt/work-online-merge-supplement/sw/spatzBenchmarks/online-softmax-merge/main.c,B2R_RVV,A0,instructions,1035,YES,6,NA,NO_EXPLICIT_TRANSFER_PHASE,PASS,NA,56,NA,5c2aad2f0af79dee95f8456bccddebcb8084d4b1,False,B2-R,0,9d2d7b5a01325e3a0b252f9c9ba34371b2a01c2103351f1c6d5bae30afa62286,main,DASM_MARKER_ENVELOPE,B2-R,1855,3.152311533271239e-07,1,1,1855.0,1.2516975402832031e-06,100000,1.2516975402832031e-06,4.172325134277344e-07,16768,0,0,0,1,1,1.0,NO,AUXILIARY_COUNTER_PROFILE,1855.0,0,N1_D1_S1_main/instructions/B2R_RVV/trial-1/simulator.log,0,YES,30,1070,7.226679118264997e-07,20260728T161747Z_5c2aad2f_p0-anchor,16512,NA,0,1029,1,361ff71bcc241b448e49ff6d212d06a13a986e2fad861b0aa0b67e40e7a21d68,/home/wxt/spatz/hw/system/spatz_cluster/bin/spatz_cluster.vlt,SMALL,NA,0,NA,NA,NA,PASS,NA,PASS,4,a0b3563e81bfc751f648a8f39a68e5b4a76315598e6c30463e6238f5e5385a7b,pass,NA,131072,NA,NA,NA,NA,2026-07-28T16:32:20+00:00,N1_D1_S1_main/instructions/B2R_RVV/trial-1/instruction_trace_audit.json,226,653,367,6,648,6,NA,1,6,Verilator 5.034 2025-02-24 rev v5.034,4f53cda18c2baa0c0354bb5f9a3ecbe5ed12ab4d8e11ba873c2f11161202b945,,,,,,
1,1,256,NA,6ea8fd5afa0d76ef832815532fe133c0ec46288c75552ebc4f08b09d965ccc16,2,0.6666666666666666,256,56,main,main,120fa0c30199e54e6e9b5c60d8da40913eae8526640992cc5d4f130bef159775,3,hw/system/spatz_cluster/cfg/spatz_cluster.default.dram.hjson,NA,YES,clang version 14.0.6 (git@github.com:pulp-platform/llvm-project.git b494f2d8dde88723026db8ec16ac6c7ee1e140ca) | Target: riscv32-unknown-unknown-elf | Thread model: posix,d57bb162a4ad6938ca7cb7b24ae253b93e770287658868703df1b61c0dc6b595,/home/wxt/work-online-merge-supplement/install/llvm/bin/clang -DONLINE_MERGE_COUNTER_PROFILE=1 -DONLINE_MERGE_IMPLEMENTATION_SELECT=2 -DONLINE_MERGE_STACK_LOG2=13 -DONLINE_MERGE_TRACE_PROXY=0 -I/home/wxt/work-online-merge-supplement/sw/spatzBenchmarks/include -I/home/wxt/work-online-merge-supplement/sw/snRuntime/include -I/home/wxt/work-online-merge-supplement/sw/snRuntime/vendor -I/home/wxt/work-online-merge-supplement/sw/snRuntime/../toolchain/riscv-opcodes -I/home/wxt/work-online-merge-20260728T161747Z_5c2aad2f_p0-anchor/build/spatzBenchmarks/online_merge_generated/N1_D1_S1_main_R1 -I/home/wxt/work-online-merge-supplement/sw/spatzBenchmarks/online-softmax-merge  --gcc-toolchain=/home/wxt/work-online-merge-supplement/install/riscv-gcc -mcpu=snitch -mcmodel=small -ffast-math -fno-builtin-printf -fno-common -falign-loops=16 -ffunction-sections -Wextra -static -mllvm -misched-topdown -menable-experimental-extensions -mno-relax -march=rv32imafdvzfh_xdma_xfquarter -mabi=ilp32d -O3 -g -o CMakeFiles/test-spatzBenchmarks-online-softmax-merge-b2r.dir/online-softmax-merge/main.c.o -c /home/wxt/work-online-merge-supplement/sw/spatzBenchmarks/online-softmax-merge/main.c,B2R_RVV,A0,instructions,1035,YES,6,NA,NO_EXPLICIT_TRANSFER_PHASE,PASS,NA,56,NA,5c2aad2f0af79dee95f8456bccddebcb8084d4b1,False,B2-R,0,9d2d7b5a01325e3a0b252f9c9ba34371b2a01c2103351f1c6d5bae30afa62286,main,DASM_MARKER_ENVELOPE,B2-R,1855,3.152311533271239e-07,1,1,1855.0,1.2516975402832031e-06,100000,1.2516975402832031e-06,4.172325134277344e-07,16768,0,0,0,1,1,1.0,NO,AUXILIARY_COUNTER_PROFILE,1855.0,0,N1_D1_S1_main/instructions/B2R_RVV/trial-2/simulator.log,0,YES,30,1070,7.226679118264997e-07,20260728T161747Z_5c2aad2f_p0-anchor,16512,NA,0,1029,1,361ff71bcc241b448e49ff6d212d06a13a986e2fad861b0aa0b67e40e7a21d68,/home/wxt/spatz/hw/system/spatz_cluster/bin/spatz_cluster.vlt,SMALL,NA,0,NA,NA,NA,PASS,NA,PASS,4,a0b3563e81bfc751f648a8f39a68e5b4a76315598e6c30463e6238f5e5385a7b,pass,NA,131072,NA,NA,NA,NA,2026-07-28T16:33:13+00:00,N1_D1_S1_main/instructions/B2R_RVV/trial-2/instruction_trace_audit.json,226,653,367,6,648,6,NA,2,6,Verilator 5.034 2025-02-24 rev v5.034,4f53cda18c2baa0c0354bb5f9a3ecbe5ed12ab4d8e11ba873c2f11161202b945,,,,,,
1,1,256,NA,732e39cb9bb400891f80ebcf488536d8a2bef885b286aad3d401713911dd192f,2,0.6666666666666666,256,56,main,main,120fa0c30199e54e6e9b5c60d8da40913eae8526640992cc5d4f130bef159775,3,hw/system/spatz_cluster/cfg/spatz_cluster.default.dram.hjson,1467,YES,clang version 14.0.6 (git@github.com:pulp-platform/llvm-project.git b494f2d8dde88723026db8ec16ac6c7ee1e140ca) | Target: riscv32-unknown-unknown-elf | Thread model: posix,d57bb162a4ad6938ca7cb7b24ae253b93e770287658868703df1b61c0dc6b595,/home/wxt/work-online-merge-supplement/install/llvm/bin/clang -DONLINE_MERGE_COUNTER_PROFILE=1 -DONLINE_MERGE_IMPLEMENTATION_SELECT=4 -DONLINE_MERGE_STACK_LOG2=13 -DONLINE_MERGE_TRACE_PROXY=0 -I/home/wxt/work-online-merge-supplement/sw/spatzBenchmarks/include -I/home/wxt/work-online-merge-supplement/sw/snRuntime/include -I/home/wxt/work-online-merge-supplement/sw/snRuntime/vendor -I/home/wxt/work-online-merge-supplement/sw/snRuntime/../toolchain/riscv-opcodes -I/home/wxt/work-online-merge-20260728T161747Z_5c2aad2f_p0-anchor/build/spatzBenchmarks/online_merge_generated/N1_D1_S1_main_R1 -I/home/wxt/work-online-merge-supplement/sw/spatzBenchmarks/online-softmax-merge  --gcc-toolchain=/home/wxt/work-online-merge-supplement/install/riscv-gcc -mcpu=snitch -mcmodel=small -ffast-math -fno-builtin-printf -fno-common -falign-loops=16 -ffunction-sections -Wextra -static -mllvm -misched-topdown -menable-experimental-extensions -mno-relax -march=rv32imafdvzfh_xdma_xfquarter -mabi=ilp32d -O3 -g -o CMakeFiles/test-spatzBenchmarks-online-softmax-merge-a1.dir/online-softmax-merge/main.c.o -c /home/wxt/work-online-merge-supplement/sw/spatzBenchmarks/online-softmax-merge/main.c,A1_SMU_SCALAR,NA,instructions,885,YES,6,NA,NO_EXPLICIT_TRANSFER_PHASE,PASS,NA,56,PASS,5c2aad2f0af79dee95f8456bccddebcb8084d4b1,False,A1,0,9d2d7b5a01325e3a0b252f9c9ba34371b2a01c2103351f1c6d5bae30afa62286,main,DASM_MARKER_ENVELOPE,A1,1491,3.152311533271239e-07,1,1,1491.0,1.2516975402832031e-06,100000,1.2516975402832031e-06,4.172325134277344e-07,16768,0,0,0,1,1,1.0,NO,AUXILIARY_COUNTER_PROFILE,1491.0,0,N1_D1_S1_main/instructions/A1_SMU_SCALAR/trial-0/simulator.log,0,YES,2,769,7.226679118264997e-07,20260728T161747Z_5c2aad2f_p0-anchor,16512,139,0,879,1,361ff71bcc241b448e49ff6d212d06a13a986e2fad861b0aa0b67e40e7a21d68,/home/wxt/spatz/hw/system/spatz_cluster/bin/spatz_cluster.vlt,SMALL,24,1,1352,NA,NA,PASS,NA,PASS,4,2b81af59c659552552d142ca834636efa5764bd18180fcac83b555271420a311,pass,NA,131072,NA,NA,NA,NA,2026-07-28T16:34:07+00:00,N1_D1_S1_main/instructions/A1_SMU_SCALAR/trial-0/instruction_trace_audit.json,1007,221,268,6,NA,9,NA,0,6,Verilator 5.034 2025-02-24 rev v5.034,4f53cda18c2baa0c0354bb5f9a3ecbe5ed12ab4d8e11ba873c2f11161202b945,1,1,13,1,9,0
1,1,256,NA,732e39cb9bb400891f80ebcf488536d8a2bef885b286aad3d401713911dd192f,2,0.6666666666666666,256,56,main,main,120fa0c30199e54e6e9b5c60d8da40913eae8526640992cc5d4f130bef159775,3,hw/system/spatz_cluster/cfg/spatz_cluster.default.dram.hjson,1467,YES,clang version 14.0.6 (git@github.com:pulp-platform/llvm-project.git b494f2d8dde88723026db8ec16ac6c7ee1e140ca) | Target: riscv32-unknown-unknown-elf | Thread model: posix,d57bb162a4ad6938ca7cb7b24ae253b93e770287658868703df1b61c0dc6b595,/home/wxt/work-online-merge-supplement/install/llvm/bin/clang -DONLINE_MERGE_COUNTER_PROFILE=1 -DONLINE_MERGE_IMPLEMENTATION_SELECT=4 -DONLINE_MERGE_STACK_LOG2=13 -DONLINE_MERGE_TRACE_PROXY=0 -I/home/wxt/work-online-merge-supplement/sw/spatzBenchmarks/include -I/home/wxt/work-online-merge-supplement/sw/snRuntime/include -I/home/wxt/work-online-merge-supplement/sw/snRuntime/vendor -I/home/wxt/work-online-merge-supplement/sw/snRuntime/../toolchain/riscv-opcodes -I/home/wxt/work-online-merge-20260728T161747Z_5c2aad2f_p0-anchor/build/spatzBenchmarks/online_merge_generated/N1_D1_S1_main_R1 -I/home/wxt/work-online-merge-supplement/sw/spatzBenchmarks/online-softmax-merge  --gcc-toolchain=/home/wxt/work-online-merge-supplement/install/riscv-gcc -mcpu=snitch -mcmodel=small -ffast-math -fno-builtin-printf -fno-common -falign-loops=16 -ffunction-sections -Wextra -static -mllvm -misched-topdown -menable-experimental-extensions -mno-relax -march=rv32imafdvzfh_xdma_xfquarter -mabi=ilp32d -O3 -g -o CMakeFiles/test-spatzBenchmarks-online-softmax-merge-a1.dir/online-softmax-merge/main.c.o -c /home/wxt/work-online-merge-supplement/sw/spatzBenchmarks/online-softmax-merge/main.c,A1_SMU_SCALAR,NA,instructions,885,YES,6,NA,NO_EXPLICIT_TRANSFER_PHASE,PASS,NA,56,PASS,5c2aad2f0af79dee95f8456bccddebcb8084d4b1,False,A1,0,9d2d7b5a01325e3a0b252f9c9ba34371b2a01c2103351f1c6d5bae30afa62286,main,DASM_MARKER_ENVELOPE,A1,1491,3.152311533271239e-07,1,1,1491.0,1.2516975402832031e-06,100000,1.2516975402832031e-06,4.172325134277344e-07,16768,0,0,0,1,1,1.0,NO,AUXILIARY_COUNTER_PROFILE,1491.0,0,N1_D1_S1_main/instructions/A1_SMU_SCALAR/trial-1/simulator.log,0,YES,2,769,7.226679118264997e-07,20260728T161747Z_5c2aad2f_p0-anchor,16512,139,0,879,1,361ff71bcc241b448e49ff6d212d06a13a986e2fad861b0aa0b67e40e7a21d68,/home/wxt/spatz/hw/system/spatz_cluster/bin/spatz_cluster.vlt,SMALL,24,1,1352,NA,NA,PASS,NA,PASS,4,2b81af59c659552552d142ca834636efa5764bd18180fcac83b555271420a311,pass,NA,131072,NA,NA,NA,NA,2026-07-28T16:34:59+00:00,N1_D1_S1_main/instructions/A1_SMU_SCALAR/trial-1/instruction_trace_audit.json,1007,221,268,6,NA,9,NA,1,6,Verilator 5.034 2025-02-24 rev v5.034,4f53cda18c2baa0c0354bb5f9a3ecbe5ed12ab4d8e11ba873c2f11161202b945,1,1,13,1,9,0
1,1,256,NA,732e39cb9bb400891f80ebcf488536d8a2bef885b286aad3d401713911dd192f,2,0.6666666666666666,256,56,main,main,120fa0c30199e54e6e9b5c60d8da40913eae8526640992cc5d4f130bef159775,3,hw/system/spatz_cluster/cfg/spatz_cluster.default.dram.hjson,1467,YES,clang version 14.0.6 (git@github.com:pulp-platform/llvm-project.git b494f2d8dde88723026db8ec16ac6c7ee1e140ca) | Target: riscv32-unknown-unknown-elf | Thread model: posix,d57bb162a4ad6938ca7cb7b24ae253b93e770287658868703df1b61c0dc6b595,/home/wxt/work-online-merge-supplement/install/llvm/bin/clang -DONLINE_MERGE_COUNTER_PROFILE=1 -DONLINE_MERGE_IMPLEMENTATION_SELECT=4 -DONLINE_MERGE_STACK_LOG2=13 -DONLINE_MERGE_TRACE_PROXY=0 -I/home/wxt/work-online-merge-supplement/sw/spatzBenchmarks/include -I/home/wxt/work-online-merge-supplement/sw/snRuntime/include -I/home/wxt/work-online-merge-supplement/sw/snRuntime/vendor -I/home/wxt/work-online-merge-supplement/sw/snRuntime/../toolchain/riscv-opcodes -I/home/wxt/work-online-merge-20260728T161747Z_5c2aad2f_p0-anchor/build/spatzBenchmarks/online_merge_generated/N1_D1_S1_main_R1 -I/home/wxt/work-online-merge-supplement/sw/spatzBenchmarks/online-softmax-merge  --gcc-toolchain=/home/wxt/work-online-merge-supplement/install/riscv-gcc -mcpu=snitch -mcmodel=small -ffast-math -fno-builtin-printf -fno-common -falign-loops=16 -ffunction-sections -Wextra -static -mllvm -misched-topdown -menable-experimental-extensions -mno-relax -march=rv32imafdvzfh_xdma_xfquarter -mabi=ilp32d -O3 -g -o CMakeFiles/test-spatzBenchmarks-online-softmax-merge-a1.dir/online-softmax-merge/main.c.o -c /home/wxt/work-online-merge-supplement/sw/spatzBenchmarks/online-softmax-merge/main.c,A1_SMU_SCALAR,NA,instructions,885,YES,6,NA,NO_EXPLICIT_TRANSFER_PHASE,PASS,NA,56,PASS,5c2aad2f0af79dee95f8456bccddebcb8084d4b1,False,A1,0,9d2d7b5a01325e3a0b252f9c9ba34371b2a01c2103351f1c6d5bae30afa62286,main,DASM_MARKER_ENVELOPE,A1,1491,3.152311533271239e-07,1,1,1491.0,1.2516975402832031e-06,100000,1.2516975402832031e-06,4.172325134277344e-07,16768,0,0,0,1,1,1.0,NO,AUXILIARY_COUNTER_PROFILE,1491.0,0,N1_D1_S1_main/instructions/A1_SMU_SCALAR/trial-2/simulator.log,0,YES,2,769,7.226679118264997e-07,20260728T161747Z_5c2aad2f_p0-anchor,16512,139,0,879,1,361ff71bcc241b448e49ff6d212d06a13a986e2fad861b0aa0b67e40e7a21d68,/home/wxt/spatz/hw/system/spatz_cluster/bin/spatz_cluster.vlt,SMALL,24,1,1352,NA,NA,PASS,NA,PASS,4,2b81af59c659552552d142ca834636efa5764bd18180fcac83b555271420a311,pass,NA,131072,NA,NA,NA,NA,2026-07-28T16:35:52+00:00,N1_D1_S1_main/instructions/A1_SMU_SCALAR/trial-2/instruction_trace_audit.json,1007,221,268,6,NA,9,NA,2,6,Verilator 5.034 2025-02-24 rev v5.034,4f53cda18c2baa0c0354bb5f9a3ecbe5ed12ab4d8e11ba873c2f11161202b945,1,1,13,1,9,0
1,1,256,NA,a2d2092a07880a7ccf447980def8b50197143520ffcb08a7da73a91135e455e8,2,0.6666666666666666,256,56,main,main,120fa0c30199e54e6e9b5c60d8da40913eae8526640992cc5d4f130bef159775,3,hw/system/spatz_cluster/cfg/spatz_cluster.default.dram.hjson,1300,YES,clang version 14.0.6 (git@github.com:pulp-platform/llvm-project.git b494f2d8dde88723026db8ec16ac6c7ee1e140ca) | Target: riscv32-unknown-unknown-elf | Thread model: posix,d57bb162a4ad6938ca7cb7b24ae253b93e770287658868703df1b61c0dc6b595,/home/wxt/work-online-merge-supplement/install/llvm/bin/clang -DONLINE_MERGE_COUNTER_PROFILE=1 -DONLINE_MERGE_IMPLEMENTATION_SELECT=3 -DONLINE_MERGE_STACK_LOG2=13 -DONLINE_MERGE_TRACE_PROXY=0 -I/home/wxt/work-online-merge-supplement/sw/spatzBenchmarks/include -I/home/wxt/work-online-merge-supplement/sw/snRuntime/include -I/home/wxt/work-online-merge-supplement/sw/snRuntime/vendor -I/home/wxt/work-online-merge-supplement/sw/snRuntime/../toolchain/riscv-opcodes -I/home/wxt/work-online-merge-20260728T161747Z_5c2aad2f_p0-anchor/build/spatzBenchmarks/online_merge_generated/N1_D1_S1_main_R1 -I/home/wxt/work-online-merge-supplement/sw/spatzBenchmarks/online-softmax-merge  --gcc-toolchain=/home/wxt/work-online-merge-supplement/install/riscv-gcc -mcpu=snitch -mcmodel=small -ffast-math -fno-builtin-printf -fno-common -falign-loops=16 -ffunction-sections -Wextra -static -mllvm -misched-topdown -menable-experimental-extensions -mno-relax -march=rv32imafdvzfh_xdma_xfquarter -mabi=ilp32d -O3 -g -o CMakeFiles/test-spatzBenchmarks-online-softmax-merge-a2.dir/online-softmax-merge/main.c.o -c /home/wxt/work-online-merge-supplement/sw/spatzBenchmarks/online-softmax-merge/main.c,A2_SMU_FULL,A2,instructions,818,YES,0,NA,NO_EXPLICIT_TRANSFER_PHASE,PASS,NA,56,PASS,5c2aad2f0af79dee95f8456bccddebcb8084d4b1,False,B3,0,9d2d7b5a01325e3a0b252f9c9ba34371b2a01c2103351f1c6d5bae30afa62286,main,DASM_MARKER_ENVELOPE,B3,1329,3.152311533271239e-07,1,1,1329.0,1.2516975402832031e-06,100000,1.2516975402832031e-06,4.172325134277344e-07,16768,0,0,0,1,1,1.0,NO,AUXILIARY_COUNTER_PROFILE,1329.0,0,N1_D1_S1_main/instructions/A2_SMU_FULL/trial-0/simulator.log,0,YES,0,693,7.226679118264997e-07,20260728T161747Z_5c2aad2f_p0-anchor,16512,NA,0,818,1,361ff71bcc241b448e49ff6d212d06a13a986e2fad861b0aa0b67e40e7a21d68,/home/wxt/spatz/hw/system/spatz_cluster/bin/spatz_cluster.vlt,SMALL,29,1,NA,NA,NA,PASS,NA,PASS,4,ccc67080c6747375c843c9849687e2cab2456a6400ec0ddf51c157d2f834b807,pass,NA,131072,NA,NA,NA,NA,2026-07-28T16:36:44+00:00,N1_D1_S1_main/instructions/A2_SMU_FULL/trial-0/instruction_trace_audit.json,982,154,218,NA,NA,6,NA,0,0,Verilator 5.034 2025-02-24 rev v5.034,4f53cda18c2baa0c0354bb5f9a3ecbe5ed12ab4d8e11ba873c2f11161202b945,1,1,13,1,5,9
1,1,256,NA,a2d2092a07880a7ccf447980def8b50197143520ffcb08a7da73a91135e455e8,2,0.6666666666666666,256,56,main,main,120fa0c30199e54e6e9b5c60d8da40913eae8526640992cc5d4f130bef159775,3,hw/system/spatz_cluster/cfg/spatz_cluster.default.dram.hjson,1300,YES,clang version 14.0.6 (git@github.com:pulp-platform/llvm-project.git b494f2d8dde88723026db8ec16ac6c7ee1e140ca) | Target: riscv32-unknown-unknown-elf | Thread model: posix,d57bb162a4ad6938ca7cb7b24ae253b93e770287658868703df1b61c0dc6b595,/home/wxt/work-online-merge-supplement/install/llvm/bin/clang -DONLINE_MERGE_COUNTER_PROFILE=1 -DONLINE_MERGE_IMPLEMENTATION_SELECT=3 -DONLINE_MERGE_STACK_LOG2=13 -DONLINE_MERGE_TRACE_PROXY=0 -I/home/wxt/work-online-merge-supplement/sw/spatzBenchmarks/include -I/home/wxt/work-online-merge-supplement/sw/snRuntime/include -I/home/wxt/work-online-merge-supplement/sw/snRuntime/vendor -I/home/wxt/work-online-merge-supplement/sw/snRuntime/../toolchain/riscv-opcodes -I/home/wxt/work-online-merge-20260728T161747Z_5c2aad2f_p0-anchor/build/spatzBenchmarks/online_merge_generated/N1_D1_S1_main_R1 -I/home/wxt/work-online-merge-supplement/sw/spatzBenchmarks/online-softmax-merge  --gcc-toolchain=/home/wxt/work-online-merge-supplement/install/riscv-gcc -mcpu=snitch -mcmodel=small -ffast-math -fno-builtin-printf -fno-common -falign-loops=16 -ffunction-sections -Wextra -static -mllvm -misched-topdown -menable-experimental-extensions -mno-relax -march=rv32imafdvzfh_xdma_xfquarter -mabi=ilp32d -O3 -g -o CMakeFiles/test-spatzBenchmarks-online-softmax-merge-a2.dir/online-softmax-merge/main.c.o -c /home/wxt/work-online-merge-supplement/sw/spatzBenchmarks/online-softmax-merge/main.c,A2_SMU_FULL,A2,instructions,818,YES,0,NA,NO_EXPLICIT_TRANSFER_PHASE,PASS,NA,56,PASS,5c2aad2f0af79dee95f8456bccddebcb8084d4b1,False,B3,0,9d2d7b5a01325e3a0b252f9c9ba34371b2a01c2103351f1c6d5bae30afa62286,main,DASM_MARKER_ENVELOPE,B3,1329,3.152311533271239e-07,1,1,1329.0,1.2516975402832031e-06,100000,1.2516975402832031e-06,4.172325134277344e-07,16768,0,0,0,1,1,1.0,NO,AUXILIARY_COUNTER_PROFILE,1329.0,0,N1_D1_S1_main/instructions/A2_SMU_FULL/trial-1/simulator.log,0,YES,0,693,7.226679118264997e-07,20260728T161747Z_5c2aad2f_p0-anchor,16512,NA,0,818,1,361ff71bcc241b448e49ff6d212d06a13a986e2fad861b0aa0b67e40e7a21d68,/home/wxt/spatz/hw/system/spatz_cluster/bin/spatz_cluster.vlt,SMALL,29,1,NA,NA,NA,PASS,NA,PASS,4,ccc67080c6747375c843c9849687e2cab2456a6400ec0ddf51c157d2f834b807,pass,NA,131072,NA,NA,NA,NA,2026-07-28T16:37:35+00:00,N1_D1_S1_main/instructions/A2_SMU_FULL/trial-1/instruction_trace_audit.json,982,154,218,NA,NA,6,NA,1,0,Verilator 5.034 2025-02-24 rev v5.034,4f53cda18c2baa0c0354bb5f9a3ecbe5ed12ab4d8e11ba873c2f11161202b945,1,1,13,1,5,9
1,1,256,NA,a2d2092a07880a7ccf447980def8b50197143520ffcb08a7da73a91135e455e8,2,0.6666666666666666,256,56,main,main,120fa0c30199e54e6e9b5c60d8da40913eae8526640992cc5d4f130bef159775,3,hw/system/spatz_cluster/cfg/spatz_cluster.default.dram.hjson,1300,YES,clang version 14.0.6 (git@github.com:pulp-platform/llvm-project.git b494f2d8dde88723026db8ec16ac6c7ee1e140ca) | Target: riscv32-unknown-unknown-elf | Thread model: posix,d57bb162a4ad6938ca7cb7b24ae253b93e770287658868703df1b61c0dc6b595,/home/wxt/work-online-merge-supplement/install/llvm/bin/clang -DONLINE_MERGE_COUNTER_PROFILE=1 -DONLINE_MERGE_IMPLEMENTATION_SELECT=3 -DONLINE_MERGE_STACK_LOG2=13 -DONLINE_MERGE_TRACE_PROXY=0 -I/home/wxt/work-online-merge-supplement/sw/spatzBenchmarks/include -I/home/wxt/work-online-merge-supplement/sw/snRuntime/include -I/home/wxt/work-online-merge-supplement/sw/snRuntime/vendor -I/home/wxt/work-online-merge-supplement/sw/snRuntime/../toolchain/riscv-opcodes -I/home/wxt/work-online-merge-20260728T161747Z_5c2aad2f_p0-anchor/build/spatzBenchmarks/online_merge_generated/N1_D1_S1_main_R1 -I/home/wxt/work-online-merge-supplement/sw/spatzBenchmarks/online-softmax-merge  --gcc-toolchain=/home/wxt/work-online-merge-supplement/install/riscv-gcc -mcpu=snitch -mcmodel=small -ffast-math -fno-builtin-printf -fno-common -falign-loops=16 -ffunction-sections -Wextra -static -mllvm -misched-topdown -menable-experimental-extensions -mno-relax -march=rv32imafdvzfh_xdma_xfquarter -mabi=ilp32d -O3 -g -o CMakeFiles/test-spatzBenchmarks-online-softmax-merge-a2.dir/online-softmax-merge/main.c.o -c /home/wxt/work-online-merge-supplement/sw/spatzBenchmarks/online-softmax-merge/main.c,A2_SMU_FULL,A2,instructions,818,YES,0,NA,NO_EXPLICIT_TRANSFER_PHASE,PASS,NA,56,PASS,5c2aad2f0af79dee95f8456bccddebcb8084d4b1,False,B3,0,9d2d7b5a01325e3a0b252f9c9ba34371b2a01c2103351f1c6d5bae30afa62286,main,DASM_MARKER_ENVELOPE,B3,1329,3.152311533271239e-07,1,1,1329.0,1.2516975402832031e-06,100000,1.2516975402832031e-06,4.172325134277344e-07,16768,0,0,0,1,1,1.0,NO,AUXILIARY_COUNTER_PROFILE,1329.0,0,N1_D1_S1_main/instructions/A2_SMU_FULL/trial-2/simulator.log,0,YES,0,693,7.226679118264997e-07,20260728T161747Z_5c2aad2f_p0-anchor,16512,NA,0,818,1,361ff71bcc241b448e49ff6d212d06a13a986e2fad861b0aa0b67e40e7a21d68,/home/wxt/spatz/hw/system/spatz_cluster/bin/spatz_cluster.vlt,SMALL,29,1,NA,NA,NA,PASS,NA,PASS,4,ccc67080c6747375c843c9849687e2cab2456a6400ec0ddf51c157d2f834b807,pass,NA,131072,NA,NA,NA,NA,2026-07-28T16:38:27+00:00,N1_D1_S1_main/instructions/A2_SMU_FULL/trial-2/instruction_trace_audit.json,982,154,218,NA,NA,6,NA,2,0,Verilator 5.034 2025-02-24 rev v5.034,4f53cda18c2baa0c0354bb5f9a3ecbe5ed12ab4d8e11ba873c2f11161202b945,1,1,13,1,5,9
32,8,4608,NA,b8e3b78c0f1172f01d3ca8dda6ef851d4290402ee10fc4bc0e59f24d51f0e3df,11,0.04044117647058824,4608,4416,main,main,120fa0c30199e54e6e9b5c60d8da40913eae8526640992cc5d4f130bef159775,272,hw/system/spatz_cluster/cfg/spatz_cluster.default.dram.hjson,NA,YES,clang version 14.0.6 (git@github.com:pulp-platform/llvm-project.git b494f2d8dde88723026db8ec16ac6c7ee1e140ca) | Target: riscv32-unknown-unknown-elf | Thread model: posix,d759da2f4773662ae9845963176895745bf9a8cff9f34026ccb2f762fd01adbd,/home/wxt/work-online-merge-supplement/install/llvm/bin/clang -DONLINE_MERGE_COUNTER_PROFILE=0 -DONLINE_MERGE_IMPLEMENTATION_SELECT=1 -DONLINE_MERGE_STACK_LOG2=13 -DONLINE_MERGE_TRACE_PROXY=0 -I/home/wxt/work-online-merge-supplement/sw/spatzBenchmarks/include -I/home/wxt/work-online-merge-supplement/sw/snRuntime/include -I/home/wxt/work-online-merge-supplement/sw/snRuntime/vendor -I/home/wxt/work-online-merge-supplement/sw/snRuntime/../toolchain/riscv-opcodes -I/home/wxt/work-online-merge-20260728T161747Z_5c2aad2f_p0-anchor/build/spatzBenchmarks/online_merge_generated/N8_D32_S1_main_R1 -I/home/wxt/work-online-merge-supplement/sw/spatzBenchmarks/online-softmax-merge  --gcc-toolchain=/home/wxt/work-online-merge-supplement/install/riscv-gcc -mcpu=snitch -mcmodel=small -ffast-math -fno-builtin-printf -fno-common -falign-loops=16 -ffunction-sections -Wextra -static -mllvm -misched-topdown -menable-experimental-extensions -mno-relax -march=rv32imafdvzfh_xdma_xfquarter -mabi=ilp32d -O3 -g -o CMakeFiles/test-spatzBenchmarks-online-softmax-merge-b1.dir/online-softmax-merge/main.c.o -c /home/wxt/work-online-merge-supplement/sw/spatzBenchmarks/online-softmax-merge/main.c,B1_SCALAR,NA,memory,77430,YES,0,NA,NO_EXPLICIT_TRANSFER_PHASE,PASS,NA,4416,NA,5c2aad2f0af79dee95f8456bccddebcb8084d4b1,False,B1,0,a6729cab23284a7f45ea5d928850fbd01099cf12ada8eff06df8d75f5ac1cb70,main,DASM_MARKER_ENVELOPE,B1,96853,4.554134736789027e-05,32,8,378.33203125,0.0006031990051269531,10000000,0.00014736815617622854,1.3598973643692101e-05,21120,0,0,0,32,8,1.0,YES,NA,378.33203125,0,N8_D32_S1_main/memory/B1_SCALAR/trial-0/simulator.log,0,YES,NA,NA,4.292664279820275e-05,20260728T161747Z_5c2aad2f_p0-anchor,16512,NA,0,77430,1,361ff71bcc241b448e49ff6d212d06a13a986e2fad861b0aa0b67e40e7a21d68,/home/wxt/spatz/hw/system/spatz_cluster/bin/spatz_cluster.vlt,TYPICAL,NA,0,NA,NA,NA,PASS,NA,PASS,128,d24fcb3f6c0e6d8edd56b4008af12962f27a3324109f1cb619bf8fc9578a8d15,pass,1297,131072,0,NA,NA,NA,2026-07-28T16:39:20+00:00,N8_D32_S1_main/memory/B1_SCALAR/trial-0/instruction_trace_audit.json,3088,28853,29919,NA,35016,6,NA,0,0,Verilator 5.034 2025-02-24 rev v5.034,4f53cda18c2baa0c0354bb5f9a3ecbe5ed12ab4d8e11ba873c2f11161202b945,,,,,,
32,8,4608,NA,b8e3b78c0f1172f01d3ca8dda6ef851d4290402ee10fc4bc0e59f24d51f0e3df,11,0.04044117647058824,4608,4416,main,main,120fa0c30199e54e6e9b5c60d8da40913eae8526640992cc5d4f130bef159775,272,hw/system/spatz_cluster/cfg/spatz_cluster.default.dram.hjson,NA,YES,clang version 14.0.6 (git@github.com:pulp-platform/llvm-project.git b494f2d8dde88723026db8ec16ac6c7ee1e140ca) | Target: riscv32-unknown-unknown-elf | Thread model: posix,d759da2f4773662ae9845963176895745bf9a8cff9f34026ccb2f762fd01adbd,/home/wxt/work-online-merge-supplement/install/llvm/bin/clang -DONLINE_MERGE_COUNTER_PROFILE=0 -DONLINE_MERGE_IMPLEMENTATION_SELECT=1 -DONLINE_MERGE_STACK_LOG2=13 -DONLINE_MERGE_TRACE_PROXY=0 -I/home/wxt/work-online-merge-supplement/sw/spatzBenchmarks/include -I/home/wxt/work-online-merge-supplement/sw/snRuntime/include -I/home/wxt/work-online-merge-supplement/sw/snRuntime/vendor -I/home/wxt/work-online-merge-supplement/sw/snRuntime/../toolchain/riscv-opcodes -I/home/wxt/work-online-merge-20260728T161747Z_5c2aad2f_p0-anchor/build/spatzBenchmarks/online_merge_generated/N8_D32_S1_main_R1 -I/home/wxt/work-online-merge-supplement/sw/spatzBenchmarks/online-softmax-merge  --gcc-toolchain=/home/wxt/work-online-merge-supplement/install/riscv-gcc -mcpu=snitch -mcmodel=small -ffast-math -fno-builtin-printf -fno-common -falign-loops=16 -ffunction-sections -Wextra -static -mllvm -misched-topdown -menable-experimental-extensions -mno-relax -march=rv32imafdvzfh_xdma_xfquarter -mabi=ilp32d -O3 -g -o CMakeFiles/test-spatzBenchmarks-online-softmax-merge-b1.dir/online-softmax-merge/main.c.o -c /home/wxt/work-online-merge-supplement/sw/spatzBenchmarks/online-softmax-merge/main.c,B1_SCALAR,NA,memory,77430,YES,0,NA,NO_EXPLICIT_TRANSFER_PHASE,PASS,NA,4416,NA,5c2aad2f0af79dee95f8456bccddebcb8084d4b1,False,B1,0,a6729cab23284a7f45ea5d928850fbd01099cf12ada8eff06df8d75f5ac1cb70,main,DASM_MARKER_ENVELOPE,B1,96853,4.554134736789027e-05,32,8,378.33203125,0.0006031990051269531,10000000,0.00014736815617622854,1.3598973643692101e-05,21120,0,0,0,32,8,1.0,YES,NA,378.33203125,0,N8_D32_S1_main/memory/B1_SCALAR/trial-1/simulator.log,0,YES,NA,NA,4.292664279820275e-05,20260728T161747Z_5c2aad2f_p0-anchor,16512,NA,0,77430,1,361ff71bcc241b448e49ff6d212d06a13a986e2fad861b0aa0b67e40e7a21d68,/home/wxt/spatz/hw/system/spatz_cluster/bin/spatz_cluster.vlt,TYPICAL,NA,0,NA,NA,NA,PASS,NA,PASS,128,d24fcb3f6c0e6d8edd56b4008af12962f27a3324109f1cb619bf8fc9578a8d15,pass,1297,131072,0,NA,NA,NA,2026-07-28T16:41:50+00:00,N8_D32_S1_main/memory/B1_SCALAR/trial-1/instruction_trace_audit.json,3088,28853,29919,NA,35016,6,NA,1,0,Verilator 5.034 2025-02-24 rev v5.034,4f53cda18c2baa0c0354bb5f9a3ecbe5ed12ab4d8e11ba873c2f11161202b945,,,,,,
32,8,4608,NA,b8e3b78c0f1172f01d3ca8dda6ef851d4290402ee10fc4bc0e59f24d51f0e3df,11,0.04044117647058824,4608,4416,main,main,120fa0c30199e54e6e9b5c60d8da40913eae8526640992cc5d4f130bef159775,272,hw/system/spatz_cluster/cfg/spatz_cluster.default.dram.hjson,NA,YES,clang version 14.0.6 (git@github.com:pulp-platform/llvm-project.git b494f2d8dde88723026db8ec16ac6c7ee1e140ca) | Target: riscv32-unknown-unknown-elf | Thread model: posix,d759da2f4773662ae9845963176895745bf9a8cff9f34026ccb2f762fd01adbd,/home/wxt/work-online-merge-supplement/install/llvm/bin/clang -DONLINE_MERGE_COUNTER_PROFILE=0 -DONLINE_MERGE_IMPLEMENTATION_SELECT=1 -DONLINE_MERGE_STACK_LOG2=13 -DONLINE_MERGE_TRACE_PROXY=0 -I/home/wxt/work-online-merge-supplement/sw/spatzBenchmarks/include -I/home/wxt/work-online-merge-supplement/sw/snRuntime/include -I/home/wxt/work-online-merge-supplement/sw/snRuntime/vendor -I/home/wxt/work-online-merge-supplement/sw/snRuntime/../toolchain/riscv-opcodes -I/home/wxt/work-online-merge-20260728T161747Z_5c2aad2f_p0-anchor/build/spatzBenchmarks/online_merge_generated/N8_D32_S1_main_R1 -I/home/wxt/work-online-merge-supplement/sw/spatzBenchmarks/online-softmax-merge  --gcc-toolchain=/home/wxt/work-online-merge-supplement/install/riscv-gcc -mcpu=snitch -mcmodel=small -ffast-math -fno-builtin-printf -fno-common -falign-loops=16 -ffunction-sections -Wextra -static -mllvm -misched-topdown -menable-experimental-extensions -mno-relax -march=rv32imafdvzfh_xdma_xfquarter -mabi=ilp32d -O3 -g -o CMakeFiles/test-spatzBenchmarks-online-softmax-merge-b1.dir/online-softmax-merge/main.c.o -c /home/wxt/work-online-merge-supplement/sw/spatzBenchmarks/online-softmax-merge/main.c,B1_SCALAR,NA,memory,77430,YES,0,NA,NO_EXPLICIT_TRANSFER_PHASE,PASS,NA,4416,NA,5c2aad2f0af79dee95f8456bccddebcb8084d4b1,False,B1,0,a6729cab23284a7f45ea5d928850fbd01099cf12ada8eff06df8d75f5ac1cb70,main,DASM_MARKER_ENVELOPE,B1,96853,4.554134736789027e-05,32,8,378.33203125,0.0006031990051269531,10000000,0.00014736815617622854,1.3598973643692101e-05,21120,0,0,0,32,8,1.0,YES,NA,378.33203125,0,N8_D32_S1_main/memory/B1_SCALAR/trial-2/simulator.log,0,YES,NA,NA,4.292664279820275e-05,20260728T161747Z_5c2aad2f_p0-anchor,16512,NA,0,77430,1,361ff71bcc241b448e49ff6d212d06a13a986e2fad861b0aa0b67e40e7a21d68,/home/wxt/spatz/hw/system/spatz_cluster/bin/spatz_cluster.vlt,TYPICAL,NA,0,NA,NA,NA,PASS,NA,PASS,128,d24fcb3f6c0e6d8edd56b4008af12962f27a3324109f1cb619bf8fc9578a8d15,pass,1297,131072,0,NA,NA,NA,2026-07-28T16:44:23+00:00,N8_D32_S1_main/memory/B1_SCALAR/trial-2/instruction_trace_audit.json,3088,28853,29919,NA,35016,6,NA,2,0,Verilator 5.034 2025-02-24 rev v5.034,4f53cda18c2baa0c0354bb5f9a3ecbe5ed12ab4d8e11ba873c2f11161202b945,,,,,,
32,8,4608,NA,6b1a109dd150c55693879f9811d32e314c604677588ae51fd47a6ff166955990,10,0.03676470588235294,4608,4416,main,main,120fa0c30199e54e6e9b5c60d8da40913eae8526640992cc5d4f130bef159775,272,hw/system/spatz_cluster/cfg/spatz_cluster.default.dram.hjson,NA,YES,clang version 14.0.6 (git@github.com:pulp-platform/llvm-project.git b494f2d8dde88723026db8ec16ac6c7ee1e140ca) | Target: riscv32-unknown-unknown-elf | Thread model: posix,d759da2f4773662ae9845963176895745bf9a8cff9f34026ccb2f762fd01adbd,/home/wxt/work-online-merge-supplement/install/llvm/bin/clang -DONLINE_MERGE_COUNTER_PROFILE=0 -DONLINE_MERGE_IMPLEMENTATION_SELECT=2 -DONLINE_MERGE_STACK_LOG2=13 -DONLINE_MERGE_TRACE_PROXY=0 -I/home/wxt/work-online-merge-supplement/sw/spatzBenchmarks/include -I/home/wxt/work-online-merge-supplement/sw/snRuntime/include -I/home/wxt/work-online-merge-supplement/sw/snRuntime/vendor -I/home/wxt/work-online-merge-supplement/sw/snRuntime/../toolchain/riscv-opcodes -I/home/wxt/work-online-merge-20260728T161747Z_5c2aad2f_p0-anchor/build/spatzBenchmarks/online_merge_generated/N8_D32_S1_main_R1 -I/home/wxt/work-online-merge-supplement/sw/spatzBenchmarks/online-softmax-merge  --gcc-toolchain=/home/wxt/work-online-merge-supplement/install/riscv-gcc -mcpu=snitch -mcmodel=small -ffast-math -fno-builtin-printf -fno-common -falign-loops=16 -ffunction-sections -Wextra -static -mllvm -misched-topdown -menable-experimental-extensions -mno-relax -march=rv32imafdvzfh_xdma_xfquarter -mabi=ilp32d -O3 -g -o CMakeFiles/test-spatzBenchmarks-online-softmax-merge-b2r.dir/online-softmax-merge/main.c.o -c /home/wxt/work-online-merge-supplement/sw/spatzBenchmarks/online-softmax-merge/main.c,B2R_RVV,A0,memory,9071,YES,192,NA,NO_EXPLICIT_TRANSFER_PHASE,PASS,NA,4416,NA,5c2aad2f0af79dee95f8456bccddebcb8084d4b1,False,B2-R,0,a6729cab23284a7f45ea5d928850fbd01099cf12ada8eff06df8d75f5ac1cb70,main,DASM_MARKER_ENVELOPE,B2-R,13111,4.5539865012701725e-05,32,8,51.21484375,0.0006031990051269531,10000000,0.00014736815617622854,1.359465258086429e-05,21120,0,0,0,32,8,1.0,YES,NA,51.21484375,0,N8_D32_S1_main/memory/B2R_RVV/trial-0/simulator.log,0,YES,NA,NA,4.2925245550748374e-05,20260728T161747Z_5c2aad2f_p0-anchor,16512,NA,0,8879,1,361ff71bcc241b448e49ff6d212d06a13a986e2fad861b0aa0b67e40e7a21d68,/home/wxt/spatz/hw/system/spatz_cluster/bin/spatz_cluster.vlt,TYPICAL,NA,0,NA,NA,NA,PASS,NA,PASS,128,56ebdec5cbb65da6d8cd407b652d615969861c3f8e561e2d4b6cbf068955aff5,pass,813,131072,0,NA,NA,NA,2026-07-28T16:46:51+00:00,N8_D32_S1_main/memory/B2R_RVV/trial-0/instruction_trace_audit.json,1026,3668,3594,216,4630,6,NA,0,192,Verilator 5.034 2025-02-24 rev v5.034,4f53cda18c2baa0c0354bb5f9a3ecbe5ed12ab4d8e11ba873c2f11161202b945,,,,,,
32,8,4608,NA,6b1a109dd150c55693879f9811d32e314c604677588ae51fd47a6ff166955990,10,0.03676470588235294,4608,4416,main,main,120fa0c30199e54e6e9b5c60d8da40913eae8526640992cc5d4f130bef159775,272,hw/system/spatz_cluster/cfg/spatz_cluster.default.dram.hjson,NA,YES,clang version 14.0.6 (git@github.com:pulp-platform/llvm-project.git b494f2d8dde88723026db8ec16ac6c7ee1e140ca) | Target: riscv32-unknown-unknown-elf | Thread model: posix,d759da2f4773662ae9845963176895745bf9a8cff9f34026ccb2f762fd01adbd,/home/wxt/work-online-merge-supplement/install/llvm/bin/clang -DONLINE_MERGE_COUNTER_PROFILE=0 -DONLINE_MERGE_IMPLEMENTATION_SELECT=2 -DONLINE_MERGE_STACK_LOG2=13 -DONLINE_MERGE_TRACE_PROXY=0 -I/home/wxt/work-online-merge-supplement/sw/spatzBenchmarks/include -I/home/wxt/work-online-merge-supplement/sw/snRuntime/include -I/home/wxt/work-online-merge-supplement/sw/snRuntime/vendor -I/home/wxt/work-online-merge-supplement/sw/snRuntime/../toolchain/riscv-opcodes -I/home/wxt/work-online-merge-20260728T161747Z_5c2aad2f_p0-anchor/build/spatzBenchmarks/online_merge_generated/N8_D32_S1_main_R1 -I/home/wxt/work-online-merge-supplement/sw/spatzBenchmarks/online-softmax-merge  --gcc-toolchain=/home/wxt/work-online-merge-supplement/install/riscv-gcc -mcpu=snitch -mcmodel=small -ffast-math -fno-builtin-printf -fno-common -falign-loops=16 -ffunction-sections -Wextra -static -mllvm -misched-topdown -menable-experimental-extensions -mno-relax -march=rv32imafdvzfh_xdma_xfquarter -mabi=ilp32d -O3 -g -o CMakeFiles/test-spatzBenchmarks-online-softmax-merge-b2r.dir/online-softmax-merge/main.c.o -c /home/wxt/work-online-merge-supplement/sw/spatzBenchmarks/online-softmax-merge/main.c,B2R_RVV,A0,memory,9071,YES,192,NA,NO_EXPLICIT_TRANSFER_PHASE,PASS,NA,4416,NA,5c2aad2f0af79dee95f8456bccddebcb8084d4b1,False,B2-R,0,a6729cab23284a7f45ea5d928850fbd01099cf12ada8eff06df8d75f5ac1cb70,main,DASM_MARKER_ENVELOPE,B2-R,13111,4.5539865012701725e-05,32,8,51.21484375,0.0006031990051269531,10000000,0.00014736815617622854,1.359465258086429e-05,21120,0,0,0,32,8,1.0,YES,NA,51.21484375,0,N8_D32_S1_main/memory/B2R_RVV/trial-1/simulator.log,0,YES,NA,NA,4.2925245550748374e-05,20260728T161747Z_5c2aad2f_p0-anchor,16512,NA,0,8879,1,361ff71bcc241b448e49ff6d212d06a13a986e2fad861b0aa0b67e40e7a21d68,/home/wxt/spatz/hw/system/spatz_cluster/bin/spatz_cluster.vlt,TYPICAL,NA,0,NA,NA,NA,PASS,NA,PASS,128,56ebdec5cbb65da6d8cd407b652d615969861c3f8e561e2d4b6cbf068955aff5,pass,813,131072,0,NA,NA,NA,2026-07-28T16:48:15+00:00,N8_D32_S1_main/memory/B2R_RVV/trial-1/instruction_trace_audit.json,1026,3668,3594,216,4630,6,NA,1,192,Verilator 5.034 2025-02-24 rev v5.034,4f53cda18c2baa0c0354bb5f9a3ecbe5ed12ab4d8e11ba873c2f11161202b945,,,,,,
32,8,4608,NA,6b1a109dd150c55693879f9811d32e314c604677588ae51fd47a6ff166955990,10,0.03676470588235294,4608,4416,main,main,120fa0c30199e54e6e9b5c60d8da40913eae8526640992cc5d4f130bef159775,272,hw/system/spatz_cluster/cfg/spatz_cluster.default.dram.hjson,NA,YES,clang version 14.0.6 (git@github.com:pulp-platform/llvm-project.git b494f2d8dde88723026db8ec16ac6c7ee1e140ca) | Target: riscv32-unknown-unknown-elf | Thread model: posix,d759da2f4773662ae9845963176895745bf9a8cff9f34026ccb2f762fd01adbd,/home/wxt/work-online-merge-supplement/install/llvm/bin/clang -DONLINE_MERGE_COUNTER_PROFILE=0 -DONLINE_MERGE_IMPLEMENTATION_SELECT=2 -DONLINE_MERGE_STACK_LOG2=13 -DONLINE_MERGE_TRACE_PROXY=0 -I/home/wxt/work-online-merge-supplement/sw/spatzBenchmarks/include -I/home/wxt/work-online-merge-supplement/sw/snRuntime/include -I/home/wxt/work-online-merge-supplement/sw/snRuntime/vendor -I/home/wxt/work-online-merge-supplement/sw/snRuntime/../toolchain/riscv-opcodes -I/home/wxt/work-online-merge-20260728T161747Z_5c2aad2f_p0-anchor/build/spatzBenchmarks/online_merge_generated/N8_D32_S1_main_R1 -I/home/wxt/work-online-merge-supplement/sw/spatzBenchmarks/online-softmax-merge  --gcc-toolchain=/home/wxt/work-online-merge-supplement/install/riscv-gcc -mcpu=snitch -mcmodel=small -ffast-math -fno-builtin-printf -fno-common -falign-loops=16 -ffunction-sections -Wextra -static -mllvm -misched-topdown -menable-experimental-extensions -mno-relax -march=rv32imafdvzfh_xdma_xfquarter -mabi=ilp32d -O3 -g -o CMakeFiles/test-spatzBenchmarks-online-softmax-merge-b2r.dir/online-softmax-merge/main.c.o -c /home/wxt/work-online-merge-supplement/sw/spatzBenchmarks/online-softmax-merge/main.c,B2R_RVV,A0,memory,9071,YES,192,NA,NO_EXPLICIT_TRANSFER_PHASE,PASS,NA,4416,NA,5c2aad2f0af79dee95f8456bccddebcb8084d4b1,False,B2-R,0,a6729cab23284a7f45ea5d928850fbd01099cf12ada8eff06df8d75f5ac1cb70,main,DASM_MARKER_ENVELOPE,B2-R,13111,4.5539865012701725e-05,32,8,51.21484375,0.0006031990051269531,10000000,0.00014736815617622854,1.359465258086429e-05,21120,0,0,0,32,8,1.0,YES,NA,51.21484375,0,N8_D32_S1_main/memory/B2R_RVV/trial-2/simulator.log,0,YES,NA,NA,4.2925245550748374e-05,20260728T161747Z_5c2aad2f_p0-anchor,16512,NA,0,8879,1,361ff71bcc241b448e49ff6d212d06a13a986e2fad861b0aa0b67e40e7a21d68,/home/wxt/spatz/hw/system/spatz_cluster/bin/spatz_cluster.vlt,TYPICAL,NA,0,NA,NA,NA,PASS,NA,PASS,128,56ebdec5cbb65da6d8cd407b652d615969861c3f8e561e2d4b6cbf068955aff5,pass,813,131072,0,NA,NA,NA,2026-07-28T16:49:37+00:00,N8_D32_S1_main/memory/B2R_RVV/trial-2/instruction_trace_audit.json,1026,3668,3594,216,4630,6,NA,2,192,Verilator 5.034 2025-02-24 rev v5.034,4f53cda18c2baa0c0354bb5f9a3ecbe5ed12ab4d8e11ba873c2f11161202b945,,,,,,
32,8,4608,NA,851efc3871f6374b250f8f702bc0743ab8856592cb57e5ba6c5b9c5f296f517d,10,0.03676470588235294,4608,4416,main,main,120fa0c30199e54e6e9b5c60d8da40913eae8526640992cc5d4f130bef159775,272,hw/system/spatz_cluster/cfg/spatz_cluster.default.dram.hjson,2305,YES,clang version 14.0.6 (git@github.com:pulp-platform/llvm-project.git b494f2d8dde88723026db8ec16ac6c7ee1e140ca) | Target: riscv32-unknown-unknown-elf | Thread model: posix,d759da2f4773662ae9845963176895745bf9a8cff9f34026ccb2f762fd01adbd,/home/wxt/work-online-merge-supplement/install/llvm/bin/clang -DONLINE_MERGE_COUNTER_PROFILE=0 -DONLINE_MERGE_IMPLEMENTATION_SELECT=4 -DONLINE_MERGE_STACK_LOG2=13 -DONLINE_MERGE_TRACE_PROXY=0 -I/home/wxt/work-online-merge-supplement/sw/spatzBenchmarks/include -I/home/wxt/work-online-merge-supplement/sw/snRuntime/include -I/home/wxt/work-online-merge-supplement/sw/snRuntime/vendor -I/home/wxt/work-online-merge-supplement/sw/snRuntime/../toolchain/riscv-opcodes -I/home/wxt/work-online-merge-20260728T161747Z_5c2aad2f_p0-anchor/build/spatzBenchmarks/online_merge_generated/N8_D32_S1_main_R1 -I/home/wxt/work-online-merge-supplement/sw/spatzBenchmarks/online-softmax-merge  --gcc-toolchain=/home/wxt/work-online-merge-supplement/install/riscv-gcc -mcpu=snitch -mcmodel=small -ffast-math -fno-builtin-printf -fno-common -falign-loops=16 -ffunction-sections -Wextra -static -mllvm -misched-topdown -menable-experimental-extensions -mno-relax -march=rv32imafdvzfh_xdma_xfquarter -mabi=ilp32d -O3 -g -o CMakeFiles/test-spatzBenchmarks-online-softmax-merge-a1.dir/online-softmax-merge/main.c.o -c /home/wxt/work-online-merge-supplement/sw/spatzBenchmarks/online-softmax-merge/main.c,A1_SMU_SCALAR,NA,memory,1753,YES,192,NA,NO_EXPLICIT_TRANSFER_PHASE,PASS,NA,4416,PASS,5c2aad2f0af79dee95f8456bccddebcb8084d4b1,False,A1,0,a6729cab23284a7f45ea5d928850fbd01099cf12ada8eff06df8d75f5ac1cb70,main,DASM_MARKER_ENVELOPE,A1,2497,4.5539865012701725e-05,32,8,9.75390625,0.0006031990051269531,10000000,0.00014736815617622854,1.359465258086429e-05,21120,0,0,0,32,8,1.0,YES,NA,9.75390625,0,N8_D32_S1_main/memory/A1_SMU_SCALAR/trial-0/simulator.log,0,YES,NA,NA,4.2925245550748374e-05,20260728T161747Z_5c2aad2f_p0-anchor,16512,1044,1,1561,1,361ff71bcc241b448e49ff6d212d06a13a986e2fad861b0aa0b67e40e7a21d68,/home/wxt/spatz/hw/system/spatz_cluster/bin/spatz_cluster.vlt,TYPICAL,192,1,1453,NA,NA,PASS,NA,PASS,128,b0c02817beffd93f3438abc6f8dcc6913d788ada16494526efba06dea8828695,pass,919,131072,1,NA,NA,NA,2026-07-28T16:51:00+00:00,N8_D32_S1_main/memory/A1_SMU_SCALAR/trial-0/instruction_trace_audit.json,1235,377,723,192,NA,9,NA,0,192,Verilator 5.034 2025-02-24 rev v5.034,4f53cda18c2baa0c0354bb5f9a3ecbe5ed12ab4d8e11ba873c2f11161202b945,8,8,104,1,72,0
32,8,4608,NA,851efc3871f6374b250f8f702bc0743ab8856592cb57e5ba6c5b9c5f296f517d,10,0.03676470588235294,4608,4416,main,main,120fa0c30199e54e6e9b5c60d8da40913eae8526640992cc5d4f130bef159775,272,hw/system/spatz_cluster/cfg/spatz_cluster.default.dram.hjson,2305,YES,clang version 14.0.6 (git@github.com:pulp-platform/llvm-project.git b494f2d8dde88723026db8ec16ac6c7ee1e140ca) | Target: riscv32-unknown-unknown-elf | Thread model: posix,d759da2f4773662ae9845963176895745bf9a8cff9f34026ccb2f762fd01adbd,/home/wxt/work-online-merge-supplement/install/llvm/bin/clang -DONLINE_MERGE_COUNTER_PROFILE=0 -DONLINE_MERGE_IMPLEMENTATION_SELECT=4 -DONLINE_MERGE_STACK_LOG2=13 -DONLINE_MERGE_TRACE_PROXY=0 -I/home/wxt/work-online-merge-supplement/sw/spatzBenchmarks/include -I/home/wxt/work-online-merge-supplement/sw/snRuntime/include -I/home/wxt/work-online-merge-supplement/sw/snRuntime/vendor -I/home/wxt/work-online-merge-supplement/sw/snRuntime/../toolchain/riscv-opcodes -I/home/wxt/work-online-merge-20260728T161747Z_5c2aad2f_p0-anchor/build/spatzBenchmarks/online_merge_generated/N8_D32_S1_main_R1 -I/home/wxt/work-online-merge-supplement/sw/spatzBenchmarks/online-softmax-merge  --gcc-toolchain=/home/wxt/work-online-merge-supplement/install/riscv-gcc -mcpu=snitch -mcmodel=small -ffast-math -fno-builtin-printf -fno-common -falign-loops=16 -ffunction-sections -Wextra -static -mllvm -misched-topdown -menable-experimental-extensions -mno-relax -march=rv32imafdvzfh_xdma_xfquarter -mabi=ilp32d -O3 -g -o CMakeFiles/test-spatzBenchmarks-online-softmax-merge-a1.dir/online-softmax-merge/main.c.o -c /home/wxt/work-online-merge-supplement/sw/spatzBenchmarks/online-softmax-merge/main.c,A1_SMU_SCALAR,NA,memory,1753,YES,192,NA,NO_EXPLICIT_TRANSFER_PHASE,PASS,NA,4416,PASS,5c2aad2f0af79dee95f8456bccddebcb8084d4b1,False,A1,0,a6729cab23284a7f45ea5d928850fbd01099cf12ada8eff06df8d75f5ac1cb70,main,DASM_MARKER_ENVELOPE,A1,2497,4.5539865012701725e-05,32,8,9.75390625,0.0006031990051269531,10000000,0.00014736815617622854,1.359465258086429e-05,21120,0,0,0,32,8,1.0,YES,NA,9.75390625,0,N8_D32_S1_main/memory/A1_SMU_SCALAR/trial-1/simulator.log,0,YES,NA,NA,4.2925245550748374e-05,20260728T161747Z_5c2aad2f_p0-anchor,16512,1044,1,1561,1,361ff71bcc241b448e49ff6d212d06a13a986e2fad861b0aa0b67e40e7a21d68,/home/wxt/spatz/hw/system/spatz_cluster/bin/spatz_cluster.vlt,TYPICAL,192,1,1453,NA,NA,PASS,NA,PASS,128,b0c02817beffd93f3438abc6f8dcc6913d788ada16494526efba06dea8828695,pass,919,131072,1,NA,NA,NA,2026-07-28T16:52:15+00:00,N8_D32_S1_main/memory/A1_SMU_SCALAR/trial-1/instruction_trace_audit.json,1235,377,723,192,NA,9,NA,1,192,Verilator 5.034 2025-02-24 rev v5.034,4f53cda18c2baa0c0354bb5f9a3ecbe5ed12ab4d8e11ba873c2f11161202b945,8,8,104,1,72,0
32,8,4608,NA,851efc3871f6374b250f8f702bc0743ab8856592cb57e5ba6c5b9c5f296f517d,10,0.03676470588235294,4608,4416,main,main,120fa0c30199e54e6e9b5c60d8da40913eae8526640992cc5d4f130bef159775,272,hw/system/spatz_cluster/cfg/spatz_cluster.default.dram.hjson,2305,YES,clang version 14.0.6 (git@github.com:pulp-platform/llvm-project.git b494f2d8dde88723026db8ec16ac6c7ee1e140ca) | Target: riscv32-unknown-unknown-elf | Thread model: posix,d759da2f4773662ae9845963176895745bf9a8cff9f34026ccb2f762fd01adbd,/home/wxt/work-online-merge-supplement/install/llvm/bin/clang -DONLINE_MERGE_COUNTER_PROFILE=0 -DONLINE_MERGE_IMPLEMENTATION_SELECT=4 -DONLINE_MERGE_STACK_LOG2=13 -DONLINE_MERGE_TRACE_PROXY=0 -I/home/wxt/work-online-merge-supplement/sw/spatzBenchmarks/include -I/home/wxt/work-online-merge-supplement/sw/snRuntime/include -I/home/wxt/work-online-merge-supplement/sw/snRuntime/vendor -I/home/wxt/work-online-merge-supplement/sw/snRuntime/../toolchain/riscv-opcodes -I/home/wxt/work-online-merge-20260728T161747Z_5c2aad2f_p0-anchor/build/spatzBenchmarks/online_merge_generated/N8_D32_S1_main_R1 -I/home/wxt/work-online-merge-supplement/sw/spatzBenchmarks/online-softmax-merge  --gcc-toolchain=/home/wxt/work-online-merge-supplement/install/riscv-gcc -mcpu=snitch -mcmodel=small -ffast-math -fno-builtin-printf -fno-common -falign-loops=16 -ffunction-sections -Wextra -static -mllvm -misched-topdown -menable-experimental-extensions -mno-relax -march=rv32imafdvzfh_xdma_xfquarter -mabi=ilp32d -O3 -g -o CMakeFiles/test-spatzBenchmarks-online-softmax-merge-a1.dir/online-softmax-merge/main.c.o -c /home/wxt/work-online-merge-supplement/sw/spatzBenchmarks/online-softmax-merge/main.c,A1_SMU_SCALAR,NA,memory,1753,YES,192,NA,NO_EXPLICIT_TRANSFER_PHASE,PASS,NA,4416,PASS,5c2aad2f0af79dee95f8456bccddebcb8084d4b1,False,A1,0,a6729cab23284a7f45ea5d928850fbd01099cf12ada8eff06df8d75f5ac1cb70,main,DASM_MARKER_ENVELOPE,A1,2497,4.5539865012701725e-05,32,8,9.75390625,0.0006031990051269531,10000000,0.00014736815617622854,1.359465258086429e-05,21120,0,0,0,32,8,1.0,YES,NA,9.75390625,0,N8_D32_S1_main/memory/A1_SMU_SCALAR/trial-2/simulator.log,0,YES,NA,NA,4.2925245550748374e-05,20260728T161747Z_5c2aad2f_p0-anchor,16512,1044,1,1561,1,361ff71bcc241b448e49ff6d212d06a13a986e2fad861b0aa0b67e40e7a21d68,/home/wxt/spatz/hw/system/spatz_cluster/bin/spatz_cluster.vlt,TYPICAL,192,1,1453,NA,NA,PASS,NA,PASS,128,b0c02817beffd93f3438abc6f8dcc6913d788ada16494526efba06dea8828695,pass,919,131072,1,NA,NA,NA,2026-07-28T16:53:29+00:00,N8_D32_S1_main/memory/A1_SMU_SCALAR/trial-2/instruction_trace_audit.json,1235,377,723,192,NA,9,NA,2,192,Verilator 5.034 2025-02-24 rev v5.034,4f53cda18c2baa0c0354bb5f9a3ecbe5ed12ab4d8e11ba873c2f11161202b945,8,8,104,1,72,0
32,8,4608,NA,e797a1774740ab9f2e94438434e5b93b407ff00bec56f13b322cf5dbe80ff004,11,0.04044117647058824,4608,4416,main,main,120fa0c30199e54e6e9b5c60d8da40913eae8526640992cc5d4f130bef159775,272,hw/system/spatz_cluster/cfg/spatz_cluster.default.dram.hjson,1250,YES,clang version 14.0.6 (git@github.com:pulp-platform/llvm-project.git b494f2d8dde88723026db8ec16ac6c7ee1e140ca) | Target: riscv32-unknown-unknown-elf | Thread model: posix,d759da2f4773662ae9845963176895745bf9a8cff9f34026ccb2f762fd01adbd,/home/wxt/work-online-merge-supplement/install/llvm/bin/clang -DONLINE_MERGE_COUNTER_PROFILE=0 -DONLINE_MERGE_IMPLEMENTATION_SELECT=3 -DONLINE_MERGE_STACK_LOG2=13 -DONLINE_MERGE_TRACE_PROXY=0 -I/home/wxt/work-online-merge-supplement/sw/spatzBenchmarks/include -I/home/wxt/work-online-merge-supplement/sw/snRuntime/include -I/home/wxt/work-online-merge-supplement/sw/snRuntime/vendor -I/home/wxt/work-online-merge-supplement/sw/snRuntime/../toolchain/riscv-opcodes -I/home/wxt/work-online-merge-20260728T161747Z_5c2aad2f_p0-anchor/build/spatzBenchmarks/online_merge_generated/N8_D32_S1_main_R1 -I/home/wxt/work-online-merge-supplement/sw/spatzBenchmarks/online-softmax-merge  --gcc-toolchain=/home/wxt/work-online-merge-supplement/install/riscv-gcc -mcpu=snitch -mcmodel=small -ffast-math -fno-builtin-printf -fno-common -falign-loops=16 -ffunction-sections -Wextra -static -mllvm -misched-topdown -menable-experimental-extensions -mno-relax -march=rv32imafdvzfh_xdma_xfquarter -mabi=ilp32d -O3 -g -o CMakeFiles/test-spatzBenchmarks-online-softmax-merge-a2.dir/online-softmax-merge/main.c.o -c /home/wxt/work-online-merge-supplement/sw/spatzBenchmarks/online-softmax-merge/main.c,A2_SMU_FULL,A2,memory,2218,YES,0,NA,NO_EXPLICIT_TRANSFER_PHASE,PASS,NA,4416,PASS,5c2aad2f0af79dee95f8456bccddebcb8084d4b1,False,B3,0,a6729cab23284a7f45ea5d928850fbd01099cf12ada8eff06df8d75f5ac1cb70,main,DASM_MARKER_ENVELOPE,B3,3477,4.554134736789027e-05,32,8,13.58203125,0.0006031990051269531,10000000,0.00014736815617622854,1.3598973643692101e-05,21120,0,0,0,32,8,1.0,YES,NA,13.58203125,0,N8_D32_S1_main/memory/A2_SMU_FULL/trial-0/simulator.log,0,YES,NA,NA,4.292664279820275e-05,20260728T161747Z_5c2aad2f_p0-anchor,16512,NA,1,2218,1,361ff71bcc241b448e49ff6d212d06a13a986e2fad861b0aa0b67e40e7a21d68,/home/wxt/spatz/hw/system/spatz_cluster/bin/spatz_cluster.vlt,TYPICAL,2227,1,NA,NA,NA,PASS,NA,PASS,128,3d621e536c9f792631e3e3ca9fb239a105a55bf09a56b67fddb669b26b5ee922,pass,1591,131072,21,NA,NA,NA,2026-07-28T16:54:45+00:00,N8_D32_S1_main/memory/A2_SMU_FULL/trial-0/instruction_trace_audit.json,2391,372,744,NA,NA,6,NA,0,0,Verilator 5.034 2025-02-24 rev v5.034,4f53cda18c2baa0c0354bb5f9a3ecbe5ed12ab4d8e11ba873c2f11161202b945,8,8,105,1,40,2066
32,8,4608,NA,e797a1774740ab9f2e94438434e5b93b407ff00bec56f13b322cf5dbe80ff004,11,0.04044117647058824,4608,4416,main,main,120fa0c30199e54e6e9b5c60d8da40913eae8526640992cc5d4f130bef159775,272,hw/system/spatz_cluster/cfg/spatz_cluster.default.dram.hjson,1250,YES,clang version 14.0.6 (git@github.com:pulp-platform/llvm-project.git b494f2d8dde88723026db8ec16ac6c7ee1e140ca) | Target: riscv32-unknown-unknown-elf | Thread model: posix,d759da2f4773662ae9845963176895745bf9a8cff9f34026ccb2f762fd01adbd,/home/wxt/work-online-merge-supplement/install/llvm/bin/clang -DONLINE_MERGE_COUNTER_PROFILE=0 -DONLINE_MERGE_IMPLEMENTATION_SELECT=3 -DONLINE_MERGE_STACK_LOG2=13 -DONLINE_MERGE_TRACE_PROXY=0 -I/home/wxt/work-online-merge-supplement/sw/spatzBenchmarks/include -I/home/wxt/work-online-merge-supplement/sw/snRuntime/include -I/home/wxt/work-online-merge-supplement/sw/snRuntime/vendor -I/home/wxt/work-online-merge-supplement/sw/snRuntime/../toolchain/riscv-opcodes -I/home/wxt/work-online-merge-20260728T161747Z_5c2aad2f_p0-anchor/build/spatzBenchmarks/online_merge_generated/N8_D32_S1_main_R1 -I/home/wxt/work-online-merge-supplement/sw/spatzBenchmarks/online-softmax-merge  --gcc-toolchain=/home/wxt/work-online-merge-supplement/install/riscv-gcc -mcpu=snitch -mcmodel=small -ffast-math -fno-builtin-printf -fno-common -falign-loops=16 -ffunction-sections -Wextra -static -mllvm -misched-topdown -menable-experimental-extensions -mno-relax -march=rv32imafdvzfh_xdma_xfquarter -mabi=ilp32d -O3 -g -o CMakeFiles/test-spatzBenchmarks-online-softmax-merge-a2.dir/online-softmax-merge/main.c.o -c /home/wxt/work-online-merge-supplement/sw/spatzBenchmarks/online-softmax-merge/main.c,A2_SMU_FULL,A2,memory,2218,YES,0,NA,NO_EXPLICIT_TRANSFER_PHASE,PASS,NA,4416,PASS,5c2aad2f0af79dee95f8456bccddebcb8084d4b1,False,B3,0,a6729cab23284a7f45ea5d928850fbd01099cf12ada8eff06df8d75f5ac1cb70,main,DASM_MARKER_ENVELOPE,B3,3477,4.554134736789027e-05,32,8,13.58203125,0.0006031990051269531,10000000,0.00014736815617622854,1.3598973643692101e-05,21120,0,0,0,32,8,1.0,YES,NA,13.58203125,0,N8_D32_S1_main/memory/A2_SMU_FULL/trial-1/simulator.log,0,YES,NA,NA,4.292664279820275e-05,20260728T161747Z_5c2aad2f_p0-anchor,16512,NA,1,2218,1,361ff71bcc241b448e49ff6d212d06a13a986e2fad861b0aa0b67e40e7a21d68,/home/wxt/spatz/hw/system/spatz_cluster/bin/spatz_cluster.vlt,TYPICAL,2227,1,NA,NA,NA,PASS,NA,PASS,128,3d621e536c9f792631e3e3ca9fb239a105a55bf09a56b67fddb669b26b5ee922,pass,1591,131072,21,NA,NA,NA,2026-07-28T16:56:30+00:00,N8_D32_S1_main/memory/A2_SMU_FULL/trial-1/instruction_trace_audit.json,2391,372,744,NA,NA,6,NA,1,0,Verilator 5.034 2025-02-24 rev v5.034,4f53cda18c2baa0c0354bb5f9a3ecbe5ed12ab4d8e11ba873c2f11161202b945,8,8,105,1,40,2066
32,8,4608,NA,e797a1774740ab9f2e94438434e5b93b407ff00bec56f13b322cf5dbe80ff004,11,0.04044117647058824,4608,4416,main,main,120fa0c30199e54e6e9b5c60d8da40913eae8526640992cc5d4f130bef159775,272,hw/system/spatz_cluster/cfg/spatz_cluster.default.dram.hjson,1250,YES,clang version 14.0.6 (git@github.com:pulp-platform/llvm-project.git b494f2d8dde88723026db8ec16ac6c7ee1e140ca) | Target: riscv32-unknown-unknown-elf | Thread model: posix,d759da2f4773662ae9845963176895745bf9a8cff9f34026ccb2f762fd01adbd,/home/wxt/work-online-merge-supplement/install/llvm/bin/clang -DONLINE_MERGE_COUNTER_PROFILE=0 -DONLINE_MERGE_IMPLEMENTATION_SELECT=3 -DONLINE_MERGE_STACK_LOG2=13 -DONLINE_MERGE_TRACE_PROXY=0 -I/home/wxt/work-online-merge-supplement/sw/spatzBenchmarks/include -I/home/wxt/work-online-merge-supplement/sw/snRuntime/include -I/home/wxt/work-online-merge-supplement/sw/snRuntime/vendor -I/home/wxt/work-online-merge-supplement/sw/snRuntime/../toolchain/riscv-opcodes -I/home/wxt/work-online-merge-20260728T161747Z_5c2aad2f_p0-anchor/build/spatzBenchmarks/online_merge_generated/N8_D32_S1_main_R1 -I/home/wxt/work-online-merge-supplement/sw/spatzBenchmarks/online-softmax-merge  --gcc-toolchain=/home/wxt/work-online-merge-supplement/install/riscv-gcc -mcpu=snitch -mcmodel=small -ffast-math -fno-builtin-printf -fno-common -falign-loops=16 -ffunction-sections -Wextra -static -mllvm -misched-topdown -menable-experimental-extensions -mno-relax -march=rv32imafdvzfh_xdma_xfquarter -mabi=ilp32d -O3 -g -o CMakeFiles/test-spatzBenchmarks-online-softmax-merge-a2.dir/online-softmax-merge/main.c.o -c /home/wxt/work-online-merge-supplement/sw/spatzBenchmarks/online-softmax-merge/main.c,A2_SMU_FULL,A2,memory,2218,YES,0,NA,NO_EXPLICIT_TRANSFER_PHASE,PASS,NA,4416,PASS,5c2aad2f0af79dee95f8456bccddebcb8084d4b1,False,B3,0,a6729cab23284a7f45ea5d928850fbd01099cf12ada8eff06df8d75f5ac1cb70,main,DASM_MARKER_ENVELOPE,B3,3477,4.554134736789027e-05,32,8,13.58203125,0.0006031990051269531,10000000,0.00014736815617622854,1.3598973643692101e-05,21120,0,0,0,32,8,1.0,YES,NA,13.58203125,0,N8_D32_S1_main/memory/A2_SMU_FULL/trial-2/simulator.log,0,YES,NA,NA,4.292664279820275e-05,20260728T161747Z_5c2aad2f_p0-anchor,16512,NA,1,2218,1,361ff71bcc241b448e49ff6d212d06a13a986e2fad861b0aa0b67e40e7a21d68,/home/wxt/spatz/hw/system/spatz_cluster/bin/spatz_cluster.vlt,TYPICAL,2227,1,NA,NA,NA,PASS,NA,PASS,128,3d621e536c9f792631e3e3ca9fb239a105a55bf09a56b67fddb669b26b5ee922,pass,1591,131072,21,NA,NA,NA,2026-07-28T16:58:21+00:00,N8_D32_S1_main/memory/A2_SMU_FULL/trial-2/instruction_trace_audit.json,2391,372,744,NA,NA,6,NA,2,0,Verilator 5.034 2025-02-24 rev v5.034,4f53cda18c2baa0c0354bb5f9a3ecbe5ed12ab4d8e11ba873c2f11161202b945,8,8,105,1,40,2066
32,8,4608,NA,590f0709d5a78ce16d83934c34716d893544d4995057ed912e97d3281fe17e01,11,0.04044117647058824,4608,4416,main,main,120fa0c30199e54e6e9b5c60d8da40913eae8526640992cc5d4f130bef159775,272,hw/system/spatz_cluster/cfg/spatz_cluster.default.dram.hjson,NA,YES,clang version 14.0.6 (git@github.com:pulp-platform/llvm-project.git b494f2d8dde88723026db8ec16ac6c7ee1e140ca) | Target: riscv32-unknown-unknown-elf | Thread model: posix,bd4543bf8e88f4a1ca6e93277113ff0213edd016fafe2461e1c705010e00bb18,/home/wxt/work-online-merge-supplement/install/llvm/bin/clang -DONLINE_MERGE_COUNTER_PROFILE=1 -DONLINE_MERGE_IMPLEMENTATION_SELECT=1 -DONLINE_MERGE_STACK_LOG2=13 -DONLINE_MERGE_TRACE_PROXY=0 -I/home/wxt/work-online-merge-supplement/sw/spatzBenchmarks/include -I/home/wxt/work-online-merge-supplement/sw/snRuntime/include -I/home/wxt/work-online-merge-supplement/sw/snRuntime/vendor -I/home/wxt/work-online-merge-supplement/sw/snRuntime/../toolchain/riscv-opcodes -I/home/wxt/work-online-merge-20260728T161747Z_5c2aad2f_p0-anchor/build/spatzBenchmarks/online_merge_generated/N8_D32_S1_main_R1 -I/home/wxt/work-online-merge-supplement/sw/spatzBenchmarks/online-softmax-merge  --gcc-toolchain=/home/wxt/work-online-merge-supplement/install/riscv-gcc -mcpu=snitch -mcmodel=small -ffast-math -fno-builtin-printf -fno-common -falign-loops=16 -ffunction-sections -Wextra -static -mllvm -misched-topdown -menable-experimental-extensions -mno-relax -march=rv32imafdvzfh_xdma_xfquarter -mabi=ilp32d -O3 -g -o CMakeFiles/test-spatzBenchmarks-online-softmax-merge-b1.dir/online-softmax-merge/main.c.o -c /home/wxt/work-online-merge-supplement/sw/spatzBenchmarks/online-softmax-merge/main.c,B1_SCALAR,NA,instructions,77430,YES,0,NA,NO_EXPLICIT_TRANSFER_PHASE,PASS,NA,4416,NA,5c2aad2f0af79dee95f8456bccddebcb8084d4b1,False,B1,0,a6729cab23284a7f45ea5d928850fbd01099cf12ada8eff06df8d75f5ac1cb70,main,DASM_MARKER_ENVELOPE,B1,99002,4.554134736789027e-05,32,8,386.7265625,0.0006031990051269531,10000000,0.00014736815617622854,1.3598973643692101e-05,21120,0,0,0,32,8,1.0,NO,AUXILIARY_COUNTER_PROFILE,386.7265625,0,N8_D32_S1_main/instructions/B1_SCALAR/trial-0/simulator.log,0,YES,3304,73479,4.292664279820275e-05,20260728T161747Z_5c2aad2f_p0-anchor,16512,NA,0,77430,1,361ff71bcc241b448e49ff6d212d06a13a986e2fad861b0aa0b67e40e7a21d68,/home/wxt/spatz/hw/system/spatz_cluster/bin/spatz_cluster.vlt,TYPICAL,NA,0,NA,NA,NA,PASS,NA,PASS,128,1f6b1107c88f38ae1970eece55485b2ea447ea4e181ba5004754f2466e9c4651,pass,NA,131072,NA,NA,NA,NA,2026-07-28T16:59:38+00:00,N8_D32_S1_main/instructions/B1_SCALAR/trial-0/instruction_trace_audit.json,3090,30429,30534,NA,35003,6,NA,0,0,Verilator 5.034 2025-02-24 rev v5.034,4f53cda18c2baa0c0354bb5f9a3ecbe5ed12ab4d8e11ba873c2f11161202b945,,,,,,
32,8,4608,NA,590f0709d5a78ce16d83934c34716d893544d4995057ed912e97d3281fe17e01,11,0.04044117647058824,4608,4416,main,main,120fa0c30199e54e6e9b5c60d8da40913eae8526640992cc5d4f130bef159775,272,hw/system/spatz_cluster/cfg/spatz_cluster.default.dram.hjson,NA,YES,clang version 14.0.6 (git@github.com:pulp-platform/llvm-project.git b494f2d8dde88723026db8ec16ac6c7ee1e140ca) | Target: riscv32-unknown-unknown-elf | Thread model: posix,bd4543bf8e88f4a1ca6e93277113ff0213edd016fafe2461e1c705010e00bb18,/home/wxt/work-online-merge-supplement/install/llvm/bin/clang -DONLINE_MERGE_COUNTER_PROFILE=1 -DONLINE_MERGE_IMPLEMENTATION_SELECT=1 -DONLINE_MERGE_STACK_LOG2=13 -DONLINE_MERGE_TRACE_PROXY=0 -I/home/wxt/work-online-merge-supplement/sw/spatzBenchmarks/include -I/home/wxt/work-online-merge-supplement/sw/snRuntime/include -I/home/wxt/work-online-merge-supplement/sw/snRuntime/vendor -I/home/wxt/work-online-merge-supplement/sw/snRuntime/../toolchain/riscv-opcodes -I/home/wxt/work-online-merge-20260728T161747Z_5c2aad2f_p0-anchor/build/spatzBenchmarks/online_merge_generated/N8_D32_S1_main_R1 -I/home/wxt/work-online-merge-supplement/sw/spatzBenchmarks/online-softmax-merge  --gcc-toolchain=/home/wxt/work-online-merge-supplement/install/riscv-gcc -mcpu=snitch -mcmodel=small -ffast-math -fno-builtin-printf -fno-common -falign-loops=16 -ffunction-sections -Wextra -static -mllvm -misched-topdown -menable-experimental-extensions -mno-relax -march=rv32imafdvzfh_xdma_xfquarter -mabi=ilp32d -O3 -g -o CMakeFiles/test-spatzBenchmarks-online-softmax-merge-b1.dir/online-softmax-merge/main.c.o -c /home/wxt/work-online-merge-supplement/sw/spatzBenchmarks/online-softmax-merge/main.c,B1_SCALAR,NA,instructions,77430,YES,0,NA,NO_EXPLICIT_TRANSFER_PHASE,PASS,NA,4416,NA,5c2aad2f0af79dee95f8456bccddebcb8084d4b1,False,B1,0,a6729cab23284a7f45ea5d928850fbd01099cf12ada8eff06df8d75f5ac1cb70,main,DASM_MARKER_ENVELOPE,B1,99002,4.554134736789027e-05,32,8,386.7265625,0.0006031990051269531,10000000,0.00014736815617622854,1.3598973643692101e-05,21120,0,0,0,32,8,1.0,NO,AUXILIARY_COUNTER_PROFILE,386.7265625,0,N8_D32_S1_main/instructions/B1_SCALAR/trial-1/simulator.log,0,YES,3304,73479,4.292664279820275e-05,20260728T161747Z_5c2aad2f_p0-anchor,16512,NA,0,77430,1,361ff71bcc241b448e49ff6d212d06a13a986e2fad861b0aa0b67e40e7a21d68,/home/wxt/spatz/hw/system/spatz_cluster/bin/spatz_cluster.vlt,TYPICAL,NA,0,NA,NA,NA,PASS,NA,PASS,128,1f6b1107c88f38ae1970eece55485b2ea447ea4e181ba5004754f2466e9c4651,pass,NA,131072,NA,NA,NA,NA,2026-07-28T17:02:13+00:00,N8_D32_S1_main/instructions/B1_SCALAR/trial-1/instruction_trace_audit.json,3090,30429,30534,NA,35003,6,NA,1,0,Verilator 5.034 2025-02-24 rev v5.034,4f53cda18c2baa0c0354bb5f9a3ecbe5ed12ab4d8e11ba873c2f11161202b945,,,,,,
32,8,4608,NA,590f0709d5a78ce16d83934c34716d893544d4995057ed912e97d3281fe17e01,11,0.04044117647058824,4608,4416,main,main,120fa0c30199e54e6e9b5c60d8da40913eae8526640992cc5d4f130bef159775,272,hw/system/spatz_cluster/cfg/spatz_cluster.default.dram.hjson,NA,YES,clang version 14.0.6 (git@github.com:pulp-platform/llvm-project.git b494f2d8dde88723026db8ec16ac6c7ee1e140ca) | Target: riscv32-unknown-unknown-elf | Thread model: posix,bd4543bf8e88f4a1ca6e93277113ff0213edd016fafe2461e1c705010e00bb18,/home/wxt/work-online-merge-supplement/install/llvm/bin/clang -DONLINE_MERGE_COUNTER_PROFILE=1 -DONLINE_MERGE_IMPLEMENTATION_SELECT=1 -DONLINE_MERGE_STACK_LOG2=13 -DONLINE_MERGE_TRACE_PROXY=0 -I/home/wxt/work-online-merge-supplement/sw/spatzBenchmarks/include -I/home/wxt/work-online-merge-supplement/sw/snRuntime/include -I/home/wxt/work-online-merge-supplement/sw/snRuntime/vendor -I/home/wxt/work-online-merge-supplement/sw/snRuntime/../toolchain/riscv-opcodes -I/home/wxt/work-online-merge-20260728T161747Z_5c2aad2f_p0-anchor/build/spatzBenchmarks/online_merge_generated/N8_D32_S1_main_R1 -I/home/wxt/work-online-merge-supplement/sw/spatzBenchmarks/online-softmax-merge  --gcc-toolchain=/home/wxt/work-online-merge-supplement/install/riscv-gcc -mcpu=snitch -mcmodel=small -ffast-math -fno-builtin-printf -fno-common -falign-loops=16 -ffunction-sections -Wextra -static -mllvm -misched-topdown -menable-experimental-extensions -mno-relax -march=rv32imafdvzfh_xdma_xfquarter -mabi=ilp32d -O3 -g -o CMakeFiles/test-spatzBenchmarks-online-softmax-merge-b1.dir/online-softmax-merge/main.c.o -c /home/wxt/work-online-merge-supplement/sw/spatzBenchmarks/online-softmax-merge/main.c,B1_SCALAR,NA,instructions,77430,YES,0,NA,NO_EXPLICIT_TRANSFER_PHASE,PASS,NA,4416,NA,5c2aad2f0af79dee95f8456bccddebcb8084d4b1,False,B1,0,a6729cab23284a7f45ea5d928850fbd01099cf12ada8eff06df8d75f5ac1cb70,main,DASM_MARKER_ENVELOPE,B1,99002,4.554134736789027e-05,32,8,386.7265625,0.0006031990051269531,10000000,0.00014736815617622854,1.3598973643692101e-05,21120,0,0,0,32,8,1.0,NO,AUXILIARY_COUNTER_PROFILE,386.7265625,0,N8_D32_S1_main/instructions/B1_SCALAR/trial-2/simulator.log,0,YES,3304,73479,4.292664279820275e-05,20260728T161747Z_5c2aad2f_p0-anchor,16512,NA,0,77430,1,361ff71bcc241b448e49ff6d212d06a13a986e2fad861b0aa0b67e40e7a21d68,/home/wxt/spatz/hw/system/spatz_cluster/bin/spatz_cluster.vlt,TYPICAL,NA,0,NA,NA,NA,PASS,NA,PASS,128,1f6b1107c88f38ae1970eece55485b2ea447ea4e181ba5004754f2466e9c4651,pass,NA,131072,NA,NA,NA,NA,2026-07-28T17:04:47+00:00,N8_D32_S1_main/instructions/B1_SCALAR/trial-2/instruction_trace_audit.json,3090,30429,30534,NA,35003,6,NA,2,0,Verilator 5.034 2025-02-24 rev v5.034,4f53cda18c2baa0c0354bb5f9a3ecbe5ed12ab4d8e11ba873c2f11161202b945,,,,,,
32,8,4608,NA,5213377ed0763c85301bb8da1068199a8cfd260f4da655f1f3cccd9b6bbeaacb,10,0.03676470588235294,4608,4416,main,main,120fa0c30199e54e6e9b5c60d8da40913eae8526640992cc5d4f130bef159775,272,hw/system/spatz_cluster/cfg/spatz_cluster.default.dram.hjson,NA,YES,clang version 14.0.6 (git@github.com:pulp-platform/llvm-project.git b494f2d8dde88723026db8ec16ac6c7ee1e140ca) | Target: riscv32-unknown-unknown-elf | Thread model: posix,bd4543bf8e88f4a1ca6e93277113ff0213edd016fafe2461e1c705010e00bb18,/home/wxt/work-online-merge-supplement/install/llvm/bin/clang -DONLINE_MERGE_COUNTER_PROFILE=1 -DONLINE_MERGE_IMPLEMENTATION_SELECT=2 -DONLINE_MERGE_STACK_LOG2=13 -DONLINE_MERGE_TRACE_PROXY=0 -I/home/wxt/work-online-merge-supplement/sw/spatzBenchmarks/include -I/home/wxt/work-online-merge-supplement/sw/snRuntime/include -I/home/wxt/work-online-merge-supplement/sw/snRuntime/vendor -I/home/wxt/work-online-merge-supplement/sw/snRuntime/../toolchain/riscv-opcodes -I/home/wxt/work-online-merge-20260728T161747Z_5c2aad2f_p0-anchor/build/spatzBenchmarks/online_merge_generated/N8_D32_S1_main_R1 -I/home/wxt/work-online-merge-supplement/sw/spatzBenchmarks/online-softmax-merge  --gcc-toolchain=/home/wxt/work-online-merge-supplement/install/riscv-gcc -mcpu=snitch -mcmodel=small -ffast-math -fno-builtin-printf -fno-common -falign-loops=16 -ffunction-sections -Wextra -static -mllvm -misched-topdown -menable-experimental-extensions -mno-relax -march=rv32imafdvzfh_xdma_xfquarter -mabi=ilp32d -O3 -g -o CMakeFiles/test-spatzBenchmarks-online-softmax-merge-b2r.dir/online-softmax-merge/main.c.o -c /home/wxt/work-online-merge-supplement/sw/spatzBenchmarks/online-softmax-merge/main.c,B2R_RVV,A0,instructions,9071,YES,192,NA,NO_EXPLICIT_TRANSFER_PHASE,PASS,NA,4416,NA,5c2aad2f0af79dee95f8456bccddebcb8084d4b1,False,B2-R,0,a6729cab23284a7f45ea5d928850fbd01099cf12ada8eff06df8d75f5ac1cb70,main,DASM_MARKER_ENVELOPE,B2-R,13290,4.5539865012701725e-05,32,8,51.9140625,0.0006031990051269531,10000000,0.00014736815617622854,1.359465258086429e-05,21120,0,0,0,32,8,1.0,NO,AUXILIARY_COUNTER_PROFILE,51.9140625,0,N8_D32_S1_main/instructions/B2R_RVV/trial-0/simulator.log,0,YES,264,8777,4.2925245550748374e-05,20260728T161747Z_5c2aad2f_p0-anchor,16512,NA,0,8879,1,361ff71bcc241b448e49ff6d212d06a13a986e2fad861b0aa0b67e40e7a21d68,/home/wxt/spatz/hw/system/spatz_cluster/bin/spatz_cluster.vlt,TYPICAL,NA,0,NA,NA,NA,PASS,NA,PASS,128,972827b3d2c78712610e7d1a347fab2e21974966c236bbe0713cb01f34d984c8,pass,NA,131072,NA,NA,NA,NA,2026-07-28T17:07:22+00:00,N8_D32_S1_main/instructions/B2R_RVV/trial-0/instruction_trace_audit.json,980,3767,3711,192,4694,6,NA,0,192,Verilator 5.034 2025-02-24 rev v5.034,4f53cda18c2baa0c0354bb5f9a3ecbe5ed12ab4d8e11ba873c2f11161202b945,,,,,,
32,8,4608,NA,5213377ed0763c85301bb8da1068199a8cfd260f4da655f1f3cccd9b6bbeaacb,10,0.03676470588235294,4608,4416,main,main,120fa0c30199e54e6e9b5c60d8da40913eae8526640992cc5d4f130bef159775,272,hw/system/spatz_cluster/cfg/spatz_cluster.default.dram.hjson,NA,YES,clang version 14.0.6 (git@github.com:pulp-platform/llvm-project.git b494f2d8dde88723026db8ec16ac6c7ee1e140ca) | Target: riscv32-unknown-unknown-elf | Thread model: posix,bd4543bf8e88f4a1ca6e93277113ff0213edd016fafe2461e1c705010e00bb18,/home/wxt/work-online-merge-supplement/install/llvm/bin/clang -DONLINE_MERGE_COUNTER_PROFILE=1 -DONLINE_MERGE_IMPLEMENTATION_SELECT=2 -DONLINE_MERGE_STACK_LOG2=13 -DONLINE_MERGE_TRACE_PROXY=0 -I/home/wxt/work-online-merge-supplement/sw/spatzBenchmarks/include -I/home/wxt/work-online-merge-supplement/sw/snRuntime/include -I/home/wxt/work-online-merge-supplement/sw/snRuntime/vendor -I/home/wxt/work-online-merge-supplement/sw/snRuntime/../toolchain/riscv-opcodes -I/home/wxt/work-online-merge-20260728T161747Z_5c2aad2f_p0-anchor/build/spatzBenchmarks/online_merge_generated/N8_D32_S1_main_R1 -I/home/wxt/work-online-merge-supplement/sw/spatzBenchmarks/online-softmax-merge  --gcc-toolchain=/home/wxt/work-online-merge-supplement/install/riscv-gcc -mcpu=snitch -mcmodel=small -ffast-math -fno-builtin-printf -fno-common -falign-loops=16 -ffunction-sections -Wextra -static -mllvm -misched-topdown -menable-experimental-extensions -mno-relax -march=rv32imafdvzfh_xdma_xfquarter -mabi=ilp32d -O3 -g -o CMakeFiles/test-spatzBenchmarks-online-softmax-merge-b2r.dir/online-softmax-merge/main.c.o -c /home/wxt/work-online-merge-supplement/sw/spatzBenchmarks/online-softmax-merge/main.c,B2R_RVV,A0,instructions,9071,YES,192,NA,NO_EXPLICIT_TRANSFER_PHASE,PASS,NA,4416,NA,5c2aad2f0af79dee95f8456bccddebcb8084d4b1,False,B2-R,0,a6729cab23284a7f45ea5d928850fbd01099cf12ada8eff06df8d75f5ac1cb70,main,DASM_MARKER_ENVELOPE,B2-R,13290,4.5539865012701725e-05,32,8,51.9140625,0.0006031990051269531,10000000,0.00014736815617622854,1.359465258086429e-05,21120,0,0,0,32,8,1.0,NO,AUXILIARY_COUNTER_PROFILE,51.9140625,0,N8_D32_S1_main/instructions/B2R_RVV/trial-1/simulator.log,0,YES,264,8777,4.2925245550748374e-05,20260728T161747Z_5c2aad2f_p0-anchor,16512,NA,0,8879,1,361ff71bcc241b448e49ff6d212d06a13a986e2fad861b0aa0b67e40e7a21d68,/home/wxt/spatz/hw/system/spatz_cluster/bin/spatz_cluster.vlt,TYPICAL,NA,0,NA,NA,NA,PASS,NA,PASS,128,972827b3d2c78712610e7d1a347fab2e21974966c236bbe0713cb01f34d984c8,pass,NA,131072,NA,NA,NA,NA,2026-07-28T17:08:48+00:00,N8_D32_S1_main/instructions/B2R_RVV/trial-1/instruction_trace_audit.json,980,3767,3711,192,4694,6,NA,1,192,Verilator 5.034 2025-02-24 rev v5.034,4f53cda18c2baa0c0354bb5f9a3ecbe5ed12ab4d8e11ba873c2f11161202b945,,,,,,
32,8,4608,NA,5213377ed0763c85301bb8da1068199a8cfd260f4da655f1f3cccd9b6bbeaacb,10,0.03676470588235294,4608,4416,main,main,120fa0c30199e54e6e9b5c60d8da40913eae8526640992cc5d4f130bef159775,272,hw/system/spatz_cluster/cfg/spatz_cluster.default.dram.hjson,NA,YES,clang version 14.0.6 (git@github.com:pulp-platform/llvm-project.git b494f2d8dde88723026db8ec16ac6c7ee1e140ca) | Target: riscv32-unknown-unknown-elf | Thread model: posix,bd4543bf8e88f4a1ca6e93277113ff0213edd016fafe2461e1c705010e00bb18,/home/wxt/work-online-merge-supplement/install/llvm/bin/clang -DONLINE_MERGE_COUNTER_PROFILE=1 -DONLINE_MERGE_IMPLEMENTATION_SELECT=2 -DONLINE_MERGE_STACK_LOG2=13 -DONLINE_MERGE_TRACE_PROXY=0 -I/home/wxt/work-online-merge-supplement/sw/spatzBenchmarks/include -I/home/wxt/work-online-merge-supplement/sw/snRuntime/include -I/home/wxt/work-online-merge-supplement/sw/snRuntime/vendor -I/home/wxt/work-online-merge-supplement/sw/snRuntime/../toolchain/riscv-opcodes -I/home/wxt/work-online-merge-20260728T161747Z_5c2aad2f_p0-anchor/build/spatzBenchmarks/online_merge_generated/N8_D32_S1_main_R1 -I/home/wxt/work-online-merge-supplement/sw/spatzBenchmarks/online-softmax-merge  --gcc-toolchain=/home/wxt/work-online-merge-supplement/install/riscv-gcc -mcpu=snitch -mcmodel=small -ffast-math -fno-builtin-printf -fno-common -falign-loops=16 -ffunction-sections -Wextra -static -mllvm -misched-topdown -menable-experimental-extensions -mno-relax -march=rv32imafdvzfh_xdma_xfquarter -mabi=ilp32d -O3 -g -o CMakeFiles/test-spatzBenchmarks-online-softmax-merge-b2r.dir/online-softmax-merge/main.c.o -c /home/wxt/work-online-merge-supplement/sw/spatzBenchmarks/online-softmax-merge/main.c,B2R_RVV,A0,instructions,9071,YES,192,NA,NO_EXPLICIT_TRANSFER_PHASE,PASS,NA,4416,NA,5c2aad2f0af79dee95f8456bccddebcb8084d4b1,False,B2-R,0,a6729cab23284a7f45ea5d928850fbd01099cf12ada8eff06df8d75f5ac1cb70,main,DASM_MARKER_ENVELOPE,B2-R,13290,4.5539865012701725e-05,32,8,51.9140625,0.0006031990051269531,10000000,0.00014736815617622854,1.359465258086429e-05,21120,0,0,0,32,8,1.0,NO,AUXILIARY_COUNTER_PROFILE,51.9140625,0,N8_D32_S1_main/instructions/B2R_RVV/trial-2/simulator.log,0,YES,264,8777,4.2925245550748374e-05,20260728T161747Z_5c2aad2f_p0-anchor,16512,NA,0,8879,1,361ff71bcc241b448e49ff6d212d06a13a986e2fad861b0aa0b67e40e7a21d68,/home/wxt/spatz/hw/system/spatz_cluster/bin/spatz_cluster.vlt,TYPICAL,NA,0,NA,NA,NA,PASS,NA,PASS,128,972827b3d2c78712610e7d1a347fab2e21974966c236bbe0713cb01f34d984c8,pass,NA,131072,NA,NA,NA,NA,2026-07-28T17:10:13+00:00,N8_D32_S1_main/instructions/B2R_RVV/trial-2/instruction_trace_audit.json,980,3767,3711,192,4694,6,NA,2,192,Verilator 5.034 2025-02-24 rev v5.034,4f53cda18c2baa0c0354bb5f9a3ecbe5ed12ab4d8e11ba873c2f11161202b945,,,,,,
32,8,4608,NA,01c0cb77665ac9a0c15d5670fa1faeca5adb4e236a8f6a2abac69162dec3e8c7,10,0.03676470588235294,4608,4416,main,main,120fa0c30199e54e6e9b5c60d8da40913eae8526640992cc5d4f130bef159775,272,hw/system/spatz_cluster/cfg/spatz_cluster.default.dram.hjson,2491,YES,clang version 14.0.6 (git@github.com:pulp-platform/llvm-project.git b494f2d8dde88723026db8ec16ac6c7ee1e140ca) | Target: riscv32-unknown-unknown-elf | Thread model: posix,bd4543bf8e88f4a1ca6e93277113ff0213edd016fafe2461e1c705010e00bb18,/home/wxt/work-online-merge-supplement/install/llvm/bin/clang -DONLINE_MERGE_COUNTER_PROFILE=1 -DONLINE_MERGE_IMPLEMENTATION_SELECT=4 -DONLINE_MERGE_STACK_LOG2=13 -DONLINE_MERGE_TRACE_PROXY=0 -I/home/wxt/work-online-merge-supplement/sw/spatzBenchmarks/include -I/home/wxt/work-online-merge-supplement/sw/snRuntime/include -I/home/wxt/work-online-merge-supplement/sw/snRuntime/vendor -I/home/wxt/work-online-merge-supplement/sw/snRuntime/../toolchain/riscv-opcodes -I/home/wxt/work-online-merge-20260728T161747Z_5c2aad2f_p0-anchor/build/spatzBenchmarks/online_merge_generated/N8_D32_S1_main_R1 -I/home/wxt/work-online-merge-supplement/sw/spatzBenchmarks/online-softmax-merge  --gcc-toolchain=/home/wxt/work-online-merge-supplement/install/riscv-gcc -mcpu=snitch -mcmodel=small -ffast-math -fno-builtin-printf -fno-common -falign-loops=16 -ffunction-sections -Wextra -static -mllvm -misched-topdown -menable-experimental-extensions -mno-relax -march=rv32imafdvzfh_xdma_xfquarter -mabi=ilp32d -O3 -g -o CMakeFiles/test-spatzBenchmarks-online-softmax-merge-a1.dir/online-softmax-merge/main.c.o -c /home/wxt/work-online-merge-supplement/sw/spatzBenchmarks/online-softmax-merge/main.c,A1_SMU_SCALAR,NA,instructions,1753,YES,192,NA,NO_EXPLICIT_TRANSFER_PHASE,PASS,NA,4416,PASS,5c2aad2f0af79dee95f8456bccddebcb8084d4b1,False,A1,0,a6729cab23284a7f45ea5d928850fbd01099cf12ada8eff06df8d75f5ac1cb70,main,DASM_MARKER_ENVELOPE,A1,2683,4.5539865012701725e-05,32,8,10.48046875,0.0006031990051269531,10000000,0.00014736815617622854,1.359465258086429e-05,21120,0,0,0,32,8,1.0,NO,AUXILIARY_COUNTER_PROFILE,10.48046875,0,N8_D32_S1_main/instructions/A1_SMU_SCALAR/trial-0/simulator.log,0,YES,40,1565,4.2925245550748374e-05,20260728T161747Z_5c2aad2f_p0-anchor,16512,1128,1,1561,1,361ff71bcc241b448e49ff6d212d06a13a986e2fad861b0aa0b67e40e7a21d68,/home/wxt/spatz/hw/system/spatz_cluster/bin/spatz_cluster.vlt,TYPICAL,192,1,1555,NA,NA,PASS,NA,PASS,128,523690cee3edbdbfcd5e8f984857d4baf1952b9a0126e02f808d840b39ba6a43,pass,NA,131072,NA,NA,NA,NA,2026-07-28T17:11:39+00:00,N8_D32_S1_main/instructions/A1_SMU_SCALAR/trial-0/instruction_trace_audit.json,1254,519,770,192,NA,9,NA,0,192,Verilator 5.034 2025-02-24 rev v5.034,4f53cda18c2baa0c0354bb5f9a3ecbe5ed12ab4d8e11ba873c2f11161202b945,8,8,104,1,72,0
32,8,4608,NA,01c0cb77665ac9a0c15d5670fa1faeca5adb4e236a8f6a2abac69162dec3e8c7,10,0.03676470588235294,4608,4416,main,main,120fa0c30199e54e6e9b5c60d8da40913eae8526640992cc5d4f130bef159775,272,hw/system/spatz_cluster/cfg/spatz_cluster.default.dram.hjson,2491,YES,clang version 14.0.6 (git@github.com:pulp-platform/llvm-project.git b494f2d8dde88723026db8ec16ac6c7ee1e140ca) | Target: riscv32-unknown-unknown-elf | Thread model: posix,bd4543bf8e88f4a1ca6e93277113ff0213edd016fafe2461e1c705010e00bb18,/home/wxt/work-online-merge-supplement/install/llvm/bin/clang -DONLINE_MERGE_COUNTER_PROFILE=1 -DONLINE_MERGE_IMPLEMENTATION_SELECT=4 -DONLINE_MERGE_STACK_LOG2=13 -DONLINE_MERGE_TRACE_PROXY=0 -I/home/wxt/work-online-merge-supplement/sw/spatzBenchmarks/include -I/home/wxt/work-online-merge-supplement/sw/snRuntime/include -I/home/wxt/work-online-merge-supplement/sw/snRuntime/vendor -I/home/wxt/work-online-merge-supplement/sw/snRuntime/../toolchain/riscv-opcodes -I/home/wxt/work-online-merge-20260728T161747Z_5c2aad2f_p0-anchor/build/spatzBenchmarks/online_merge_generated/N8_D32_S1_main_R1 -I/home/wxt/work-online-merge-supplement/sw/spatzBenchmarks/online-softmax-merge  --gcc-toolchain=/home/wxt/work-online-merge-supplement/install/riscv-gcc -mcpu=snitch -mcmodel=small -ffast-math -fno-builtin-printf -fno-common -falign-loops=16 -ffunction-sections -Wextra -static -mllvm -misched-topdown -menable-experimental-extensions -mno-relax -march=rv32imafdvzfh_xdma_xfquarter -mabi=ilp32d -O3 -g -o CMakeFiles/test-spatzBenchmarks-online-softmax-merge-a1.dir/online-softmax-merge/main.c.o -c /home/wxt/work-online-merge-supplement/sw/spatzBenchmarks/online-softmax-merge/main.c,A1_SMU_SCALAR,NA,instructions,1753,YES,192,NA,NO_EXPLICIT_TRANSFER_PHASE,PASS,NA,4416,PASS,5c2aad2f0af79dee95f8456bccddebcb8084d4b1,False,A1,0,a6729cab23284a7f45ea5d928850fbd01099cf12ada8eff06df8d75f5ac1cb70,main,DASM_MARKER_ENVELOPE,A1,2683,4.5539865012701725e-05,32,8,10.48046875,0.0006031990051269531,10000000,0.00014736815617622854,1.359465258086429e-05,21120,0,0,0,32,8,1.0,NO,AUXILIARY_COUNTER_PROFILE,10.48046875,0,N8_D32_S1_main/instructions/A1_SMU_SCALAR/trial-1/simulator.log,0,YES,40,1565,4.2925245550748374e-05,20260728T161747Z_5c2aad2f_p0-anchor,16512,1128,1,1561,1,361ff71bcc241b448e49ff6d212d06a13a986e2fad861b0aa0b67e40e7a21d68,/home/wxt/spatz/hw/system/spatz_cluster/bin/spatz_cluster.vlt,TYPICAL,192,1,1555,NA,NA,PASS,NA,PASS,128,523690cee3edbdbfcd5e8f984857d4baf1952b9a0126e02f808d840b39ba6a43,pass,NA,131072,NA,NA,NA,NA,2026-07-28T17:12:55+00:00,N8_D32_S1_main/instructions/A1_SMU_SCALAR/trial-1/instruction_trace_audit.json,1254,519,770,192,NA,9,NA,1,192,Verilator 5.034 2025-02-24 rev v5.034,4f53cda18c2baa0c0354bb5f9a3ecbe5ed12ab4d8e11ba873c2f11161202b945,8,8,104,1,72,0
32,8,4608,NA,01c0cb77665ac9a0c15d5670fa1faeca5adb4e236a8f6a2abac69162dec3e8c7,10,0.03676470588235294,4608,4416,main,main,120fa0c30199e54e6e9b5c60d8da40913eae8526640992cc5d4f130bef159775,272,hw/system/spatz_cluster/cfg/spatz_cluster.default.dram.hjson,2491,YES,clang version 14.0.6 (git@github.com:pulp-platform/llvm-project.git b494f2d8dde88723026db8ec16ac6c7ee1e140ca) | Target: riscv32-unknown-unknown-elf | Thread model: posix,bd4543bf8e88f4a1ca6e93277113ff0213edd016fafe2461e1c705010e00bb18,/home/wxt/work-online-merge-supplement/install/llvm/bin/clang -DONLINE_MERGE_COUNTER_PROFILE=1 -DONLINE_MERGE_IMPLEMENTATION_SELECT=4 -DONLINE_MERGE_STACK_LOG2=13 -DONLINE_MERGE_TRACE_PROXY=0 -I/home/wxt/work-online-merge-supplement/sw/spatzBenchmarks/include -I/home/wxt/work-online-merge-supplement/sw/snRuntime/include -I/home/wxt/work-online-merge-supplement/sw/snRuntime/vendor -I/home/wxt/work-online-merge-supplement/sw/snRuntime/../toolchain/riscv-opcodes -I/home/wxt/work-online-merge-20260728T161747Z_5c2aad2f_p0-anchor/build/spatzBenchmarks/online_merge_generated/N8_D32_S1_main_R1 -I/home/wxt/work-online-merge-supplement/sw/spatzBenchmarks/online-softmax-merge  --gcc-toolchain=/home/wxt/work-online-merge-supplement/install/riscv-gcc -mcpu=snitch -mcmodel=small -ffast-math -fno-builtin-printf -fno-common -falign-loops=16 -ffunction-sections -Wextra -static -mllvm -misched-topdown -menable-experimental-extensions -mno-relax -march=rv32imafdvzfh_xdma_xfquarter -mabi=ilp32d -O3 -g -o CMakeFiles/test-spatzBenchmarks-online-softmax-merge-a1.dir/online-softmax-merge/main.c.o -c /home/wxt/work-online-merge-supplement/sw/spatzBenchmarks/online-softmax-merge/main.c,A1_SMU_SCALAR,NA,instructions,1753,YES,192,NA,NO_EXPLICIT_TRANSFER_PHASE,PASS,NA,4416,PASS,5c2aad2f0af79dee95f8456bccddebcb8084d4b1,False,A1,0,a6729cab23284a7f45ea5d928850fbd01099cf12ada8eff06df8d75f5ac1cb70,main,DASM_MARKER_ENVELOPE,A1,2683,4.5539865012701725e-05,32,8,10.48046875,0.0006031990051269531,10000000,0.00014736815617622854,1.359465258086429e-05,21120,0,0,0,32,8,1.0,NO,AUXILIARY_COUNTER_PROFILE,10.48046875,0,N8_D32_S1_main/instructions/A1_SMU_SCALAR/trial-2/simulator.log,0,YES,40,1565,4.2925245550748374e-05,20260728T161747Z_5c2aad2f_p0-anchor,16512,1128,1,1561,1,361ff71bcc241b448e49ff6d212d06a13a986e2fad861b0aa0b67e40e7a21d68,/home/wxt/spatz/hw/system/spatz_cluster/bin/spatz_cluster.vlt,TYPICAL,192,1,1555,NA,NA,PASS,NA,PASS,128,523690cee3edbdbfcd5e8f984857d4baf1952b9a0126e02f808d840b39ba6a43,pass,NA,131072,NA,NA,NA,NA,2026-07-28T17:14:11+00:00,N8_D32_S1_main/instructions/A1_SMU_SCALAR/trial-2/instruction_trace_audit.json,1254,519,770,192,NA,9,NA,2,192,Verilator 5.034 2025-02-24 rev v5.034,4f53cda18c2baa0c0354bb5f9a3ecbe5ed12ab4d8e11ba873c2f11161202b945,8,8,104,1,72,0
32,8,4608,NA,e850b24537b81d2a82d743795069a1dbaa0d09caf3fe9c17bb124003cab56646,11,0.04044117647058824,4608,4416,main,main,120fa0c30199e54e6e9b5c60d8da40913eae8526640992cc5d4f130bef159775,272,hw/system/spatz_cluster/cfg/spatz_cluster.default.dram.hjson,1297,YES,clang version 14.0.6 (git@github.com:pulp-platform/llvm-project.git b494f2d8dde88723026db8ec16ac6c7ee1e140ca) | Target: riscv32-unknown-unknown-elf | Thread model: posix,bd4543bf8e88f4a1ca6e93277113ff0213edd016fafe2461e1c705010e00bb18,/home/wxt/work-online-merge-supplement/install/llvm/bin/clang -DONLINE_MERGE_COUNTER_PROFILE=1 -DONLINE_MERGE_IMPLEMENTATION_SELECT=3 -DONLINE_MERGE_STACK_LOG2=13 -DONLINE_MERGE_TRACE_PROXY=0 -I/home/wxt/work-online-merge-supplement/sw/spatzBenchmarks/include -I/home/wxt/work-online-merge-supplement/sw/snRuntime/include -I/home/wxt/work-online-merge-supplement/sw/snRuntime/vendor -I/home/wxt/work-online-merge-supplement/sw/snRuntime/../toolchain/riscv-opcodes -I/home/wxt/work-online-merge-20260728T161747Z_5c2aad2f_p0-anchor/build/spatzBenchmarks/online_merge_generated/N8_D32_S1_main_R1 -I/home/wxt/work-online-merge-supplement/sw/spatzBenchmarks/online-softmax-merge  --gcc-toolchain=/home/wxt/work-online-merge-supplement/install/riscv-gcc -mcpu=snitch -mcmodel=small -ffast-math -fno-builtin-printf -fno-common -falign-loops=16 -ffunction-sections -Wextra -static -mllvm -misched-topdown -menable-experimental-extensions -mno-relax -march=rv32imafdvzfh_xdma_xfquarter -mabi=ilp32d -O3 -g -o CMakeFiles/test-spatzBenchmarks-online-softmax-merge-a2.dir/online-softmax-merge/main.c.o -c /home/wxt/work-online-merge-supplement/sw/spatzBenchmarks/online-softmax-merge/main.c,A2_SMU_FULL,A2,instructions,2258,YES,0,NA,NO_EXPLICIT_TRANSFER_PHASE,PASS,NA,4416,PASS,5c2aad2f0af79dee95f8456bccddebcb8084d4b1,False,B3,0,a6729cab23284a7f45ea5d928850fbd01099cf12ada8eff06df8d75f5ac1cb70,main,DASM_MARKER_ENVELOPE,B3,3520,4.554134736789027e-05,32,8,13.75,0.0006031990051269531,10000000,0.00014736815617622854,1.3598973643692101e-05,21120,0,0,0,32,8,1.0,NO,AUXILIARY_COUNTER_PROFILE,13.75,0,N8_D32_S1_main/instructions/A2_SMU_FULL/trial-0/simulator.log,0,YES,0,1845,4.292664279820275e-05,20260728T161747Z_5c2aad2f_p0-anchor,16512,NA,1,2258,1,361ff71bcc241b448e49ff6d212d06a13a986e2fad861b0aa0b67e40e7a21d68,/home/wxt/spatz/hw/system/spatz_cluster/bin/spatz_cluster.vlt,TYPICAL,2223,1,NA,NA,NA,PASS,NA,PASS,128,3819eb9690782026d3dbd8299b6709b95812d0be8c903c5249bb7246eb0cf193,pass,NA,131072,NA,NA,NA,NA,2026-07-28T17:15:28+00:00,N8_D32_S1_main/instructions/A2_SMU_FULL/trial-0/instruction_trace_audit.json,2426,382,749,NA,NA,6,NA,0,0,Verilator 5.034 2025-02-24 rev v5.034,4f53cda18c2baa0c0354bb5f9a3ecbe5ed12ab4d8e11ba873c2f11161202b945,8,8,104,1,40,2063
32,8,4608,NA,e850b24537b81d2a82d743795069a1dbaa0d09caf3fe9c17bb124003cab56646,11,0.04044117647058824,4608,4416,main,main,120fa0c30199e54e6e9b5c60d8da40913eae8526640992cc5d4f130bef159775,272,hw/system/spatz_cluster/cfg/spatz_cluster.default.dram.hjson,1297,YES,clang version 14.0.6 (git@github.com:pulp-platform/llvm-project.git b494f2d8dde88723026db8ec16ac6c7ee1e140ca) | Target: riscv32-unknown-unknown-elf | Thread model: posix,bd4543bf8e88f4a1ca6e93277113ff0213edd016fafe2461e1c705010e00bb18,/home/wxt/work-online-merge-supplement/install/llvm/bin/clang -DONLINE_MERGE_COUNTER_PROFILE=1 -DONLINE_MERGE_IMPLEMENTATION_SELECT=3 -DONLINE_MERGE_STACK_LOG2=13 -DONLINE_MERGE_TRACE_PROXY=0 -I/home/wxt/work-online-merge-supplement/sw/spatzBenchmarks/include -I/home/wxt/work-online-merge-supplement/sw/snRuntime/include -I/home/wxt/work-online-merge-supplement/sw/snRuntime/vendor -I/home/wxt/work-online-merge-supplement/sw/snRuntime/../toolchain/riscv-opcodes -I/home/wxt/work-online-merge-20260728T161747Z_5c2aad2f_p0-anchor/build/spatzBenchmarks/online_merge_generated/N8_D32_S1_main_R1 -I/home/wxt/work-online-merge-supplement/sw/spatzBenchmarks/online-softmax-merge  --gcc-toolchain=/home/wxt/work-online-merge-supplement/install/riscv-gcc -mcpu=snitch -mcmodel=small -ffast-math -fno-builtin-printf -fno-common -falign-loops=16 -ffunction-sections -Wextra -static -mllvm -misched-topdown -menable-experimental-extensions -mno-relax -march=rv32imafdvzfh_xdma_xfquarter -mabi=ilp32d -O3 -g -o CMakeFiles/test-spatzBenchmarks-online-softmax-merge-a2.dir/online-softmax-merge/main.c.o -c /home/wxt/work-online-merge-supplement/sw/spatzBenchmarks/online-softmax-merge/main.c,A2_SMU_FULL,A2,instructions,2258,YES,0,NA,NO_EXPLICIT_TRANSFER_PHASE,PASS,NA,4416,PASS,5c2aad2f0af79dee95f8456bccddebcb8084d4b1,False,B3,0,a6729cab23284a7f45ea5d928850fbd01099cf12ada8eff06df8d75f5ac1cb70,main,DASM_MARKER_ENVELOPE,B3,3520,4.554134736789027e-05,32,8,13.75,0.0006031990051269531,10000000,0.00014736815617622854,1.3598973643692101e-05,21120,0,0,0,32,8,1.0,NO,AUXILIARY_COUNTER_PROFILE,13.75,0,N8_D32_S1_main/instructions/A2_SMU_FULL/trial-1/simulator.log,0,YES,0,1845,4.292664279820275e-05,20260728T161747Z_5c2aad2f_p0-anchor,16512,NA,1,2258,1,361ff71bcc241b448e49ff6d212d06a13a986e2fad861b0aa0b67e40e7a21d68,/home/wxt/spatz/hw/system/spatz_cluster/bin/spatz_cluster.vlt,TYPICAL,2223,1,NA,NA,NA,PASS,NA,PASS,128,3819eb9690782026d3dbd8299b6709b95812d0be8c903c5249bb7246eb0cf193,pass,NA,131072,NA,NA,NA,NA,2026-07-28T17:16:42+00:00,N8_D32_S1_main/instructions/A2_SMU_FULL/trial-1/instruction_trace_audit.json,2426,382,749,NA,NA,6,NA,1,0,Verilator 5.034 2025-02-24 rev v5.034,4f53cda18c2baa0c0354bb5f9a3ecbe5ed12ab4d8e11ba873c2f11161202b945,8,8,104,1,40,2063
32,8,4608,NA,e850b24537b81d2a82d743795069a1dbaa0d09caf3fe9c17bb124003cab56646,11,0.04044117647058824,4608,4416,main,main,120fa0c30199e54e6e9b5c60d8da40913eae8526640992cc5d4f130bef159775,272,hw/system/spatz_cluster/cfg/spatz_cluster.default.dram.hjson,1297,YES,clang version 14.0.6 (git@github.com:pulp-platform/llvm-project.git b494f2d8dde88723026db8ec16ac6c7ee1e140ca) | Target: riscv32-unknown-unknown-elf | Thread model: posix,bd4543bf8e88f4a1ca6e93277113ff0213edd016fafe2461e1c705010e00bb18,/home/wxt/work-online-merge-supplement/install/llvm/bin/clang -DONLINE_MERGE_COUNTER_PROFILE=1 -DONLINE_MERGE_IMPLEMENTATION_SELECT=3 -DONLINE_MERGE_STACK_LOG2=13 -DONLINE_MERGE_TRACE_PROXY=0 -I/home/wxt/work-online-merge-supplement/sw/spatzBenchmarks/include -I/home/wxt/work-online-merge-supplement/sw/snRuntime/include -I/home/wxt/work-online-merge-supplement/sw/snRuntime/vendor -I/home/wxt/work-online-merge-supplement/sw/snRuntime/../toolchain/riscv-opcodes -I/home/wxt/work-online-merge-20260728T161747Z_5c2aad2f_p0-anchor/build/spatzBenchmarks/online_merge_generated/N8_D32_S1_main_R1 -I/home/wxt/work-online-merge-supplement/sw/spatzBenchmarks/online-softmax-merge  --gcc-toolchain=/home/wxt/work-online-merge-supplement/install/riscv-gcc -mcpu=snitch -mcmodel=small -ffast-math -fno-builtin-printf -fno-common -falign-loops=16 -ffunction-sections -Wextra -static -mllvm -misched-topdown -menable-experimental-extensions -mno-relax -march=rv32imafdvzfh_xdma_xfquarter -mabi=ilp32d -O3 -g -o CMakeFiles/test-spatzBenchmarks-online-softmax-merge-a2.dir/online-softmax-merge/main.c.o -c /home/wxt/work-online-merge-supplement/sw/spatzBenchmarks/online-softmax-merge/main.c,A2_SMU_FULL,A2,instructions,2258,YES,0,NA,NO_EXPLICIT_TRANSFER_PHASE,PASS,NA,4416,PASS,5c2aad2f0af79dee95f8456bccddebcb8084d4b1,False,B3,0,a6729cab23284a7f45ea5d928850fbd01099cf12ada8eff06df8d75f5ac1cb70,main,DASM_MARKER_ENVELOPE,B3,3520,4.554134736789027e-05,32,8,13.75,0.0006031990051269531,10000000,0.00014736815617622854,1.3598973643692101e-05,21120,0,0,0,32,8,1.0,NO,AUXILIARY_COUNTER_PROFILE,13.75,0,N8_D32_S1_main/instructions/A2_SMU_FULL/trial-2/simulator.log,0,YES,0,1845,4.292664279820275e-05,20260728T161747Z_5c2aad2f_p0-anchor,16512,NA,1,2258,1,361ff71bcc241b448e49ff6d212d06a13a986e2fad861b0aa0b67e40e7a21d68,/home/wxt/spatz/hw/system/spatz_cluster/bin/spatz_cluster.vlt,TYPICAL,2223,1,NA,NA,NA,PASS,NA,PASS,128,3819eb9690782026d3dbd8299b6709b95812d0be8c903c5249bb7246eb0cf193,pass,NA,131072,NA,NA,NA,NA,2026-07-28T17:17:57+00:00,N8_D32_S1_main/instructions/A2_SMU_FULL/trial-2/instruction_trace_audit.json,2426,382,749,NA,NA,6,NA,2,0,Verilator 5.034 2025-02-24 rev v5.034,4f53cda18c2baa0c0354bb5f9a3ecbe5ed12ab4d8e11ba873c2f11161202b945,8,8,104,1,40,2063
64,16,17152,NA,005ee6afa8aac7d1140750ab7a2c6bfcca294c76a1475a8ef1f3121e5b7e501a,26,0.02462121212121212,17152,17024,main,main,120fa0c30199e54e6e9b5c60d8da40913eae8526640992cc5d4f130bef159775,1056,hw/system/spatz_cluster/cfg/spatz_cluster.default.dram.hjson,NA,YES,clang version 14.0.6 (git@github.com:pulp-platform/llvm-project.git b494f2d8dde88723026db8ec16ac6c7ee1e140ca) | Target: riscv32-unknown-unknown-elf | Thread model: posix,37ef82bb034f2bd9ac017e80af60f29c0c1fd48221c84fbc6c419010a2d07e0e,/home/wxt/work-online-merge-supplement/install/llvm/bin/clang -DONLINE_MERGE_COUNTER_PROFILE=0 -DONLINE_MERGE_IMPLEMENTATION_SELECT=1 -DONLINE_MERGE_STACK_LOG2=13 -DONLINE_MERGE_TRACE_PROXY=0 -I/home/wxt/work-online-merge-supplement/sw/spatzBenchmarks/include -I/home/wxt/work-online-merge-supplement/sw/snRuntime/include -I/home/wxt/work-online-merge-supplement/sw/snRuntime/vendor -I/home/wxt/work-online-merge-supplement/sw/snRuntime/../toolchain/riscv-opcodes -I/home/wxt/work-online-merge-20260728T161747Z_5c2aad2f_p0-anchor/build/spatzBenchmarks/online_merge_generated/N16_D64_S1_main_R1 -I/home/wxt/work-online-merge-supplement/sw/spatzBenchmarks/online-softmax-merge  --gcc-toolchain=/home/wxt/work-online-merge-supplement/install/riscv-gcc -mcpu=snitch -mcmodel=small -ffast-math -fno-builtin-printf -fno-common -falign-loops=16 -ffunction-sections -Wextra -static -mllvm -misched-topdown -menable-experimental-extensions -mno-relax -march=rv32imafdvzfh_xdma_xfquarter -mabi=ilp32d -O3 -g -o CMakeFiles/test-spatzBenchmarks-online-softmax-merge-b1.dir/online-softmax-merge/main.c.o -c /home/wxt/work-online-merge-supplement/sw/spatzBenchmarks/online-softmax-merge/main.c,B1_SCALAR,NA,memory,296361,YES,0,NA,NO_EXPLICIT_TRANSFER_PHASE,PASS,NA,17024,NA,5c2aad2f0af79dee95f8456bccddebcb8084d4b1,False,B1,0,2e988bc21ef578d746579ad77c2ec9aebf503112367514ae34f3dd01d95e8fd7,main,DASM_MARKER_ENVELOPE,B1,372649,1.665997456356637e-05,64,16,363.9150390625,0.0002593994140625,50000000,0.00016185392734602858,5.093020401104833e-06,33664,0,0,0,64,16,1.0,YES,NA,363.9150390625,0,N16_D64_S1_main/memory/B1_SCALAR/trial-0/simulator.log,0,YES,NA,NA,1.4074919728431836e-05,20260728T161747Z_5c2aad2f_p0-anchor,16512,NA,0,296361,1,361ff71bcc241b448e49ff6d212d06a13a986e2fad861b0aa0b67e40e7a21d68,/home/wxt/spatz/hw/system/spatz_cluster/bin/spatz_cluster.vlt,LARGE,NA,0,NA,NA,NA,PASS,NA,PASS,256,846b2113519478bcfa0b412634539c1b092f1fde82faa6146e868c657e1af493,pass,4057,131072,0,NA,NA,NA,2026-07-28T17:19:12+00:00,N16_D64_S1_main/memory/B1_SCALAR/trial-0/instruction_trace_audit.json,9692,114912,118017,NA,130082,6,NA,0,0,Verilator 5.034 2025-02-24 rev v5.034,4f53cda18c2baa0c0354bb5f9a3ecbe5ed12ab4d8e11ba873c2f11161202b945,,,,,,
64,16,17152,NA,005ee6afa8aac7d1140750ab7a2c6bfcca294c76a1475a8ef1f3121e5b7e501a,26,0.02462121212121212,17152,17024,main,main,120fa0c30199e54e6e9b5c60d8da40913eae8526640992cc5d4f130bef159775,1056,hw/system/spatz_cluster/cfg/spatz_cluster.default.dram.hjson,NA,YES,clang version 14.0.6 (git@github.com:pulp-platform/llvm-project.git b494f2d8dde88723026db8ec16ac6c7ee1e140ca) | Target: riscv32-unknown-unknown-elf | Thread model: posix,37ef82bb034f2bd9ac017e80af60f29c0c1fd48221c84fbc6c419010a2d07e0e,/home/wxt/work-online-merge-supplement/install/llvm/bin/clang -DONLINE_MERGE_COUNTER_PROFILE=0 -DONLINE_MERGE_IMPLEMENTATION_SELECT=1 -DONLINE_MERGE_STACK_LOG2=13 -DONLINE_MERGE_TRACE_PROXY=0 -I/home/wxt/work-online-merge-supplement/sw/spatzBenchmarks/include -I/home/wxt/work-online-merge-supplement/sw/snRuntime/include -I/home/wxt/work-online-merge-supplement/sw/snRuntime/vendor -I/home/wxt/work-online-merge-supplement/sw/snRuntime/../toolchain/riscv-opcodes -I/home/wxt/work-online-merge-20260728T161747Z_5c2aad2f_p0-anchor/build/spatzBenchmarks/online_merge_generated/N16_D64_S1_main_R1 -I/home/wxt/work-online-merge-supplement/sw/spatzBenchmarks/online-softmax-merge  --gcc-toolchain=/home/wxt/work-online-merge-supplement/install/riscv-gcc -mcpu=snitch -mcmodel=small -ffast-math -fno-builtin-printf -fno-common -falign-loops=16 -ffunction-sections -Wextra -static -mllvm -misched-topdown -menable-experimental-extensions -mno-relax -march=rv32imafdvzfh_xdma_xfquarter -mabi=ilp32d -O3 -g -o CMakeFiles/test-spatzBenchmarks-online-softmax-merge-b1.dir/online-softmax-merge/main.c.o -c /home/wxt/work-online-merge-supplement/sw/spatzBenchmarks/online-softmax-merge/main.c,B1_SCALAR,NA,memory,296361,YES,0,NA,NO_EXPLICIT_TRANSFER_PHASE,PASS,NA,17024,NA,5c2aad2f0af79dee95f8456bccddebcb8084d4b1,False,B1,0,2e988bc21ef578d746579ad77c2ec9aebf503112367514ae34f3dd01d95e8fd7,main,DASM_MARKER_ENVELOPE,B1,372649,1.665997456356637e-05,64,16,363.9150390625,0.0002593994140625,50000000,0.00016185392734602858,5.093020401104833e-06,33664,0,0,0,64,16,1.0,YES,NA,363.9150390625,0,N16_D64_S1_main/memory/B1_SCALAR/trial-1/simulator.log,0,YES,NA,NA,1.4074919728431836e-05,20260728T161747Z_5c2aad2f_p0-anchor,16512,NA,0,296361,1,361ff71bcc241b448e49ff6d212d06a13a986e2fad861b0aa0b67e40e7a21d68,/home/wxt/spatz/hw/system/spatz_cluster/bin/spatz_cluster.vlt,LARGE,NA,0,NA,NA,NA,PASS,NA,PASS,256,846b2113519478bcfa0b412634539c1b092f1fde82faa6146e868c657e1af493,pass,4057,131072,0,NA,NA,NA,2026-07-28T17:26:17+00:00,N16_D64_S1_main/memory/B1_SCALAR/trial-1/instruction_trace_audit.json,9692,114912,118017,NA,130082,6,NA,1,0,Verilator 5.034 2025-02-24 rev v5.034,4f53cda18c2baa0c0354bb5f9a3ecbe5ed12ab4d8e11ba873c2f11161202b945,,,,,,
64,16,17152,NA,005ee6afa8aac7d1140750ab7a2c6bfcca294c76a1475a8ef1f3121e5b7e501a,26,0.02462121212121212,17152,17024,main,main,120fa0c30199e54e6e9b5c60d8da40913eae8526640992cc5d4f130bef159775,1056,hw/system/spatz_cluster/cfg/spatz_cluster.default.dram.hjson,NA,YES,clang version 14.0.6 (git@github.com:pulp-platform/llvm-project.git b494f2d8dde88723026db8ec16ac6c7ee1e140ca) | Target: riscv32-unknown-unknown-elf | Thread model: posix,37ef82bb034f2bd9ac017e80af60f29c0c1fd48221c84fbc6c419010a2d07e0e,/home/wxt/work-online-merge-supplement/install/llvm/bin/clang -DONLINE_MERGE_COUNTER_PROFILE=0 -DONLINE_MERGE_IMPLEMENTATION_SELECT=1 -DONLINE_MERGE_STACK_LOG2=13 -DONLINE_MERGE_TRACE_PROXY=0 -I/home/wxt/work-online-merge-supplement/sw/spatzBenchmarks/include -I/home/wxt/work-online-merge-supplement/sw/snRuntime/include -I/home/wxt/work-online-merge-supplement/sw/snRuntime/vendor -I/home/wxt/work-online-merge-supplement/sw/snRuntime/../toolchain/riscv-opcodes -I/home/wxt/work-online-merge-20260728T161747Z_5c2aad2f_p0-anchor/build/spatzBenchmarks/online_merge_generated/N16_D64_S1_main_R1 -I/home/wxt/work-online-merge-supplement/sw/spatzBenchmarks/online-softmax-merge  --gcc-toolchain=/home/wxt/work-online-merge-supplement/install/riscv-gcc -mcpu=snitch -mcmodel=small -ffast-math -fno-builtin-printf -fno-common -falign-loops=16 -ffunction-sections -Wextra -static -mllvm -misched-topdown -menable-experimental-extensions -mno-relax -march=rv32imafdvzfh_xdma_xfquarter -mabi=ilp32d -O3 -g -o CMakeFiles/test-spatzBenchmarks-online-softmax-merge-b1.dir/online-softmax-merge/main.c.o -c /home/wxt/work-online-merge-supplement/sw/spatzBenchmarks/online-softmax-merge/main.c,B1_SCALAR,NA,memory,296361,YES,0,NA,NO_EXPLICIT_TRANSFER_PHASE,PASS,NA,17024,NA,5c2aad2f0af79dee95f8456bccddebcb8084d4b1,False,B1,0,2e988bc21ef578d746579ad77c2ec9aebf503112367514ae34f3dd01d95e8fd7,main,DASM_MARKER_ENVELOPE,B1,372649,1.665997456356637e-05,64,16,363.9150390625,0.0002593994140625,50000000,0.00016185392734602858,5.093020401104833e-06,33664,0,0,0,64,16,1.0,YES,NA,363.9150390625,0,N16_D64_S1_main/memory/B1_SCALAR/trial-2/simulator.log,0,YES,NA,NA,1.4074919728431836e-05,20260728T161747Z_5c2aad2f_p0-anchor,16512,NA,0,296361,1,361ff71bcc241b448e49ff6d212d06a13a986e2fad861b0aa0b67e40e7a21d68,/home/wxt/spatz/hw/system/spatz_cluster/bin/spatz_cluster.vlt,LARGE,NA,0,NA,NA,NA,PASS,NA,PASS,256,846b2113519478bcfa0b412634539c1b092f1fde82faa6146e868c657e1af493,pass,4057,131072,0,NA,NA,NA,2026-07-28T17:33:27+00:00,N16_D64_S1_main/memory/B1_SCALAR/trial-2/instruction_trace_audit.json,9692,114912,118017,NA,130082,6,NA,2,0,Verilator 5.034 2025-02-24 rev v5.034,4f53cda18c2baa0c0354bb5f9a3ecbe5ed12ab4d8e11ba873c2f11161202b945,,,,,,
64,16,17152,NA,f4e4a620d24e9b17655033d864abf015c950919167f30304fecdac53c183843f,24,0.022727272727272728,17152,17024,main,main,120fa0c30199e54e6e9b5c60d8da40913eae8526640992cc5d4f130bef159775,1056,hw/system/spatz_cluster/cfg/spatz_cluster.default.dram.hjson,NA,YES,clang version 14.0.6 (git@github.com:pulp-platform/llvm-project.git b494f2d8dde88723026db8ec16ac6c7ee1e140ca) | Target: riscv32-unknown-unknown-elf | Thread model: posix,37ef82bb034f2bd9ac017e80af60f29c0c1fd48221c84fbc6c419010a2d07e0e,/home/wxt/work-online-merge-supplement/install/llvm/bin/clang -DONLINE_MERGE_COUNTER_PROFILE=0 -DONLINE_MERGE_IMPLEMENTATION_SELECT=2 -DONLINE_MERGE_STACK_LOG2=13 -DONLINE_MERGE_TRACE_PROXY=0 -I/home/wxt/work-online-merge-supplement/sw/spatzBenchmarks/include -I/home/wxt/work-online-merge-supplement/sw/snRuntime/include -I/home/wxt/work-online-merge-supplement/sw/snRuntime/vendor -I/home/wxt/work-online-merge-supplement/sw/snRuntime/../toolchain/riscv-opcodes -I/home/wxt/work-online-merge-20260728T161747Z_5c2aad2f_p0-anchor/build/spatzBenchmarks/online_merge_generated/N16_D64_S1_main_R1 -I/home/wxt/work-online-merge-supplement/sw/spatzBenchmarks/online-softmax-merge  --gcc-toolchain=/home/wxt/work-online-merge-supplement/install/riscv-gcc -mcpu=snitch -mcmodel=small -ffast-math -fno-builtin-printf -fno-common -falign-loops=16 -ffunction-sections -Wextra -static -mllvm -misched-topdown -menable-experimental-extensions -mno-relax -march=rv32imafdvzfh_xdma_xfquarter -mabi=ilp32d -O3 -g -o CMakeFiles/test-spatzBenchmarks-online-softmax-merge-b2r.dir/online-softmax-merge/main.c.o -c /home/wxt/work-online-merge-supplement/sw/spatzBenchmarks/online-softmax-merge/main.c,B2R_RVV,A0,memory,19134,YES,768,NA,NO_EXPLICIT_TRANSFER_PHASE,PASS,NA,17024,NA,5c2aad2f0af79dee95f8456bccddebcb8084d4b1,False,B2-R,0,2e988bc21ef578d746579ad77c2ec9aebf503112367514ae34f3dd01d95e8fd7,main,DASM_MARKER_ENVELOPE,B2-R,27302,1.665815918673608e-05,64,16,26.662109375,0.0002593994140625,50000000,0.00016185392734602858,5.090996802953834e-06,33664,0,0,0,64,16,1.0,YES,NA,26.662109375,0,N16_D64_S1_main/memory/B2R_RVV/trial-0/simulator.log,0,YES,NA,NA,1.407338603562422e-05,20260728T161747Z_5c2aad2f_p0-anchor,16512,NA,0,18366,1,361ff71bcc241b448e49ff6d212d06a13a986e2fad861b0aa0b67e40e7a21d68,/home/wxt/spatz/hw/system/spatz_cluster/bin/spatz_cluster.vlt,LARGE,NA,0,NA,NA,NA,PASS,NA,PASS,256,531425ebb3cfa15963ab11d5f79035eeb3b8e6918f5256e84ff3d8e466e3390e,pass,2325,131072,0,NA,NA,NA,2026-07-28T17:40:41+00:00,N16_D64_S1_main/memory/B2R_RVV/trial-0/instruction_trace_audit.json,1832,7397,8013,768,9346,6,NA,0,768,Verilator 5.034 2025-02-24 rev v5.034,4f53cda18c2baa0c0354bb5f9a3ecbe5ed12ab4d8e11ba873c2f11161202b945,,,,,,
64,16,17152,NA,f4e4a620d24e9b17655033d864abf015c950919167f30304fecdac53c183843f,24,0.022727272727272728,17152,17024,main,main,120fa0c30199e54e6e9b5c60d8da40913eae8526640992cc5d4f130bef159775,1056,hw/system/spatz_cluster/cfg/spatz_cluster.default.dram.hjson,NA,YES,clang version 14.0.6 (git@github.com:pulp-platform/llvm-project.git b494f2d8dde88723026db8ec16ac6c7ee1e140ca) | Target: riscv32-unknown-unknown-elf | Thread model: posix,37ef82bb034f2bd9ac017e80af60f29c0c1fd48221c84fbc6c419010a2d07e0e,/home/wxt/work-online-merge-supplement/install/llvm/bin/clang -DONLINE_MERGE_COUNTER_PROFILE=0 -DONLINE_MERGE_IMPLEMENTATION_SELECT=2 -DONLINE_MERGE_STACK_LOG2=13 -DONLINE_MERGE_TRACE_PROXY=0 -I/home/wxt/work-online-merge-supplement/sw/spatzBenchmarks/include -I/home/wxt/work-online-merge-supplement/sw/snRuntime/include -I/home/wxt/work-online-merge-supplement/sw/snRuntime/vendor -I/home/wxt/work-online-merge-supplement/sw/snRuntime/../toolchain/riscv-opcodes -I/home/wxt/work-online-merge-20260728T161747Z_5c2aad2f_p0-anchor/build/spatzBenchmarks/online_merge_generated/N16_D64_S1_main_R1 -I/home/wxt/work-online-merge-supplement/sw/spatzBenchmarks/online-softmax-merge  --gcc-toolchain=/home/wxt/work-online-merge-supplement/install/riscv-gcc -mcpu=snitch -mcmodel=small -ffast-math -fno-builtin-printf -fno-common -falign-loops=16 -ffunction-sections -Wextra -static -mllvm -misched-topdown -menable-experimental-extensions -mno-relax -march=rv32imafdvzfh_xdma_xfquarter -mabi=ilp32d -O3 -g -o CMakeFiles/test-spatzBenchmarks-online-softmax-merge-b2r.dir/online-softmax-merge/main.c.o -c /home/wxt/work-online-merge-supplement/sw/spatzBenchmarks/online-softmax-merge/main.c,B2R_RVV,A0,memory,19134,YES,768,NA,NO_EXPLICIT_TRANSFER_PHASE,PASS,NA,17024,NA,5c2aad2f0af79dee95f8456bccddebcb8084d4b1,False,B2-R,0,2e988bc21ef578d746579ad77c2ec9aebf503112367514ae34f3dd01d95e8fd7,main,DASM_MARKER_ENVELOPE,B2-R,27302,1.665815918673608e-05,64,16,26.662109375,0.0002593994140625,50000000,0.00016185392734602858,5.090996802953834e-06,33664,0,0,0,64,16,1.0,YES,NA,26.662109375,0,N16_D64_S1_main/memory/B2R_RVV/trial-1/simulator.log,0,YES,NA,NA,1.407338603562422e-05,20260728T161747Z_5c2aad2f_p0-anchor,16512,NA,0,18366,1,361ff71bcc241b448e49ff6d212d06a13a986e2fad861b0aa0b67e40e7a21d68,/home/wxt/spatz/hw/system/spatz_cluster/bin/spatz_cluster.vlt,LARGE,NA,0,NA,NA,NA,PASS,NA,PASS,256,531425ebb3cfa15963ab11d5f79035eeb3b8e6918f5256e84ff3d8e466e3390e,pass,2325,131072,0,NA,NA,NA,2026-07-28T17:43:17+00:00,N16_D64_S1_main/memory/B2R_RVV/trial-1/instruction_trace_audit.json,1832,7397,8013,768,9346,6,NA,1,768,Verilator 5.034 2025-02-24 rev v5.034,4f53cda18c2baa0c0354bb5f9a3ecbe5ed12ab4d8e11ba873c2f11161202b945,,,,,,
64,16,17152,NA,f4e4a620d24e9b17655033d864abf015c950919167f30304fecdac53c183843f,24,0.022727272727272728,17152,17024,main,main,120fa0c30199e54e6e9b5c60d8da40913eae8526640992cc5d4f130bef159775,1056,hw/system/spatz_cluster/cfg/spatz_cluster.default.dram.hjson,NA,YES,clang version 14.0.6 (git@github.com:pulp-platform/llvm-project.git b494f2d8dde88723026db8ec16ac6c7ee1e140ca) | Target: riscv32-unknown-unknown-elf | Thread model: posix,37ef82bb034f2bd9ac017e80af60f29c0c1fd48221c84fbc6c419010a2d07e0e,/home/wxt/work-online-merge-supplement/install/llvm/bin/clang -DONLINE_MERGE_COUNTER_PROFILE=0 -DONLINE_MERGE_IMPLEMENTATION_SELECT=2 -DONLINE_MERGE_STACK_LOG2=13 -DONLINE_MERGE_TRACE_PROXY=0 -I/home/wxt/work-online-merge-supplement/sw/spatzBenchmarks/include -I/home/wxt/work-online-merge-supplement/sw/snRuntime/include -I/home/wxt/work-online-merge-supplement/sw/snRuntime/vendor -I/home/wxt/work-online-merge-supplement/sw/snRuntime/../toolchain/riscv-opcodes -I/home/wxt/work-online-merge-20260728T161747Z_5c2aad2f_p0-anchor/build/spatzBenchmarks/online_merge_generated/N16_D64_S1_main_R1 -I/home/wxt/work-online-merge-supplement/sw/spatzBenchmarks/online-softmax-merge  --gcc-toolchain=/home/wxt/work-online-merge-supplement/install/riscv-gcc -mcpu=snitch -mcmodel=small -ffast-math -fno-builtin-printf -fno-common -falign-loops=16 -ffunction-sections -Wextra -static -mllvm -misched-topdown -menable-experimental-extensions -mno-relax -march=rv32imafdvzfh_xdma_xfquarter -mabi=ilp32d -O3 -g -o CMakeFiles/test-spatzBenchmarks-online-softmax-merge-b2r.dir/online-softmax-merge/main.c.o -c /home/wxt/work-online-merge-supplement/sw/spatzBenchmarks/online-softmax-merge/main.c,B2R_RVV,A0,memory,19134,YES,768,NA,NO_EXPLICIT_TRANSFER_PHASE,PASS,NA,17024,NA,5c2aad2f0af79dee95f8456bccddebcb8084d4b1,False,B2-R,0,2e988bc21ef578d746579ad77c2ec9aebf503112367514ae34f3dd01d95e8fd7,main,DASM_MARKER_ENVELOPE,B2-R,27302,1.665815918673608e-05,64,16,26.662109375,0.0002593994140625,50000000,0.00016185392734602858,5.090996802953834e-06,33664,0,0,0,64,16,1.0,YES,NA,26.662109375,0,N16_D64_S1_main/memory/B2R_RVV/trial-2/simulator.log,0,YES,NA,NA,1.407338603562422e-05,20260728T161747Z_5c2aad2f_p0-anchor,16512,NA,0,18366,1,361ff71bcc241b448e49ff6d212d06a13a986e2fad861b0aa0b67e40e7a21d68,/home/wxt/spatz/hw/system/spatz_cluster/bin/spatz_cluster.vlt,LARGE,NA,0,NA,NA,NA,PASS,NA,PASS,256,531425ebb3cfa15963ab11d5f79035eeb3b8e6918f5256e84ff3d8e466e3390e,pass,2325,131072,0,NA,NA,NA,2026-07-28T17:45:40+00:00,N16_D64_S1_main/memory/B2R_RVV/trial-2/instruction_trace_audit.json,1832,7397,8013,768,9346,6,NA,2,768,Verilator 5.034 2025-02-24 rev v5.034,4f53cda18c2baa0c0354bb5f9a3ecbe5ed12ab4d8e11ba873c2f11161202b945,,,,,,
64,16,17152,NA,9633215339493214afce7eb3950b337a71f5b7b97ec8e7a707821dc6e87ab888,24,0.022727272727272728,17152,17024,main,main,120fa0c30199e54e6e9b5c60d8da40913eae8526640992cc5d4f130bef159775,1056,hw/system/spatz_cluster/cfg/spatz_cluster.default.dram.hjson,4393,YES,clang version 14.0.6 (git@github.com:pulp-platform/llvm-project.git b494f2d8dde88723026db8ec16ac6c7ee1e140ca) | Target: riscv32-unknown-unknown-elf | Thread model: posix,37ef82bb034f2bd9ac017e80af60f29c0c1fd48221c84fbc6c419010a2d07e0e,/home/wxt/work-online-merge-supplement/install/llvm/bin/clang -DONLINE_MERGE_COUNTER_PROFILE=0 -DONLINE_MERGE_IMPLEMENTATION_SELECT=4 -DONLINE_MERGE_STACK_LOG2=13 -DONLINE_MERGE_TRACE_PROXY=0 -I/home/wxt/work-online-merge-supplement/sw/spatzBenchmarks/include -I/home/wxt/work-online-merge-supplement/sw/snRuntime/include -I/home/wxt/work-online-merge-supplement/sw/snRuntime/vendor -I/home/wxt/work-online-merge-supplement/sw/snRuntime/../toolchain/riscv-opcodes -I/home/wxt/work-online-merge-20260728T161747Z_5c2aad2f_p0-anchor/build/spatzBenchmarks/online_merge_generated/N16_D64_S1_main_R1 -I/home/wxt/work-online-merge-supplement/sw/spatzBenchmarks/online-softmax-merge  --gcc-toolchain=/home/wxt/work-online-merge-supplement/install/riscv-gcc -mcpu=snitch -mcmodel=small -ffast-math -fno-builtin-printf -fno-common -falign-loops=16 -ffunction-sections -Wextra -static -mllvm -misched-topdown -menable-experimental-extensions -mno-relax -march=rv32imafdvzfh_xdma_xfquarter -mabi=ilp32d -O3 -g -o CMakeFiles/test-spatzBenchmarks-online-softmax-merge-a1.dir/online-softmax-merge/main.c.o -c /home/wxt/work-online-merge-supplement/sw/spatzBenchmarks/online-softmax-merge/main.c,A1_SMU_SCALAR,NA,memory,3801,YES,768,NA,NO_EXPLICIT_TRANSFER_PHASE,PASS,NA,17024,PASS,5c2aad2f0af79dee95f8456bccddebcb8084d4b1,False,A1,0,2e988bc21ef578d746579ad77c2ec9aebf503112367514ae34f3dd01d95e8fd7,main,DASM_MARKER_ENVELOPE,A1,4778,1.665815918673608e-05,64,16,4.666015625,0.0002593994140625,50000000,0.00016185392734602858,5.090996802953834e-06,33664,0,0,0,64,16,1.0,YES,NA,4.666015625,0,N16_D64_S1_main/memory/A1_SMU_SCALAR/trial-0/simulator.log,0,YES,NA,NA,1.407338603562422e-05,20260728T161747Z_5c2aad2f_p0-anchor,16512,3093,1,3033,1,361ff71bcc241b448e49ff6d212d06a13a986e2fad861b0aa0b67e40e7a21d68,/home/wxt/spatz/hw/system/spatz_cluster/bin/spatz_cluster.vlt,LARGE,385,1,1685,NA,NA,PASS,NA,PASS,256,184d7a06e103e5f9b82276860188a6a2aa64251c361acbd31a017d58bb3556da,pass,2240,131072,1,NA,NA,NA,2026-07-28T17:48:07+00:00,N16_D64_S1_main/memory/A1_SMU_SCALAR/trial-0/instruction_trace_audit.json,1521,755,1771,768,NA,9,NA,0,768,Verilator 5.034 2025-02-24 rev v5.034,4f53cda18c2baa0c0354bb5f9a3ecbe5ed12ab4d8e11ba873c2f11161202b945,16,16,208,1,145,0
64,16,17152,NA,9633215339493214afce7eb3950b337a71f5b7b97ec8e7a707821dc6e87ab888,24,0.022727272727272728,17152,17024,main,main,120fa0c30199e54e6e9b5c60d8da40913eae8526640992cc5d4f130bef159775,1056,hw/system/spatz_cluster/cfg/spatz_cluster.default.dram.hjson,4393,YES,clang version 14.0.6 (git@github.com:pulp-platform/llvm-project.git b494f2d8dde88723026db8ec16ac6c7ee1e140ca) | Target: riscv32-unknown-unknown-elf | Thread model: posix,37ef82bb034f2bd9ac017e80af60f29c0c1fd48221c84fbc6c419010a2d07e0e,/home/wxt/work-online-merge-supplement/install/llvm/bin/clang -DONLINE_MERGE_COUNTER_PROFILE=0 -DONLINE_MERGE_IMPLEMENTATION_SELECT=4 -DONLINE_MERGE_STACK_LOG2=13 -DONLINE_MERGE_TRACE_PROXY=0 -I/home/wxt/work-online-merge-supplement/sw/spatzBenchmarks/include -I/home/wxt/work-online-merge-supplement/sw/snRuntime/include -I/home/wxt/work-online-merge-supplement/sw/snRuntime/vendor -I/home/wxt/work-online-merge-supplement/sw/snRuntime/../toolchain/riscv-opcodes -I/home/wxt/work-online-merge-20260728T161747Z_5c2aad2f_p0-anchor/build/spatzBenchmarks/online_merge_generated/N16_D64_S1_main_R1 -I/home/wxt/work-online-merge-supplement/sw/spatzBenchmarks/online-softmax-merge  --gcc-toolchain=/home/wxt/work-online-merge-supplement/install/riscv-gcc -mcpu=snitch -mcmodel=small -ffast-math -fno-builtin-printf -fno-common -falign-loops=16 -ffunction-sections -Wextra -static -mllvm -misched-topdown -menable-experimental-extensions -mno-relax -march=rv32imafdvzfh_xdma_xfquarter -mabi=ilp32d -O3 -g -o CMakeFiles/test-spatzBenchmarks-online-softmax-merge-a1.dir/online-softmax-merge/main.c.o -c /home/wxt/work-online-merge-supplement/sw/spatzBenchmarks/online-softmax-merge/main.c,A1_SMU_SCALAR,NA,memory,3801,YES,768,NA,NO_EXPLICIT_TRANSFER_PHASE,PASS,NA,17024,PASS,5c2aad2f0af79dee95f8456bccddebcb8084d4b1,False,A1,0,2e988bc21ef578d746579ad77c2ec9aebf503112367514ae34f3dd01d95e8fd7,main,DASM_MARKER_ENVELOPE,A1,4778,1.665815918673608e-05,64,16,4.666015625,0.0002593994140625,50000000,0.00016185392734602858,5.090996802953834e-06,33664,0,0,0,64,16,1.0,YES,NA,4.666015625,0,N16_D64_S1_main/memory/A1_SMU_SCALAR/trial-1/simulator.log,0,YES,NA,NA,1.407338603562422e-05,20260728T161747Z_5c2aad2f_p0-anchor,16512,3093,1,3033,1,361ff71bcc241b448e49ff6d212d06a13a986e2fad861b0aa0b67e40e7a21d68,/home/wxt/spatz/hw/system/spatz_cluster/bin/spatz_cluster.vlt,LARGE,385,1,1685,NA,NA,PASS,NA,PASS,256,184d7a06e103e5f9b82276860188a6a2aa64251c361acbd31a017d58bb3556da,pass,2240,131072,1,NA,NA,NA,2026-07-28T17:50:22+00:00,N16_D64_S1_main/memory/A1_SMU_SCALAR/trial-1/instruction_trace_audit.json,1521,755,1771,768,NA,9,NA,1,768,Verilator 5.034 2025-02-24 rev v5.034,4f53cda18c2baa0c0354bb5f9a3ecbe5ed12ab4d8e11ba873c2f11161202b945,16,16,208,1,145,0
64,16,17152,NA,9633215339493214afce7eb3950b337a71f5b7b97ec8e7a707821dc6e87ab888,24,0.022727272727272728,17152,17024,main,main,120fa0c30199e54e6e9b5c60d8da40913eae8526640992cc5d4f130bef159775,1056,hw/system/spatz_cluster/cfg/spatz_cluster.default.dram.hjson,4393,YES,clang version 14.0.6 (git@github.com:pulp-platform/llvm-project.git b494f2d8dde88723026db8ec16ac6c7ee1e140ca) | Target: riscv32-unknown-unknown-elf | Thread model: posix,37ef82bb034f2bd9ac017e80af60f29c0c1fd48221c84fbc6c419010a2d07e0e,/home/wxt/work-online-merge-supplement/install/llvm/bin/clang -DONLINE_MERGE_COUNTER_PROFILE=0 -DONLINE_MERGE_IMPLEMENTATION_SELECT=4 -DONLINE_MERGE_STACK_LOG2=13 -DONLINE_MERGE_TRACE_PROXY=0 -I/home/wxt/work-online-merge-supplement/sw/spatzBenchmarks/include -I/home/wxt/work-online-merge-supplement/sw/snRuntime/include -I/home/wxt/work-online-merge-supplement/sw/snRuntime/vendor -I/home/wxt/work-online-merge-supplement/sw/snRuntime/../toolchain/riscv-opcodes -I/home/wxt/work-online-merge-20260728T161747Z_5c2aad2f_p0-anchor/build/spatzBenchmarks/online_merge_generated/N16_D64_S1_main_R1 -I/home/wxt/work-online-merge-supplement/sw/spatzBenchmarks/online-softmax-merge  --gcc-toolchain=/home/wxt/work-online-merge-supplement/install/riscv-gcc -mcpu=snitch -mcmodel=small -ffast-math -fno-builtin-printf -fno-common -falign-loops=16 -ffunction-sections -Wextra -static -mllvm -misched-topdown -menable-experimental-extensions -mno-relax -march=rv32imafdvzfh_xdma_xfquarter -mabi=ilp32d -O3 -g -o CMakeFiles/test-spatzBenchmarks-online-softmax-merge-a1.dir/online-softmax-merge/main.c.o -c /home/wxt/work-online-merge-supplement/sw/spatzBenchmarks/online-softmax-merge/main.c,A1_SMU_SCALAR,NA,memory,3801,YES,768,NA,NO_EXPLICIT_TRANSFER_PHASE,PASS,NA,17024,PASS,5c2aad2f0af79dee95f8456bccddebcb8084d4b1,False,A1,0,2e988bc21ef578d746579ad77c2ec9aebf503112367514ae34f3dd01d95e8fd7,main,DASM_MARKER_ENVELOPE,A1,4778,1.665815918673608e-05,64,16,4.666015625,0.0002593994140625,50000000,0.00016185392734602858,5.090996802953834e-06,33664,0,0,0,64,16,1.0,YES,NA,4.666015625,0,N16_D64_S1_main/memory/A1_SMU_SCALAR/trial-2/simulator.log,0,YES,NA,NA,1.407338603562422e-05,20260728T161747Z_5c2aad2f_p0-anchor,16512,3093,1,3033,1,361ff71bcc241b448e49ff6d212d06a13a986e2fad861b0aa0b67e40e7a21d68,/home/wxt/spatz/hw/system/spatz_cluster/bin/spatz_cluster.vlt,LARGE,385,1,1685,NA,NA,PASS,NA,PASS,256,184d7a06e103e5f9b82276860188a6a2aa64251c361acbd31a017d58bb3556da,pass,2240,131072,1,NA,NA,NA,2026-07-28T17:52:33+00:00,N16_D64_S1_main/memory/A1_SMU_SCALAR/trial-2/instruction_trace_audit.json,1521,755,1771,768,NA,9,NA,2,768,Verilator 5.034 2025-02-24 rev v5.034,4f53cda18c2baa0c0354bb5f9a3ecbe5ed12ab4d8e11ba873c2f11161202b945,16,16,208,1,145,0
64,16,17152,NA,d91855b9acdc0cd53076eba7b7ab6bdd39649ac5c996836ff4ed512e6dd21316,26,0.02462121212121212,17152,17024,main,main,120fa0c30199e54e6e9b5c60d8da40913eae8526640992cc5d4f130bef159775,1056,hw/system/spatz_cluster/cfg/spatz_cluster.default.dram.hjson,1283,YES,clang version 14.0.6 (git@github.com:pulp-platform/llvm-project.git b494f2d8dde88723026db8ec16ac6c7ee1e140ca) | Target: riscv32-unknown-unknown-elf | Thread model: posix,37ef82bb034f2bd9ac017e80af60f29c0c1fd48221c84fbc6c419010a2d07e0e,/home/wxt/work-online-merge-supplement/install/llvm/bin/clang -DONLINE_MERGE_COUNTER_PROFILE=0 -DONLINE_MERGE_IMPLEMENTATION_SELECT=3 -DONLINE_MERGE_STACK_LOG2=13 -DONLINE_MERGE_TRACE_PROXY=0 -I/home/wxt/work-online-merge-supplement/sw/spatzBenchmarks/include -I/home/wxt/work-online-merge-supplement/sw/snRuntime/include -I/home/wxt/work-online-merge-supplement/sw/snRuntime/vendor -I/home/wxt/work-online-merge-supplement/sw/snRuntime/../toolchain/riscv-opcodes -I/home/wxt/work-online-merge-20260728T161747Z_5c2aad2f_p0-anchor/build/spatzBenchmarks/online_merge_generated/N16_D64_S1_main_R1 -I/home/wxt/work-online-merge-supplement/sw/spatzBenchmarks/online-softmax-merge  --gcc-toolchain=/home/wxt/work-online-merge-supplement/install/riscv-gcc -mcpu=snitch -mcmodel=small -ffast-math -fno-builtin-printf -fno-common -falign-loops=16 -ffunction-sections -Wextra -static -mllvm -misched-topdown -menable-experimental-extensions -mno-relax -march=rv32imafdvzfh_xdma_xfquarter -mabi=ilp32d -O3 -g -o CMakeFiles/test-spatzBenchmarks-online-softmax-merge-a2.dir/online-softmax-merge/main.c.o -c /home/wxt/work-online-merge-supplement/sw/spatzBenchmarks/online-softmax-merge/main.c,A2_SMU_FULL,A2,memory,6378,YES,0,NA,NO_EXPLICIT_TRANSFER_PHASE,PASS,NA,17024,PASS,5c2aad2f0af79dee95f8456bccddebcb8084d4b1,False,B3,0,2e988bc21ef578d746579ad77c2ec9aebf503112367514ae34f3dd01d95e8fd7,main,DASM_MARKER_ENVELOPE,B3,9820,1.665997456356637e-05,64,16,9.58984375,0.0002593994140625,50000000,0.00016185392734602858,5.093020401104833e-06,33664,0,0,0,64,16,1.0,YES,NA,9.58984375,0,N16_D64_S1_main/memory/A2_SMU_FULL/trial-0/simulator.log,0,YES,NA,NA,1.4074919728431836e-05,20260728T161747Z_5c2aad2f_p0-anchor,16512,NA,1,6378,1,361ff71bcc241b448e49ff6d212d06a13a986e2fad861b0aa0b67e40e7a21d68,/home/wxt/spatz/hw/system/spatz_cluster/bin/spatz_cluster.vlt,LARGE,8537,1,NA,NA,NA,PASS,NA,PASS,256,795f180514424424f96d5f6931105e8b2e84683a6766a12cc223bcdc0c991871,pass,5112,131072,46,NA,NA,NA,2026-07-28T17:54:47+00:00,N16_D64_S1_main/memory/A2_SMU_FULL/trial-0/instruction_trace_audit.json,6573,978,2299,NA,NA,6,NA,0,0,Verilator 5.034 2025-02-24 rev v5.034,4f53cda18c2baa0c0354bb5f9a3ecbe5ed12ab4d8e11ba873c2f11161202b945,16,16,208,1,80,8217
64,16,17152,NA,d91855b9acdc0cd53076eba7b7ab6bdd39649ac5c996836ff4ed512e6dd21316,26,0.02462121212121212,17152,17024,main,main,120fa0c30199e54e6e9b5c60d8da40913eae8526640992cc5d4f130bef159775,1056,hw/system/spatz_cluster/cfg/spatz_cluster.default.dram.hjson,1283,YES,clang version 14.0.6 (git@github.com:pulp-platform/llvm-project.git b494f2d8dde88723026db8ec16ac6c7ee1e140ca) | Target: riscv32-unknown-unknown-elf | Thread model: posix,37ef82bb034f2bd9ac017e80af60f29c0c1fd48221c84fbc6c419010a2d07e0e,/home/wxt/work-online-merge-supplement/install/llvm/bin/clang -DONLINE_MERGE_COUNTER_PROFILE=0 -DONLINE_MERGE_IMPLEMENTATION_SELECT=3 -DONLINE_MERGE_STACK_LOG2=13 -DONLINE_MERGE_TRACE_PROXY=0 -I/home/wxt/work-online-merge-supplement/sw/spatzBenchmarks/include -I/home/wxt/work-online-merge-supplement/sw/snRuntime/include -I/home/wxt/work-online-merge-supplement/sw/snRuntime/vendor -I/home/wxt/work-online-merge-supplement/sw/snRuntime/../toolchain/riscv-opcodes -I/home/wxt/work-online-merge-20260728T161747Z_5c2aad2f_p0-anchor/build/spatzBenchmarks/online_merge_generated/N16_D64_S1_main_R1 -I/home/wxt/work-online-merge-supplement/sw/spatzBenchmarks/online-softmax-merge  --gcc-toolchain=/home/wxt/work-online-merge-supplement/install/riscv-gcc -mcpu=snitch -mcmodel=small -ffast-math -fno-builtin-printf -fno-common -falign-loops=16 -ffunction-sections -Wextra -static -mllvm -misched-topdown -menable-experimental-extensions -mno-relax -march=rv32imafdvzfh_xdma_xfquarter -mabi=ilp32d -O3 -g -o CMakeFiles/test-spatzBenchmarks-online-softmax-merge-a2.dir/online-softmax-merge/main.c.o -c /home/wxt/work-online-merge-supplement/sw/spatzBenchmarks/online-softmax-merge/main.c,A2_SMU_FULL,A2,memory,6378,YES,0,NA,NO_EXPLICIT_TRANSFER_PHASE,PASS,NA,17024,PASS,5c2aad2f0af79dee95f8456bccddebcb8084d4b1,False,B3,0,2e988bc21ef578d746579ad77c2ec9aebf503112367514ae34f3dd01d95e8fd7,main,DASM_MARKER_ENVELOPE,B3,9820,1.665997456356637e-05,64,16,9.58984375,0.0002593994140625,50000000,0.00016185392734602858,5.093020401104833e-06,33664,0,0,0,64,16,1.0,YES,NA,9.58984375,0,N16_D64_S1_main/memory/A2_SMU_FULL/trial-1/simulator.log,0,YES,NA,NA,1.4074919728431836e-05,20260728T161747Z_5c2aad2f_p0-anchor,16512,NA,1,6378,1,361ff71bcc241b448e49ff6d212d06a13a986e2fad861b0aa0b67e40e7a21d68,/home/wxt/spatz/hw/system/spatz_cluster/bin/spatz_cluster.vlt,LARGE,8537,1,NA,NA,NA,PASS,NA,PASS,256,795f180514424424f96d5f6931105e8b2e84683a6766a12cc223bcdc0c991871,pass,5112,131072,46,NA,NA,NA,2026-07-28T17:57:02+00:00,N16_D64_S1_main/memory/A2_SMU_FULL/trial-1/instruction_trace_audit.json,6573,978,2299,NA,NA,6,NA,1,0,Verilator 5.034 2025-02-24 rev v5.034,4f53cda18c2baa0c0354bb5f9a3ecbe5ed12ab4d8e11ba873c2f11161202b945,16,16,208,1,80,8217
64,16,17152,NA,d91855b9acdc0cd53076eba7b7ab6bdd39649ac5c996836ff4ed512e6dd21316,26,0.02462121212121212,17152,17024,main,main,120fa0c30199e54e6e9b5c60d8da40913eae8526640992cc5d4f130bef159775,1056,hw/system/spatz_cluster/cfg/spatz_cluster.default.dram.hjson,1283,YES,clang version 14.0.6 (git@github.com:pulp-platform/llvm-project.git b494f2d8dde88723026db8ec16ac6c7ee1e140ca) | Target: riscv32-unknown-unknown-elf | Thread model: posix,37ef82bb034f2bd9ac017e80af60f29c0c1fd48221c84fbc6c419010a2d07e0e,/home/wxt/work-online-merge-supplement/install/llvm/bin/clang -DONLINE_MERGE_COUNTER_PROFILE=0 -DONLINE_MERGE_IMPLEMENTATION_SELECT=3 -DONLINE_MERGE_STACK_LOG2=13 -DONLINE_MERGE_TRACE_PROXY=0 -I/home/wxt/work-online-merge-supplement/sw/spatzBenchmarks/include -I/home/wxt/work-online-merge-supplement/sw/snRuntime/include -I/home/wxt/work-online-merge-supplement/sw/snRuntime/vendor -I/home/wxt/work-online-merge-supplement/sw/snRuntime/../toolchain/riscv-opcodes -I/home/wxt/work-online-merge-20260728T161747Z_5c2aad2f_p0-anchor/build/spatzBenchmarks/online_merge_generated/N16_D64_S1_main_R1 -I/home/wxt/work-online-merge-supplement/sw/spatzBenchmarks/online-softmax-merge  --gcc-toolchain=/home/wxt/work-online-merge-supplement/install/riscv-gcc -mcpu=snitch -mcmodel=small -ffast-math -fno-builtin-printf -fno-common -falign-loops=16 -ffunction-sections -Wextra -static -mllvm -misched-topdown -menable-experimental-extensions -mno-relax -march=rv32imafdvzfh_xdma_xfquarter -mabi=ilp32d -O3 -g -o CMakeFiles/test-spatzBenchmarks-online-softmax-merge-a2.dir/online-softmax-merge/main.c.o -c /home/wxt/work-online-merge-supplement/sw/spatzBenchmarks/online-softmax-merge/main.c,A2_SMU_FULL,A2,memory,6378,YES,0,NA,NO_EXPLICIT_TRANSFER_PHASE,PASS,NA,17024,PASS,5c2aad2f0af79dee95f8456bccddebcb8084d4b1,False,B3,0,2e988bc21ef578d746579ad77c2ec9aebf503112367514ae34f3dd01d95e8fd7,main,DASM_MARKER_ENVELOPE,B3,9820,1.665997456356637e-05,64,16,9.58984375,0.0002593994140625,50000000,0.00016185392734602858,5.093020401104833e-06,33664,0,0,0,64,16,1.0,YES,NA,9.58984375,0,N16_D64_S1_main/memory/A2_SMU_FULL/trial-2/simulator.log,0,YES,NA,NA,1.4074919728431836e-05,20260728T161747Z_5c2aad2f_p0-anchor,16512,NA,1,6378,1,361ff71bcc241b448e49ff6d212d06a13a986e2fad861b0aa0b67e40e7a21d68,/home/wxt/spatz/hw/system/spatz_cluster/bin/spatz_cluster.vlt,LARGE,8537,1,NA,NA,NA,PASS,NA,PASS,256,795f180514424424f96d5f6931105e8b2e84683a6766a12cc223bcdc0c991871,pass,5112,131072,46,NA,NA,NA,2026-07-28T17:59:16+00:00,N16_D64_S1_main/memory/A2_SMU_FULL/trial-2/instruction_trace_audit.json,6573,978,2299,NA,NA,6,NA,2,0,Verilator 5.034 2025-02-24 rev v5.034,4f53cda18c2baa0c0354bb5f9a3ecbe5ed12ab4d8e11ba873c2f11161202b945,16,16,208,1,80,8217
64,16,17152,NA,c0e1048da9c494446a1d02f54836b7d5e477a06dfaab0ab882623dec37017140,26,0.02462121212121212,17152,17024,main,main,120fa0c30199e54e6e9b5c60d8da40913eae8526640992cc5d4f130bef159775,1056,hw/system/spatz_cluster/cfg/spatz_cluster.default.dram.hjson,NA,YES,clang version 14.0.6 (git@github.com:pulp-platform/llvm-project.git b494f2d8dde88723026db8ec16ac6c7ee1e140ca) | Target: riscv32-unknown-unknown-elf | Thread model: posix,23d4ef236786e721862ce6c3e950b8fa844d459642d9e6b478ebc41f049d40d3,/home/wxt/work-online-merge-supplement/install/llvm/bin/clang -DONLINE_MERGE_COUNTER_PROFILE=1 -DONLINE_MERGE_IMPLEMENTATION_SELECT=1 -DONLINE_MERGE_STACK_LOG2=13 -DONLINE_MERGE_TRACE_PROXY=0 -I/home/wxt/work-online-merge-supplement/sw/spatzBenchmarks/include -I/home/wxt/work-online-merge-supplement/sw/snRuntime/include -I/home/wxt/work-online-merge-supplement/sw/snRuntime/vendor -I/home/wxt/work-online-merge-supplement/sw/snRuntime/../toolchain/riscv-opcodes -I/home/wxt/work-online-merge-20260728T161747Z_5c2aad2f_p0-anchor/build/spatzBenchmarks/online_merge_generated/N16_D64_S1_main_R1 -I/home/wxt/work-online-merge-supplement/sw/spatzBenchmarks/online-softmax-merge  --gcc-toolchain=/home/wxt/work-online-merge-supplement/install/riscv-gcc -mcpu=snitch -mcmodel=small -ffast-math -fno-builtin-printf -fno-common -falign-loops=16 -ffunction-sections -Wextra -static -mllvm -misched-topdown -menable-experimental-extensions -mno-relax -march=rv32imafdvzfh_xdma_xfquarter -mabi=ilp32d -O3 -g -o CMakeFiles/test-spatzBenchmarks-online-softmax-merge-b1.dir/online-softmax-merge/main.c.o -c /home/wxt/work-online-merge-supplement/sw/spatzBenchmarks/online-softmax-merge/main.c,B1_SCALAR,NA,instructions,296361,YES,0,NA,NO_EXPLICIT_TRANSFER_PHASE,PASS,NA,17024,NA,5c2aad2f0af79dee95f8456bccddebcb8084d4b1,False,B1,0,2e988bc21ef578d746579ad77c2ec9aebf503112367514ae34f3dd01d95e8fd7,main,DASM_MARKER_ENVELOPE,B1,362214,1.665997456356637e-05,64,16,353.724609375,0.0002593994140625,50000000,0.00016185392734602858,5.093020401104833e-06,33664,0,0,0,64,16,1.0,NO,AUXILIARY_COUNTER_PROFILE,353.724609375,0,N16_D64_S1_main/instructions/B1_SCALAR/trial-0/simulator.log,0,YES,12752,281210,1.4074919728431836e-05,20260728T161747Z_5c2aad2f_p0-anchor,16512,NA,0,296361,1,361ff71bcc241b448e49ff6d212d06a13a986e2fad861b0aa0b67e40e7a21d68,/home/wxt/spatz/hw/system/spatz_cluster/bin/spatz_cluster.vlt,LARGE,NA,0,NA,NA,NA,PASS,NA,PASS,256,842216e9dbb10cd6bef2d8151c32d9e5b204804817eba3fa5060da37eeb56429,pass,NA,131072,NA,NA,NA,NA,2026-07-28T18:01:34+00:00,N16_D64_S1_main/instructions/B1_SCALAR/trial-0/instruction_trace_audit.json,9629,107744,115188,NA,129676,6,NA,0,0,Verilator 5.034 2025-02-24 rev v5.034,4f53cda18c2baa0c0354bb5f9a3ecbe5ed12ab4d8e11ba873c2f11161202b945,,,,,,
64,16,17152,NA,c0e1048da9c494446a1d02f54836b7d5e477a06dfaab0ab882623dec37017140,26,0.02462121212121212,17152,17024,main,main,120fa0c30199e54e6e9b5c60d8da40913eae8526640992cc5d4f130bef159775,1056,hw/system/spatz_cluster/cfg/spatz_cluster.default.dram.hjson,NA,YES,clang version 14.0.6 (git@github.com:pulp-platform/llvm-project.git b494f2d8dde88723026db8ec16ac6c7ee1e140ca) | Target: riscv32-unknown-unknown-elf | Thread model: posix,23d4ef236786e721862ce6c3e950b8fa844d459642d9e6b478ebc41f049d40d3,/home/wxt/work-online-merge-supplement/install/llvm/bin/clang -DONLINE_MERGE_COUNTER_PROFILE=1 -DONLINE_MERGE_IMPLEMENTATION_SELECT=1 -DONLINE_MERGE_STACK_LOG2=13 -DONLINE_MERGE_TRACE_PROXY=0 -I/home/wxt/work-online-merge-supplement/sw/spatzBenchmarks/include -I/home/wxt/work-online-merge-supplement/sw/snRuntime/include -I/home/wxt/work-online-merge-supplement/sw/snRuntime/vendor -I/home/wxt/work-online-merge-supplement/sw/snRuntime/../toolchain/riscv-opcodes -I/home/wxt/work-online-merge-20260728T161747Z_5c2aad2f_p0-anchor/build/spatzBenchmarks/online_merge_generated/N16_D64_S1_main_R1 -I/home/wxt/work-online-merge-supplement/sw/spatzBenchmarks/online-softmax-merge  --gcc-toolchain=/home/wxt/work-online-merge-supplement/install/riscv-gcc -mcpu=snitch -mcmodel=small -ffast-math -fno-builtin-printf -fno-common -falign-loops=16 -ffunction-sections -Wextra -static -mllvm -misched-topdown -menable-experimental-extensions -mno-relax -march=rv32imafdvzfh_xdma_xfquarter -mabi=ilp32d -O3 -g -o CMakeFiles/test-spatzBenchmarks-online-softmax-merge-b1.dir/online-softmax-merge/main.c.o -c /home/wxt/work-online-merge-supplement/sw/spatzBenchmarks/online-softmax-merge/main.c,B1_SCALAR,NA,instructions,296361,YES,0,NA,NO_EXPLICIT_TRANSFER_PHASE,PASS,NA,17024,NA,5c2aad2f0af79dee95f8456bccddebcb8084d4b1,False,B1,0,2e988bc21ef578d746579ad77c2ec9aebf503112367514ae34f3dd01d95e8fd7,main,DASM_MARKER_ENVELOPE,B1,362214,1.665997456356637e-05,64,16,353.724609375,0.0002593994140625,50000000,0.00016185392734602858,5.093020401104833e-06,33664,0,0,0,64,16,1.0,NO,AUXILIARY_COUNTER_PROFILE,353.724609375,0,N16_D64_S1_main/instructions/B1_SCALAR/trial-1/simulator.log,0,YES,12752,281210,1.4074919728431836e-05,20260728T161747Z_5c2aad2f_p0-anchor,16512,NA,0,296361,1,361ff71bcc241b448e49ff6d212d06a13a986e2fad861b0aa0b67e40e7a21d68,/home/wxt/spatz/hw/system/spatz_cluster/bin/spatz_cluster.vlt,LARGE,NA,0,NA,NA,NA,PASS,NA,PASS,256,842216e9dbb10cd6bef2d8151c32d9e5b204804817eba3fa5060da37eeb56429,pass,NA,131072,NA,NA,NA,NA,2026-07-28T18:08:13+00:00,N16_D64_S1_main/instructions/B1_SCALAR/trial-1/instruction_trace_audit.json,9629,107744,115188,NA,129676,6,NA,1,0,Verilator 5.034 2025-02-24 rev v5.034,4f53cda18c2baa0c0354bb5f9a3ecbe5ed12ab4d8e11ba873c2f11161202b945,,,,,,
64,16,17152,NA,c0e1048da9c494446a1d02f54836b7d5e477a06dfaab0ab882623dec37017140,26,0.02462121212121212,17152,17024,main,main,120fa0c30199e54e6e9b5c60d8da40913eae8526640992cc5d4f130bef159775,1056,hw/system/spatz_cluster/cfg/spatz_cluster.default.dram.hjson,NA,YES,clang version 14.0.6 (git@github.com:pulp-platform/llvm-project.git b494f2d8dde88723026db8ec16ac6c7ee1e140ca) | Target: riscv32-unknown-unknown-elf | Thread model: posix,23d4ef236786e721862ce6c3e950b8fa844d459642d9e6b478ebc41f049d40d3,/home/wxt/work-online-merge-supplement/install/llvm/bin/clang -DONLINE_MERGE_COUNTER_PROFILE=1 -DONLINE_MERGE_IMPLEMENTATION_SELECT=1 -DONLINE_MERGE_STACK_LOG2=13 -DONLINE_MERGE_TRACE_PROXY=0 -I/home/wxt/work-online-merge-supplement/sw/spatzBenchmarks/include -I/home/wxt/work-online-merge-supplement/sw/snRuntime/include -I/home/wxt/work-online-merge-supplement/sw/snRuntime/vendor -I/home/wxt/work-online-merge-supplement/sw/snRuntime/../toolchain/riscv-opcodes -I/home/wxt/work-online-merge-20260728T161747Z_5c2aad2f_p0-anchor/build/spatzBenchmarks/online_merge_generated/N16_D64_S1_main_R1 -I/home/wxt/work-online-merge-supplement/sw/spatzBenchmarks/online-softmax-merge  --gcc-toolchain=/home/wxt/work-online-merge-supplement/install/riscv-gcc -mcpu=snitch -mcmodel=small -ffast-math -fno-builtin-printf -fno-common -falign-loops=16 -ffunction-sections -Wextra -static -mllvm -misched-topdown -menable-experimental-extensions -mno-relax -march=rv32imafdvzfh_xdma_xfquarter -mabi=ilp32d -O3 -g -o CMakeFiles/test-spatzBenchmarks-online-softmax-merge-b1.dir/online-softmax-merge/main.c.o -c /home/wxt/work-online-merge-supplement/sw/spatzBenchmarks/online-softmax-merge/main.c,B1_SCALAR,NA,instructions,296361,YES,0,NA,NO_EXPLICIT_TRANSFER_PHASE,PASS,NA,17024,NA,5c2aad2f0af79dee95f8456bccddebcb8084d4b1,False,B1,0,2e988bc21ef578d746579ad77c2ec9aebf503112367514ae34f3dd01d95e8fd7,main,DASM_MARKER_ENVELOPE,B1,362214,1.665997456356637e-05,64,16,353.724609375,0.0002593994140625,50000000,0.00016185392734602858,5.093020401104833e-06,33664,0,0,0,64,16,1.0,NO,AUXILIARY_COUNTER_PROFILE,353.724609375,0,N16_D64_S1_main/instructions/B1_SCALAR/trial-2/simulator.log,0,YES,12752,281210,1.4074919728431836e-05,20260728T161747Z_5c2aad2f_p0-anchor,16512,NA,0,296361,1,361ff71bcc241b448e49ff6d212d06a13a986e2fad861b0aa0b67e40e7a21d68,/home/wxt/spatz/hw/system/spatz_cluster/bin/spatz_cluster.vlt,LARGE,NA,0,NA,NA,NA,PASS,NA,PASS,256,842216e9dbb10cd6bef2d8151c32d9e5b204804817eba3fa5060da37eeb56429,pass,NA,131072,NA,NA,NA,NA,2026-07-28T18:14:52+00:00,N16_D64_S1_main/instructions/B1_SCALAR/trial-2/instruction_trace_audit.json,9629,107744,115188,NA,129676,6,NA,2,0,Verilator 5.034 2025-02-24 rev v5.034,4f53cda18c2baa0c0354bb5f9a3ecbe5ed12ab4d8e11ba873c2f11161202b945,,,,,,
64,16,17152,NA,48677bbde257764677013bd3a30c0bc7774fa339319c2e869db162c18b59ba6c,24,0.022727272727272728,17152,17024,main,main,120fa0c30199e54e6e9b5c60d8da40913eae8526640992cc5d4f130bef159775,1056,hw/system/spatz_cluster/cfg/spatz_cluster.default.dram.hjson,NA,YES,clang version 14.0.6 (git@github.com:pulp-platform/llvm-project.git b494f2d8dde88723026db8ec16ac6c7ee1e140ca) | Target: riscv32-unknown-unknown-elf | Thread model: posix,23d4ef236786e721862ce6c3e950b8fa844d459642d9e6b478ebc41f049d40d3,/home/wxt/work-online-merge-supplement/install/llvm/bin/clang -DONLINE_MERGE_COUNTER_PROFILE=1 -DONLINE_MERGE_IMPLEMENTATION_SELECT=2 -DONLINE_MERGE_STACK_LOG2=13 -DONLINE_MERGE_TRACE_PROXY=0 -I/home/wxt/work-online-merge-supplement/sw/spatzBenchmarks/include -I/home/wxt/work-online-merge-supplement/sw/snRuntime/include -I/home/wxt/work-online-merge-supplement/sw/snRuntime/vendor -I/home/wxt/work-online-merge-supplement/sw/snRuntime/../toolchain/riscv-opcodes -I/home/wxt/work-online-merge-20260728T161747Z_5c2aad2f_p0-anchor/build/spatzBenchmarks/online_merge_generated/N16_D64_S1_main_R1 -I/home/wxt/work-online-merge-supplement/sw/spatzBenchmarks/online-softmax-merge  --gcc-toolchain=/home/wxt/work-online-merge-supplement/install/riscv-gcc -mcpu=snitch -mcmodel=small -ffast-math -fno-builtin-printf -fno-common -falign-loops=16 -ffunction-sections -Wextra -static -mllvm -misched-topdown -menable-experimental-extensions -mno-relax -march=rv32imafdvzfh_xdma_xfquarter -mabi=ilp32d -O3 -g -o CMakeFiles/test-spatzBenchmarks-online-softmax-merge-b2r.dir/online-softmax-merge/main.c.o -c /home/wxt/work-online-merge-supplement/sw/spatzBenchmarks/online-softmax-merge/main.c,B2R_RVV,A0,instructions,19134,YES,768,NA,NO_EXPLICIT_TRANSFER_PHASE,PASS,NA,17024,NA,5c2aad2f0af79dee95f8456bccddebcb8084d4b1,False,B2-R,0,2e988bc21ef578d746579ad77c2ec9aebf503112367514ae34f3dd01d95e8fd7,main,DASM_MARKER_ENVELOPE,B2-R,26652,1.665815918673608e-05,64,16,26.02734375,0.0002593994140625,50000000,0.00016185392734602858,5.090996802953834e-06,33664,0,0,0,64,16,1.0,NO,AUXILIARY_COUNTER_PROFILE,26.02734375,0,N16_D64_S1_main/instructions/B2R_RVV/trial-0/simulator.log,0,YES,592,18464,1.407338603562422e-05,20260728T161747Z_5c2aad2f_p0-anchor,16512,NA,0,18366,1,361ff71bcc241b448e49ff6d212d06a13a986e2fad861b0aa0b67e40e7a21d68,/home/wxt/spatz/hw/system/spatz_cluster/bin/spatz_cluster.vlt,LARGE,NA,0,NA,NA,NA,PASS,NA,PASS,256,6e10336d3a645e2fcd9e944f26d2066f935544d0ab2c317a5d6d25e07cc9b3c7,pass,NA,131072,NA,NA,NA,NA,2026-07-28T18:21:29+00:00,N16_D64_S1_main/instructions/B2R_RVV/trial-0/instruction_trace_audit.json,1908,7132,7645,824,9166,6,NA,0,768,Verilator 5.034 2025-02-24 rev v5.034,4f53cda18c2baa0c0354bb5f9a3ecbe5ed12ab4d8e11ba873c2f11161202b945,,,,,,
64,16,17152,NA,48677bbde257764677013bd3a30c0bc7774fa339319c2e869db162c18b59ba6c,24,0.022727272727272728,17152,17024,main,main,120fa0c30199e54e6e9b5c60d8da40913eae8526640992cc5d4f130bef159775,1056,hw/system/spatz_cluster/cfg/spatz_cluster.default.dram.hjson,NA,YES,clang version 14.0.6 (git@github.com:pulp-platform/llvm-project.git b494f2d8dde88723026db8ec16ac6c7ee1e140ca) | Target: riscv32-unknown-unknown-elf | Thread model: posix,23d4ef236786e721862ce6c3e950b8fa844d459642d9e6b478ebc41f049d40d3,/home/wxt/work-online-merge-supplement/install/llvm/bin/clang -DONLINE_MERGE_COUNTER_PROFILE=1 -DONLINE_MERGE_IMPLEMENTATION_SELECT=2 -DONLINE_MERGE_STACK_LOG2=13 -DONLINE_MERGE_TRACE_PROXY=0 -I/home/wxt/work-online-merge-supplement/sw/spatzBenchmarks/include -I/home/wxt/work-online-merge-supplement/sw/snRuntime/include -I/home/wxt/work-online-merge-supplement/sw/snRuntime/vendor -I/home/wxt/work-online-merge-supplement/sw/snRuntime/../toolchain/riscv-opcodes -I/home/wxt/work-online-merge-20260728T161747Z_5c2aad2f_p0-anchor/build/spatzBenchmarks/online_merge_generated/N16_D64_S1_main_R1 -I/home/wxt/work-online-merge-supplement/sw/spatzBenchmarks/online-softmax-merge  --gcc-toolchain=/home/wxt/work-online-merge-supplement/install/riscv-gcc -mcpu=snitch -mcmodel=small -ffast-math -fno-builtin-printf -fno-common -falign-loops=16 -ffunction-sections -Wextra -static -mllvm -misched-topdown -menable-experimental-extensions -mno-relax -march=rv32imafdvzfh_xdma_xfquarter -mabi=ilp32d -O3 -g -o CMakeFiles/test-spatzBenchmarks-online-softmax-merge-b2r.dir/online-softmax-merge/main.c.o -c /home/wxt/work-online-merge-supplement/sw/spatzBenchmarks/online-softmax-merge/main.c,B2R_RVV,A0,instructions,19134,YES,768,NA,NO_EXPLICIT_TRANSFER_PHASE,PASS,NA,17024,NA,5c2aad2f0af79dee95f8456bccddebcb8084d4b1,False,B2-R,0,2e988bc21ef578d746579ad77c2ec9aebf503112367514ae34f3dd01d95e8fd7,main,DASM_MARKER_ENVELOPE,B2-R,26652,1.665815918673608e-05,64,16,26.02734375,0.0002593994140625,50000000,0.00016185392734602858,5.090996802953834e-06,33664,0,0,0,64,16,1.0,NO,AUXILIARY_COUNTER_PROFILE,26.02734375,0,N16_D64_S1_main/instructions/B2R_RVV/trial-1/simulator.log,0,YES,592,18464,1.407338603562422e-05,20260728T161747Z_5c2aad2f_p0-anchor,16512,NA,0,18366,1,361ff71bcc241b448e49ff6d212d06a13a986e2fad861b0aa0b67e40e7a21d68,/home/wxt/spatz/hw/system/spatz_cluster/bin/spatz_cluster.vlt,LARGE,NA,0,NA,NA,NA,PASS,NA,PASS,256,6e10336d3a645e2fcd9e944f26d2066f935544d0ab2c317a5d6d25e07cc9b3c7,pass,NA,131072,NA,NA,NA,NA,2026-07-28T18:23:57+00:00,N16_D64_S1_main/instructions/B2R_RVV/trial-1/instruction_trace_audit.json,1908,7132,7645,824,9166,6,NA,1,768,Verilator 5.034 2025-02-24 rev v5.034,4f53cda18c2baa0c0354bb5f9a3ecbe5ed12ab4d8e11ba873c2f11161202b945,,,,,,
64,16,17152,NA,48677bbde257764677013bd3a30c0bc7774fa339319c2e869db162c18b59ba6c,24,0.022727272727272728,17152,17024,main,main,120fa0c30199e54e6e9b5c60d8da40913eae8526640992cc5d4f130bef159775,1056,hw/system/spatz_cluster/cfg/spatz_cluster.default.dram.hjson,NA,YES,clang version 14.0.6 (git@github.com:pulp-platform/llvm-project.git b494f2d8dde88723026db8ec16ac6c7ee1e140ca) | Target: riscv32-unknown-unknown-elf | Thread model: posix,23d4ef236786e721862ce6c3e950b8fa844d459642d9e6b478ebc41f049d40d3,/home/wxt/work-online-merge-supplement/install/llvm/bin/clang -DONLINE_MERGE_COUNTER_PROFILE=1 -DONLINE_MERGE_IMPLEMENTATION_SELECT=2 -DONLINE_MERGE_STACK_LOG2=13 -DONLINE_MERGE_TRACE_PROXY=0 -I/home/wxt/work-online-merge-supplement/sw/spatzBenchmarks/include -I/home/wxt/work-online-merge-supplement/sw/snRuntime/include -I/home/wxt/work-online-merge-supplement/sw/snRuntime/vendor -I/home/wxt/work-online-merge-supplement/sw/snRuntime/../toolchain/riscv-opcodes -I/home/wxt/work-online-merge-20260728T161747Z_5c2aad2f_p0-anchor/build/spatzBenchmarks/online_merge_generated/N16_D64_S1_main_R1 -I/home/wxt/work-online-merge-supplement/sw/spatzBenchmarks/online-softmax-merge  --gcc-toolchain=/home/wxt/work-online-merge-supplement/install/riscv-gcc -mcpu=snitch -mcmodel=small -ffast-math -fno-builtin-printf -fno-common -falign-loops=16 -ffunction-sections -Wextra -static -mllvm -misched-topdown -menable-experimental-extensions -mno-relax -march=rv32imafdvzfh_xdma_xfquarter -mabi=ilp32d -O3 -g -o CMakeFiles/test-spatzBenchmarks-online-softmax-merge-b2r.dir/online-softmax-merge/main.c.o -c /home/wxt/work-online-merge-supplement/sw/spatzBenchmarks/online-softmax-merge/main.c,B2R_RVV,A0,instructions,19134,YES,768,NA,NO_EXPLICIT_TRANSFER_PHASE,PASS,NA,17024,NA,5c2aad2f0af79dee95f8456bccddebcb8084d4b1,False,B2-R,0,2e988bc21ef578d746579ad77c2ec9aebf503112367514ae34f3dd01d95e8fd7,main,DASM_MARKER_ENVELOPE,B2-R,26652,1.665815918673608e-05,64,16,26.02734375,0.0002593994140625,50000000,0.00016185392734602858,5.090996802953834e-06,33664,0,0,0,64,16,1.0,NO,AUXILIARY_COUNTER_PROFILE,26.02734375,0,N16_D64_S1_main/instructions/B2R_RVV/trial-2/simulator.log,0,YES,592,18464,1.407338603562422e-05,20260728T161747Z_5c2aad2f_p0-anchor,16512,NA,0,18366,1,361ff71bcc241b448e49ff6d212d06a13a986e2fad861b0aa0b67e40e7a21d68,/home/wxt/spatz/hw/system/spatz_cluster/bin/spatz_cluster.vlt,LARGE,NA,0,NA,NA,NA,PASS,NA,PASS,256,6e10336d3a645e2fcd9e944f26d2066f935544d0ab2c317a5d6d25e07cc9b3c7,pass,NA,131072,NA,NA,NA,NA,2026-07-28T18:26:24+00:00,N16_D64_S1_main/instructions/B2R_RVV/trial-2/instruction_trace_audit.json,1908,7132,7645,824,9166,6,NA,2,768,Verilator 5.034 2025-02-24 rev v5.034,4f53cda18c2baa0c0354bb5f9a3ecbe5ed12ab4d8e11ba873c2f11161202b945,,,,,,
64,16,17152,NA,84b7e0724bb420537da4c7fe176bd6fbd41f2625d4c24f794204442196285911,24,0.022727272727272728,17152,17024,main,main,120fa0c30199e54e6e9b5c60d8da40913eae8526640992cc5d4f130bef159775,1056,hw/system/spatz_cluster/cfg/spatz_cluster.default.dram.hjson,4352,YES,clang version 14.0.6 (git@github.com:pulp-platform/llvm-project.git b494f2d8dde88723026db8ec16ac6c7ee1e140ca) | Target: riscv32-unknown-unknown-elf | Thread model: posix,23d4ef236786e721862ce6c3e950b8fa844d459642d9e6b478ebc41f049d40d3,/home/wxt/work-online-merge-supplement/install/llvm/bin/clang -DONLINE_MERGE_COUNTER_PROFILE=1 -DONLINE_MERGE_IMPLEMENTATION_SELECT=4 -DONLINE_MERGE_STACK_LOG2=13 -DONLINE_MERGE_TRACE_PROXY=0 -I/home/wxt/work-online-merge-supplement/sw/spatzBenchmarks/include -I/home/wxt/work-online-merge-supplement/sw/snRuntime/include -I/home/wxt/work-online-merge-supplement/sw/snRuntime/vendor -I/home/wxt/work-online-merge-supplement/sw/snRuntime/../toolchain/riscv-opcodes -I/home/wxt/work-online-merge-20260728T161747Z_5c2aad2f_p0-anchor/build/spatzBenchmarks/online_merge_generated/N16_D64_S1_main_R1 -I/home/wxt/work-online-merge-supplement/sw/spatzBenchmarks/online-softmax-merge  --gcc-toolchain=/home/wxt/work-online-merge-supplement/install/riscv-gcc -mcpu=snitch -mcmodel=small -ffast-math -fno-builtin-printf -fno-common -falign-loops=16 -ffunction-sections -Wextra -static -mllvm -misched-topdown -menable-experimental-extensions -mno-relax -march=rv32imafdvzfh_xdma_xfquarter -mabi=ilp32d -O3 -g -o CMakeFiles/test-spatzBenchmarks-online-softmax-merge-a1.dir/online-softmax-merge/main.c.o -c /home/wxt/work-online-merge-supplement/sw/spatzBenchmarks/online-softmax-merge/main.c,A1_SMU_SCALAR,NA,instructions,3801,YES,768,NA,NO_EXPLICIT_TRANSFER_PHASE,PASS,NA,17024,PASS,5c2aad2f0af79dee95f8456bccddebcb8084d4b1,False,A1,0,2e988bc21ef578d746579ad77c2ec9aebf503112367514ae34f3dd01d95e8fd7,main,DASM_MARKER_ENVELOPE,A1,4736,1.665815918673608e-05,64,16,4.625,0.0002593994140625,50000000,0.00016185392734602858,5.090996802953834e-06,33664,0,0,0,64,16,1.0,NO,AUXILIARY_COUNTER_PROFILE,4.625,0,N16_D64_S1_main/instructions/A1_SMU_SCALAR/trial-0/simulator.log,0,YES,144,3525,1.407338603562422e-05,20260728T161747Z_5c2aad2f_p0-anchor,16512,3080,1,3033,1,361ff71bcc241b448e49ff6d212d06a13a986e2fad861b0aa0b67e40e7a21d68,/home/wxt/spatz/hw/system/spatz_cluster/bin/spatz_cluster.vlt,LARGE,384,1,1656,NA,NA,PASS,NA,PASS,256,cfb30b335a3449b7a5fa69544dc853504113907f49417ab9b944da0966977bc3,pass,NA,131072,NA,NA,NA,NA,2026-07-28T18:28:53+00:00,N16_D64_S1_main/instructions/A1_SMU_SCALAR/trial-0/instruction_trace_audit.json,1524,718,1737,768,NA,9,NA,0,768,Verilator 5.034 2025-02-24 rev v5.034,4f53cda18c2baa0c0354bb5f9a3ecbe5ed12ab4d8e11ba873c2f11161202b945,16,16,208,1,144,0
64,16,17152,NA,84b7e0724bb420537da4c7fe176bd6fbd41f2625d4c24f794204442196285911,24,0.022727272727272728,17152,17024,main,main,120fa0c30199e54e6e9b5c60d8da40913eae8526640992cc5d4f130bef159775,1056,hw/system/spatz_cluster/cfg/spatz_cluster.default.dram.hjson,4352,YES,clang version 14.0.6 (git@github.com:pulp-platform/llvm-project.git b494f2d8dde88723026db8ec16ac6c7ee1e140ca) | Target: riscv32-unknown-unknown-elf | Thread model: posix,23d4ef236786e721862ce6c3e950b8fa844d459642d9e6b478ebc41f049d40d3,/home/wxt/work-online-merge-supplement/install/llvm/bin/clang -DONLINE_MERGE_COUNTER_PROFILE=1 -DONLINE_MERGE_IMPLEMENTATION_SELECT=4 -DONLINE_MERGE_STACK_LOG2=13 -DONLINE_MERGE_TRACE_PROXY=0 -I/home/wxt/work-online-merge-supplement/sw/spatzBenchmarks/include -I/home/wxt/work-online-merge-supplement/sw/snRuntime/include -I/home/wxt/work-online-merge-supplement/sw/snRuntime/vendor -I/home/wxt/work-online-merge-supplement/sw/snRuntime/../toolchain/riscv-opcodes -I/home/wxt/work-online-merge-20260728T161747Z_5c2aad2f_p0-anchor/build/spatzBenchmarks/online_merge_generated/N16_D64_S1_main_R1 -I/home/wxt/work-online-merge-supplement/sw/spatzBenchmarks/online-softmax-merge  --gcc-toolchain=/home/wxt/work-online-merge-supplement/install/riscv-gcc -mcpu=snitch -mcmodel=small -ffast-math -fno-builtin-printf -fno-common -falign-loops=16 -ffunction-sections -Wextra -static -mllvm -misched-topdown -menable-experimental-extensions -mno-relax -march=rv32imafdvzfh_xdma_xfquarter -mabi=ilp32d -O3 -g -o CMakeFiles/test-spatzBenchmarks-online-softmax-merge-a1.dir/online-softmax-merge/main.c.o -c /home/wxt/work-online-merge-supplement/sw/spatzBenchmarks/online-softmax-merge/main.c,A1_SMU_SCALAR,NA,instructions,3801,YES,768,NA,NO_EXPLICIT_TRANSFER_PHASE,PASS,NA,17024,PASS,5c2aad2f0af79dee95f8456bccddebcb8084d4b1,False,A1,0,2e988bc21ef578d746579ad77c2ec9aebf503112367514ae34f3dd01d95e8fd7,main,DASM_MARKER_ENVELOPE,A1,4736,1.665815918673608e-05,64,16,4.625,0.0002593994140625,50000000,0.00016185392734602858,5.090996802953834e-06,33664,0,0,0,64,16,1.0,NO,AUXILIARY_COUNTER_PROFILE,4.625,0,N16_D64_S1_main/instructions/A1_SMU_SCALAR/trial-1/simulator.log,0,YES,144,3525,1.407338603562422e-05,20260728T161747Z_5c2aad2f_p0-anchor,16512,3080,1,3033,1,361ff71bcc241b448e49ff6d212d06a13a986e2fad861b0aa0b67e40e7a21d68,/home/wxt/spatz/hw/system/spatz_cluster/bin/spatz_cluster.vlt,LARGE,384,1,1656,NA,NA,PASS,NA,PASS,256,cfb30b335a3449b7a5fa69544dc853504113907f49417ab9b944da0966977bc3,pass,NA,131072,NA,NA,NA,NA,2026-07-28T18:31:06+00:00,N16_D64_S1_main/instructions/A1_SMU_SCALAR/trial-1/instruction_trace_audit.json,1524,718,1737,768,NA,9,NA,1,768,Verilator 5.034 2025-02-24 rev v5.034,4f53cda18c2baa0c0354bb5f9a3ecbe5ed12ab4d8e11ba873c2f11161202b945,16,16,208,1,144,0
64,16,17152,NA,84b7e0724bb420537da4c7fe176bd6fbd41f2625d4c24f794204442196285911,24,0.022727272727272728,17152,17024,main,main,120fa0c30199e54e6e9b5c60d8da40913eae8526640992cc5d4f130bef159775,1056,hw/system/spatz_cluster/cfg/spatz_cluster.default.dram.hjson,4352,YES,clang version 14.0.6 (git@github.com:pulp-platform/llvm-project.git b494f2d8dde88723026db8ec16ac6c7ee1e140ca) | Target: riscv32-unknown-unknown-elf | Thread model: posix,23d4ef236786e721862ce6c3e950b8fa844d459642d9e6b478ebc41f049d40d3,/home/wxt/work-online-merge-supplement/install/llvm/bin/clang -DONLINE_MERGE_COUNTER_PROFILE=1 -DONLINE_MERGE_IMPLEMENTATION_SELECT=4 -DONLINE_MERGE_STACK_LOG2=13 -DONLINE_MERGE_TRACE_PROXY=0 -I/home/wxt/work-online-merge-supplement/sw/spatzBenchmarks/include -I/home/wxt/work-online-merge-supplement/sw/snRuntime/include -I/home/wxt/work-online-merge-supplement/sw/snRuntime/vendor -I/home/wxt/work-online-merge-supplement/sw/snRuntime/../toolchain/riscv-opcodes -I/home/wxt/work-online-merge-20260728T161747Z_5c2aad2f_p0-anchor/build/spatzBenchmarks/online_merge_generated/N16_D64_S1_main_R1 -I/home/wxt/work-online-merge-supplement/sw/spatzBenchmarks/online-softmax-merge  --gcc-toolchain=/home/wxt/work-online-merge-supplement/install/riscv-gcc -mcpu=snitch -mcmodel=small -ffast-math -fno-builtin-printf -fno-common -falign-loops=16 -ffunction-sections -Wextra -static -mllvm -misched-topdown -menable-experimental-extensions -mno-relax -march=rv32imafdvzfh_xdma_xfquarter -mabi=ilp32d -O3 -g -o CMakeFiles/test-spatzBenchmarks-online-softmax-merge-a1.dir/online-softmax-merge/main.c.o -c /home/wxt/work-online-merge-supplement/sw/spatzBenchmarks/online-softmax-merge/main.c,A1_SMU_SCALAR,NA,instructions,3801,YES,768,NA,NO_EXPLICIT_TRANSFER_PHASE,PASS,NA,17024,PASS,5c2aad2f0af79dee95f8456bccddebcb8084d4b1,False,A1,0,2e988bc21ef578d746579ad77c2ec9aebf503112367514ae34f3dd01d95e8fd7,main,DASM_MARKER_ENVELOPE,A1,4736,1.665815918673608e-05,64,16,4.625,0.0002593994140625,50000000,0.00016185392734602858,5.090996802953834e-06,33664,0,0,0,64,16,1.0,NO,AUXILIARY_COUNTER_PROFILE,4.625,0,N16_D64_S1_main/instructions/A1_SMU_SCALAR/trial-2/simulator.log,0,YES,144,3525,1.407338603562422e-05,20260728T161747Z_5c2aad2f_p0-anchor,16512,3080,1,3033,1,361ff71bcc241b448e49ff6d212d06a13a986e2fad861b0aa0b67e40e7a21d68,/home/wxt/spatz/hw/system/spatz_cluster/bin/spatz_cluster.vlt,LARGE,384,1,1656,NA,NA,PASS,NA,PASS,256,cfb30b335a3449b7a5fa69544dc853504113907f49417ab9b944da0966977bc3,pass,NA,131072,NA,NA,NA,NA,2026-07-28T18:33:19+00:00,N16_D64_S1_main/instructions/A1_SMU_SCALAR/trial-2/instruction_trace_audit.json,1524,718,1737,768,NA,9,NA,2,768,Verilator 5.034 2025-02-24 rev v5.034,4f53cda18c2baa0c0354bb5f9a3ecbe5ed12ab4d8e11ba873c2f11161202b945,16,16,208,1,144,0
64,16,17152,NA,99d08e6231a8cb7690450995e17f6e4807e62f8932c1eb3fd67431f51e839a4e,26,0.02462121212121212,17152,17024,main,main,120fa0c30199e54e6e9b5c60d8da40913eae8526640992cc5d4f130bef159775,1056,hw/system/spatz_cluster/cfg/spatz_cluster.default.dram.hjson,1265,YES,clang version 14.0.6 (git@github.com:pulp-platform/llvm-project.git b494f2d8dde88723026db8ec16ac6c7ee1e140ca) | Target: riscv32-unknown-unknown-elf | Thread model: posix,23d4ef236786e721862ce6c3e950b8fa844d459642d9e6b478ebc41f049d40d3,/home/wxt/work-online-merge-supplement/install/llvm/bin/clang -DONLINE_MERGE_COUNTER_PROFILE=1 -DONLINE_MERGE_IMPLEMENTATION_SELECT=3 -DONLINE_MERGE_STACK_LOG2=13 -DONLINE_MERGE_TRACE_PROXY=0 -I/home/wxt/work-online-merge-supplement/sw/spatzBenchmarks/include -I/home/wxt/work-online-merge-supplement/sw/snRuntime/include -I/home/wxt/work-online-merge-supplement/sw/snRuntime/vendor -I/home/wxt/work-online-merge-supplement/sw/snRuntime/../toolchain/riscv-opcodes -I/home/wxt/work-online-merge-20260728T161747Z_5c2aad2f_p0-anchor/build/spatzBenchmarks/online_merge_generated/N16_D64_S1_main_R1 -I/home/wxt/work-online-merge-supplement/sw/spatzBenchmarks/online-softmax-merge  --gcc-toolchain=/home/wxt/work-online-merge-supplement/install/riscv-gcc -mcpu=snitch -mcmodel=small -ffast-math -fno-builtin-printf -fno-common -falign-loops=16 -ffunction-sections -Wextra -static -mllvm -misched-topdown -menable-experimental-extensions -mno-relax -march=rv32imafdvzfh_xdma_xfquarter -mabi=ilp32d -O3 -g -o CMakeFiles/test-spatzBenchmarks-online-softmax-merge-a2.dir/online-softmax-merge/main.c.o -c /home/wxt/work-online-merge-supplement/sw/spatzBenchmarks/online-softmax-merge/main.c,A2_SMU_FULL,A2,instructions,6338,YES,0,NA,NO_EXPLICIT_TRANSFER_PHASE,PASS,NA,17024,PASS,5c2aad2f0af79dee95f8456bccddebcb8084d4b1,False,B3,0,2e988bc21ef578d746579ad77c2ec9aebf503112367514ae34f3dd01d95e8fd7,main,DASM_MARKER_ENVELOPE,B3,9800,1.665997456356637e-05,64,16,9.5703125,0.0002593994140625,50000000,0.00016185392734602858,5.093020401104833e-06,33664,0,0,0,64,16,1.0,NO,AUXILIARY_COUNTER_PROFILE,9.5703125,0,N16_D64_S1_main/instructions/A2_SMU_FULL/trial-0/simulator.log,0,YES,0,5109,1.4074919728431836e-05,20260728T161747Z_5c2aad2f_p0-anchor,16512,NA,1,6338,1,361ff71bcc241b448e49ff6d212d06a13a986e2fad861b0aa0b67e40e7a21d68,/home/wxt/spatz/hw/system/spatz_cluster/bin/spatz_cluster.vlt,LARGE,8535,1,NA,NA,NA,PASS,NA,PASS,256,c43b413c72cd1054b137df2a17f5b9bb854145f24bf2b7d619e7e3d6833e4202,pass,NA,131072,NA,NA,NA,NA,2026-07-28T18:35:34+00:00,N16_D64_S1_main/instructions/A2_SMU_FULL/trial-0/instruction_trace_audit.json,6528,1021,2296,NA,NA,6,NA,0,0,Verilator 5.034 2025-02-24 rev v5.034,4f53cda18c2baa0c0354bb5f9a3ecbe5ed12ab4d8e11ba873c2f11161202b945,16,16,208,1,80,8215
64,16,17152,NA,99d08e6231a8cb7690450995e17f6e4807e62f8932c1eb3fd67431f51e839a4e,26,0.02462121212121212,17152,17024,main,main,120fa0c30199e54e6e9b5c60d8da40913eae8526640992cc5d4f130bef159775,1056,hw/system/spatz_cluster/cfg/spatz_cluster.default.dram.hjson,1265,YES,clang version 14.0.6 (git@github.com:pulp-platform/llvm-project.git b494f2d8dde88723026db8ec16ac6c7ee1e140ca) | Target: riscv32-unknown-unknown-elf | Thread model: posix,23d4ef236786e721862ce6c3e950b8fa844d459642d9e6b478ebc41f049d40d3,/home/wxt/work-online-merge-supplement/install/llvm/bin/clang -DONLINE_MERGE_COUNTER_PROFILE=1 -DONLINE_MERGE_IMPLEMENTATION_SELECT=3 -DONLINE_MERGE_STACK_LOG2=13 -DONLINE_MERGE_TRACE_PROXY=0 -I/home/wxt/work-online-merge-supplement/sw/spatzBenchmarks/include -I/home/wxt/work-online-merge-supplement/sw/snRuntime/include -I/home/wxt/work-online-merge-supplement/sw/snRuntime/vendor -I/home/wxt/work-online-merge-supplement/sw/snRuntime/../toolchain/riscv-opcodes -I/home/wxt/work-online-merge-20260728T161747Z_5c2aad2f_p0-anchor/build/spatzBenchmarks/online_merge_generated/N16_D64_S1_main_R1 -I/home/wxt/work-online-merge-supplement/sw/spatzBenchmarks/online-softmax-merge  --gcc-toolchain=/home/wxt/work-online-merge-supplement/install/riscv-gcc -mcpu=snitch -mcmodel=small -ffast-math -fno-builtin-printf -fno-common -falign-loops=16 -ffunction-sections -Wextra -static -mllvm -misched-topdown -menable-experimental-extensions -mno-relax -march=rv32imafdvzfh_xdma_xfquarter -mabi=ilp32d -O3 -g -o CMakeFiles/test-spatzBenchmarks-online-softmax-merge-a2.dir/online-softmax-merge/main.c.o -c /home/wxt/work-online-merge-supplement/sw/spatzBenchmarks/online-softmax-merge/main.c,A2_SMU_FULL,A2,instructions,6338,YES,0,NA,NO_EXPLICIT_TRANSFER_PHASE,PASS,NA,17024,PASS,5c2aad2f0af79dee95f8456bccddebcb8084d4b1,False,B3,0,2e988bc21ef578d746579ad77c2ec9aebf503112367514ae34f3dd01d95e8fd7,main,DASM_MARKER_ENVELOPE,B3,9800,1.665997456356637e-05,64,16,9.5703125,0.0002593994140625,50000000,0.00016185392734602858,5.093020401104833e-06,33664,0,0,0,64,16,1.0,NO,AUXILIARY_COUNTER_PROFILE,9.5703125,0,N16_D64_S1_main/instructions/A2_SMU_FULL/trial-1/simulator.log,0,YES,0,5109,1.4074919728431836e-05,20260728T161747Z_5c2aad2f_p0-anchor,16512,NA,1,6338,1,361ff71bcc241b448e49ff6d212d06a13a986e2fad861b0aa0b67e40e7a21d68,/home/wxt/spatz/hw/system/spatz_cluster/bin/spatz_cluster.vlt,LARGE,8535,1,NA,NA,NA,PASS,NA,PASS,256,c43b413c72cd1054b137df2a17f5b9bb854145f24bf2b7d619e7e3d6833e4202,pass,NA,131072,NA,NA,NA,NA,2026-07-28T18:37:49+00:00,N16_D64_S1_main/instructions/A2_SMU_FULL/trial-1/instruction_trace_audit.json,6528,1021,2296,NA,NA,6,NA,1,0,Verilator 5.034 2025-02-24 rev v5.034,4f53cda18c2baa0c0354bb5f9a3ecbe5ed12ab4d8e11ba873c2f11161202b945,16,16,208,1,80,8215
64,16,17152,NA,99d08e6231a8cb7690450995e17f6e4807e62f8932c1eb3fd67431f51e839a4e,26,0.02462121212121212,17152,17024,main,main,120fa0c30199e54e6e9b5c60d8da40913eae8526640992cc5d4f130bef159775,1056,hw/system/spatz_cluster/cfg/spatz_cluster.default.dram.hjson,1265,YES,clang version 14.0.6 (git@github.com:pulp-platform/llvm-project.git b494f2d8dde88723026db8ec16ac6c7ee1e140ca) | Target: riscv32-unknown-unknown-elf | Thread model: posix,23d4ef236786e721862ce6c3e950b8fa844d459642d9e6b478ebc41f049d40d3,/home/wxt/work-online-merge-supplement/install/llvm/bin/clang -DONLINE_MERGE_COUNTER_PROFILE=1 -DONLINE_MERGE_IMPLEMENTATION_SELECT=3 -DONLINE_MERGE_STACK_LOG2=13 -DONLINE_MERGE_TRACE_PROXY=0 -I/home/wxt/work-online-merge-supplement/sw/spatzBenchmarks/include -I/home/wxt/work-online-merge-supplement/sw/snRuntime/include -I/home/wxt/work-online-merge-supplement/sw/snRuntime/vendor -I/home/wxt/work-online-merge-supplement/sw/snRuntime/../toolchain/riscv-opcodes -I/home/wxt/work-online-merge-20260728T161747Z_5c2aad2f_p0-anchor/build/spatzBenchmarks/online_merge_generated/N16_D64_S1_main_R1 -I/home/wxt/work-online-merge-supplement/sw/spatzBenchmarks/online-softmax-merge  --gcc-toolchain=/home/wxt/work-online-merge-supplement/install/riscv-gcc -mcpu=snitch -mcmodel=small -ffast-math -fno-builtin-printf -fno-common -falign-loops=16 -ffunction-sections -Wextra -static -mllvm -misched-topdown -menable-experimental-extensions -mno-relax -march=rv32imafdvzfh_xdma_xfquarter -mabi=ilp32d -O3 -g -o CMakeFiles/test-spatzBenchmarks-online-softmax-merge-a2.dir/online-softmax-merge/main.c.o -c /home/wxt/work-online-merge-supplement/sw/spatzBenchmarks/online-softmax-merge/main.c,A2_SMU_FULL,A2,instructions,6338,YES,0,NA,NO_EXPLICIT_TRANSFER_PHASE,PASS,NA,17024,PASS,5c2aad2f0af79dee95f8456bccddebcb8084d4b1,False,B3,0,2e988bc21ef578d746579ad77c2ec9aebf503112367514ae34f3dd01d95e8fd7,main,DASM_MARKER_ENVELOPE,B3,9800,1.665997456356637e-05,64,16,9.5703125,0.0002593994140625,50000000,0.00016185392734602858,5.093020401104833e-06,33664,0,0,0,64,16,1.0,NO,AUXILIARY_COUNTER_PROFILE,9.5703125,0,N16_D64_S1_main/instructions/A2_SMU_FULL/trial-2/simulator.log,0,YES,0,5109,1.4074919728431836e-05,20260728T161747Z_5c2aad2f_p0-anchor,16512,NA,1,6338,1,361ff71bcc241b448e49ff6d212d06a13a986e2fad861b0aa0b67e40e7a21d68,/home/wxt/spatz/hw/system/spatz_cluster/bin/spatz_cluster.vlt,LARGE,8535,1,NA,NA,NA,PASS,NA,PASS,256,c43b413c72cd1054b137df2a17f5b9bb854145f24bf2b7d619e7e3d6833e4202,pass,NA,131072,NA,NA,NA,NA,2026-07-28T18:40:06+00:00,N16_D64_S1_main/instructions/A2_SMU_FULL/trial-2/instruction_trace_audit.json,6528,1021,2296,NA,NA,6,NA,2,0,Verilator 5.034 2025-02-24 rev v5.034,4f53cda18c2baa0c0354bb5f9a3ecbe5ed12ab4d8e11ba873c2f11161202b945,16,16,208,1,80,8215
