source_artifact_root,D,N,allocation_bytes,bank_conflicts,binary_hash,bit_equal,bit_equal_ratio,buffer_allocation_bytes,buffer_footprint_bytes,case_class,case_id,case_kind,cfg_hash,checked,cluster_cfg,command_and_sync_cycles,comparison_set_complete,compiler,compiler_fairness_hash,compiler_flags,config,config_alias,counter_profile,dynamic_retired_instructions,dynamic_trace_verified,dynamic_vector_instructions,end_to_end_cycles,end_to_end_reason,evidence_class,expected_target_status,fairness_gate,fairness_mismatches,footprint_bytes,fsm_gate,git_commit,git_dirty,implementation,inf_count,input_hash,input_pattern,instruction_mix_source,internal_implementation,kernel_cycles,l2_relative_error,logical_D,logical_N,logical_cycles_per_element,max_abs_error,max_kernel_cycles,max_rel_error,mean_abs_error,measurement_simulator_dasm_trace_enabled,measurement_simulator_gate,measurement_simulator_profile,measurement_target_projection_hash,memory_footprint_bytes,nan_count,neg_inf_count,nonfinite,padded_D,padded_N,padding_ratio,paper_eligible,paper_ineligible_reasons,physical_cycles_per_element,pos_inf_count,raw_log_path,repeat,reproducible,retired_accelerator_instructions,retired_instructions,rmse,run_id,runtime_reserved_bytes,rvv_vector_cycles,saw_busy,scalar_instructions,seed,simulator_hash,simulator_path,size_class,smu_busy_cycles,smu_commands,smu_scalar_cycles,smu_wait_cycles,stall_cycles,static_code_gate,static_code_gate_reasons,status,stride,target_result_hash,target_status,tcdm_accessed,tcdm_capacity_bytes,tcdm_congested,tcdm_read_bytes,tcdm_write_bytes,tile_size,timestamp,trace_audit_path,trace_load_store_cycles,trace_loop_control_cycles,trace_other_cycles,trace_rvv_cycles,trace_software_scalar_cycles,trace_source,trace_synchronization_cycles,trace_target_equivalence_gate,trace_undecoded_cycles,trace_witness_gate,trace_witness_simulator_hash,trace_witness_simulator_path,trace_witness_simulator_profile,trace_witness_target_projection_hash,trial,vector_instructions,verilator_version,worktree_snapshot_hash,compute_scalar_cycles,compute_weight_cycles,load_scalar_cycles,smu_measured_invocation,store_scalar_cycles,update_vector_cycles
/home/wxt/work-online-merge-8c2dfda-p0-5-model-00-r1,64,12,12800,NA,01bf808520be320d91af39a1a7348839d9fe38d556db8219bc5e75497ad4f437,17,0.021464646464646464,12800,12768,main,model_bert_base_heads,main,120fa0c30199e54e6e9b5c60d8da40913eae8526640992cc5d4f130bef159775,792,hw/system/spatz_cluster/cfg/spatz_cluster.default.dram.hjson,NA,YES,clang version 14.0.6 (git@github.com:pulp-platform/llvm-project.git b494f2d8dde88723026db8ec16ac6c7ee1e140ca) | Target: riscv32-unknown-unknown-elf | Thread model: posix,daca03f5b13f73dc1b28d46626c1a2ce8f05511f6b1b841e1df012270e45ad11,/home/wxt/work-online-merge-p0-5-dev-67df03b/install/llvm/bin/clang -DONLINE_MERGE_COUNTER_PROFILE=0 -DONLINE_MERGE_IMPLEMENTATION_SELECT=1 -DONLINE_MERGE_STACK_LOG2=13 -DONLINE_MERGE_TRACE_PROXY=0 -I/home/wxt/work-online-merge-p0-5-dev-67df03b/sw/spatzBenchmarks/include -I/home/wxt/work-online-merge-p0-5-dev-67df03b/sw/snRuntime/include -I/home/wxt/work-online-merge-p0-5-dev-67df03b/sw/snRuntime/vendor -I/home/wxt/work-online-merge-p0-5-dev-67df03b/sw/snRuntime/../toolchain/riscv-opcodes -I/home/wxt/work-online-merge-8c2dfda-p0-5-model-00-r1/build/spatzBenchmarks/online_merge_generated/N12_D64_S1_main_R1 -I/home/wxt/work-online-merge-p0-5-dev-67df03b/sw/spatzBenchmarks/online-softmax-merge  --gcc-toolchain=/home/wxt/work-online-merge-p0-5-dev-67df03b/install/riscv-gcc --gcc-toolchain=/home/wxt/work-online-merge-p0-5-dev-67df03b/install/riscv-gcc -mcpu=snitch -mcmodel=small -ffast-math -fno-builtin-printf -fno-common -falign-loops=16 -ffunction-sections -Wextra -static -mllvm -misched-topdown -menable-experimental-extensions -mno-relax -march=rv32imafdvzfh_xdma_xfquarter -mabi=ilp32d -O3 -g -o CMakeFiles/test-spatzBenchmarks-online-softmax-merge-b1.dir/online-softmax-merge/main.c.o -c /home/wxt/work-online-merge-p0-5-dev-67df03b/sw/spatzBenchmarks/online-softmax-merge/main.c,B1_SCALAR,NA,memory,NA,NO,NA,NA,NO_EXPLICIT_TRANSFER_PHASE,MODEL_WORKLOAD,pass,PASS,NA,12768,NA,8c2dfdaac25a3f7fb9ecd30cc8ff910c1b79216f,False,B1,0,9af41c47fe7b5bd7921757cb4afcce02980725f6ca085a830cc73b1b8699802d,main,NA,B1,271718,1.8033519695214687e-05,64,12,353.7994791666667,0.0002593994140625,100000000,5.791646167894499e-05,5.815808444914192e-06,False,PASS,low_perturbation,6fbdfc6c905fc89caa9909183746eff5bf546855624e044347a417a67d72153b,29312,0,0,0,64,12,1.0,YES,NA,353.7994791666667,0,model_bert_base_heads/memory/B1_SCALAR/trial-0/simulator.log,0,YES,NA,NA,1.495300771540937e-05,20260808T065809Z_8c2dfdaa_p0-5-model-00,16512,NA,0,NA,1,33f066a87e3592e55aa4c78bcc583383243061423e6a790856d5b1be7f593fef,/home/wxt/work-online-merge-low-dasm-simulator-5c2aad2-r1/spatz_cluster.vlt,MODEL_ENCODER_HEAD_SET,NA,0,NA,NA,NA,PASS,NA,PASS,256,8257005dc3c67c6d2190e801e53ea325790aab45eafeddf0ce2bf8462231638f,pass,3061,131072,0,NA,NA,NA,2026-08-08T06:58:12+00:00,NA,NA,NA,NA,NA,NA,NA,NA,NA,NA,NA,NA,NA,NA,NA,0,NA,Verilator 5.034 2025-02-24 rev v5.034,4f53cda18c2baa0c0354bb5f9a3ecbe5ed12ab4d8e11ba873c2f11161202b945,,,,,,
/home/wxt/work-online-merge-8c2dfda-p0-5-model-00-r1,64,12,12800,NA,01bf808520be320d91af39a1a7348839d9fe38d556db8219bc5e75497ad4f437,17,0.021464646464646464,12800,12768,main,model_bert_base_heads,main,120fa0c30199e54e6e9b5c60d8da40913eae8526640992cc5d4f130bef159775,792,hw/system/spatz_cluster/cfg/spatz_cluster.default.dram.hjson,NA,YES,clang version 14.0.6 (git@github.com:pulp-platform/llvm-project.git b494f2d8dde88723026db8ec16ac6c7ee1e140ca) | Target: riscv32-unknown-unknown-elf | Thread model: posix,daca03f5b13f73dc1b28d46626c1a2ce8f05511f6b1b841e1df012270e45ad11,/home/wxt/work-online-merge-p0-5-dev-67df03b/install/llvm/bin/clang -DONLINE_MERGE_COUNTER_PROFILE=0 -DONLINE_MERGE_IMPLEMENTATION_SELECT=1 -DONLINE_MERGE_STACK_LOG2=13 -DONLINE_MERGE_TRACE_PROXY=0 -I/home/wxt/work-online-merge-p0-5-dev-67df03b/sw/spatzBenchmarks/include -I/home/wxt/work-online-merge-p0-5-dev-67df03b/sw/snRuntime/include -I/home/wxt/work-online-merge-p0-5-dev-67df03b/sw/snRuntime/vendor -I/home/wxt/work-online-merge-p0-5-dev-67df03b/sw/snRuntime/../toolchain/riscv-opcodes -I/home/wxt/work-online-merge-8c2dfda-p0-5-model-00-r1/build/spatzBenchmarks/online_merge_generated/N12_D64_S1_main_R1 -I/home/wxt/work-online-merge-p0-5-dev-67df03b/sw/spatzBenchmarks/online-softmax-merge  --gcc-toolchain=/home/wxt/work-online-merge-p0-5-dev-67df03b/install/riscv-gcc --gcc-toolchain=/home/wxt/work-online-merge-p0-5-dev-67df03b/install/riscv-gcc -mcpu=snitch -mcmodel=small -ffast-math -fno-builtin-printf -fno-common -falign-loops=16 -ffunction-sections -Wextra -static -mllvm -misched-topdown -menable-experimental-extensions -mno-relax -march=rv32imafdvzfh_xdma_xfquarter -mabi=ilp32d -O3 -g -o CMakeFiles/test-spatzBenchmarks-online-softmax-merge-b1.dir/online-softmax-merge/main.c.o -c /home/wxt/work-online-merge-p0-5-dev-67df03b/sw/spatzBenchmarks/online-softmax-merge/main.c,B1_SCALAR,NA,memory,NA,NO,NA,NA,NO_EXPLICIT_TRANSFER_PHASE,MODEL_WORKLOAD,pass,PASS,NA,12768,NA,8c2dfdaac25a3f7fb9ecd30cc8ff910c1b79216f,False,B1,0,9af41c47fe7b5bd7921757cb4afcce02980725f6ca085a830cc73b1b8699802d,main,NA,B1,271718,1.8033519695214687e-05,64,12,353.7994791666667,0.0002593994140625,100000000,5.791646167894499e-05,5.815808444914192e-06,False,PASS,low_perturbation,6fbdfc6c905fc89caa9909183746eff5bf546855624e044347a417a67d72153b,29312,0,0,0,64,12,1.0,YES,NA,353.7994791666667,0,model_bert_base_heads/memory/B1_SCALAR/trial-1/simulator.log,0,YES,NA,NA,1.495300771540937e-05,20260808T065809Z_8c2dfdaa_p0-5-model-00,16512,NA,0,NA,1,33f066a87e3592e55aa4c78bcc583383243061423e6a790856d5b1be7f593fef,/home/wxt/work-online-merge-low-dasm-simulator-5c2aad2-r1/spatz_cluster.vlt,MODEL_ENCODER_HEAD_SET,NA,0,NA,NA,NA,PASS,NA,PASS,256,8257005dc3c67c6d2190e801e53ea325790aab45eafeddf0ce2bf8462231638f,pass,3061,131072,0,NA,NA,NA,2026-08-08T07:03:41+00:00,NA,NA,NA,NA,NA,NA,NA,NA,NA,NA,NA,NA,NA,NA,NA,1,NA,Verilator 5.034 2025-02-24 rev v5.034,4f53cda18c2baa0c0354bb5f9a3ecbe5ed12ab4d8e11ba873c2f11161202b945,,,,,,
/home/wxt/work-online-merge-8c2dfda-p0-5-model-00-r1,64,12,12800,NA,01bf808520be320d91af39a1a7348839d9fe38d556db8219bc5e75497ad4f437,17,0.021464646464646464,12800,12768,main,model_bert_base_heads,main,120fa0c30199e54e6e9b5c60d8da40913eae8526640992cc5d4f130bef159775,792,hw/system/spatz_cluster/cfg/spatz_cluster.default.dram.hjson,NA,YES,clang version 14.0.6 (git@github.com:pulp-platform/llvm-project.git b494f2d8dde88723026db8ec16ac6c7ee1e140ca) | Target: riscv32-unknown-unknown-elf | Thread model: posix,daca03f5b13f73dc1b28d46626c1a2ce8f05511f6b1b841e1df012270e45ad11,/home/wxt/work-online-merge-p0-5-dev-67df03b/install/llvm/bin/clang -DONLINE_MERGE_COUNTER_PROFILE=0 -DONLINE_MERGE_IMPLEMENTATION_SELECT=1 -DONLINE_MERGE_STACK_LOG2=13 -DONLINE_MERGE_TRACE_PROXY=0 -I/home/wxt/work-online-merge-p0-5-dev-67df03b/sw/spatzBenchmarks/include -I/home/wxt/work-online-merge-p0-5-dev-67df03b/sw/snRuntime/include -I/home/wxt/work-online-merge-p0-5-dev-67df03b/sw/snRuntime/vendor -I/home/wxt/work-online-merge-p0-5-dev-67df03b/sw/snRuntime/../toolchain/riscv-opcodes -I/home/wxt/work-online-merge-8c2dfda-p0-5-model-00-r1/build/spatzBenchmarks/online_merge_generated/N12_D64_S1_main_R1 -I/home/wxt/work-online-merge-p0-5-dev-67df03b/sw/spatzBenchmarks/online-softmax-merge  --gcc-toolchain=/home/wxt/work-online-merge-p0-5-dev-67df03b/install/riscv-gcc --gcc-toolchain=/home/wxt/work-online-merge-p0-5-dev-67df03b/install/riscv-gcc -mcpu=snitch -mcmodel=small -ffast-math -fno-builtin-printf -fno-common -falign-loops=16 -ffunction-sections -Wextra -static -mllvm -misched-topdown -menable-experimental-extensions -mno-relax -march=rv32imafdvzfh_xdma_xfquarter -mabi=ilp32d -O3 -g -o CMakeFiles/test-spatzBenchmarks-online-softmax-merge-b1.dir/online-softmax-merge/main.c.o -c /home/wxt/work-online-merge-p0-5-dev-67df03b/sw/spatzBenchmarks/online-softmax-merge/main.c,B1_SCALAR,NA,memory,NA,NO,NA,NA,NO_EXPLICIT_TRANSFER_PHASE,MODEL_WORKLOAD,pass,PASS,NA,12768,NA,8c2dfdaac25a3f7fb9ecd30cc8ff910c1b79216f,False,B1,0,9af41c47fe7b5bd7921757cb4afcce02980725f6ca085a830cc73b1b8699802d,main,NA,B1,271718,1.8033519695214687e-05,64,12,353.7994791666667,0.0002593994140625,100000000,5.791646167894499e-05,5.815808444914192e-06,False,PASS,low_perturbation,6fbdfc6c905fc89caa9909183746eff5bf546855624e044347a417a67d72153b,29312,0,0,0,64,12,1.0,YES,NA,353.7994791666667,0,model_bert_base_heads/memory/B1_SCALAR/trial-2/simulator.log,0,YES,NA,NA,1.495300771540937e-05,20260808T065809Z_8c2dfdaa_p0-5-model-00,16512,NA,0,NA,1,33f066a87e3592e55aa4c78bcc583383243061423e6a790856d5b1be7f593fef,/home/wxt/work-online-merge-low-dasm-simulator-5c2aad2-r1/spatz_cluster.vlt,MODEL_ENCODER_HEAD_SET,NA,0,NA,NA,NA,PASS,NA,PASS,256,8257005dc3c67c6d2190e801e53ea325790aab45eafeddf0ce2bf8462231638f,pass,3061,131072,0,NA,NA,NA,2026-08-08T07:09:04+00:00,NA,NA,NA,NA,NA,NA,NA,NA,NA,NA,NA,NA,NA,NA,NA,2,NA,Verilator 5.034 2025-02-24 rev v5.034,4f53cda18c2baa0c0354bb5f9a3ecbe5ed12ab4d8e11ba873c2f11161202b945,,,,,,
/home/wxt/work-online-merge-8c2dfda-p0-5-model-00-r1,64,12,12800,NA,bf308d400671ea4cbec938a0362cf675d06817249ce5cec53ea70d3ede615079,17,0.021464646464646464,12800,12768,main,model_bert_base_heads,main,120fa0c30199e54e6e9b5c60d8da40913eae8526640992cc5d4f130bef159775,792,hw/system/spatz_cluster/cfg/spatz_cluster.default.dram.hjson,NA,YES,clang version 14.0.6 (git@github.com:pulp-platform/llvm-project.git b494f2d8dde88723026db8ec16ac6c7ee1e140ca) | Target: riscv32-unknown-unknown-elf | Thread model: posix,daca03f5b13f73dc1b28d46626c1a2ce8f05511f6b1b841e1df012270e45ad11,/home/wxt/work-online-merge-p0-5-dev-67df03b/install/llvm/bin/clang -DONLINE_MERGE_COUNTER_PROFILE=0 -DONLINE_MERGE_IMPLEMENTATION_SELECT=2 -DONLINE_MERGE_STACK_LOG2=13 -DONLINE_MERGE_TRACE_PROXY=0 -I/home/wxt/work-online-merge-p0-5-dev-67df03b/sw/spatzBenchmarks/include -I/home/wxt/work-online-merge-p0-5-dev-67df03b/sw/snRuntime/include -I/home/wxt/work-online-merge-p0-5-dev-67df03b/sw/snRuntime/vendor -I/home/wxt/work-online-merge-p0-5-dev-67df03b/sw/snRuntime/../toolchain/riscv-opcodes -I/home/wxt/work-online-merge-8c2dfda-p0-5-model-00-r1/build/spatzBenchmarks/online_merge_generated/N12_D64_S1_main_R1 -I/home/wxt/work-online-merge-p0-5-dev-67df03b/sw/spatzBenchmarks/online-softmax-merge  --gcc-toolchain=/home/wxt/work-online-merge-p0-5-dev-67df03b/install/riscv-gcc --gcc-toolchain=/home/wxt/work-online-merge-p0-5-dev-67df03b/install/riscv-gcc -mcpu=snitch -mcmodel=small -ffast-math -fno-builtin-printf -fno-common -falign-loops=16 -ffunction-sections -Wextra -static -mllvm -misched-topdown -menable-experimental-extensions -mno-relax -march=rv32imafdvzfh_xdma_xfquarter -mabi=ilp32d -O3 -g -o CMakeFiles/test-spatzBenchmarks-online-softmax-merge-b2r.dir/online-softmax-merge/main.c.o -c /home/wxt/work-online-merge-p0-5-dev-67df03b/sw/spatzBenchmarks/online-softmax-merge/main.c,B2R_RVV,A0,memory,14471,YES,576,NA,NO_EXPLICIT_TRANSFER_PHASE,MODEL_WORKLOAD,pass,PASS,NA,12768,NA,8c2dfdaac25a3f7fb9ecd30cc8ff910c1b79216f,False,B2-R,0,9af41c47fe7b5bd7921757cb4afcce02980725f6ca085a830cc73b1b8699802d,main,DASM_MARKER_ENVELOPE_WITNESS,B2-R,20785,1.803163466275774e-05,64,12,27.063802083333332,0.0002593994140625,100000000,5.791646167894499e-05,5.815534457338579e-06,False,PASS,low_perturbation,21981f6c50fb6dc413314d39abb067efac7608f8e92adfb5e75a12b7a7799bce,29312,0,0,0,64,12,1.0,YES,NA,27.063802083333332,0,model_bert_base_heads/memory/B2R_RVV/trial-0/simulator.log,0,YES,NA,NA,1.495144468692969e-05,20260808T065809Z_8c2dfdaa_p0-5-model-00,16512,NA,0,13895,1,33f066a87e3592e55aa4c78bcc583383243061423e6a790856d5b1be7f593fef,/home/wxt/work-online-merge-low-dasm-simulator-5c2aad2-r1/spatz_cluster.vlt,MODEL_ENCODER_HEAD_SET,NA,0,NA,NA,NA,PASS,NA,PASS,256,c793a491eae3317ee7dc4feca9fb4b9b4991eb3a6c3842fcc5fa24c797b84672,pass,1761,131072,0,NA,NA,NA,2026-08-08T07:17:11+00:00,model_bert_base_heads/memory/B2R_RVV/trace-witness/instruction_trace_audit.json,1434,5822,6037,576,6961,INDEPENDENT_DASM_WITNESS,6,PASS,NA,PASS,361ff71bcc241b448e49ff6d212d06a13a986e2fad861b0aa0b67e40e7a21d68,/home/wxt/work-online-merge-traced-simulator-088a44d-r1/spatz_cluster.vlt,default,21981f6c50fb6dc413314d39abb067efac7608f8e92adfb5e75a12b7a7799bce,0,576,Verilator 5.034 2025-02-24 rev v5.034,4f53cda18c2baa0c0354bb5f9a3ecbe5ed12ab4d8e11ba873c2f11161202b945,,,,,,
/home/wxt/work-online-merge-8c2dfda-p0-5-model-00-r1,64,12,12800,NA,bf308d400671ea4cbec938a0362cf675d06817249ce5cec53ea70d3ede615079,17,0.021464646464646464,12800,12768,main,model_bert_base_heads,main,120fa0c30199e54e6e9b5c60d8da40913eae8526640992cc5d4f130bef159775,792,hw/system/spatz_cluster/cfg/spatz_cluster.default.dram.hjson,NA,YES,clang version 14.0.6 (git@github.com:pulp-platform/llvm-project.git b494f2d8dde88723026db8ec16ac6c7ee1e140ca) | Target: riscv32-unknown-unknown-elf | Thread model: posix,daca03f5b13f73dc1b28d46626c1a2ce8f05511f6b1b841e1df012270e45ad11,/home/wxt/work-online-merge-p0-5-dev-67df03b/install/llvm/bin/clang -DONLINE_MERGE_COUNTER_PROFILE=0 -DONLINE_MERGE_IMPLEMENTATION_SELECT=2 -DONLINE_MERGE_STACK_LOG2=13 -DONLINE_MERGE_TRACE_PROXY=0 -I/home/wxt/work-online-merge-p0-5-dev-67df03b/sw/spatzBenchmarks/include -I/home/wxt/work-online-merge-p0-5-dev-67df03b/sw/snRuntime/include -I/home/wxt/work-online-merge-p0-5-dev-67df03b/sw/snRuntime/vendor -I/home/wxt/work-online-merge-p0-5-dev-67df03b/sw/snRuntime/../toolchain/riscv-opcodes -I/home/wxt/work-online-merge-8c2dfda-p0-5-model-00-r1/build/spatzBenchmarks/online_merge_generated/N12_D64_S1_main_R1 -I/home/wxt/work-online-merge-p0-5-dev-67df03b/sw/spatzBenchmarks/online-softmax-merge  --gcc-toolchain=/home/wxt/work-online-merge-p0-5-dev-67df03b/install/riscv-gcc --gcc-toolchain=/home/wxt/work-online-merge-p0-5-dev-67df03b/install/riscv-gcc -mcpu=snitch -mcmodel=small -ffast-math -fno-builtin-printf -fno-common -falign-loops=16 -ffunction-sections -Wextra -static -mllvm -misched-topdown -menable-experimental-extensions -mno-relax -march=rv32imafdvzfh_xdma_xfquarter -mabi=ilp32d -O3 -g -o CMakeFiles/test-spatzBenchmarks-online-softmax-merge-b2r.dir/online-softmax-merge/main.c.o -c /home/wxt/work-online-merge-p0-5-dev-67df03b/sw/spatzBenchmarks/online-softmax-merge/main.c,B2R_RVV,A0,memory,14471,YES,576,NA,NO_EXPLICIT_TRANSFER_PHASE,MODEL_WORKLOAD,pass,PASS,NA,12768,NA,8c2dfdaac25a3f7fb9ecd30cc8ff910c1b79216f,False,B2-R,0,9af41c47fe7b5bd7921757cb4afcce02980725f6ca085a830cc73b1b8699802d,main,DASM_MARKER_ENVELOPE_WITNESS,B2-R,20785,1.803163466275774e-05,64,12,27.063802083333332,0.0002593994140625,100000000,5.791646167894499e-05,5.815534457338579e-06,False,PASS,low_perturbation,21981f6c50fb6dc413314d39abb067efac7608f8e92adfb5e75a12b7a7799bce,29312,0,0,0,64,12,1.0,YES,NA,27.063802083333332,0,model_bert_base_heads/memory/B2R_RVV/trial-1/simulator.log,0,YES,NA,NA,1.495144468692969e-05,20260808T065809Z_8c2dfdaa_p0-5-model-00,16512,NA,0,13895,1,33f066a87e3592e55aa4c78bcc583383243061423e6a790856d5b1be7f593fef,/home/wxt/work-online-merge-low-dasm-simulator-5c2aad2-r1/spatz_cluster.vlt,MODEL_ENCODER_HEAD_SET,NA,0,NA,NA,NA,PASS,NA,PASS,256,c793a491eae3317ee7dc4feca9fb4b9b4991eb3a6c3842fcc5fa24c797b84672,pass,1761,131072,0,NA,NA,NA,2026-08-08T07:19:25+00:00,model_bert_base_heads/memory/B2R_RVV/trace-witness/instruction_trace_audit.json,1434,5822,6037,576,6961,INDEPENDENT_DASM_WITNESS,6,PASS,NA,PASS,361ff71bcc241b448e49ff6d212d06a13a986e2fad861b0aa0b67e40e7a21d68,/home/wxt/work-online-merge-traced-simulator-088a44d-r1/spatz_cluster.vlt,default,21981f6c50fb6dc413314d39abb067efac7608f8e92adfb5e75a12b7a7799bce,1,576,Verilator 5.034 2025-02-24 rev v5.034,4f53cda18c2baa0c0354bb5f9a3ecbe5ed12ab4d8e11ba873c2f11161202b945,,,,,,
/home/wxt/work-online-merge-8c2dfda-p0-5-model-00-r1,64,12,12800,NA,bf308d400671ea4cbec938a0362cf675d06817249ce5cec53ea70d3ede615079,17,0.021464646464646464,12800,12768,main,model_bert_base_heads,main,120fa0c30199e54e6e9b5c60d8da40913eae8526640992cc5d4f130bef159775,792,hw/system/spatz_cluster/cfg/spatz_cluster.default.dram.hjson,NA,YES,clang version 14.0.6 (git@github.com:pulp-platform/llvm-project.git b494f2d8dde88723026db8ec16ac6c7ee1e140ca) | Target: riscv32-unknown-unknown-elf | Thread model: posix,daca03f5b13f73dc1b28d46626c1a2ce8f05511f6b1b841e1df012270e45ad11,/home/wxt/work-online-merge-p0-5-dev-67df03b/install/llvm/bin/clang -DONLINE_MERGE_COUNTER_PROFILE=0 -DONLINE_MERGE_IMPLEMENTATION_SELECT=2 -DONLINE_MERGE_STACK_LOG2=13 -DONLINE_MERGE_TRACE_PROXY=0 -I/home/wxt/work-online-merge-p0-5-dev-67df03b/sw/spatzBenchmarks/include -I/home/wxt/work-online-merge-p0-5-dev-67df03b/sw/snRuntime/include -I/home/wxt/work-online-merge-p0-5-dev-67df03b/sw/snRuntime/vendor -I/home/wxt/work-online-merge-p0-5-dev-67df03b/sw/snRuntime/../toolchain/riscv-opcodes -I/home/wxt/work-online-merge-8c2dfda-p0-5-model-00-r1/build/spatzBenchmarks/online_merge_generated/N12_D64_S1_main_R1 -I/home/wxt/work-online-merge-p0-5-dev-67df03b/sw/spatzBenchmarks/online-softmax-merge  --gcc-toolchain=/home/wxt/work-online-merge-p0-5-dev-67df03b/install/riscv-gcc --gcc-toolchain=/home/wxt/work-online-merge-p0-5-dev-67df03b/install/riscv-gcc -mcpu=snitch -mcmodel=small -ffast-math -fno-builtin-printf -fno-common -falign-loops=16 -ffunction-sections -Wextra -static -mllvm -misched-topdown -menable-experimental-extensions -mno-relax -march=rv32imafdvzfh_xdma_xfquarter -mabi=ilp32d -O3 -g -o CMakeFiles/test-spatzBenchmarks-online-softmax-merge-b2r.dir/online-softmax-merge/main.c.o -c /home/wxt/work-online-merge-p0-5-dev-67df03b/sw/spatzBenchmarks/online-softmax-merge/main.c,B2R_RVV,A0,memory,14471,YES,576,NA,NO_EXPLICIT_TRANSFER_PHASE,MODEL_WORKLOAD,pass,PASS,NA,12768,NA,8c2dfdaac25a3f7fb9ecd30cc8ff910c1b79216f,False,B2-R,0,9af41c47fe7b5bd7921757cb4afcce02980725f6ca085a830cc73b1b8699802d,main,DASM_MARKER_ENVELOPE_WITNESS,B2-R,20785,1.803163466275774e-05,64,12,27.063802083333332,0.0002593994140625,100000000,5.791646167894499e-05,5.815534457338579e-06,False,PASS,low_perturbation,21981f6c50fb6dc413314d39abb067efac7608f8e92adfb5e75a12b7a7799bce,29312,0,0,0,64,12,1.0,YES,NA,27.063802083333332,0,model_bert_base_heads/memory/B2R_RVV/trial-2/simulator.log,0,YES,NA,NA,1.495144468692969e-05,20260808T065809Z_8c2dfdaa_p0-5-model-00,16512,NA,0,13895,1,33f066a87e3592e55aa4c78bcc583383243061423e6a790856d5b1be7f593fef,/home/wxt/work-online-merge-low-dasm-simulator-5c2aad2-r1/spatz_cluster.vlt,MODEL_ENCODER_HEAD_SET,NA,0,NA,NA,NA,PASS,NA,PASS,256,c793a491eae3317ee7dc4feca9fb4b9b4991eb3a6c3842fcc5fa24c797b84672,pass,1761,131072,0,NA,NA,NA,2026-08-08T07:21:41+00:00,model_bert_base_heads/memory/B2R_RVV/trace-witness/instruction_trace_audit.json,1434,5822,6037,576,6961,INDEPENDENT_DASM_WITNESS,6,PASS,NA,PASS,361ff71bcc241b448e49ff6d212d06a13a986e2fad861b0aa0b67e40e7a21d68,/home/wxt/work-online-merge-traced-simulator-088a44d-r1/spatz_cluster.vlt,default,21981f6c50fb6dc413314d39abb067efac7608f8e92adfb5e75a12b7a7799bce,2,576,Verilator 5.034 2025-02-24 rev v5.034,4f53cda18c2baa0c0354bb5f9a3ecbe5ed12ab4d8e11ba873c2f11161202b945,,,,,,
/home/wxt/work-online-merge-8c2dfda-p0-5-model-00-r1,64,12,12800,NA,6a4d04bb69aa241b27d61cc367380dde0499ead5fc31c72c4b5bbf851f2d0438,17,0.021464646464646464,12800,12768,main,model_bert_base_heads,main,120fa0c30199e54e6e9b5c60d8da40913eae8526640992cc5d4f130bef159775,792,hw/system/spatz_cluster/cfg/spatz_cluster.default.dram.hjson,3839,YES,clang version 14.0.6 (git@github.com:pulp-platform/llvm-project.git b494f2d8dde88723026db8ec16ac6c7ee1e140ca) | Target: riscv32-unknown-unknown-elf | Thread model: posix,daca03f5b13f73dc1b28d46626c1a2ce8f05511f6b1b841e1df012270e45ad11,/home/wxt/work-online-merge-p0-5-dev-67df03b/install/llvm/bin/clang -DONLINE_MERGE_COUNTER_PROFILE=0 -DONLINE_MERGE_IMPLEMENTATION_SELECT=4 -DONLINE_MERGE_STACK_LOG2=13 -DONLINE_MERGE_TRACE_PROXY=0 -I/home/wxt/work-online-merge-p0-5-dev-67df03b/sw/spatzBenchmarks/include -I/home/wxt/work-online-merge-p0-5-dev-67df03b/sw/snRuntime/include -I/home/wxt/work-online-merge-p0-5-dev-67df03b/sw/snRuntime/vendor -I/home/wxt/work-online-merge-p0-5-dev-67df03b/sw/snRuntime/../toolchain/riscv-opcodes -I/home/wxt/work-online-merge-8c2dfda-p0-5-model-00-r1/build/spatzBenchmarks/online_merge_generated/N12_D64_S1_main_R1 -I/home/wxt/work-online-merge-p0-5-dev-67df03b/sw/spatzBenchmarks/online-softmax-merge  --gcc-toolchain=/home/wxt/work-online-merge-p0-5-dev-67df03b/install/riscv-gcc --gcc-toolchain=/home/wxt/work-online-merge-p0-5-dev-67df03b/install/riscv-gcc -mcpu=snitch -mcmodel=small -ffast-math -fno-builtin-printf -fno-common -falign-loops=16 -ffunction-sections -Wextra -static -mllvm -misched-topdown -menable-experimental-extensions -mno-relax -march=rv32imafdvzfh_xdma_xfquarter -mabi=ilp32d -O3 -g -o CMakeFiles/test-spatzBenchmarks-online-softmax-merge-a1.dir/online-softmax-merge/main.c.o -c /home/wxt/work-online-merge-p0-5-dev-67df03b/sw/spatzBenchmarks/online-softmax-merge/main.c,A1_SMU_SCALAR,NA,memory,NA,NO,NA,NA,NO_EXPLICIT_TRANSFER_PHASE,MODEL_WORKLOAD,pass,PASS,NA,12768,PASS,8c2dfdaac25a3f7fb9ecd30cc8ff910c1b79216f,False,A1,0,9af41c47fe7b5bd7921757cb4afcce02980725f6ca085a830cc73b1b8699802d,main,NA,A1,4128,1.803163466275774e-05,64,12,5.375,0.0002593994140625,100000000,5.791646167894499e-05,5.815534457338579e-06,False,PASS,low_perturbation,208bb4dd2845aaea4cbeeeb2f2965e5cd09f665ef8f11c8c1630bd5cd53112a6,29312,0,0,0,64,12,1.0,YES,NA,5.375,0,model_bert_base_heads/memory/A1_SMU_SCALAR/trial-0/simulator.log,0,YES,NA,NA,1.495144468692969e-05,20260808T065809Z_8c2dfdaa_p0-5-model-00,16512,2543,1,NA,1,33f066a87e3592e55aa4c78bcc583383243061423e6a790856d5b1be7f593fef,/home/wxt/work-online-merge-low-dasm-simulator-5c2aad2-r1/spatz_cluster.vlt,MODEL_ENCODER_HEAD_SET,289,1,1585,NA,NA,PASS,NA,PASS,256,c354feaa292e784c8554a7331a8a672eb7d2792fdbf2a301b8ce1c7b6d4eb9d7,pass,1777,131072,1,NA,NA,NA,2026-08-08T07:23:55+00:00,NA,NA,NA,NA,NA,NA,NA,NA,NA,NA,NA,NA,NA,NA,NA,0,NA,Verilator 5.034 2025-02-24 rev v5.034,4f53cda18c2baa0c0354bb5f9a3ecbe5ed12ab4d8e11ba873c2f11161202b945,12,12,156,1,109,0
/home/wxt/work-online-merge-8c2dfda-p0-5-model-00-r1,64,12,12800,NA,6a4d04bb69aa241b27d61cc367380dde0499ead5fc31c72c4b5bbf851f2d0438,17,0.021464646464646464,12800,12768,main,model_bert_base_heads,main,120fa0c30199e54e6e9b5c60d8da40913eae8526640992cc5d4f130bef159775,792,hw/system/spatz_cluster/cfg/spatz_cluster.default.dram.hjson,3839,YES,clang version 14.0.6 (git@github.com:pulp-platform/llvm-project.git b494f2d8dde88723026db8ec16ac6c7ee1e140ca) | Target: riscv32-unknown-unknown-elf | Thread model: posix,daca03f5b13f73dc1b28d46626c1a2ce8f05511f6b1b841e1df012270e45ad11,/home/wxt/work-online-merge-p0-5-dev-67df03b/install/llvm/bin/clang -DONLINE_MERGE_COUNTER_PROFILE=0 -DONLINE_MERGE_IMPLEMENTATION_SELECT=4 -DONLINE_MERGE_STACK_LOG2=13 -DONLINE_MERGE_TRACE_PROXY=0 -I/home/wxt/work-online-merge-p0-5-dev-67df03b/sw/spatzBenchmarks/include -I/home/wxt/work-online-merge-p0-5-dev-67df03b/sw/snRuntime/include -I/home/wxt/work-online-merge-p0-5-dev-67df03b/sw/snRuntime/vendor -I/home/wxt/work-online-merge-p0-5-dev-67df03b/sw/snRuntime/../toolchain/riscv-opcodes -I/home/wxt/work-online-merge-8c2dfda-p0-5-model-00-r1/build/spatzBenchmarks/online_merge_generated/N12_D64_S1_main_R1 -I/home/wxt/work-online-merge-p0-5-dev-67df03b/sw/spatzBenchmarks/online-softmax-merge  --gcc-toolchain=/home/wxt/work-online-merge-p0-5-dev-67df03b/install/riscv-gcc --gcc-toolchain=/home/wxt/work-online-merge-p0-5-dev-67df03b/install/riscv-gcc -mcpu=snitch -mcmodel=small -ffast-math -fno-builtin-printf -fno-common -falign-loops=16 -ffunction-sections -Wextra -static -mllvm -misched-topdown -menable-experimental-extensions -mno-relax -march=rv32imafdvzfh_xdma_xfquarter -mabi=ilp32d -O3 -g -o CMakeFiles/test-spatzBenchmarks-online-softmax-merge-a1.dir/online-softmax-merge/main.c.o -c /home/wxt/work-online-merge-p0-5-dev-67df03b/sw/spatzBenchmarks/online-softmax-merge/main.c,A1_SMU_SCALAR,NA,memory,NA,NO,NA,NA,NO_EXPLICIT_TRANSFER_PHASE,MODEL_WORKLOAD,pass,PASS,NA,12768,PASS,8c2dfdaac25a3f7fb9ecd30cc8ff910c1b79216f,False,A1,0,9af41c47fe7b5bd7921757cb4afcce02980725f6ca085a830cc73b1b8699802d,main,NA,A1,4128,1.803163466275774e-05,64,12,5.375,0.0002593994140625,100000000,5.791646167894499e-05,5.815534457338579e-06,False,PASS,low_perturbation,208bb4dd2845aaea4cbeeeb2f2965e5cd09f665ef8f11c8c1630bd5cd53112a6,29312,0,0,0,64,12,1.0,YES,NA,5.375,0,model_bert_base_heads/memory/A1_SMU_SCALAR/trial-1/simulator.log,0,YES,NA,NA,1.495144468692969e-05,20260808T065809Z_8c2dfdaa_p0-5-model-00,16512,2543,1,NA,1,33f066a87e3592e55aa4c78bcc583383243061423e6a790856d5b1be7f593fef,/home/wxt/work-online-merge-low-dasm-simulator-5c2aad2-r1/spatz_cluster.vlt,MODEL_ENCODER_HEAD_SET,289,1,1585,NA,NA,PASS,NA,PASS,256,c354feaa292e784c8554a7331a8a672eb7d2792fdbf2a301b8ce1c7b6d4eb9d7,pass,1777,131072,1,NA,NA,NA,2026-08-08T07:25:53+00:00,NA,NA,NA,NA,NA,NA,NA,NA,NA,NA,NA,NA,NA,NA,NA,1,NA,Verilator 5.034 2025-02-24 rev v5.034,4f53cda18c2baa0c0354bb5f9a3ecbe5ed12ab4d8e11ba873c2f11161202b945,12,12,156,1,109,0
/home/wxt/work-online-merge-8c2dfda-p0-5-model-00-r1,64,12,12800,NA,6a4d04bb69aa241b27d61cc367380dde0499ead5fc31c72c4b5bbf851f2d0438,17,0.021464646464646464,12800,12768,main,model_bert_base_heads,main,120fa0c30199e54e6e9b5c60d8da40913eae8526640992cc5d4f130bef159775,792,hw/system/spatz_cluster/cfg/spatz_cluster.default.dram.hjson,3839,YES,clang version 14.0.6 (git@github.com:pulp-platform/llvm-project.git b494f2d8dde88723026db8ec16ac6c7ee1e140ca) | Target: riscv32-unknown-unknown-elf | Thread model: posix,daca03f5b13f73dc1b28d46626c1a2ce8f05511f6b1b841e1df012270e45ad11,/home/wxt/work-online-merge-p0-5-dev-67df03b/install/llvm/bin/clang -DONLINE_MERGE_COUNTER_PROFILE=0 -DONLINE_MERGE_IMPLEMENTATION_SELECT=4 -DONLINE_MERGE_STACK_LOG2=13 -DONLINE_MERGE_TRACE_PROXY=0 -I/home/wxt/work-online-merge-p0-5-dev-67df03b/sw/spatzBenchmarks/include -I/home/wxt/work-online-merge-p0-5-dev-67df03b/sw/snRuntime/include -I/home/wxt/work-online-merge-p0-5-dev-67df03b/sw/snRuntime/vendor -I/home/wxt/work-online-merge-p0-5-dev-67df03b/sw/snRuntime/../toolchain/riscv-opcodes -I/home/wxt/work-online-merge-8c2dfda-p0-5-model-00-r1/build/spatzBenchmarks/online_merge_generated/N12_D64_S1_main_R1 -I/home/wxt/work-online-merge-p0-5-dev-67df03b/sw/spatzBenchmarks/online-softmax-merge  --gcc-toolchain=/home/wxt/work-online-merge-p0-5-dev-67df03b/install/riscv-gcc --gcc-toolchain=/home/wxt/work-online-merge-p0-5-dev-67df03b/install/riscv-gcc -mcpu=snitch -mcmodel=small -ffast-math -fno-builtin-printf -fno-common -falign-loops=16 -ffunction-sections -Wextra -static -mllvm -misched-topdown -menable-experimental-extensions -mno-relax -march=rv32imafdvzfh_xdma_xfquarter -mabi=ilp32d -O3 -g -o CMakeFiles/test-spatzBenchmarks-online-softmax-merge-a1.dir/online-softmax-merge/main.c.o -c /home/wxt/work-online-merge-p0-5-dev-67df03b/sw/spatzBenchmarks/online-softmax-merge/main.c,A1_SMU_SCALAR,NA,memory,NA,NO,NA,NA,NO_EXPLICIT_TRANSFER_PHASE,MODEL_WORKLOAD,pass,PASS,NA,12768,PASS,8c2dfdaac25a3f7fb9ecd30cc8ff910c1b79216f,False,A1,0,9af41c47fe7b5bd7921757cb4afcce02980725f6ca085a830cc73b1b8699802d,main,NA,A1,4128,1.803163466275774e-05,64,12,5.375,0.0002593994140625,100000000,5.791646167894499e-05,5.815534457338579e-06,False,PASS,low_perturbation,208bb4dd2845aaea4cbeeeb2f2965e5cd09f665ef8f11c8c1630bd5cd53112a6,29312,0,0,0,64,12,1.0,YES,NA,5.375,0,model_bert_base_heads/memory/A1_SMU_SCALAR/trial-2/simulator.log,0,YES,NA,NA,1.495144468692969e-05,20260808T065809Z_8c2dfdaa_p0-5-model-00,16512,2543,1,NA,1,33f066a87e3592e55aa4c78bcc583383243061423e6a790856d5b1be7f593fef,/home/wxt/work-online-merge-low-dasm-simulator-5c2aad2-r1/spatz_cluster.vlt,MODEL_ENCODER_HEAD_SET,289,1,1585,NA,NA,PASS,NA,PASS,256,c354feaa292e784c8554a7331a8a672eb7d2792fdbf2a301b8ce1c7b6d4eb9d7,pass,1777,131072,1,NA,NA,NA,2026-08-08T07:27:54+00:00,NA,NA,NA,NA,NA,NA,NA,NA,NA,NA,NA,NA,NA,NA,NA,2,NA,Verilator 5.034 2025-02-24 rev v5.034,4f53cda18c2baa0c0354bb5f9a3ecbe5ed12ab4d8e11ba873c2f11161202b945,12,12,156,1,109,0
/home/wxt/work-online-merge-8c2dfda-p0-5-model-00-r1,64,12,12800,NA,49ffd984a5e421bf45ffa14b3a79818793630774f2ff5bfde60a304116eff7c8,17,0.021464646464646464,12800,12768,main,model_bert_base_heads,main,120fa0c30199e54e6e9b5c60d8da40913eae8526640992cc5d4f130bef159775,792,hw/system/spatz_cluster/cfg/spatz_cluster.default.dram.hjson,1292,YES,clang version 14.0.6 (git@github.com:pulp-platform/llvm-project.git b494f2d8dde88723026db8ec16ac6c7ee1e140ca) | Target: riscv32-unknown-unknown-elf | Thread model: posix,daca03f5b13f73dc1b28d46626c1a2ce8f05511f6b1b841e1df012270e45ad11,/home/wxt/work-online-merge-p0-5-dev-67df03b/install/llvm/bin/clang -DONLINE_MERGE_COUNTER_PROFILE=0 -DONLINE_MERGE_IMPLEMENTATION_SELECT=3 -DONLINE_MERGE_STACK_LOG2=13 -DONLINE_MERGE_TRACE_PROXY=0 -I/home/wxt/work-online-merge-p0-5-dev-67df03b/sw/spatzBenchmarks/include -I/home/wxt/work-online-merge-p0-5-dev-67df03b/sw/snRuntime/include -I/home/wxt/work-online-merge-p0-5-dev-67df03b/sw/snRuntime/vendor -I/home/wxt/work-online-merge-p0-5-dev-67df03b/sw/snRuntime/../toolchain/riscv-opcodes -I/home/wxt/work-online-merge-8c2dfda-p0-5-model-00-r1/build/spatzBenchmarks/online_merge_generated/N12_D64_S1_main_R1 -I/home/wxt/work-online-merge-p0-5-dev-67df03b/sw/spatzBenchmarks/online-softmax-merge  --gcc-toolchain=/home/wxt/work-online-merge-p0-5-dev-67df03b/install/riscv-gcc --gcc-toolchain=/home/wxt/work-online-merge-p0-5-dev-67df03b/install/riscv-gcc -mcpu=snitch -mcmodel=small -ffast-math -fno-builtin-printf -fno-common -falign-loops=16 -ffunction-sections -Wextra -static -mllvm -misched-topdown -menable-experimental-extensions -mno-relax -march=rv32imafdvzfh_xdma_xfquarter -mabi=ilp32d -O3 -g -o CMakeFiles/test-spatzBenchmarks-online-softmax-merge-a2.dir/online-softmax-merge/main.c.o -c /home/wxt/work-online-merge-p0-5-dev-67df03b/sw/spatzBenchmarks/online-softmax-merge/main.c,A2_SMU_FULL,A2,memory,NA,NO,NA,NA,NO_EXPLICIT_TRANSFER_PHASE,MODEL_WORKLOAD,pass,PASS,NA,12768,PASS,8c2dfdaac25a3f7fb9ecd30cc8ff910c1b79216f,False,B3,0,9af41c47fe7b5bd7921757cb4afcce02980725f6ca085a830cc73b1b8699802d,main,NA,B3,7704,1.8033519695214687e-05,64,12,10.03125,0.0002593994140625,100000000,5.791646167894499e-05,5.815808444914192e-06,False,PASS,low_perturbation,6aafa07cd23fad29ab6fbe78382ca83f61f389d4ce4501431201e1b85815d946,29312,0,0,0,64,12,1.0,YES,NA,10.03125,0,model_bert_base_heads/memory/A2_SMU_FULL/trial-0/simulator.log,0,YES,NA,NA,1.495300771540937e-05,20260808T065809Z_8c2dfdaa_p0-5-model-00,16512,NA,1,NA,1,33f066a87e3592e55aa4c78bcc583383243061423e6a790856d5b1be7f593fef,/home/wxt/work-online-merge-low-dasm-simulator-5c2aad2-r1/spatz_cluster.vlt,MODEL_ENCODER_HEAD_SET,6412,1,NA,NA,NA,PASS,NA,PASS,256,5032182c8c39b309a09603a884200b55a3136d02c229b3a89c6ba5789bc28a6e,pass,3913,131072,24,NA,NA,NA,2026-08-08T07:29:54+00:00,NA,NA,NA,NA,NA,NA,NA,NA,NA,NA,NA,NA,NA,NA,NA,0,NA,Verilator 5.034 2025-02-24 rev v5.034,4f53cda18c2baa0c0354bb5f9a3ecbe5ed12ab4d8e11ba873c2f11161202b945,12,12,158,1,60,6170
/home/wxt/work-online-merge-8c2dfda-p0-5-model-00-r1,64,12,12800,NA,49ffd984a5e421bf45ffa14b3a79818793630774f2ff5bfde60a304116eff7c8,17,0.021464646464646464,12800,12768,main,model_bert_base_heads,main,120fa0c30199e54e6e9b5c60d8da40913eae8526640992cc5d4f130bef159775,792,hw/system/spatz_cluster/cfg/spatz_cluster.default.dram.hjson,1292,YES,clang version 14.0.6 (git@github.com:pulp-platform/llvm-project.git b494f2d8dde88723026db8ec16ac6c7ee1e140ca) | Target: riscv32-unknown-unknown-elf | Thread model: posix,daca03f5b13f73dc1b28d46626c1a2ce8f05511f6b1b841e1df012270e45ad11,/home/wxt/work-online-merge-p0-5-dev-67df03b/install/llvm/bin/clang -DONLINE_MERGE_COUNTER_PROFILE=0 -DONLINE_MERGE_IMPLEMENTATION_SELECT=3 -DONLINE_MERGE_STACK_LOG2=13 -DONLINE_MERGE_TRACE_PROXY=0 -I/home/wxt/work-online-merge-p0-5-dev-67df03b/sw/spatzBenchmarks/include -I/home/wxt/work-online-merge-p0-5-dev-67df03b/sw/snRuntime/include -I/home/wxt/work-online-merge-p0-5-dev-67df03b/sw/snRuntime/vendor -I/home/wxt/work-online-merge-p0-5-dev-67df03b/sw/snRuntime/../toolchain/riscv-opcodes -I/home/wxt/work-online-merge-8c2dfda-p0-5-model-00-r1/build/spatzBenchmarks/online_merge_generated/N12_D64_S1_main_R1 -I/home/wxt/work-online-merge-p0-5-dev-67df03b/sw/spatzBenchmarks/online-softmax-merge  --gcc-toolchain=/home/wxt/work-online-merge-p0-5-dev-67df03b/install/riscv-gcc --gcc-toolchain=/home/wxt/work-online-merge-p0-5-dev-67df03b/install/riscv-gcc -mcpu=snitch -mcmodel=small -ffast-math -fno-builtin-printf -fno-common -falign-loops=16 -ffunction-sections -Wextra -static -mllvm -misched-topdown -menable-experimental-extensions -mno-relax -march=rv32imafdvzfh_xdma_xfquarter -mabi=ilp32d -O3 -g -o CMakeFiles/test-spatzBenchmarks-online-softmax-merge-a2.dir/online-softmax-merge/main.c.o -c /home/wxt/work-online-merge-p0-5-dev-67df03b/sw/spatzBenchmarks/online-softmax-merge/main.c,A2_SMU_FULL,A2,memory,NA,NO,NA,NA,NO_EXPLICIT_TRANSFER_PHASE,MODEL_WORKLOAD,pass,PASS,NA,12768,PASS,8c2dfdaac25a3f7fb9ecd30cc8ff910c1b79216f,False,B3,0,9af41c47fe7b5bd7921757cb4afcce02980725f6ca085a830cc73b1b8699802d,main,NA,B3,7704,1.8033519695214687e-05,64,12,10.03125,0.0002593994140625,100000000,5.791646167894499e-05,5.815808444914192e-06,False,PASS,low_perturbation,6aafa07cd23fad29ab6fbe78382ca83f61f389d4ce4501431201e1b85815d946,29312,0,0,0,64,12,1.0,YES,NA,10.03125,0,model_bert_base_heads/memory/A2_SMU_FULL/trial-1/simulator.log,0,YES,NA,NA,1.495300771540937e-05,20260808T065809Z_8c2dfdaa_p0-5-model-00,16512,NA,1,NA,1,33f066a87e3592e55aa4c78bcc583383243061423e6a790856d5b1be7f593fef,/home/wxt/work-online-merge-low-dasm-simulator-5c2aad2-r1/spatz_cluster.vlt,MODEL_ENCODER_HEAD_SET,6412,1,NA,NA,NA,PASS,NA,PASS,256,5032182c8c39b309a09603a884200b55a3136d02c229b3a89c6ba5789bc28a6e,pass,3913,131072,24,NA,NA,NA,2026-08-08T07:31:57+00:00,NA,NA,NA,NA,NA,NA,NA,NA,NA,NA,NA,NA,NA,NA,NA,1,NA,Verilator 5.034 2025-02-24 rev v5.034,4f53cda18c2baa0c0354bb5f9a3ecbe5ed12ab4d8e11ba873c2f11161202b945,12,12,158,1,60,6170
/home/wxt/work-online-merge-8c2dfda-p0-5-model-00-r1,64,12,12800,NA,49ffd984a5e421bf45ffa14b3a79818793630774f2ff5bfde60a304116eff7c8,17,0.021464646464646464,12800,12768,main,model_bert_base_heads,main,120fa0c30199e54e6e9b5c60d8da40913eae8526640992cc5d4f130bef159775,792,hw/system/spatz_cluster/cfg/spatz_cluster.default.dram.hjson,1292,YES,clang version 14.0.6 (git@github.com:pulp-platform/llvm-project.git b494f2d8dde88723026db8ec16ac6c7ee1e140ca) | Target: riscv32-unknown-unknown-elf | Thread model: posix,daca03f5b13f73dc1b28d46626c1a2ce8f05511f6b1b841e1df012270e45ad11,/home/wxt/work-online-merge-p0-5-dev-67df03b/install/llvm/bin/clang -DONLINE_MERGE_COUNTER_PROFILE=0 -DONLINE_MERGE_IMPLEMENTATION_SELECT=3 -DONLINE_MERGE_STACK_LOG2=13 -DONLINE_MERGE_TRACE_PROXY=0 -I/home/wxt/work-online-merge-p0-5-dev-67df03b/sw/spatzBenchmarks/include -I/home/wxt/work-online-merge-p0-5-dev-67df03b/sw/snRuntime/include -I/home/wxt/work-online-merge-p0-5-dev-67df03b/sw/snRuntime/vendor -I/home/wxt/work-online-merge-p0-5-dev-67df03b/sw/snRuntime/../toolchain/riscv-opcodes -I/home/wxt/work-online-merge-8c2dfda-p0-5-model-00-r1/build/spatzBenchmarks/online_merge_generated/N12_D64_S1_main_R1 -I/home/wxt/work-online-merge-p0-5-dev-67df03b/sw/spatzBenchmarks/online-softmax-merge  --gcc-toolchain=/home/wxt/work-online-merge-p0-5-dev-67df03b/install/riscv-gcc --gcc-toolchain=/home/wxt/work-online-merge-p0-5-dev-67df03b/install/riscv-gcc -mcpu=snitch -mcmodel=small -ffast-math -fno-builtin-printf -fno-common -falign-loops=16 -ffunction-sections -Wextra -static -mllvm -misched-topdown -menable-experimental-extensions -mno-relax -march=rv32imafdvzfh_xdma_xfquarter -mabi=ilp32d -O3 -g -o CMakeFiles/test-spatzBenchmarks-online-softmax-merge-a2.dir/online-softmax-merge/main.c.o -c /home/wxt/work-online-merge-p0-5-dev-67df03b/sw/spatzBenchmarks/online-softmax-merge/main.c,A2_SMU_FULL,A2,memory,NA,NO,NA,NA,NO_EXPLICIT_TRANSFER_PHASE,MODEL_WORKLOAD,pass,PASS,NA,12768,PASS,8c2dfdaac25a3f7fb9ecd30cc8ff910c1b79216f,False,B3,0,9af41c47fe7b5bd7921757cb4afcce02980725f6ca085a830cc73b1b8699802d,main,NA,B3,7704,1.8033519695214687e-05,64,12,10.03125,0.0002593994140625,100000000,5.791646167894499e-05,5.815808444914192e-06,False,PASS,low_perturbation,6aafa07cd23fad29ab6fbe78382ca83f61f389d4ce4501431201e1b85815d946,29312,0,0,0,64,12,1.0,YES,NA,10.03125,0,model_bert_base_heads/memory/A2_SMU_FULL/trial-2/simulator.log,0,YES,NA,NA,1.495300771540937e-05,20260808T065809Z_8c2dfdaa_p0-5-model-00,16512,NA,1,NA,1,33f066a87e3592e55aa4c78bcc583383243061423e6a790856d5b1be7f593fef,/home/wxt/work-online-merge-low-dasm-simulator-5c2aad2-r1/spatz_cluster.vlt,MODEL_ENCODER_HEAD_SET,6412,1,NA,NA,NA,PASS,NA,PASS,256,5032182c8c39b309a09603a884200b55a3136d02c229b3a89c6ba5789bc28a6e,pass,3913,131072,24,NA,NA,NA,2026-08-08T07:34:00+00:00,NA,NA,NA,NA,NA,NA,NA,NA,NA,NA,NA,NA,NA,NA,NA,2,NA,Verilator 5.034 2025-02-24 rev v5.034,4f53cda18c2baa0c0354bb5f9a3ecbe5ed12ab4d8e11ba873c2f11161202b945,12,12,158,1,60,6170
/home/wxt/work-online-merge-8c2dfda-p0-5-model-00-r1,128,32,66816,NA,a953daaf3ea6f1e9663caf8a1d7128649ea86e64b202d899dadc549aaa03c560,66,0.015865384615384615,66816,66816,main,model_mistral_7b_heads,main,120fa0c30199e54e6e9b5c60d8da40913eae8526640992cc5d4f130bef159775,4160,hw/system/spatz_cluster/cfg/spatz_cluster.default.dram.hjson,NA,YES,clang version 14.0.6 (git@github.com:pulp-platform/llvm-project.git b494f2d8dde88723026db8ec16ac6c7ee1e140ca) | Target: riscv32-unknown-unknown-elf | Thread model: posix,4f3b793ca066426692460183a8e90bf2e27c23ba449972a1dc04add114afdfe4,/home/wxt/work-online-merge-p0-5-dev-67df03b/install/llvm/bin/clang -DONLINE_MERGE_COUNTER_PROFILE=0 -DONLINE_MERGE_IMPLEMENTATION_SELECT=1 -DONLINE_MERGE_STACK_LOG2=13 -DONLINE_MERGE_TRACE_PROXY=0 -I/home/wxt/work-online-merge-p0-5-dev-67df03b/sw/spatzBenchmarks/include -I/home/wxt/work-online-merge-p0-5-dev-67df03b/sw/snRuntime/include -I/home/wxt/work-online-merge-p0-5-dev-67df03b/sw/snRuntime/vendor -I/home/wxt/work-online-merge-p0-5-dev-67df03b/sw/snRuntime/../toolchain/riscv-opcodes -I/home/wxt/work-online-merge-8c2dfda-p0-5-model-00-r1/build/spatzBenchmarks/online_merge_generated/N32_D128_S1_main_R1 -I/home/wxt/work-online-merge-p0-5-dev-67df03b/sw/spatzBenchmarks/online-softmax-merge  --gcc-toolchain=/home/wxt/work-online-merge-p0-5-dev-67df03b/install/riscv-gcc -mcpu=snitch -mcmodel=small -ffast-math -fno-builtin-printf -fno-common -falign-loops=16 -ffunction-sections -Wextra -static -mllvm -misched-topdown -menable-experimental-extensions -mno-relax -march=rv32imafdvzfh_xdma_xfquarter -mabi=ilp32d -O3 -g -o CMakeFiles/test-spatzBenchmarks-online-softmax-merge-b1.dir/online-softmax-merge/main.c.o -c /home/wxt/work-online-merge-p0-5-dev-67df03b/sw/spatzBenchmarks/online-softmax-merge/main.c,B1_SCALAR,NA,memory,NA,NO,NA,NA,NO_EXPLICIT_TRANSFER_PHASE,MODEL_WORKLOAD,pass,PASS,NA,66816,NA,8c2dfdaac25a3f7fb9ecd30cc8ff910c1b79216f,False,B1,0,7cef7b3c281ce11613c267b383d7dea2ee9597c76ae3b7d0c4c4fb7b5de5a18c,main,NA,B1,1401702,3.0016377545296636e-05,128,32,342.21240234375,0.0007348060607910156,100000000,0.00014954394876963488,8.921130882719388e-06,False,PASS,low_perturbation,c6dd6f88b85a68673f31eca39c4b6e3a089f5d2fab1075a0aac60438f1720f7f,83328,0,0,0,128,32,1.0,YES,NA,342.21240234375,0,model_mistral_7b_heads/memory/B1_SCALAR/trial-0/simulator.log,0,YES,NA,NA,2.134575527605392e-05,20260808T065809Z_8c2dfdaa_p0-5-model-00,16512,NA,0,NA,1,33f066a87e3592e55aa4c78bcc583383243061423e6a790856d5b1be7f593fef,/home/wxt/work-online-merge-low-dasm-simulator-5c2aad2-r1/spatz_cluster.vlt,MODEL_DECODER_HEAD_SET,NA,0,NA,NA,NA,PASS,NA,PASS,512,da6f3cfe991b94d1ce0fb2665fd5f3141f073afadda9f37ce496b1219b3a3371,pass,14185,131072,0,NA,NA,NA,2026-08-08T07:36:04+00:00,NA,NA,NA,NA,NA,NA,NA,NA,NA,NA,NA,NA,NA,NA,NA,0,NA,Verilator 5.034 2025-02-24 rev v5.034,4f53cda18c2baa0c0354bb5f9a3ecbe5ed12ab4d8e11ba873c2f11161202b945,,,,,,
/home/wxt/work-online-merge-8c2dfda-p0-5-model-00-r1,128,32,66816,NA,a953daaf3ea6f1e9663caf8a1d7128649ea86e64b202d899dadc549aaa03c560,66,0.015865384615384615,66816,66816,main,model_mistral_7b_heads,main,120fa0c30199e54e6e9b5c60d8da40913eae8526640992cc5d4f130bef159775,4160,hw/system/spatz_cluster/cfg/spatz_cluster.default.dram.hjson,NA,YES,clang version 14.0.6 (git@github.com:pulp-platform/llvm-project.git b494f2d8dde88723026db8ec16ac6c7ee1e140ca) | Target: riscv32-unknown-unknown-elf | Thread model: posix,4f3b793ca066426692460183a8e90bf2e27c23ba449972a1dc04add114afdfe4,/home/wxt/work-online-merge-p0-5-dev-67df03b/install/llvm/bin/clang -DONLINE_MERGE_COUNTER_PROFILE=0 -DONLINE_MERGE_IMPLEMENTATION_SELECT=1 -DONLINE_MERGE_STACK_LOG2=13 -DONLINE_MERGE_TRACE_PROXY=0 -I/home/wxt/work-online-merge-p0-5-dev-67df03b/sw/spatzBenchmarks/include -I/home/wxt/work-online-merge-p0-5-dev-67df03b/sw/snRuntime/include -I/home/wxt/work-online-merge-p0-5-dev-67df03b/sw/snRuntime/vendor -I/home/wxt/work-online-merge-p0-5-dev-67df03b/sw/snRuntime/../toolchain/riscv-opcodes -I/home/wxt/work-online-merge-8c2dfda-p0-5-model-00-r1/build/spatzBenchmarks/online_merge_generated/N32_D128_S1_main_R1 -I/home/wxt/work-online-merge-p0-5-dev-67df03b/sw/spatzBenchmarks/online-softmax-merge  --gcc-toolchain=/home/wxt/work-online-merge-p0-5-dev-67df03b/install/riscv-gcc -mcpu=snitch -mcmodel=small -ffast-math -fno-builtin-printf -fno-common -falign-loops=16 -ffunction-sections -Wextra -static -mllvm -misched-topdown -menable-experimental-extensions -mno-relax -march=rv32imafdvzfh_xdma_xfquarter -mabi=ilp32d -O3 -g -o CMakeFiles/test-spatzBenchmarks-online-softmax-merge-b1.dir/online-softmax-merge/main.c.o -c /home/wxt/work-online-merge-p0-5-dev-67df03b/sw/spatzBenchmarks/online-softmax-merge/main.c,B1_SCALAR,NA,memory,NA,NO,NA,NA,NO_EXPLICIT_TRANSFER_PHASE,MODEL_WORKLOAD,pass,PASS,NA,66816,NA,8c2dfdaac25a3f7fb9ecd30cc8ff910c1b79216f,False,B1,0,7cef7b3c281ce11613c267b383d7dea2ee9597c76ae3b7d0c4c4fb7b5de5a18c,main,NA,B1,1401702,3.0016377545296636e-05,128,32,342.21240234375,0.0007348060607910156,100000000,0.00014954394876963488,8.921130882719388e-06,False,PASS,low_perturbation,c6dd6f88b85a68673f31eca39c4b6e3a089f5d2fab1075a0aac60438f1720f7f,83328,0,0,0,128,32,1.0,YES,NA,342.21240234375,0,model_mistral_7b_heads/memory/B1_SCALAR/trial-1/simulator.log,0,YES,NA,NA,2.134575527605392e-05,20260808T065809Z_8c2dfdaa_p0-5-model-00,16512,NA,0,NA,1,33f066a87e3592e55aa4c78bcc583383243061423e6a790856d5b1be7f593fef,/home/wxt/work-online-merge-low-dasm-simulator-5c2aad2-r1/spatz_cluster.vlt,MODEL_DECODER_HEAD_SET,NA,0,NA,NA,NA,PASS,NA,PASS,512,da6f3cfe991b94d1ce0fb2665fd5f3141f073afadda9f37ce496b1219b3a3371,pass,14185,131072,0,NA,NA,NA,2026-08-08T08:00:38+00:00,NA,NA,NA,NA,NA,NA,NA,NA,NA,NA,NA,NA,NA,NA,NA,1,NA,Verilator 5.034 2025-02-24 rev v5.034,4f53cda18c2baa0c0354bb5f9a3ecbe5ed12ab4d8e11ba873c2f11161202b945,,,,,,
/home/wxt/work-online-merge-8c2dfda-p0-5-model-00-r1,128,32,66816,NA,a953daaf3ea6f1e9663caf8a1d7128649ea86e64b202d899dadc549aaa03c560,66,0.015865384615384615,66816,66816,main,model_mistral_7b_heads,main,120fa0c30199e54e6e9b5c60d8da40913eae8526640992cc5d4f130bef159775,4160,hw/system/spatz_cluster/cfg/spatz_cluster.default.dram.hjson,NA,YES,clang version 14.0.6 (git@github.com:pulp-platform/llvm-project.git b494f2d8dde88723026db8ec16ac6c7ee1e140ca) | Target: riscv32-unknown-unknown-elf | Thread model: posix,4f3b793ca066426692460183a8e90bf2e27c23ba449972a1dc04add114afdfe4,/home/wxt/work-online-merge-p0-5-dev-67df03b/install/llvm/bin/clang -DONLINE_MERGE_COUNTER_PROFILE=0 -DONLINE_MERGE_IMPLEMENTATION_SELECT=1 -DONLINE_MERGE_STACK_LOG2=13 -DONLINE_MERGE_TRACE_PROXY=0 -I/home/wxt/work-online-merge-p0-5-dev-67df03b/sw/spatzBenchmarks/include -I/home/wxt/work-online-merge-p0-5-dev-67df03b/sw/snRuntime/include -I/home/wxt/work-online-merge-p0-5-dev-67df03b/sw/snRuntime/vendor -I/home/wxt/work-online-merge-p0-5-dev-67df03b/sw/snRuntime/../toolchain/riscv-opcodes -I/home/wxt/work-online-merge-8c2dfda-p0-5-model-00-r1/build/spatzBenchmarks/online_merge_generated/N32_D128_S1_main_R1 -I/home/wxt/work-online-merge-p0-5-dev-67df03b/sw/spatzBenchmarks/online-softmax-merge  --gcc-toolchain=/home/wxt/work-online-merge-p0-5-dev-67df03b/install/riscv-gcc -mcpu=snitch -mcmodel=small -ffast-math -fno-builtin-printf -fno-common -falign-loops=16 -ffunction-sections -Wextra -static -mllvm -misched-topdown -menable-experimental-extensions -mno-relax -march=rv32imafdvzfh_xdma_xfquarter -mabi=ilp32d -O3 -g -o CMakeFiles/test-spatzBenchmarks-online-softmax-merge-b1.dir/online-softmax-merge/main.c.o -c /home/wxt/work-online-merge-p0-5-dev-67df03b/sw/spatzBenchmarks/online-softmax-merge/main.c,B1_SCALAR,NA,memory,NA,NO,NA,NA,NO_EXPLICIT_TRANSFER_PHASE,MODEL_WORKLOAD,pass,PASS,NA,66816,NA,8c2dfdaac25a3f7fb9ecd30cc8ff910c1b79216f,False,B1,0,7cef7b3c281ce11613c267b383d7dea2ee9597c76ae3b7d0c4c4fb7b5de5a18c,main,NA,B1,1401702,3.0016377545296636e-05,128,32,342.21240234375,0.0007348060607910156,100000000,0.00014954394876963488,8.921130882719388e-06,False,PASS,low_perturbation,c6dd6f88b85a68673f31eca39c4b6e3a089f5d2fab1075a0aac60438f1720f7f,83328,0,0,0,128,32,1.0,YES,NA,342.21240234375,0,model_mistral_7b_heads/memory/B1_SCALAR/trial-2/simulator.log,0,YES,NA,NA,2.134575527605392e-05,20260808T065809Z_8c2dfdaa_p0-5-model-00,16512,NA,0,NA,1,33f066a87e3592e55aa4c78bcc583383243061423e6a790856d5b1be7f593fef,/home/wxt/work-online-merge-low-dasm-simulator-5c2aad2-r1/spatz_cluster.vlt,MODEL_DECODER_HEAD_SET,NA,0,NA,NA,NA,PASS,NA,PASS,512,da6f3cfe991b94d1ce0fb2665fd5f3141f073afadda9f37ce496b1219b3a3371,pass,14185,131072,0,NA,NA,NA,2026-08-08T08:25:08+00:00,NA,NA,NA,NA,NA,NA,NA,NA,NA,NA,NA,NA,NA,NA,NA,2,NA,Verilator 5.034 2025-02-24 rev v5.034,4f53cda18c2baa0c0354bb5f9a3ecbe5ed12ab4d8e11ba873c2f11161202b945,,,,,,
/home/wxt/work-online-merge-8c2dfda-p0-5-model-00-r1,128,32,66816,NA,ebe41e4b075032345ab2becb54a07ba80457420e2665a2a9e29adbbe48242c39,72,0.01730769230769231,66816,66816,main,model_mistral_7b_heads,main,120fa0c30199e54e6e9b5c60d8da40913eae8526640992cc5d4f130bef159775,4160,hw/system/spatz_cluster/cfg/spatz_cluster.default.dram.hjson,NA,YES,clang version 14.0.6 (git@github.com:pulp-platform/llvm-project.git b494f2d8dde88723026db8ec16ac6c7ee1e140ca) | Target: riscv32-unknown-unknown-elf | Thread model: posix,4f3b793ca066426692460183a8e90bf2e27c23ba449972a1dc04add114afdfe4,/home/wxt/work-online-merge-p0-5-dev-67df03b/install/llvm/bin/clang -DONLINE_MERGE_COUNTER_PROFILE=0 -DONLINE_MERGE_IMPLEMENTATION_SELECT=2 -DONLINE_MERGE_STACK_LOG2=13 -DONLINE_MERGE_TRACE_PROXY=0 -I/home/wxt/work-online-merge-p0-5-dev-67df03b/sw/spatzBenchmarks/include -I/home/wxt/work-online-merge-p0-5-dev-67df03b/sw/snRuntime/include -I/home/wxt/work-online-merge-p0-5-dev-67df03b/sw/snRuntime/vendor -I/home/wxt/work-online-merge-p0-5-dev-67df03b/sw/snRuntime/../toolchain/riscv-opcodes -I/home/wxt/work-online-merge-8c2dfda-p0-5-model-00-r1/build/spatzBenchmarks/online_merge_generated/N32_D128_S1_main_R1 -I/home/wxt/work-online-merge-p0-5-dev-67df03b/sw/spatzBenchmarks/online-softmax-merge  --gcc-toolchain=/home/wxt/work-online-merge-p0-5-dev-67df03b/install/riscv-gcc -mcpu=snitch -mcmodel=small -ffast-math -fno-builtin-printf -fno-common -falign-loops=16 -ffunction-sections -Wextra -static -mllvm -misched-topdown -menable-experimental-extensions -mno-relax -march=rv32imafdvzfh_xdma_xfquarter -mabi=ilp32d -O3 -g -o CMakeFiles/test-spatzBenchmarks-online-softmax-merge-b2r.dir/online-softmax-merge/main.c.o -c /home/wxt/work-online-merge-p0-5-dev-67df03b/sw/spatzBenchmarks/online-softmax-merge/main.c,B2R_RVV,A0,memory,42975,YES,3072,NA,NO_EXPLICIT_TRANSFER_PHASE,MODEL_WORKLOAD,pass,PASS,NA,66816,NA,8c2dfdaac25a3f7fb9ecd30cc8ff910c1b79216f,False,B2-R,0,7cef7b3c281ce11613c267b383d7dea2ee9597c76ae3b7d0c4c4fb7b5de5a18c,main,DASM_MARKER_ENVELOPE_WITNESS,B2-R,59500,3.001800859982877e-05,128,32,14.5263671875,0.0007348060607910156,100000000,0.00014954394876963488,8.921165807315936e-06,False,PASS,low_perturbation,cf64374a7ac9c55b9102da73f27db50440c44ed5bef68b5a71f34ebc5bdd4a69,83328,0,0,0,128,32,1.0,YES,NA,14.5263671875,0,model_mistral_7b_heads/memory/B2R_RVV/trial-0/simulator.log,0,YES,NA,NA,2.1346915179204536e-05,20260808T065809Z_8c2dfdaa_p0-5-model-00,16512,NA,0,39903,1,33f066a87e3592e55aa4c78bcc583383243061423e6a790856d5b1be7f593fef,/home/wxt/work-online-merge-low-dasm-simulator-5c2aad2-r1/spatz_cluster.vlt,MODEL_DECODER_HEAD_SET,NA,0,NA,NA,NA,PASS,NA,PASS,512,6f0ad0a98713d8e802dc5569ab671c245ba60e4a97539efc081f0abfe14082fd,pass,7653,131072,0,NA,NA,NA,2026-08-08T08:57:22+00:00,model_mistral_7b_heads/memory/B2R_RVV/trace-witness/instruction_trace_audit.json,3831,15677,18187,3072,18787,INDEPENDENT_DASM_WITNESS,6,PASS,NA,PASS,361ff71bcc241b448e49ff6d212d06a13a986e2fad861b0aa0b67e40e7a21d68,/home/wxt/work-online-merge-traced-simulator-088a44d-r1/spatz_cluster.vlt,default,cf64374a7ac9c55b9102da73f27db50440c44ed5bef68b5a71f34ebc5bdd4a69,0,3072,Verilator 5.034 2025-02-24 rev v5.034,4f53cda18c2baa0c0354bb5f9a3ecbe5ed12ab4d8e11ba873c2f11161202b945,,,,,,
/home/wxt/work-online-merge-8c2dfda-p0-5-model-00-r1,128,32,66816,NA,ebe41e4b075032345ab2becb54a07ba80457420e2665a2a9e29adbbe48242c39,72,0.01730769230769231,66816,66816,main,model_mistral_7b_heads,main,120fa0c30199e54e6e9b5c60d8da40913eae8526640992cc5d4f130bef159775,4160,hw/system/spatz_cluster/cfg/spatz_cluster.default.dram.hjson,NA,YES,clang version 14.0.6 (git@github.com:pulp-platform/llvm-project.git b494f2d8dde88723026db8ec16ac6c7ee1e140ca) | Target: riscv32-unknown-unknown-elf | Thread model: posix,4f3b793ca066426692460183a8e90bf2e27c23ba449972a1dc04add114afdfe4,/home/wxt/work-online-merge-p0-5-dev-67df03b/install/llvm/bin/clang -DONLINE_MERGE_COUNTER_PROFILE=0 -DONLINE_MERGE_IMPLEMENTATION_SELECT=2 -DONLINE_MERGE_STACK_LOG2=13 -DONLINE_MERGE_TRACE_PROXY=0 -I/home/wxt/work-online-merge-p0-5-dev-67df03b/sw/spatzBenchmarks/include -I/home/wxt/work-online-merge-p0-5-dev-67df03b/sw/snRuntime/include -I/home/wxt/work-online-merge-p0-5-dev-67df03b/sw/snRuntime/vendor -I/home/wxt/work-online-merge-p0-5-dev-67df03b/sw/snRuntime/../toolchain/riscv-opcodes -I/home/wxt/work-online-merge-8c2dfda-p0-5-model-00-r1/build/spatzBenchmarks/online_merge_generated/N32_D128_S1_main_R1 -I/home/wxt/work-online-merge-p0-5-dev-67df03b/sw/spatzBenchmarks/online-softmax-merge  --gcc-toolchain=/home/wxt/work-online-merge-p0-5-dev-67df03b/install/riscv-gcc -mcpu=snitch -mcmodel=small -ffast-math -fno-builtin-printf -fno-common -falign-loops=16 -ffunction-sections -Wextra -static -mllvm -misched-topdown -menable-experimental-extensions -mno-relax -march=rv32imafdvzfh_xdma_xfquarter -mabi=ilp32d -O3 -g -o CMakeFiles/test-spatzBenchmarks-online-softmax-merge-b2r.dir/online-softmax-merge/main.c.o -c /home/wxt/work-online-merge-p0-5-dev-67df03b/sw/spatzBenchmarks/online-softmax-merge/main.c,B2R_RVV,A0,memory,42975,YES,3072,NA,NO_EXPLICIT_TRANSFER_PHASE,MODEL_WORKLOAD,pass,PASS,NA,66816,NA,8c2dfdaac25a3f7fb9ecd30cc8ff910c1b79216f,False,B2-R,0,7cef7b3c281ce11613c267b383d7dea2ee9597c76ae3b7d0c4c4fb7b5de5a18c,main,DASM_MARKER_ENVELOPE_WITNESS,B2-R,59500,3.001800859982877e-05,128,32,14.5263671875,0.0007348060607910156,100000000,0.00014954394876963488,8.921165807315936e-06,False,PASS,low_perturbation,cf64374a7ac9c55b9102da73f27db50440c44ed5bef68b5a71f34ebc5bdd4a69,83328,0,0,0,128,32,1.0,YES,NA,14.5263671875,0,model_mistral_7b_heads/memory/B2R_RVV/trial-1/simulator.log,0,YES,NA,NA,2.1346915179204536e-05,20260808T065809Z_8c2dfdaa_p0-5-model-00,16512,NA,0,39903,1,33f066a87e3592e55aa4c78bcc583383243061423e6a790856d5b1be7f593fef,/home/wxt/work-online-merge-low-dasm-simulator-5c2aad2-r1/spatz_cluster.vlt,MODEL_DECODER_HEAD_SET,NA,0,NA,NA,NA,PASS,NA,PASS,512,6f0ad0a98713d8e802dc5569ab671c245ba60e4a97539efc081f0abfe14082fd,pass,7653,131072,0,NA,NA,NA,2026-08-08T09:04:26+00:00,model_mistral_7b_heads/memory/B2R_RVV/trace-witness/instruction_trace_audit.json,3831,15677,18187,3072,18787,INDEPENDENT_DASM_WITNESS,6,PASS,NA,PASS,361ff71bcc241b448e49ff6d212d06a13a986e2fad861b0aa0b67e40e7a21d68,/home/wxt/work-online-merge-traced-simulator-088a44d-r1/spatz_cluster.vlt,default,cf64374a7ac9c55b9102da73f27db50440c44ed5bef68b5a71f34ebc5bdd4a69,1,3072,Verilator 5.034 2025-02-24 rev v5.034,4f53cda18c2baa0c0354bb5f9a3ecbe5ed12ab4d8e11ba873c2f11161202b945,,,,,,
/home/wxt/work-online-merge-8c2dfda-p0-5-model-00-r1,128,32,66816,NA,ebe41e4b075032345ab2becb54a07ba80457420e2665a2a9e29adbbe48242c39,72,0.01730769230769231,66816,66816,main,model_mistral_7b_heads,main,120fa0c30199e54e6e9b5c60d8da40913eae8526640992cc5d4f130bef159775,4160,hw/system/spatz_cluster/cfg/spatz_cluster.default.dram.hjson,NA,YES,clang version 14.0.6 (git@github.com:pulp-platform/llvm-project.git b494f2d8dde88723026db8ec16ac6c7ee1e140ca) | Target: riscv32-unknown-unknown-elf | Thread model: posix,4f3b793ca066426692460183a8e90bf2e27c23ba449972a1dc04add114afdfe4,/home/wxt/work-online-merge-p0-5-dev-67df03b/install/llvm/bin/clang -DONLINE_MERGE_COUNTER_PROFILE=0 -DONLINE_MERGE_IMPLEMENTATION_SELECT=2 -DONLINE_MERGE_STACK_LOG2=13 -DONLINE_MERGE_TRACE_PROXY=0 -I/home/wxt/work-online-merge-p0-5-dev-67df03b/sw/spatzBenchmarks/include -I/home/wxt/work-online-merge-p0-5-dev-67df03b/sw/snRuntime/include -I/home/wxt/work-online-merge-p0-5-dev-67df03b/sw/snRuntime/vendor -I/home/wxt/work-online-merge-p0-5-dev-67df03b/sw/snRuntime/../toolchain/riscv-opcodes -I/home/wxt/work-online-merge-8c2dfda-p0-5-model-00-r1/build/spatzBenchmarks/online_merge_generated/N32_D128_S1_main_R1 -I/home/wxt/work-online-merge-p0-5-dev-67df03b/sw/spatzBenchmarks/online-softmax-merge  --gcc-toolchain=/home/wxt/work-online-merge-p0-5-dev-67df03b/install/riscv-gcc -mcpu=snitch -mcmodel=small -ffast-math -fno-builtin-printf -fno-common -falign-loops=16 -ffunction-sections -Wextra -static -mllvm -misched-topdown -menable-experimental-extensions -mno-relax -march=rv32imafdvzfh_xdma_xfquarter -mabi=ilp32d -O3 -g -o CMakeFiles/test-spatzBenchmarks-online-softmax-merge-b2r.dir/online-softmax-merge/main.c.o -c /home/wxt/work-online-merge-p0-5-dev-67df03b/sw/spatzBenchmarks/online-softmax-merge/main.c,B2R_RVV,A0,memory,42975,YES,3072,NA,NO_EXPLICIT_TRANSFER_PHASE,MODEL_WORKLOAD,pass,PASS,NA,66816,NA,8c2dfdaac25a3f7fb9ecd30cc8ff910c1b79216f,False,B2-R,0,7cef7b3c281ce11613c267b383d7dea2ee9597c76ae3b7d0c4c4fb7b5de5a18c,main,DASM_MARKER_ENVELOPE_WITNESS,B2-R,59500,3.001800859982877e-05,128,32,14.5263671875,0.0007348060607910156,100000000,0.00014954394876963488,8.921165807315936e-06,False,PASS,low_perturbation,cf64374a7ac9c55b9102da73f27db50440c44ed5bef68b5a71f34ebc5bdd4a69,83328,0,0,0,128,32,1.0,YES,NA,14.5263671875,0,model_mistral_7b_heads/memory/B2R_RVV/trial-2/simulator.log,0,YES,NA,NA,2.1346915179204536e-05,20260808T065809Z_8c2dfdaa_p0-5-model-00,16512,NA,0,39903,1,33f066a87e3592e55aa4c78bcc583383243061423e6a790856d5b1be7f593fef,/home/wxt/work-online-merge-low-dasm-simulator-5c2aad2-r1/spatz_cluster.vlt,MODEL_DECODER_HEAD_SET,NA,0,NA,NA,NA,PASS,NA,PASS,512,6f0ad0a98713d8e802dc5569ab671c245ba60e4a97539efc081f0abfe14082fd,pass,7653,131072,0,NA,NA,NA,2026-08-08T09:11:34+00:00,model_mistral_7b_heads/memory/B2R_RVV/trace-witness/instruction_trace_audit.json,3831,15677,18187,3072,18787,INDEPENDENT_DASM_WITNESS,6,PASS,NA,PASS,361ff71bcc241b448e49ff6d212d06a13a986e2fad861b0aa0b67e40e7a21d68,/home/wxt/work-online-merge-traced-simulator-088a44d-r1/spatz_cluster.vlt,default,cf64374a7ac9c55b9102da73f27db50440c44ed5bef68b5a71f34ebc5bdd4a69,2,3072,Verilator 5.034 2025-02-24 rev v5.034,4f53cda18c2baa0c0354bb5f9a3ecbe5ed12ab4d8e11ba873c2f11161202b945,,,,,,
/home/wxt/work-online-merge-8c2dfda-p0-5-model-00-r1,128,32,66816,NA,0d6a419d6c41d82b683ac5f85680edc42095f804c772ec7d866ca11d0ff783ce,72,0.01730769230769231,66816,66816,main,model_mistral_7b_heads,main,120fa0c30199e54e6e9b5c60d8da40913eae8526640992cc5d4f130bef159775,4160,hw/system/spatz_cluster/cfg/spatz_cluster.default.dram.hjson,12097,YES,clang version 14.0.6 (git@github.com:pulp-platform/llvm-project.git b494f2d8dde88723026db8ec16ac6c7ee1e140ca) | Target: riscv32-unknown-unknown-elf | Thread model: posix,4f3b793ca066426692460183a8e90bf2e27c23ba449972a1dc04add114afdfe4,/home/wxt/work-online-merge-p0-5-dev-67df03b/install/llvm/bin/clang -DONLINE_MERGE_COUNTER_PROFILE=0 -DONLINE_MERGE_IMPLEMENTATION_SELECT=4 -DONLINE_MERGE_STACK_LOG2=13 -DONLINE_MERGE_TRACE_PROXY=0 -I/home/wxt/work-online-merge-p0-5-dev-67df03b/sw/spatzBenchmarks/include -I/home/wxt/work-online-merge-p0-5-dev-67df03b/sw/snRuntime/include -I/home/wxt/work-online-merge-p0-5-dev-67df03b/sw/snRuntime/vendor -I/home/wxt/work-online-merge-p0-5-dev-67df03b/sw/snRuntime/../toolchain/riscv-opcodes -I/home/wxt/work-online-merge-8c2dfda-p0-5-model-00-r1/build/spatzBenchmarks/online_merge_generated/N32_D128_S1_main_R1 -I/home/wxt/work-online-merge-p0-5-dev-67df03b/sw/spatzBenchmarks/online-softmax-merge  --gcc-toolchain=/home/wxt/work-online-merge-p0-5-dev-67df03b/install/riscv-gcc -mcpu=snitch -mcmodel=small -ffast-math -fno-builtin-printf -fno-common -falign-loops=16 -ffunction-sections -Wextra -static -mllvm -misched-topdown -menable-experimental-extensions -mno-relax -march=rv32imafdvzfh_xdma_xfquarter -mabi=ilp32d -O3 -g -o CMakeFiles/test-spatzBenchmarks-online-softmax-merge-a1.dir/online-softmax-merge/main.c.o -c /home/wxt/work-online-merge-p0-5-dev-67df03b/sw/spatzBenchmarks/online-softmax-merge/main.c,A1_SMU_SCALAR,NA,memory,NA,NO,NA,NA,NO_EXPLICIT_TRANSFER_PHASE,MODEL_WORKLOAD,pass,PASS,NA,66816,PASS,8c2dfdaac25a3f7fb9ecd30cc8ff910c1b79216f,False,A1,0,7cef7b3c281ce11613c267b383d7dea2ee9597c76ae3b7d0c4c4fb7b5de5a18c,main,NA,A1,12866,3.001800859982877e-05,128,32,3.14111328125,0.0007348060607910156,100000000,0.00014954394876963488,8.921165807315936e-06,False,PASS,low_perturbation,0ac91b3098c5742eb86a7fe3a437daa406742334e428063b7422cefcf4506a1b,83328,0,0,0,128,32,1.0,YES,NA,3.14111328125,0,model_mistral_7b_heads/memory/A1_SMU_SCALAR/trial-0/simulator.log,0,YES,NA,NA,2.1346915179204536e-05,20260808T065809Z_8c2dfdaa_p0-5-model-00,16512,10809,1,NA,1,33f066a87e3592e55aa4c78bcc583383243061423e6a790856d5b1be7f593fef,/home/wxt/work-online-merge-low-dasm-simulator-5c2aad2-r1/spatz_cluster.vlt,MODEL_DECODER_HEAD_SET,769,1,2057,NA,NA,PASS,NA,PASS,512,27f5ab8fc805136ec6f88c369998cffae0d35195f6b805c6544b51442c1249a0,pass,7200,131072,4,NA,NA,NA,2026-08-08T09:18:44+00:00,NA,NA,NA,NA,NA,NA,NA,NA,NA,NA,NA,NA,NA,NA,NA,0,NA,Verilator 5.034 2025-02-24 rev v5.034,4f53cda18c2baa0c0354bb5f9a3ecbe5ed12ab4d8e11ba873c2f11161202b945,32,32,416,1,289,0
/home/wxt/work-online-merge-8c2dfda-p0-5-model-00-r1,128,32,66816,NA,0d6a419d6c41d82b683ac5f85680edc42095f804c772ec7d866ca11d0ff783ce,72,0.01730769230769231,66816,66816,main,model_mistral_7b_heads,main,120fa0c30199e54e6e9b5c60d8da40913eae8526640992cc5d4f130bef159775,4160,hw/system/spatz_cluster/cfg/spatz_cluster.default.dram.hjson,12097,YES,clang version 14.0.6 (git@github.com:pulp-platform/llvm-project.git b494f2d8dde88723026db8ec16ac6c7ee1e140ca) | Target: riscv32-unknown-unknown-elf | Thread model: posix,4f3b793ca066426692460183a8e90bf2e27c23ba449972a1dc04add114afdfe4,/home/wxt/work-online-merge-p0-5-dev-67df03b/install/llvm/bin/clang -DONLINE_MERGE_COUNTER_PROFILE=0 -DONLINE_MERGE_IMPLEMENTATION_SELECT=4 -DONLINE_MERGE_STACK_LOG2=13 -DONLINE_MERGE_TRACE_PROXY=0 -I/home/wxt/work-online-merge-p0-5-dev-67df03b/sw/spatzBenchmarks/include -I/home/wxt/work-online-merge-p0-5-dev-67df03b/sw/snRuntime/include -I/home/wxt/work-online-merge-p0-5-dev-67df03b/sw/snRuntime/vendor -I/home/wxt/work-online-merge-p0-5-dev-67df03b/sw/snRuntime/../toolchain/riscv-opcodes -I/home/wxt/work-online-merge-8c2dfda-p0-5-model-00-r1/build/spatzBenchmarks/online_merge_generated/N32_D128_S1_main_R1 -I/home/wxt/work-online-merge-p0-5-dev-67df03b/sw/spatzBenchmarks/online-softmax-merge  --gcc-toolchain=/home/wxt/work-online-merge-p0-5-dev-67df03b/install/riscv-gcc -mcpu=snitch -mcmodel=small -ffast-math -fno-builtin-printf -fno-common -falign-loops=16 -ffunction-sections -Wextra -static -mllvm -misched-topdown -menable-experimental-extensions -mno-relax -march=rv32imafdvzfh_xdma_xfquarter -mabi=ilp32d -O3 -g -o CMakeFiles/test-spatzBenchmarks-online-softmax-merge-a1.dir/online-softmax-merge/main.c.o -c /home/wxt/work-online-merge-p0-5-dev-67df03b/sw/spatzBenchmarks/online-softmax-merge/main.c,A1_SMU_SCALAR,NA,memory,NA,NO,NA,NA,NO_EXPLICIT_TRANSFER_PHASE,MODEL_WORKLOAD,pass,PASS,NA,66816,PASS,8c2dfdaac25a3f7fb9ecd30cc8ff910c1b79216f,False,A1,0,7cef7b3c281ce11613c267b383d7dea2ee9597c76ae3b7d0c4c4fb7b5de5a18c,main,NA,A1,12866,3.001800859982877e-05,128,32,3.14111328125,0.0007348060607910156,100000000,0.00014954394876963488,8.921165807315936e-06,False,PASS,low_perturbation,0ac91b3098c5742eb86a7fe3a437daa406742334e428063b7422cefcf4506a1b,83328,0,0,0,128,32,1.0,YES,NA,3.14111328125,0,model_mistral_7b_heads/memory/A1_SMU_SCALAR/trial-1/simulator.log,0,YES,NA,NA,2.1346915179204536e-05,20260808T065809Z_8c2dfdaa_p0-5-model-00,16512,10809,1,NA,1,33f066a87e3592e55aa4c78bcc583383243061423e6a790856d5b1be7f593fef,/home/wxt/work-online-merge-low-dasm-simulator-5c2aad2-r1/spatz_cluster.vlt,MODEL_DECODER_HEAD_SET,769,1,2057,NA,NA,PASS,NA,PASS,512,27f5ab8fc805136ec6f88c369998cffae0d35195f6b805c6544b51442c1249a0,pass,7200,131072,4,NA,NA,NA,2026-08-08T09:25:15+00:00,NA,NA,NA,NA,NA,NA,NA,NA,NA,NA,NA,NA,NA,NA,NA,1,NA,Verilator 5.034 2025-02-24 rev v5.034,4f53cda18c2baa0c0354bb5f9a3ecbe5ed12ab4d8e11ba873c2f11161202b945,32,32,416,1,289,0
/home/wxt/work-online-merge-8c2dfda-p0-5-model-00-r1,128,32,66816,NA,0d6a419d6c41d82b683ac5f85680edc42095f804c772ec7d866ca11d0ff783ce,72,0.01730769230769231,66816,66816,main,model_mistral_7b_heads,main,120fa0c30199e54e6e9b5c60d8da40913eae8526640992cc5d4f130bef159775,4160,hw/system/spatz_cluster/cfg/spatz_cluster.default.dram.hjson,12097,YES,clang version 14.0.6 (git@github.com:pulp-platform/llvm-project.git b494f2d8dde88723026db8ec16ac6c7ee1e140ca) | Target: riscv32-unknown-unknown-elf | Thread model: posix,4f3b793ca066426692460183a8e90bf2e27c23ba449972a1dc04add114afdfe4,/home/wxt/work-online-merge-p0-5-dev-67df03b/install/llvm/bin/clang -DONLINE_MERGE_COUNTER_PROFILE=0 -DONLINE_MERGE_IMPLEMENTATION_SELECT=4 -DONLINE_MERGE_STACK_LOG2=13 -DONLINE_MERGE_TRACE_PROXY=0 -I/home/wxt/work-online-merge-p0-5-dev-67df03b/sw/spatzBenchmarks/include -I/home/wxt/work-online-merge-p0-5-dev-67df03b/sw/snRuntime/include -I/home/wxt/work-online-merge-p0-5-dev-67df03b/sw/snRuntime/vendor -I/home/wxt/work-online-merge-p0-5-dev-67df03b/sw/snRuntime/../toolchain/riscv-opcodes -I/home/wxt/work-online-merge-8c2dfda-p0-5-model-00-r1/build/spatzBenchmarks/online_merge_generated/N32_D128_S1_main_R1 -I/home/wxt/work-online-merge-p0-5-dev-67df03b/sw/spatzBenchmarks/online-softmax-merge  --gcc-toolchain=/home/wxt/work-online-merge-p0-5-dev-67df03b/install/riscv-gcc -mcpu=snitch -mcmodel=small -ffast-math -fno-builtin-printf -fno-common -falign-loops=16 -ffunction-sections -Wextra -static -mllvm -misched-topdown -menable-experimental-extensions -mno-relax -march=rv32imafdvzfh_xdma_xfquarter -mabi=ilp32d -O3 -g -o CMakeFiles/test-spatzBenchmarks-online-softmax-merge-a1.dir/online-softmax-merge/main.c.o -c /home/wxt/work-online-merge-p0-5-dev-67df03b/sw/spatzBenchmarks/online-softmax-merge/main.c,A1_SMU_SCALAR,NA,memory,NA,NO,NA,NA,NO_EXPLICIT_TRANSFER_PHASE,MODEL_WORKLOAD,pass,PASS,NA,66816,PASS,8c2dfdaac25a3f7fb9ecd30cc8ff910c1b79216f,False,A1,0,7cef7b3c281ce11613c267b383d7dea2ee9597c76ae3b7d0c4c4fb7b5de5a18c,main,NA,A1,12866,3.001800859982877e-05,128,32,3.14111328125,0.0007348060607910156,100000000,0.00014954394876963488,8.921165807315936e-06,False,PASS,low_perturbation,0ac91b3098c5742eb86a7fe3a437daa406742334e428063b7422cefcf4506a1b,83328,0,0,0,128,32,1.0,YES,NA,3.14111328125,0,model_mistral_7b_heads/memory/A1_SMU_SCALAR/trial-2/simulator.log,0,YES,NA,NA,2.1346915179204536e-05,20260808T065809Z_8c2dfdaa_p0-5-model-00,16512,10809,1,NA,1,33f066a87e3592e55aa4c78bcc583383243061423e6a790856d5b1be7f593fef,/home/wxt/work-online-merge-low-dasm-simulator-5c2aad2-r1/spatz_cluster.vlt,MODEL_DECODER_HEAD_SET,769,1,2057,NA,NA,PASS,NA,PASS,512,27f5ab8fc805136ec6f88c369998cffae0d35195f6b805c6544b51442c1249a0,pass,7200,131072,4,NA,NA,NA,2026-08-08T09:31:47+00:00,NA,NA,NA,NA,NA,NA,NA,NA,NA,NA,NA,NA,NA,NA,NA,2,NA,Verilator 5.034 2025-02-24 rev v5.034,4f53cda18c2baa0c0354bb5f9a3ecbe5ed12ab4d8e11ba873c2f11161202b945,32,32,416,1,289,0
/home/wxt/work-online-merge-8c2dfda-p0-5-model-00-r1,128,32,66816,NA,a40fff6f6eda2239506e70c915320c6c889bbf134f1378aff1196e24e67d5fae,66,0.015865384615384615,66816,66816,main,model_mistral_7b_heads,main,120fa0c30199e54e6e9b5c60d8da40913eae8526640992cc5d4f130bef159775,4160,hw/system/spatz_cluster/cfg/spatz_cluster.default.dram.hjson,1237,YES,clang version 14.0.6 (git@github.com:pulp-platform/llvm-project.git b494f2d8dde88723026db8ec16ac6c7ee1e140ca) | Target: riscv32-unknown-unknown-elf | Thread model: posix,4f3b793ca066426692460183a8e90bf2e27c23ba449972a1dc04add114afdfe4,/home/wxt/work-online-merge-p0-5-dev-67df03b/install/llvm/bin/clang -DONLINE_MERGE_COUNTER_PROFILE=0 -DONLINE_MERGE_IMPLEMENTATION_SELECT=3 -DONLINE_MERGE_STACK_LOG2=13 -DONLINE_MERGE_TRACE_PROXY=0 -I/home/wxt/work-online-merge-p0-5-dev-67df03b/sw/spatzBenchmarks/include -I/home/wxt/work-online-merge-p0-5-dev-67df03b/sw/snRuntime/include -I/home/wxt/work-online-merge-p0-5-dev-67df03b/sw/snRuntime/vendor -I/home/wxt/work-online-merge-p0-5-dev-67df03b/sw/snRuntime/../toolchain/riscv-opcodes -I/home/wxt/work-online-merge-8c2dfda-p0-5-model-00-r1/build/spatzBenchmarks/online_merge_generated/N32_D128_S1_main_R1 -I/home/wxt/work-online-merge-p0-5-dev-67df03b/sw/spatzBenchmarks/online-softmax-merge  --gcc-toolchain=/home/wxt/work-online-merge-p0-5-dev-67df03b/install/riscv-gcc -mcpu=snitch -mcmodel=small -ffast-math -fno-builtin-printf -fno-common -falign-loops=16 -ffunction-sections -Wextra -static -mllvm -misched-topdown -menable-experimental-extensions -mno-relax -march=rv32imafdvzfh_xdma_xfquarter -mabi=ilp32d -O3 -g -o CMakeFiles/test-spatzBenchmarks-online-softmax-merge-a2.dir/online-softmax-merge/main.c.o -c /home/wxt/work-online-merge-p0-5-dev-67df03b/sw/spatzBenchmarks/online-softmax-merge/main.c,A2_SMU_FULL,A2,memory,NA,NO,NA,NA,NO_EXPLICIT_TRANSFER_PHASE,MODEL_WORKLOAD,pass,PASS,NA,66816,PASS,8c2dfdaac25a3f7fb9ecd30cc8ff910c1b79216f,False,B3,0,7cef7b3c281ce11613c267b383d7dea2ee9597c76ae3b7d0c4c4fb7b5de5a18c,main,NA,B3,34728,3.0016377545296636e-05,128,32,8.478515625,0.0007348060607910156,100000000,0.00014954394876963488,8.921130882719388e-06,False,PASS,low_perturbation,a2c8cca38719bc092e1bf36544fd44ffe29393fa7b81ece1d02b87635585caa0,83328,0,0,0,128,32,1.0,YES,NA,8.478515625,0,model_mistral_7b_heads/memory/A2_SMU_FULL/trial-0/simulator.log,0,YES,NA,NA,2.134575527605392e-05,20260808T065809Z_8c2dfdaa_p0-5-model-00,16512,NA,1,NA,1,33f066a87e3592e55aa4c78bcc583383243061423e6a790856d5b1be7f593fef,/home/wxt/work-online-merge-low-dasm-simulator-5c2aad2-r1/spatz_cluster.vlt,MODEL_DECODER_HEAD_SET,33491,1,NA,NA,NA,PASS,NA,PASS,512,87cc3dc38e02aa9bf42fe43e2a974419a6fa7cafed3f713e1703b7e5f15b0563,pass,19037,131072,182,NA,NA,NA,2026-08-08T09:38:59+00:00,NA,NA,NA,NA,NA,NA,NA,NA,NA,NA,NA,NA,NA,NA,NA,0,NA,Verilator 5.034 2025-02-24 rev v5.034,4f53cda18c2baa0c0354bb5f9a3ecbe5ed12ab4d8e11ba873c2f11161202b945,32,32,416,1,160,32851
/home/wxt/work-online-merge-8c2dfda-p0-5-model-00-r1,128,32,66816,NA,a40fff6f6eda2239506e70c915320c6c889bbf134f1378aff1196e24e67d5fae,66,0.015865384615384615,66816,66816,main,model_mistral_7b_heads,main,120fa0c30199e54e6e9b5c60d8da40913eae8526640992cc5d4f130bef159775,4160,hw/system/spatz_cluster/cfg/spatz_cluster.default.dram.hjson,1237,YES,clang version 14.0.6 (git@github.com:pulp-platform/llvm-project.git b494f2d8dde88723026db8ec16ac6c7ee1e140ca) | Target: riscv32-unknown-unknown-elf | Thread model: posix,4f3b793ca066426692460183a8e90bf2e27c23ba449972a1dc04add114afdfe4,/home/wxt/work-online-merge-p0-5-dev-67df03b/install/llvm/bin/clang -DONLINE_MERGE_COUNTER_PROFILE=0 -DONLINE_MERGE_IMPLEMENTATION_SELECT=3 -DONLINE_MERGE_STACK_LOG2=13 -DONLINE_MERGE_TRACE_PROXY=0 -I/home/wxt/work-online-merge-p0-5-dev-67df03b/sw/spatzBenchmarks/include -I/home/wxt/work-online-merge-p0-5-dev-67df03b/sw/snRuntime/include -I/home/wxt/work-online-merge-p0-5-dev-67df03b/sw/snRuntime/vendor -I/home/wxt/work-online-merge-p0-5-dev-67df03b/sw/snRuntime/../toolchain/riscv-opcodes -I/home/wxt/work-online-merge-8c2dfda-p0-5-model-00-r1/build/spatzBenchmarks/online_merge_generated/N32_D128_S1_main_R1 -I/home/wxt/work-online-merge-p0-5-dev-67df03b/sw/spatzBenchmarks/online-softmax-merge  --gcc-toolchain=/home/wxt/work-online-merge-p0-5-dev-67df03b/install/riscv-gcc -mcpu=snitch -mcmodel=small -ffast-math -fno-builtin-printf -fno-common -falign-loops=16 -ffunction-sections -Wextra -static -mllvm -misched-topdown -menable-experimental-extensions -mno-relax -march=rv32imafdvzfh_xdma_xfquarter -mabi=ilp32d -O3 -g -o CMakeFiles/test-spatzBenchmarks-online-softmax-merge-a2.dir/online-softmax-merge/main.c.o -c /home/wxt/work-online-merge-p0-5-dev-67df03b/sw/spatzBenchmarks/online-softmax-merge/main.c,A2_SMU_FULL,A2,memory,NA,NO,NA,NA,NO_EXPLICIT_TRANSFER_PHASE,MODEL_WORKLOAD,pass,PASS,NA,66816,PASS,8c2dfdaac25a3f7fb9ecd30cc8ff910c1b79216f,False,B3,0,7cef7b3c281ce11613c267b383d7dea2ee9597c76ae3b7d0c4c4fb7b5de5a18c,main,NA,B3,34728,3.0016377545296636e-05,128,32,8.478515625,0.0007348060607910156,100000000,0.00014954394876963488,8.921130882719388e-06,False,PASS,low_perturbation,a2c8cca38719bc092e1bf36544fd44ffe29393fa7b81ece1d02b87635585caa0,83328,0,0,0,128,32,1.0,YES,NA,8.478515625,0,model_mistral_7b_heads/memory/A2_SMU_FULL/trial-1/simulator.log,0,YES,NA,NA,2.134575527605392e-05,20260808T065809Z_8c2dfdaa_p0-5-model-00,16512,NA,1,NA,1,33f066a87e3592e55aa4c78bcc583383243061423e6a790856d5b1be7f593fef,/home/wxt/work-online-merge-low-dasm-simulator-5c2aad2-r1/spatz_cluster.vlt,MODEL_DECODER_HEAD_SET,33491,1,NA,NA,NA,PASS,NA,PASS,512,87cc3dc38e02aa9bf42fe43e2a974419a6fa7cafed3f713e1703b7e5f15b0563,pass,19037,131072,182,NA,NA,NA,2026-08-08T09:46:05+00:00,NA,NA,NA,NA,NA,NA,NA,NA,NA,NA,NA,NA,NA,NA,NA,1,NA,Verilator 5.034 2025-02-24 rev v5.034,4f53cda18c2baa0c0354bb5f9a3ecbe5ed12ab4d8e11ba873c2f11161202b945,32,32,416,1,160,32851
/home/wxt/work-online-merge-8c2dfda-p0-5-model-00-r1,128,32,66816,NA,a40fff6f6eda2239506e70c915320c6c889bbf134f1378aff1196e24e67d5fae,66,0.015865384615384615,66816,66816,main,model_mistral_7b_heads,main,120fa0c30199e54e6e9b5c60d8da40913eae8526640992cc5d4f130bef159775,4160,hw/system/spatz_cluster/cfg/spatz_cluster.default.dram.hjson,1237,YES,clang version 14.0.6 (git@github.com:pulp-platform/llvm-project.git b494f2d8dde88723026db8ec16ac6c7ee1e140ca) | Target: riscv32-unknown-unknown-elf | Thread model: posix,4f3b793ca066426692460183a8e90bf2e27c23ba449972a1dc04add114afdfe4,/home/wxt/work-online-merge-p0-5-dev-67df03b/install/llvm/bin/clang -DONLINE_MERGE_COUNTER_PROFILE=0 -DONLINE_MERGE_IMPLEMENTATION_SELECT=3 -DONLINE_MERGE_STACK_LOG2=13 -DONLINE_MERGE_TRACE_PROXY=0 -I/home/wxt/work-online-merge-p0-5-dev-67df03b/sw/spatzBenchmarks/include -I/home/wxt/work-online-merge-p0-5-dev-67df03b/sw/snRuntime/include -I/home/wxt/work-online-merge-p0-5-dev-67df03b/sw/snRuntime/vendor -I/home/wxt/work-online-merge-p0-5-dev-67df03b/sw/snRuntime/../toolchain/riscv-opcodes -I/home/wxt/work-online-merge-8c2dfda-p0-5-model-00-r1/build/spatzBenchmarks/online_merge_generated/N32_D128_S1_main_R1 -I/home/wxt/work-online-merge-p0-5-dev-67df03b/sw/spatzBenchmarks/online-softmax-merge  --gcc-toolchain=/home/wxt/work-online-merge-p0-5-dev-67df03b/install/riscv-gcc -mcpu=snitch -mcmodel=small -ffast-math -fno-builtin-printf -fno-common -falign-loops=16 -ffunction-sections -Wextra -static -mllvm -misched-topdown -menable-experimental-extensions -mno-relax -march=rv32imafdvzfh_xdma_xfquarter -mabi=ilp32d -O3 -g -o CMakeFiles/test-spatzBenchmarks-online-softmax-merge-a2.dir/online-softmax-merge/main.c.o -c /home/wxt/work-online-merge-p0-5-dev-67df03b/sw/spatzBenchmarks/online-softmax-merge/main.c,A2_SMU_FULL,A2,memory,NA,NO,NA,NA,NO_EXPLICIT_TRANSFER_PHASE,MODEL_WORKLOAD,pass,PASS,NA,66816,PASS,8c2dfdaac25a3f7fb9ecd30cc8ff910c1b79216f,False,B3,0,7cef7b3c281ce11613c267b383d7dea2ee9597c76ae3b7d0c4c4fb7b5de5a18c,main,NA,B3,34728,3.0016377545296636e-05,128,32,8.478515625,0.0007348060607910156,100000000,0.00014954394876963488,8.921130882719388e-06,False,PASS,low_perturbation,a2c8cca38719bc092e1bf36544fd44ffe29393fa7b81ece1d02b87635585caa0,83328,0,0,0,128,32,1.0,YES,NA,8.478515625,0,model_mistral_7b_heads/memory/A2_SMU_FULL/trial-2/simulator.log,0,YES,NA,NA,2.134575527605392e-05,20260808T065809Z_8c2dfdaa_p0-5-model-00,16512,NA,1,NA,1,33f066a87e3592e55aa4c78bcc583383243061423e6a790856d5b1be7f593fef,/home/wxt/work-online-merge-low-dasm-simulator-5c2aad2-r1/spatz_cluster.vlt,MODEL_DECODER_HEAD_SET,33491,1,NA,NA,NA,PASS,NA,PASS,512,87cc3dc38e02aa9bf42fe43e2a974419a6fa7cafed3f713e1703b7e5f15b0563,pass,19037,131072,182,NA,NA,NA,2026-08-08T09:52:59+00:00,NA,NA,NA,NA,NA,NA,NA,NA,NA,NA,NA,NA,NA,NA,NA,2,NA,Verilator 5.034 2025-02-24 rev v5.034,4f53cda18c2baa0c0354bb5f9a3ecbe5ed12ab4d8e11ba873c2f11161202b945,32,32,416,1,160,32851
/home/wxt/work-online-merge-8c2dfda-p0-5-model-01-r1,128,40,83712,NA,5dbb6d5e6c36e63507b3e905f2a28232dbc378be43028b1e7543ade7bba96e79,81,0.015576923076923077,83712,83520,main,model_qwen2_5_14b_heads,main,120fa0c30199e54e6e9b5c60d8da40913eae8526640992cc5d4f130bef159775,5200,hw/system/spatz_cluster/cfg/spatz_cluster.default.dram.hjson,NA,YES,clang version 14.0.6 (git@github.com:pulp-platform/llvm-project.git b494f2d8dde88723026db8ec16ac6c7ee1e140ca) | Target: riscv32-unknown-unknown-elf | Thread model: posix,a0add77b15a2250d8bfb6633b855042b5ee66261a520ae2721ee64d76da71070,/home/wxt/work-online-merge-p0-5-dev-67df03b/install/llvm/bin/clang -DONLINE_MERGE_COUNTER_PROFILE=0 -DONLINE_MERGE_IMPLEMENTATION_SELECT=1 -DONLINE_MERGE_STACK_LOG2=13 -DONLINE_MERGE_TRACE_PROXY=0 -I/home/wxt/work-online-merge-p0-5-dev-67df03b/sw/spatzBenchmarks/include -I/home/wxt/work-online-merge-p0-5-dev-67df03b/sw/snRuntime/include -I/home/wxt/work-online-merge-p0-5-dev-67df03b/sw/snRuntime/vendor -I/home/wxt/work-online-merge-p0-5-dev-67df03b/sw/snRuntime/../toolchain/riscv-opcodes -I/home/wxt/work-online-merge-8c2dfda-p0-5-model-01-r1/build/spatzBenchmarks/online_merge_generated/N40_D128_S1_main_R1 -I/home/wxt/work-online-merge-p0-5-dev-67df03b/sw/spatzBenchmarks/online-softmax-merge  --gcc-toolchain=/home/wxt/work-online-merge-p0-5-dev-67df03b/install/riscv-gcc --gcc-toolchain=/home/wxt/work-online-merge-p0-5-dev-67df03b/install/riscv-gcc -mcpu=snitch -mcmodel=small -ffast-math -fno-builtin-printf -fno-common -falign-loops=16 -ffunction-sections -Wextra -static -mllvm -misched-topdown -menable-experimental-extensions -mno-relax -march=rv32imafdvzfh_xdma_xfquarter -mabi=ilp32d -O3 -g -o CMakeFiles/test-spatzBenchmarks-online-softmax-merge-b1.dir/online-softmax-merge/main.c.o -c /home/wxt/work-online-merge-p0-5-dev-67df03b/sw/spatzBenchmarks/online-softmax-merge/main.c,B1_SCALAR,NA,memory,NA,NO,NA,NA,NO_EXPLICIT_TRANSFER_PHASE,MODEL_WORKLOAD,pass,PASS,NA,83520,NA,8c2dfdaac25a3f7fb9ecd30cc8ff910c1b79216f,False,B1,0,a202ff48117ef6598d47c16b2b2cb742a95c9cdd034a2b70aaeb558c0b07c3c0,main,NA,B1,1780547,2.856961387837042e-05,128,40,347.7630859375,0.0007348060607910156,100000000,0.00014954394876963488,8.494453504681588e-06,False,PASS,low_perturbation,04f1739ff6873f514587daaa65fe3d24813283cc2a143771c5a76d134b859974,100224,0,0,0,128,40,1.0,YES,NA,347.7630859375,0,model_qwen2_5_14b_heads/memory/B1_SCALAR/trial-0/simulator.log,0,YES,NA,NA,2.0559349013539773e-05,20260808T080342Z_8c2dfdaa_p0-5-model-01,16512,NA,0,NA,1,33f066a87e3592e55aa4c78bcc583383243061423e6a790856d5b1be7f593fef,/home/wxt/work-online-merge-low-dasm-simulator-5c2aad2-r1/spatz_cluster.vlt,MODEL_DECODER_HEAD_SET_NEAR_CAPACITY,NA,0,NA,NA,NA,PASS,NA,PASS,512,1dacb1d5d86f9e0d4d7c256f4af1e8c98b28865d47dfbd33f4d30f509f241b98,pass,17715,131072,0,NA,NA,NA,2026-08-08T08:03:44+00:00,NA,NA,NA,NA,NA,NA,NA,NA,NA,NA,NA,NA,NA,NA,NA,0,NA,Verilator 5.034 2025-02-24 rev v5.034,4f53cda18c2baa0c0354bb5f9a3ecbe5ed12ab4d8e11ba873c2f11161202b945,,,,,,
/home/wxt/work-online-merge-8c2dfda-p0-5-model-01-r1,128,40,83712,NA,5dbb6d5e6c36e63507b3e905f2a28232dbc378be43028b1e7543ade7bba96e79,81,0.015576923076923077,83712,83520,main,model_qwen2_5_14b_heads,main,120fa0c30199e54e6e9b5c60d8da40913eae8526640992cc5d4f130bef159775,5200,hw/system/spatz_cluster/cfg/spatz_cluster.default.dram.hjson,NA,YES,clang version 14.0.6 (git@github.com:pulp-platform/llvm-project.git b494f2d8dde88723026db8ec16ac6c7ee1e140ca) | Target: riscv32-unknown-unknown-elf | Thread model: posix,a0add77b15a2250d8bfb6633b855042b5ee66261a520ae2721ee64d76da71070,/home/wxt/work-online-merge-p0-5-dev-67df03b/install/llvm/bin/clang -DONLINE_MERGE_COUNTER_PROFILE=0 -DONLINE_MERGE_IMPLEMENTATION_SELECT=1 -DONLINE_MERGE_STACK_LOG2=13 -DONLINE_MERGE_TRACE_PROXY=0 -I/home/wxt/work-online-merge-p0-5-dev-67df03b/sw/spatzBenchmarks/include -I/home/wxt/work-online-merge-p0-5-dev-67df03b/sw/snRuntime/include -I/home/wxt/work-online-merge-p0-5-dev-67df03b/sw/snRuntime/vendor -I/home/wxt/work-online-merge-p0-5-dev-67df03b/sw/snRuntime/../toolchain/riscv-opcodes -I/home/wxt/work-online-merge-8c2dfda-p0-5-model-01-r1/build/spatzBenchmarks/online_merge_generated/N40_D128_S1_main_R1 -I/home/wxt/work-online-merge-p0-5-dev-67df03b/sw/spatzBenchmarks/online-softmax-merge  --gcc-toolchain=/home/wxt/work-online-merge-p0-5-dev-67df03b/install/riscv-gcc --gcc-toolchain=/home/wxt/work-online-merge-p0-5-dev-67df03b/install/riscv-gcc -mcpu=snitch -mcmodel=small -ffast-math -fno-builtin-printf -fno-common -falign-loops=16 -ffunction-sections -Wextra -static -mllvm -misched-topdown -menable-experimental-extensions -mno-relax -march=rv32imafdvzfh_xdma_xfquarter -mabi=ilp32d -O3 -g -o CMakeFiles/test-spatzBenchmarks-online-softmax-merge-b1.dir/online-softmax-merge/main.c.o -c /home/wxt/work-online-merge-p0-5-dev-67df03b/sw/spatzBenchmarks/online-softmax-merge/main.c,B1_SCALAR,NA,memory,NA,NO,NA,NA,NO_EXPLICIT_TRANSFER_PHASE,MODEL_WORKLOAD,pass,PASS,NA,83520,NA,8c2dfdaac25a3f7fb9ecd30cc8ff910c1b79216f,False,B1,0,a202ff48117ef6598d47c16b2b2cb742a95c9cdd034a2b70aaeb558c0b07c3c0,main,NA,B1,1780547,2.856961387837042e-05,128,40,347.7630859375,0.0007348060607910156,100000000,0.00014954394876963488,8.494453504681588e-06,False,PASS,low_perturbation,04f1739ff6873f514587daaa65fe3d24813283cc2a143771c5a76d134b859974,100224,0,0,0,128,40,1.0,YES,NA,347.7630859375,0,model_qwen2_5_14b_heads/memory/B1_SCALAR/trial-1/simulator.log,0,YES,NA,NA,2.0559349013539773e-05,20260808T080342Z_8c2dfdaa_p0-5-model-01,16512,NA,0,NA,1,33f066a87e3592e55aa4c78bcc583383243061423e6a790856d5b1be7f593fef,/home/wxt/work-online-merge-low-dasm-simulator-5c2aad2-r1/spatz_cluster.vlt,MODEL_DECODER_HEAD_SET_NEAR_CAPACITY,NA,0,NA,NA,NA,PASS,NA,PASS,512,1dacb1d5d86f9e0d4d7c256f4af1e8c98b28865d47dfbd33f4d30f509f241b98,pass,17715,131072,0,NA,NA,NA,2026-08-08T08:33:45+00:00,NA,NA,NA,NA,NA,NA,NA,NA,NA,NA,NA,NA,NA,NA,NA,1,NA,Verilator 5.034 2025-02-24 rev v5.034,4f53cda18c2baa0c0354bb5f9a3ecbe5ed12ab4d8e11ba873c2f11161202b945,,,,,,
/home/wxt/work-online-merge-8c2dfda-p0-5-model-01-r1,128,40,83712,NA,5dbb6d5e6c36e63507b3e905f2a28232dbc378be43028b1e7543ade7bba96e79,81,0.015576923076923077,83712,83520,main,model_qwen2_5_14b_heads,main,120fa0c30199e54e6e9b5c60d8da40913eae8526640992cc5d4f130bef159775,5200,hw/system/spatz_cluster/cfg/spatz_cluster.default.dram.hjson,NA,YES,clang version 14.0.6 (git@github.com:pulp-platform/llvm-project.git b494f2d8dde88723026db8ec16ac6c7ee1e140ca) | Target: riscv32-unknown-unknown-elf | Thread model: posix,a0add77b15a2250d8bfb6633b855042b5ee66261a520ae2721ee64d76da71070,/home/wxt/work-online-merge-p0-5-dev-67df03b/install/llvm/bin/clang -DONLINE_MERGE_COUNTER_PROFILE=0 -DONLINE_MERGE_IMPLEMENTATION_SELECT=1 -DONLINE_MERGE_STACK_LOG2=13 -DONLINE_MERGE_TRACE_PROXY=0 -I/home/wxt/work-online-merge-p0-5-dev-67df03b/sw/spatzBenchmarks/include -I/home/wxt/work-online-merge-p0-5-dev-67df03b/sw/snRuntime/include -I/home/wxt/work-online-merge-p0-5-dev-67df03b/sw/snRuntime/vendor -I/home/wxt/work-online-merge-p0-5-dev-67df03b/sw/snRuntime/../toolchain/riscv-opcodes -I/home/wxt/work-online-merge-8c2dfda-p0-5-model-01-r1/build/spatzBenchmarks/online_merge_generated/N40_D128_S1_main_R1 -I/home/wxt/work-online-merge-p0-5-dev-67df03b/sw/spatzBenchmarks/online-softmax-merge  --gcc-toolchain=/home/wxt/work-online-merge-p0-5-dev-67df03b/install/riscv-gcc --gcc-toolchain=/home/wxt/work-online-merge-p0-5-dev-67df03b/install/riscv-gcc -mcpu=snitch -mcmodel=small -ffast-math -fno-builtin-printf -fno-common -falign-loops=16 -ffunction-sections -Wextra -static -mllvm -misched-topdown -menable-experimental-extensions -mno-relax -march=rv32imafdvzfh_xdma_xfquarter -mabi=ilp32d -O3 -g -o CMakeFiles/test-spatzBenchmarks-online-softmax-merge-b1.dir/online-softmax-merge/main.c.o -c /home/wxt/work-online-merge-p0-5-dev-67df03b/sw/spatzBenchmarks/online-softmax-merge/main.c,B1_SCALAR,NA,memory,NA,NO,NA,NA,NO_EXPLICIT_TRANSFER_PHASE,MODEL_WORKLOAD,pass,PASS,NA,83520,NA,8c2dfdaac25a3f7fb9ecd30cc8ff910c1b79216f,False,B1,0,a202ff48117ef6598d47c16b2b2cb742a95c9cdd034a2b70aaeb558c0b07c3c0,main,NA,B1,1780547,2.856961387837042e-05,128,40,347.7630859375,0.0007348060607910156,100000000,0.00014954394876963488,8.494453504681588e-06,False,PASS,low_perturbation,04f1739ff6873f514587daaa65fe3d24813283cc2a143771c5a76d134b859974,100224,0,0,0,128,40,1.0,YES,NA,347.7630859375,0,model_qwen2_5_14b_heads/memory/B1_SCALAR/trial-2/simulator.log,0,YES,NA,NA,2.0559349013539773e-05,20260808T080342Z_8c2dfdaa_p0-5-model-01,16512,NA,0,NA,1,33f066a87e3592e55aa4c78bcc583383243061423e6a790856d5b1be7f593fef,/home/wxt/work-online-merge-low-dasm-simulator-5c2aad2-r1/spatz_cluster.vlt,MODEL_DECODER_HEAD_SET_NEAR_CAPACITY,NA,0,NA,NA,NA,PASS,NA,PASS,512,1dacb1d5d86f9e0d4d7c256f4af1e8c98b28865d47dfbd33f4d30f509f241b98,pass,17715,131072,0,NA,NA,NA,2026-08-08T09:04:21+00:00,NA,NA,NA,NA,NA,NA,NA,NA,NA,NA,NA,NA,NA,NA,NA,2,NA,Verilator 5.034 2025-02-24 rev v5.034,4f53cda18c2baa0c0354bb5f9a3ecbe5ed12ab4d8e11ba873c2f11161202b945,,,,,,
/home/wxt/work-online-merge-8c2dfda-p0-5-model-01-r1,128,40,83712,NA,c671dd2fdb48451442073ec1283d53ecff159c02c537f127081ff3ae1e2fbe0f,84,0.016153846153846154,83712,83520,main,model_qwen2_5_14b_heads,main,120fa0c30199e54e6e9b5c60d8da40913eae8526640992cc5d4f130bef159775,5200,hw/system/spatz_cluster/cfg/spatz_cluster.default.dram.hjson,NA,YES,clang version 14.0.6 (git@github.com:pulp-platform/llvm-project.git b494f2d8dde88723026db8ec16ac6c7ee1e140ca) | Target: riscv32-unknown-unknown-elf | Thread model: posix,a0add77b15a2250d8bfb6633b855042b5ee66261a520ae2721ee64d76da71070,/home/wxt/work-online-merge-p0-5-dev-67df03b/install/llvm/bin/clang -DONLINE_MERGE_COUNTER_PROFILE=0 -DONLINE_MERGE_IMPLEMENTATION_SELECT=2 -DONLINE_MERGE_STACK_LOG2=13 -DONLINE_MERGE_TRACE_PROXY=0 -I/home/wxt/work-online-merge-p0-5-dev-67df03b/sw/spatzBenchmarks/include -I/home/wxt/work-online-merge-p0-5-dev-67df03b/sw/snRuntime/include -I/home/wxt/work-online-merge-p0-5-dev-67df03b/sw/snRuntime/vendor -I/home/wxt/work-online-merge-p0-5-dev-67df03b/sw/snRuntime/../toolchain/riscv-opcodes -I/home/wxt/work-online-merge-8c2dfda-p0-5-model-01-r1/build/spatzBenchmarks/online_merge_generated/N40_D128_S1_main_R1 -I/home/wxt/work-online-merge-p0-5-dev-67df03b/sw/spatzBenchmarks/online-softmax-merge  --gcc-toolchain=/home/wxt/work-online-merge-p0-5-dev-67df03b/install/riscv-gcc --gcc-toolchain=/home/wxt/work-online-merge-p0-5-dev-67df03b/install/riscv-gcc -mcpu=snitch -mcmodel=small -ffast-math -fno-builtin-printf -fno-common -falign-loops=16 -ffunction-sections -Wextra -static -mllvm -misched-topdown -menable-experimental-extensions -mno-relax -march=rv32imafdvzfh_xdma_xfquarter -mabi=ilp32d -O3 -g -o CMakeFiles/test-spatzBenchmarks-online-softmax-merge-b2r.dir/online-softmax-merge/main.c.o -c /home/wxt/work-online-merge-p0-5-dev-67df03b/sw/spatzBenchmarks/online-softmax-merge/main.c,B2R_RVV,A0,memory,53814,YES,3840,NA,NO_EXPLICIT_TRANSFER_PHASE,MODEL_WORKLOAD,pass,PASS,NA,83520,NA,8c2dfdaac25a3f7fb9ecd30cc8ff910c1b79216f,False,B2-R,0,a202ff48117ef6598d47c16b2b2cb742a95c9cdd034a2b70aaeb558c0b07c3c0,main,DASM_MARKER_ENVELOPE_WITNESS,B2-R,75027,2.8570182795356735e-05,128,40,14.6537109375,0.0007348060607910156,100000000,0.00014954394876963488,8.493315858336595e-06,False,PASS,low_perturbation,ae7cbbcf7c09fdc12abe62fb43ffdda127c616978f17550889a96814b7dae51d,100224,0,0,0,128,40,1.0,YES,NA,14.6537109375,0,model_qwen2_5_14b_heads/memory/B2R_RVV/trial-0/simulator.log,0,YES,NA,NA,2.0559758419243722e-05,20260808T080342Z_8c2dfdaa_p0-5-model-01,16512,NA,0,49974,1,33f066a87e3592e55aa4c78bcc583383243061423e6a790856d5b1be7f593fef,/home/wxt/work-online-merge-low-dasm-simulator-5c2aad2-r1/spatz_cluster.vlt,MODEL_DECODER_HEAD_SET_NEAR_CAPACITY,NA,0,NA,NA,NA,PASS,NA,PASS,512,221da5e09cc6e02ac640801c92003233b5ec9fa8cb6e89823b6bdad14bdc3051,pass,9551,131072,0,NA,NA,NA,2026-08-08T09:44:18+00:00,model_qwen2_5_14b_heads/memory/B2R_RVV/trace-witness/instruction_trace_audit.json,4713,19710,22586,4024,24008,INDEPENDENT_DASM_WITNESS,6,PASS,NA,PASS,361ff71bcc241b448e49ff6d212d06a13a986e2fad861b0aa0b67e40e7a21d68,/home/wxt/work-online-merge-traced-simulator-088a44d-r1/spatz_cluster.vlt,default,ae7cbbcf7c09fdc12abe62fb43ffdda127c616978f17550889a96814b7dae51d,0,3840,Verilator 5.034 2025-02-24 rev v5.034,4f53cda18c2baa0c0354bb5f9a3ecbe5ed12ab4d8e11ba873c2f11161202b945,,,,,,
/home/wxt/work-online-merge-8c2dfda-p0-5-model-01-r1,128,40,83712,NA,c671dd2fdb48451442073ec1283d53ecff159c02c537f127081ff3ae1e2fbe0f,84,0.016153846153846154,83712,83520,main,model_qwen2_5_14b_heads,main,120fa0c30199e54e6e9b5c60d8da40913eae8526640992cc5d4f130bef159775,5200,hw/system/spatz_cluster/cfg/spatz_cluster.default.dram.hjson,NA,YES,clang version 14.0.6 (git@github.com:pulp-platform/llvm-project.git b494f2d8dde88723026db8ec16ac6c7ee1e140ca) | Target: riscv32-unknown-unknown-elf | Thread model: posix,a0add77b15a2250d8bfb6633b855042b5ee66261a520ae2721ee64d76da71070,/home/wxt/work-online-merge-p0-5-dev-67df03b/install/llvm/bin/clang -DONLINE_MERGE_COUNTER_PROFILE=0 -DONLINE_MERGE_IMPLEMENTATION_SELECT=2 -DONLINE_MERGE_STACK_LOG2=13 -DONLINE_MERGE_TRACE_PROXY=0 -I/home/wxt/work-online-merge-p0-5-dev-67df03b/sw/spatzBenchmarks/include -I/home/wxt/work-online-merge-p0-5-dev-67df03b/sw/snRuntime/include -I/home/wxt/work-online-merge-p0-5-dev-67df03b/sw/snRuntime/vendor -I/home/wxt/work-online-merge-p0-5-dev-67df03b/sw/snRuntime/../toolchain/riscv-opcodes -I/home/wxt/work-online-merge-8c2dfda-p0-5-model-01-r1/build/spatzBenchmarks/online_merge_generated/N40_D128_S1_main_R1 -I/home/wxt/work-online-merge-p0-5-dev-67df03b/sw/spatzBenchmarks/online-softmax-merge  --gcc-toolchain=/home/wxt/work-online-merge-p0-5-dev-67df03b/install/riscv-gcc --gcc-toolchain=/home/wxt/work-online-merge-p0-5-dev-67df03b/install/riscv-gcc -mcpu=snitch -mcmodel=small -ffast-math -fno-builtin-printf -fno-common -falign-loops=16 -ffunction-sections -Wextra -static -mllvm -misched-topdown -menable-experimental-extensions -mno-relax -march=rv32imafdvzfh_xdma_xfquarter -mabi=ilp32d -O3 -g -o CMakeFiles/test-spatzBenchmarks-online-softmax-merge-b2r.dir/online-softmax-merge/main.c.o -c /home/wxt/work-online-merge-p0-5-dev-67df03b/sw/spatzBenchmarks/online-softmax-merge/main.c,B2R_RVV,A0,memory,53814,YES,3840,NA,NO_EXPLICIT_TRANSFER_PHASE,MODEL_WORKLOAD,pass,PASS,NA,83520,NA,8c2dfdaac25a3f7fb9ecd30cc8ff910c1b79216f,False,B2-R,0,a202ff48117ef6598d47c16b2b2cb742a95c9cdd034a2b70aaeb558c0b07c3c0,main,DASM_MARKER_ENVELOPE_WITNESS,B2-R,75027,2.8570182795356735e-05,128,40,14.6537109375,0.0007348060607910156,100000000,0.00014954394876963488,8.493315858336595e-06,False,PASS,low_perturbation,ae7cbbcf7c09fdc12abe62fb43ffdda127c616978f17550889a96814b7dae51d,100224,0,0,0,128,40,1.0,YES,NA,14.6537109375,0,model_qwen2_5_14b_heads/memory/B2R_RVV/trial-1/simulator.log,0,YES,NA,NA,2.0559758419243722e-05,20260808T080342Z_8c2dfdaa_p0-5-model-01,16512,NA,0,49974,1,33f066a87e3592e55aa4c78bcc583383243061423e6a790856d5b1be7f593fef,/home/wxt/work-online-merge-low-dasm-simulator-5c2aad2-r1/spatz_cluster.vlt,MODEL_DECODER_HEAD_SET_NEAR_CAPACITY,NA,0,NA,NA,NA,PASS,NA,PASS,512,221da5e09cc6e02ac640801c92003233b5ec9fa8cb6e89823b6bdad14bdc3051,pass,9551,131072,0,NA,NA,NA,2026-08-08T09:52:53+00:00,model_qwen2_5_14b_heads/memory/B2R_RVV/trace-witness/instruction_trace_audit.json,4713,19710,22586,4024,24008,INDEPENDENT_DASM_WITNESS,6,PASS,NA,PASS,361ff71bcc241b448e49ff6d212d06a13a986e2fad861b0aa0b67e40e7a21d68,/home/wxt/work-online-merge-traced-simulator-088a44d-r1/spatz_cluster.vlt,default,ae7cbbcf7c09fdc12abe62fb43ffdda127c616978f17550889a96814b7dae51d,1,3840,Verilator 5.034 2025-02-24 rev v5.034,4f53cda18c2baa0c0354bb5f9a3ecbe5ed12ab4d8e11ba873c2f11161202b945,,,,,,
/home/wxt/work-online-merge-8c2dfda-p0-5-model-01-r1,128,40,83712,NA,c671dd2fdb48451442073ec1283d53ecff159c02c537f127081ff3ae1e2fbe0f,84,0.016153846153846154,83712,83520,main,model_qwen2_5_14b_heads,main,120fa0c30199e54e6e9b5c60d8da40913eae8526640992cc5d4f130bef159775,5200,hw/system/spatz_cluster/cfg/spatz_cluster.default.dram.hjson,NA,YES,clang version 14.0.6 (git@github.com:pulp-platform/llvm-project.git b494f2d8dde88723026db8ec16ac6c7ee1e140ca) | Target: riscv32-unknown-unknown-elf | Thread model: posix,a0add77b15a2250d8bfb6633b855042b5ee66261a520ae2721ee64d76da71070,/home/wxt/work-online-merge-p0-5-dev-67df03b/install/llvm/bin/clang -DONLINE_MERGE_COUNTER_PROFILE=0 -DONLINE_MERGE_IMPLEMENTATION_SELECT=2 -DONLINE_MERGE_STACK_LOG2=13 -DONLINE_MERGE_TRACE_PROXY=0 -I/home/wxt/work-online-merge-p0-5-dev-67df03b/sw/spatzBenchmarks/include -I/home/wxt/work-online-merge-p0-5-dev-67df03b/sw/snRuntime/include -I/home/wxt/work-online-merge-p0-5-dev-67df03b/sw/snRuntime/vendor -I/home/wxt/work-online-merge-p0-5-dev-67df03b/sw/snRuntime/../toolchain/riscv-opcodes -I/home/wxt/work-online-merge-8c2dfda-p0-5-model-01-r1/build/spatzBenchmarks/online_merge_generated/N40_D128_S1_main_R1 -I/home/wxt/work-online-merge-p0-5-dev-67df03b/sw/spatzBenchmarks/online-softmax-merge  --gcc-toolchain=/home/wxt/work-online-merge-p0-5-dev-67df03b/install/riscv-gcc --gcc-toolchain=/home/wxt/work-online-merge-p0-5-dev-67df03b/install/riscv-gcc -mcpu=snitch -mcmodel=small -ffast-math -fno-builtin-printf -fno-common -falign-loops=16 -ffunction-sections -Wextra -static -mllvm -misched-topdown -menable-experimental-extensions -mno-relax -march=rv32imafdvzfh_xdma_xfquarter -mabi=ilp32d -O3 -g -o CMakeFiles/test-spatzBenchmarks-online-softmax-merge-b2r.dir/online-softmax-merge/main.c.o -c /home/wxt/work-online-merge-p0-5-dev-67df03b/sw/spatzBenchmarks/online-softmax-merge/main.c,B2R_RVV,A0,memory,53814,YES,3840,NA,NO_EXPLICIT_TRANSFER_PHASE,MODEL_WORKLOAD,pass,PASS,NA,83520,NA,8c2dfdaac25a3f7fb9ecd30cc8ff910c1b79216f,False,B2-R,0,a202ff48117ef6598d47c16b2b2cb742a95c9cdd034a2b70aaeb558c0b07c3c0,main,DASM_MARKER_ENVELOPE_WITNESS,B2-R,75027,2.8570182795356735e-05,128,40,14.6537109375,0.0007348060607910156,100000000,0.00014954394876963488,8.493315858336595e-06,False,PASS,low_perturbation,ae7cbbcf7c09fdc12abe62fb43ffdda127c616978f17550889a96814b7dae51d,100224,0,0,0,128,40,1.0,YES,NA,14.6537109375,0,model_qwen2_5_14b_heads/memory/B2R_RVV/trial-2/simulator.log,0,YES,NA,NA,2.0559758419243722e-05,20260808T080342Z_8c2dfdaa_p0-5-model-01,16512,NA,0,49974,1,33f066a87e3592e55aa4c78bcc583383243061423e6a790856d5b1be7f593fef,/home/wxt/work-online-merge-low-dasm-simulator-5c2aad2-r1/spatz_cluster.vlt,MODEL_DECODER_HEAD_SET_NEAR_CAPACITY,NA,0,NA,NA,NA,PASS,NA,PASS,512,221da5e09cc6e02ac640801c92003233b5ec9fa8cb6e89823b6bdad14bdc3051,pass,9551,131072,0,NA,NA,NA,2026-08-08T10:01:10+00:00,model_qwen2_5_14b_heads/memory/B2R_RVV/trace-witness/instruction_trace_audit.json,4713,19710,22586,4024,24008,INDEPENDENT_DASM_WITNESS,6,PASS,NA,PASS,361ff71bcc241b448e49ff6d212d06a13a986e2fad861b0aa0b67e40e7a21d68,/home/wxt/work-online-merge-traced-simulator-088a44d-r1/spatz_cluster.vlt,default,ae7cbbcf7c09fdc12abe62fb43ffdda127c616978f17550889a96814b7dae51d,2,3840,Verilator 5.034 2025-02-24 rev v5.034,4f53cda18c2baa0c0354bb5f9a3ecbe5ed12ab4d8e11ba873c2f11161202b945,,,,,,
/home/wxt/work-online-merge-8c2dfda-p0-5-model-01-r1,128,40,83712,NA,677d6276039febe9c1040dbf46057097056e8afdad663d5d782cc56ac4d16023,84,0.016153846153846154,83712,83520,main,model_qwen2_5_14b_heads,main,120fa0c30199e54e6e9b5c60d8da40913eae8526640992cc5d4f130bef159775,5200,hw/system/spatz_cluster/cfg/spatz_cluster.default.dram.hjson,14771,YES,clang version 14.0.6 (git@github.com:pulp-platform/llvm-project.git b494f2d8dde88723026db8ec16ac6c7ee1e140ca) | Target: riscv32-unknown-unknown-elf | Thread model: posix,a0add77b15a2250d8bfb6633b855042b5ee66261a520ae2721ee64d76da71070,/home/wxt/work-online-merge-p0-5-dev-67df03b/install/llvm/bin/clang -DONLINE_MERGE_COUNTER_PROFILE=0 -DONLINE_MERGE_IMPLEMENTATION_SELECT=4 -DONLINE_MERGE_STACK_LOG2=13 -DONLINE_MERGE_TRACE_PROXY=0 -I/home/wxt/work-online-merge-p0-5-dev-67df03b/sw/spatzBenchmarks/include -I/home/wxt/work-online-merge-p0-5-dev-67df03b/sw/snRuntime/include -I/home/wxt/work-online-merge-p0-5-dev-67df03b/sw/snRuntime/vendor -I/home/wxt/work-online-merge-p0-5-dev-67df03b/sw/snRuntime/../toolchain/riscv-opcodes -I/home/wxt/work-online-merge-8c2dfda-p0-5-model-01-r1/build/spatzBenchmarks/online_merge_generated/N40_D128_S1_main_R1 -I/home/wxt/work-online-merge-p0-5-dev-67df03b/sw/spatzBenchmarks/online-softmax-merge  --gcc-toolchain=/home/wxt/work-online-merge-p0-5-dev-67df03b/install/riscv-gcc --gcc-toolchain=/home/wxt/work-online-merge-p0-5-dev-67df03b/install/riscv-gcc -mcpu=snitch -mcmodel=small -ffast-math -fno-builtin-printf -fno-common -falign-loops=16 -ffunction-sections -Wextra -static -mllvm -misched-topdown -menable-experimental-extensions -mno-relax -march=rv32imafdvzfh_xdma_xfquarter -mabi=ilp32d -O3 -g -o CMakeFiles/test-spatzBenchmarks-online-softmax-merge-a1.dir/online-softmax-merge/main.c.o -c /home/wxt/work-online-merge-p0-5-dev-67df03b/sw/spatzBenchmarks/online-softmax-merge/main.c,A1_SMU_SCALAR,NA,memory,NA,NO,NA,NA,NO_EXPLICIT_TRANSFER_PHASE,MODEL_WORKLOAD,pass,PASS,NA,83520,PASS,8c2dfdaac25a3f7fb9ecd30cc8ff910c1b79216f,False,A1,0,a202ff48117ef6598d47c16b2b2cb742a95c9cdd034a2b70aaeb558c0b07c3c0,main,NA,A1,15733,2.8570182795356735e-05,128,40,3.0728515625,0.0007348060607910156,100000000,0.00014954394876963488,8.493315858336595e-06,False,PASS,low_perturbation,de583ac978616a27d8bd9775b5b74796bb2f16cf95da3d314c025b000881622d,100224,0,0,0,128,40,1.0,YES,NA,3.0728515625,0,model_qwen2_5_14b_heads/memory/A1_SMU_SCALAR/trial-0/simulator.log,0,YES,NA,NA,2.0559758419243722e-05,20260808T080342Z_8c2dfdaa_p0-5-model-01,16512,13489,1,NA,1,33f066a87e3592e55aa4c78bcc583383243061423e6a790856d5b1be7f593fef,/home/wxt/work-online-merge-low-dasm-simulator-5c2aad2-r1/spatz_cluster.vlt,MODEL_DECODER_HEAD_SET_NEAR_CAPACITY,962,1,2244,NA,NA,PASS,NA,PASS,512,50813fb3e6da6a300377c28b4b6a3d2b8b591c53f289e65dfddd909d8c356209,pass,8904,131072,3,NA,NA,NA,2026-08-08T10:09:30+00:00,NA,NA,NA,NA,NA,NA,NA,NA,NA,NA,NA,NA,NA,NA,NA,0,NA,Verilator 5.034 2025-02-24 rev v5.034,4f53cda18c2baa0c0354bb5f9a3ecbe5ed12ab4d8e11ba873c2f11161202b945,40,40,521,1,361,0
/home/wxt/work-online-merge-8c2dfda-p0-5-model-01-r1,128,40,83712,NA,677d6276039febe9c1040dbf46057097056e8afdad663d5d782cc56ac4d16023,84,0.016153846153846154,83712,83520,main,model_qwen2_5_14b_heads,main,120fa0c30199e54e6e9b5c60d8da40913eae8526640992cc5d4f130bef159775,5200,hw/system/spatz_cluster/cfg/spatz_cluster.default.dram.hjson,14771,YES,clang version 14.0.6 (git@github.com:pulp-platform/llvm-project.git b494f2d8dde88723026db8ec16ac6c7ee1e140ca) | Target: riscv32-unknown-unknown-elf | Thread model: posix,a0add77b15a2250d8bfb6633b855042b5ee66261a520ae2721ee64d76da71070,/home/wxt/work-online-merge-p0-5-dev-67df03b/install/llvm/bin/clang -DONLINE_MERGE_COUNTER_PROFILE=0 -DONLINE_MERGE_IMPLEMENTATION_SELECT=4 -DONLINE_MERGE_STACK_LOG2=13 -DONLINE_MERGE_TRACE_PROXY=0 -I/home/wxt/work-online-merge-p0-5-dev-67df03b/sw/spatzBenchmarks/include -I/home/wxt/work-online-merge-p0-5-dev-67df03b/sw/snRuntime/include -I/home/wxt/work-online-merge-p0-5-dev-67df03b/sw/snRuntime/vendor -I/home/wxt/work-online-merge-p0-5-dev-67df03b/sw/snRuntime/../toolchain/riscv-opcodes -I/home/wxt/work-online-merge-8c2dfda-p0-5-model-01-r1/build/spatzBenchmarks/online_merge_generated/N40_D128_S1_main_R1 -I/home/wxt/work-online-merge-p0-5-dev-67df03b/sw/spatzBenchmarks/online-softmax-merge  --gcc-toolchain=/home/wxt/work-online-merge-p0-5-dev-67df03b/install/riscv-gcc --gcc-toolchain=/home/wxt/work-online-merge-p0-5-dev-67df03b/install/riscv-gcc -mcpu=snitch -mcmodel=small -ffast-math -fno-builtin-printf -fno-common -falign-loops=16 -ffunction-sections -Wextra -static -mllvm -misched-topdown -menable-experimental-extensions -mno-relax -march=rv32imafdvzfh_xdma_xfquarter -mabi=ilp32d -O3 -g -o CMakeFiles/test-spatzBenchmarks-online-softmax-merge-a1.dir/online-softmax-merge/main.c.o -c /home/wxt/work-online-merge-p0-5-dev-67df03b/sw/spatzBenchmarks/online-softmax-merge/main.c,A1_SMU_SCALAR,NA,memory,NA,NO,NA,NA,NO_EXPLICIT_TRANSFER_PHASE,MODEL_WORKLOAD,pass,PASS,NA,83520,PASS,8c2dfdaac25a3f7fb9ecd30cc8ff910c1b79216f,False,A1,0,a202ff48117ef6598d47c16b2b2cb742a95c9cdd034a2b70aaeb558c0b07c3c0,main,NA,A1,15733,2.8570182795356735e-05,128,40,3.0728515625,0.0007348060607910156,100000000,0.00014954394876963488,8.493315858336595e-06,False,PASS,low_perturbation,de583ac978616a27d8bd9775b5b74796bb2f16cf95da3d314c025b000881622d,100224,0,0,0,128,40,1.0,YES,NA,3.0728515625,0,model_qwen2_5_14b_heads/memory/A1_SMU_SCALAR/trial-1/simulator.log,0,YES,NA,NA,2.0559758419243722e-05,20260808T080342Z_8c2dfdaa_p0-5-model-01,16512,13489,1,NA,1,33f066a87e3592e55aa4c78bcc583383243061423e6a790856d5b1be7f593fef,/home/wxt/work-online-merge-low-dasm-simulator-5c2aad2-r1/spatz_cluster.vlt,MODEL_DECODER_HEAD_SET_NEAR_CAPACITY,962,1,2244,NA,NA,PASS,NA,PASS,512,50813fb3e6da6a300377c28b4b6a3d2b8b591c53f289e65dfddd909d8c356209,pass,8904,131072,3,NA,NA,NA,2026-08-08T10:17:19+00:00,NA,NA,NA,NA,NA,NA,NA,NA,NA,NA,NA,NA,NA,NA,NA,1,NA,Verilator 5.034 2025-02-24 rev v5.034,4f53cda18c2baa0c0354bb5f9a3ecbe5ed12ab4d8e11ba873c2f11161202b945,40,40,521,1,361,0
/home/wxt/work-online-merge-8c2dfda-p0-5-model-01-r1,128,40,83712,NA,677d6276039febe9c1040dbf46057097056e8afdad663d5d782cc56ac4d16023,84,0.016153846153846154,83712,83520,main,model_qwen2_5_14b_heads,main,120fa0c30199e54e6e9b5c60d8da40913eae8526640992cc5d4f130bef159775,5200,hw/system/spatz_cluster/cfg/spatz_cluster.default.dram.hjson,14771,YES,clang version 14.0.6 (git@github.com:pulp-platform/llvm-project.git b494f2d8dde88723026db8ec16ac6c7ee1e140ca) | Target: riscv32-unknown-unknown-elf | Thread model: posix,a0add77b15a2250d8bfb6633b855042b5ee66261a520ae2721ee64d76da71070,/home/wxt/work-online-merge-p0-5-dev-67df03b/install/llvm/bin/clang -DONLINE_MERGE_COUNTER_PROFILE=0 -DONLINE_MERGE_IMPLEMENTATION_SELECT=4 -DONLINE_MERGE_STACK_LOG2=13 -DONLINE_MERGE_TRACE_PROXY=0 -I/home/wxt/work-online-merge-p0-5-dev-67df03b/sw/spatzBenchmarks/include -I/home/wxt/work-online-merge-p0-5-dev-67df03b/sw/snRuntime/include -I/home/wxt/work-online-merge-p0-5-dev-67df03b/sw/snRuntime/vendor -I/home/wxt/work-online-merge-p0-5-dev-67df03b/sw/snRuntime/../toolchain/riscv-opcodes -I/home/wxt/work-online-merge-8c2dfda-p0-5-model-01-r1/build/spatzBenchmarks/online_merge_generated/N40_D128_S1_main_R1 -I/home/wxt/work-online-merge-p0-5-dev-67df03b/sw/spatzBenchmarks/online-softmax-merge  --gcc-toolchain=/home/wxt/work-online-merge-p0-5-dev-67df03b/install/riscv-gcc --gcc-toolchain=/home/wxt/work-online-merge-p0-5-dev-67df03b/install/riscv-gcc -mcpu=snitch -mcmodel=small -ffast-math -fno-builtin-printf -fno-common -falign-loops=16 -ffunction-sections -Wextra -static -mllvm -misched-topdown -menable-experimental-extensions -mno-relax -march=rv32imafdvzfh_xdma_xfquarter -mabi=ilp32d -O3 -g -o CMakeFiles/test-spatzBenchmarks-online-softmax-merge-a1.dir/online-softmax-merge/main.c.o -c /home/wxt/work-online-merge-p0-5-dev-67df03b/sw/spatzBenchmarks/online-softmax-merge/main.c,A1_SMU_SCALAR,NA,memory,NA,NO,NA,NA,NO_EXPLICIT_TRANSFER_PHASE,MODEL_WORKLOAD,pass,PASS,NA,83520,PASS,8c2dfdaac25a3f7fb9ecd30cc8ff910c1b79216f,False,A1,0,a202ff48117ef6598d47c16b2b2cb742a95c9cdd034a2b70aaeb558c0b07c3c0,main,NA,A1,15733,2.8570182795356735e-05,128,40,3.0728515625,0.0007348060607910156,100000000,0.00014954394876963488,8.493315858336595e-06,False,PASS,low_perturbation,de583ac978616a27d8bd9775b5b74796bb2f16cf95da3d314c025b000881622d,100224,0,0,0,128,40,1.0,YES,NA,3.0728515625,0,model_qwen2_5_14b_heads/memory/A1_SMU_SCALAR/trial-2/simulator.log,0,YES,NA,NA,2.0559758419243722e-05,20260808T080342Z_8c2dfdaa_p0-5-model-01,16512,13489,1,NA,1,33f066a87e3592e55aa4c78bcc583383243061423e6a790856d5b1be7f593fef,/home/wxt/work-online-merge-low-dasm-simulator-5c2aad2-r1/spatz_cluster.vlt,MODEL_DECODER_HEAD_SET_NEAR_CAPACITY,962,1,2244,NA,NA,PASS,NA,PASS,512,50813fb3e6da6a300377c28b4b6a3d2b8b591c53f289e65dfddd909d8c356209,pass,8904,131072,3,NA,NA,NA,2026-08-08T10:25:12+00:00,NA,NA,NA,NA,NA,NA,NA,NA,NA,NA,NA,NA,NA,NA,NA,2,NA,Verilator 5.034 2025-02-24 rev v5.034,4f53cda18c2baa0c0354bb5f9a3ecbe5ed12ab4d8e11ba873c2f11161202b945,40,40,521,1,361,0
/home/wxt/work-online-merge-8c2dfda-p0-5-model-01-r1,128,40,83712,NA,72d7551fe74c8a2e48027e64070d95ff6dad4b332e90e3415743c71473fb6d09,81,0.015576923076923077,83712,83520,main,model_qwen2_5_14b_heads,main,120fa0c30199e54e6e9b5c60d8da40913eae8526640992cc5d4f130bef159775,5200,hw/system/spatz_cluster/cfg/spatz_cluster.default.dram.hjson,1289,YES,clang version 14.0.6 (git@github.com:pulp-platform/llvm-project.git b494f2d8dde88723026db8ec16ac6c7ee1e140ca) | Target: riscv32-unknown-unknown-elf | Thread model: posix,a0add77b15a2250d8bfb6633b855042b5ee66261a520ae2721ee64d76da71070,/home/wxt/work-online-merge-p0-5-dev-67df03b/install/llvm/bin/clang -DONLINE_MERGE_COUNTER_PROFILE=0 -DONLINE_MERGE_IMPLEMENTATION_SELECT=3 -DONLINE_MERGE_STACK_LOG2=13 -DONLINE_MERGE_TRACE_PROXY=0 -I/home/wxt/work-online-merge-p0-5-dev-67df03b/sw/spatzBenchmarks/include -I/home/wxt/work-online-merge-p0-5-dev-67df03b/sw/snRuntime/include -I/home/wxt/work-online-merge-p0-5-dev-67df03b/sw/snRuntime/vendor -I/home/wxt/work-online-merge-p0-5-dev-67df03b/sw/snRuntime/../toolchain/riscv-opcodes -I/home/wxt/work-online-merge-8c2dfda-p0-5-model-01-r1/build/spatzBenchmarks/online_merge_generated/N40_D128_S1_main_R1 -I/home/wxt/work-online-merge-p0-5-dev-67df03b/sw/spatzBenchmarks/online-softmax-merge  --gcc-toolchain=/home/wxt/work-online-merge-p0-5-dev-67df03b/install/riscv-gcc --gcc-toolchain=/home/wxt/work-online-merge-p0-5-dev-67df03b/install/riscv-gcc -mcpu=snitch -mcmodel=small -ffast-math -fno-builtin-printf -fno-common -falign-loops=16 -ffunction-sections -Wextra -static -mllvm -misched-topdown -menable-experimental-extensions -mno-relax -march=rv32imafdvzfh_xdma_xfquarter -mabi=ilp32d -O3 -g -o CMakeFiles/test-spatzBenchmarks-online-softmax-merge-a2.dir/online-softmax-merge/main.c.o -c /home/wxt/work-online-merge-p0-5-dev-67df03b/sw/spatzBenchmarks/online-softmax-merge/main.c,A2_SMU_FULL,A2,memory,NA,NO,NA,NA,NO_EXPLICIT_TRANSFER_PHASE,MODEL_WORKLOAD,pass,PASS,NA,83520,PASS,8c2dfdaac25a3f7fb9ecd30cc8ff910c1b79216f,False,B3,0,a202ff48117ef6598d47c16b2b2cb742a95c9cdd034a2b70aaeb558c0b07c3c0,main,NA,B3,43206,2.856961387837042e-05,128,40,8.438671875,0.0007348060607910156,100000000,0.00014954394876963488,8.494453504681588e-06,False,PASS,low_perturbation,f5450e3f4d10fb912e04ef39355ca977c499e3cde9c36407896931dac1db750e,100224,0,0,0,128,40,1.0,YES,NA,8.438671875,0,model_qwen2_5_14b_heads/memory/A2_SMU_FULL/trial-0/simulator.log,0,YES,NA,NA,2.0559349013539773e-05,20260808T080342Z_8c2dfdaa_p0-5-model-01,16512,NA,1,NA,1,33f066a87e3592e55aa4c78bcc583383243061423e6a790856d5b1be7f593fef,/home/wxt/work-online-merge-low-dasm-simulator-5c2aad2-r1/spatz_cluster.vlt,MODEL_DECODER_HEAD_SET_NEAR_CAPACITY,41917,1,NA,NA,NA,PASS,NA,PASS,512,fa56601ed8c4298e1c2e6b60ff7c99daa25784596333260c14a4165943f1f6e1,pass,23715,131072,211,NA,NA,NA,2026-08-08T10:33:02+00:00,NA,NA,NA,NA,NA,NA,NA,NA,NA,NA,NA,NA,NA,NA,NA,0,NA,Verilator 5.034 2025-02-24 rev v5.034,4f53cda18c2baa0c0354bb5f9a3ecbe5ed12ab4d8e11ba873c2f11161202b945,40,40,521,1,201,41115
/home/wxt/work-online-merge-8c2dfda-p0-5-model-01-r1,128,40,83712,NA,72d7551fe74c8a2e48027e64070d95ff6dad4b332e90e3415743c71473fb6d09,81,0.015576923076923077,83712,83520,main,model_qwen2_5_14b_heads,main,120fa0c30199e54e6e9b5c60d8da40913eae8526640992cc5d4f130bef159775,5200,hw/system/spatz_cluster/cfg/spatz_cluster.default.dram.hjson,1289,YES,clang version 14.0.6 (git@github.com:pulp-platform/llvm-project.git b494f2d8dde88723026db8ec16ac6c7ee1e140ca) | Target: riscv32-unknown-unknown-elf | Thread model: posix,a0add77b15a2250d8bfb6633b855042b5ee66261a520ae2721ee64d76da71070,/home/wxt/work-online-merge-p0-5-dev-67df03b/install/llvm/bin/clang -DONLINE_MERGE_COUNTER_PROFILE=0 -DONLINE_MERGE_IMPLEMENTATION_SELECT=3 -DONLINE_MERGE_STACK_LOG2=13 -DONLINE_MERGE_TRACE_PROXY=0 -I/home/wxt/work-online-merge-p0-5-dev-67df03b/sw/spatzBenchmarks/include -I/home/wxt/work-online-merge-p0-5-dev-67df03b/sw/snRuntime/include -I/home/wxt/work-online-merge-p0-5-dev-67df03b/sw/snRuntime/vendor -I/home/wxt/work-online-merge-p0-5-dev-67df03b/sw/snRuntime/../toolchain/riscv-opcodes -I/home/wxt/work-online-merge-8c2dfda-p0-5-model-01-r1/build/spatzBenchmarks/online_merge_generated/N40_D128_S1_main_R1 -I/home/wxt/work-online-merge-p0-5-dev-67df03b/sw/spatzBenchmarks/online-softmax-merge  --gcc-toolchain=/home/wxt/work-online-merge-p0-5-dev-67df03b/install/riscv-gcc --gcc-toolchain=/home/wxt/work-online-merge-p0-5-dev-67df03b/install/riscv-gcc -mcpu=snitch -mcmodel=small -ffast-math -fno-builtin-printf -fno-common -falign-loops=16 -ffunction-sections -Wextra -static -mllvm -misched-topdown -menable-experimental-extensions -mno-relax -march=rv32imafdvzfh_xdma_xfquarter -mabi=ilp32d -O3 -g -o CMakeFiles/test-spatzBenchmarks-online-softmax-merge-a2.dir/online-softmax-merge/main.c.o -c /home/wxt/work-online-merge-p0-5-dev-67df03b/sw/spatzBenchmarks/online-softmax-merge/main.c,A2_SMU_FULL,A2,memory,NA,NO,NA,NA,NO_EXPLICIT_TRANSFER_PHASE,MODEL_WORKLOAD,pass,PASS,NA,83520,PASS,8c2dfdaac25a3f7fb9ecd30cc8ff910c1b79216f,False,B3,0,a202ff48117ef6598d47c16b2b2cb742a95c9cdd034a2b70aaeb558c0b07c3c0,main,NA,B3,43206,2.856961387837042e-05,128,40,8.438671875,0.0007348060607910156,100000000,0.00014954394876963488,8.494453504681588e-06,False,PASS,low_perturbation,f5450e3f4d10fb912e04ef39355ca977c499e3cde9c36407896931dac1db750e,100224,0,0,0,128,40,1.0,YES,NA,8.438671875,0,model_qwen2_5_14b_heads/memory/A2_SMU_FULL/trial-1/simulator.log,0,YES,NA,NA,2.0559349013539773e-05,20260808T080342Z_8c2dfdaa_p0-5-model-01,16512,NA,1,NA,1,33f066a87e3592e55aa4c78bcc583383243061423e6a790856d5b1be7f593fef,/home/wxt/work-online-merge-low-dasm-simulator-5c2aad2-r1/spatz_cluster.vlt,MODEL_DECODER_HEAD_SET_NEAR_CAPACITY,41917,1,NA,NA,NA,PASS,NA,PASS,512,fa56601ed8c4298e1c2e6b60ff7c99daa25784596333260c14a4165943f1f6e1,pass,23715,131072,211,NA,NA,NA,2026-08-08T10:41:10+00:00,NA,NA,NA,NA,NA,NA,NA,NA,NA,NA,NA,NA,NA,NA,NA,1,NA,Verilator 5.034 2025-02-24 rev v5.034,4f53cda18c2baa0c0354bb5f9a3ecbe5ed12ab4d8e11ba873c2f11161202b945,40,40,521,1,201,41115
/home/wxt/work-online-merge-8c2dfda-p0-5-model-01-r1,128,40,83712,NA,72d7551fe74c8a2e48027e64070d95ff6dad4b332e90e3415743c71473fb6d09,81,0.015576923076923077,83712,83520,main,model_qwen2_5_14b_heads,main,120fa0c30199e54e6e9b5c60d8da40913eae8526640992cc5d4f130bef159775,5200,hw/system/spatz_cluster/cfg/spatz_cluster.default.dram.hjson,1289,YES,clang version 14.0.6 (git@github.com:pulp-platform/llvm-project.git b494f2d8dde88723026db8ec16ac6c7ee1e140ca) | Target: riscv32-unknown-unknown-elf | Thread model: posix,a0add77b15a2250d8bfb6633b855042b5ee66261a520ae2721ee64d76da71070,/home/wxt/work-online-merge-p0-5-dev-67df03b/install/llvm/bin/clang -DONLINE_MERGE_COUNTER_PROFILE=0 -DONLINE_MERGE_IMPLEMENTATION_SELECT=3 -DONLINE_MERGE_STACK_LOG2=13 -DONLINE_MERGE_TRACE_PROXY=0 -I/home/wxt/work-online-merge-p0-5-dev-67df03b/sw/spatzBenchmarks/include -I/home/wxt/work-online-merge-p0-5-dev-67df03b/sw/snRuntime/include -I/home/wxt/work-online-merge-p0-5-dev-67df03b/sw/snRuntime/vendor -I/home/wxt/work-online-merge-p0-5-dev-67df03b/sw/snRuntime/../toolchain/riscv-opcodes -I/home/wxt/work-online-merge-8c2dfda-p0-5-model-01-r1/build/spatzBenchmarks/online_merge_generated/N40_D128_S1_main_R1 -I/home/wxt/work-online-merge-p0-5-dev-67df03b/sw/spatzBenchmarks/online-softmax-merge  --gcc-toolchain=/home/wxt/work-online-merge-p0-5-dev-67df03b/install/riscv-gcc --gcc-toolchain=/home/wxt/work-online-merge-p0-5-dev-67df03b/install/riscv-gcc -mcpu=snitch -mcmodel=small -ffast-math -fno-builtin-printf -fno-common -falign-loops=16 -ffunction-sections -Wextra -static -mllvm -misched-topdown -menable-experimental-extensions -mno-relax -march=rv32imafdvzfh_xdma_xfquarter -mabi=ilp32d -O3 -g -o CMakeFiles/test-spatzBenchmarks-online-softmax-merge-a2.dir/online-softmax-merge/main.c.o -c /home/wxt/work-online-merge-p0-5-dev-67df03b/sw/spatzBenchmarks/online-softmax-merge/main.c,A2_SMU_FULL,A2,memory,NA,NO,NA,NA,NO_EXPLICIT_TRANSFER_PHASE,MODEL_WORKLOAD,pass,PASS,NA,83520,PASS,8c2dfdaac25a3f7fb9ecd30cc8ff910c1b79216f,False,B3,0,a202ff48117ef6598d47c16b2b2cb742a95c9cdd034a2b70aaeb558c0b07c3c0,main,NA,B3,43206,2.856961387837042e-05,128,40,8.438671875,0.0007348060607910156,100000000,0.00014954394876963488,8.494453504681588e-06,False,PASS,low_perturbation,f5450e3f4d10fb912e04ef39355ca977c499e3cde9c36407896931dac1db750e,100224,0,0,0,128,40,1.0,YES,NA,8.438671875,0,model_qwen2_5_14b_heads/memory/A2_SMU_FULL/trial-2/simulator.log,0,YES,NA,NA,2.0559349013539773e-05,20260808T080342Z_8c2dfdaa_p0-5-model-01,16512,NA,1,NA,1,33f066a87e3592e55aa4c78bcc583383243061423e6a790856d5b1be7f593fef,/home/wxt/work-online-merge-low-dasm-simulator-5c2aad2-r1/spatz_cluster.vlt,MODEL_DECODER_HEAD_SET_NEAR_CAPACITY,41917,1,NA,NA,NA,PASS,NA,PASS,512,fa56601ed8c4298e1c2e6b60ff7c99daa25784596333260c14a4165943f1f6e1,pass,23715,131072,211,NA,NA,NA,2026-08-08T10:49:32+00:00,NA,NA,NA,NA,NA,NA,NA,NA,NA,NA,NA,NA,NA,NA,NA,2,NA,Verilator 5.034 2025-02-24 rev v5.034,4f53cda18c2baa0c0354bb5f9a3ecbe5ed12ab4d8e11ba873c2f11161202b945,40,40,521,1,201,41115
/home/wxt/work-online-merge-8c2dfda-p0-5-model-01-r1,128,64,133632,NA,c89c61e1739672b31aeccc975e3a1f7c0ef99222a7928a072790c981b361a155,0,NA,133632,133632,capacity,model_qwen2_5_72b_heads,main,120fa0c30199e54e6e9b5c60d8da40913eae8526640992cc5d4f130bef159775,0,hw/system/spatz_cluster/cfg/spatz_cluster.default.dram.hjson,NA,YES,clang version 14.0.6 (git@github.com:pulp-platform/llvm-project.git b494f2d8dde88723026db8ec16ac6c7ee1e140ca) | Target: riscv32-unknown-unknown-elf | Thread model: posix,9ba8f532e4e2cf1eb2a04479d5710398617c74a3325e2b5386ffa5fbd8ca4d17,/home/wxt/work-online-merge-p0-5-dev-67df03b/install/llvm/bin/clang -DONLINE_MERGE_COUNTER_PROFILE=0 -DONLINE_MERGE_IMPLEMENTATION_SELECT=1 -DONLINE_MERGE_STACK_LOG2=13 -DONLINE_MERGE_TRACE_PROXY=0 -I/home/wxt/work-online-merge-p0-5-dev-67df03b/sw/spatzBenchmarks/include -I/home/wxt/work-online-merge-p0-5-dev-67df03b/sw/snRuntime/include -I/home/wxt/work-online-merge-p0-5-dev-67df03b/sw/snRuntime/vendor -I/home/wxt/work-online-merge-p0-5-dev-67df03b/sw/snRuntime/../toolchain/riscv-opcodes -I/home/wxt/work-online-merge-8c2dfda-p0-5-model-01-r1/build/spatzBenchmarks/online_merge_generated/N64_D128_S1_main_R1 -I/home/wxt/work-online-merge-p0-5-dev-67df03b/sw/spatzBenchmarks/online-softmax-merge  --gcc-toolchain=/home/wxt/work-online-merge-p0-5-dev-67df03b/install/riscv-gcc -mcpu=snitch -mcmodel=small -ffast-math -fno-builtin-printf -fno-common -falign-loops=16 -ffunction-sections -Wextra -static -mllvm -misched-topdown -menable-experimental-extensions -mno-relax -march=rv32imafdvzfh_xdma_xfquarter -mabi=ilp32d -O3 -g -o CMakeFiles/test-spatzBenchmarks-online-softmax-merge-b1.dir/online-softmax-merge/main.c.o -c /home/wxt/work-online-merge-p0-5-dev-67df03b/sw/spatzBenchmarks/online-softmax-merge/main.c,B1_SCALAR,NA,memory,NA,NO,NA,NA,NO_EXPLICIT_TRANSFER_PHASE,MODEL_WORKLOAD,capacity_skip,PASS,NA,133632,NA,8c2dfdaac25a3f7fb9ecd30cc8ff910c1b79216f,False,B1,0,d016400b1e90f3696ef6cfba08998cb7eb2c6909da11e52b1c14a2c96e2cf918,main,NA,B1,0,NA,128,64,0.0,0.0,100000000,0.0,NA,False,PASS,low_perturbation,754e351f4a1ef141f0d8095670e545f2d18ec0a5ffa86f600726ef66be8f6f96,150144,0,0,0,128,64,1.0,NO,SKIPPED_MEMORY_LIMIT,0.0,0,model_qwen2_5_72b_heads/memory/B1_SCALAR/trial-0/simulator.log,-1,YES,NA,NA,NA,20260808T080342Z_8c2dfdaa_p0-5-model-01,16512,NA,0,NA,1,33f066a87e3592e55aa4c78bcc583383243061423e6a790856d5b1be7f593fef,/home/wxt/work-online-merge-low-dasm-simulator-5c2aad2-r1/spatz_cluster.vlt,MODEL_DECODER_HEAD_SET_CAPACITY_PROBE,NA,0,NA,NA,NA,PASS,NA,SKIPPED_MEMORY_LIMIT,512,fe9b3351b8e5545d873a2e24fcb675b7475e7742eb741427377241e725c10ed0,capacity_skip,0,131072,0,NA,NA,NA,2026-08-08T10:57:40+00:00,NA,NA,NA,NA,NA,NA,NA,NA,NA,NA,NA,NA,NA,NA,NA,0,NA,Verilator 5.034 2025-02-24 rev v5.034,4f53cda18c2baa0c0354bb5f9a3ecbe5ed12ab4d8e11ba873c2f11161202b945,,,,,,
/home/wxt/work-online-merge-8c2dfda-p0-5-model-01-r1,128,64,133632,NA,c89c61e1739672b31aeccc975e3a1f7c0ef99222a7928a072790c981b361a155,0,NA,133632,133632,capacity,model_qwen2_5_72b_heads,main,120fa0c30199e54e6e9b5c60d8da40913eae8526640992cc5d4f130bef159775,0,hw/system/spatz_cluster/cfg/spatz_cluster.default.dram.hjson,NA,YES,clang version 14.0.6 (git@github.com:pulp-platform/llvm-project.git b494f2d8dde88723026db8ec16ac6c7ee1e140ca) | Target: riscv32-unknown-unknown-elf | Thread model: posix,9ba8f532e4e2cf1eb2a04479d5710398617c74a3325e2b5386ffa5fbd8ca4d17,/home/wxt/work-online-merge-p0-5-dev-67df03b/install/llvm/bin/clang -DONLINE_MERGE_COUNTER_PROFILE=0 -DONLINE_MERGE_IMPLEMENTATION_SELECT=1 -DONLINE_MERGE_STACK_LOG2=13 -DONLINE_MERGE_TRACE_PROXY=0 -I/home/wxt/work-online-merge-p0-5-dev-67df03b/sw/spatzBenchmarks/include -I/home/wxt/work-online-merge-p0-5-dev-67df03b/sw/snRuntime/include -I/home/wxt/work-online-merge-p0-5-dev-67df03b/sw/snRuntime/vendor -I/home/wxt/work-online-merge-p0-5-dev-67df03b/sw/snRuntime/../toolchain/riscv-opcodes -I/home/wxt/work-online-merge-8c2dfda-p0-5-model-01-r1/build/spatzBenchmarks/online_merge_generated/N64_D128_S1_main_R1 -I/home/wxt/work-online-merge-p0-5-dev-67df03b/sw/spatzBenchmarks/online-softmax-merge  --gcc-toolchain=/home/wxt/work-online-merge-p0-5-dev-67df03b/install/riscv-gcc -mcpu=snitch -mcmodel=small -ffast-math -fno-builtin-printf -fno-common -falign-loops=16 -ffunction-sections -Wextra -static -mllvm -misched-topdown -menable-experimental-extensions -mno-relax -march=rv32imafdvzfh_xdma_xfquarter -mabi=ilp32d -O3 -g -o CMakeFiles/test-spatzBenchmarks-online-softmax-merge-b1.dir/online-softmax-merge/main.c.o -c /home/wxt/work-online-merge-p0-5-dev-67df03b/sw/spatzBenchmarks/online-softmax-merge/main.c,B1_SCALAR,NA,memory,NA,NO,NA,NA,NO_EXPLICIT_TRANSFER_PHASE,MODEL_WORKLOAD,capacity_skip,PASS,NA,133632,NA,8c2dfdaac25a3f7fb9ecd30cc8ff910c1b79216f,False,B1,0,d016400b1e90f3696ef6cfba08998cb7eb2c6909da11e52b1c14a2c96e2cf918,main,NA,B1,0,NA,128,64,0.0,0.0,100000000,0.0,NA,False,PASS,low_perturbation,754e351f4a1ef141f0d8095670e545f2d18ec0a5ffa86f600726ef66be8f6f96,150144,0,0,0,128,64,1.0,NO,SKIPPED_MEMORY_LIMIT,0.0,0,model_qwen2_5_72b_heads/memory/B1_SCALAR/trial-1/simulator.log,-1,YES,NA,NA,NA,20260808T080342Z_8c2dfdaa_p0-5-model-01,16512,NA,0,NA,1,33f066a87e3592e55aa4c78bcc583383243061423e6a790856d5b1be7f593fef,/home/wxt/work-online-merge-low-dasm-simulator-5c2aad2-r1/spatz_cluster.vlt,MODEL_DECODER_HEAD_SET_CAPACITY_PROBE,NA,0,NA,NA,NA,PASS,NA,SKIPPED_MEMORY_LIMIT,512,fe9b3351b8e5545d873a2e24fcb675b7475e7742eb741427377241e725c10ed0,capacity_skip,0,131072,0,NA,NA,NA,2026-08-08T10:58:28+00:00,NA,NA,NA,NA,NA,NA,NA,NA,NA,NA,NA,NA,NA,NA,NA,1,NA,Verilator 5.034 2025-02-24 rev v5.034,4f53cda18c2baa0c0354bb5f9a3ecbe5ed12ab4d8e11ba873c2f11161202b945,,,,,,
/home/wxt/work-online-merge-8c2dfda-p0-5-model-01-r1,128,64,133632,NA,c89c61e1739672b31aeccc975e3a1f7c0ef99222a7928a072790c981b361a155,0,NA,133632,133632,capacity,model_qwen2_5_72b_heads,main,120fa0c30199e54e6e9b5c60d8da40913eae8526640992cc5d4f130bef159775,0,hw/system/spatz_cluster/cfg/spatz_cluster.default.dram.hjson,NA,YES,clang version 14.0.6 (git@github.com:pulp-platform/llvm-project.git b494f2d8dde88723026db8ec16ac6c7ee1e140ca) | Target: riscv32-unknown-unknown-elf | Thread model: posix,9ba8f532e4e2cf1eb2a04479d5710398617c74a3325e2b5386ffa5fbd8ca4d17,/home/wxt/work-online-merge-p0-5-dev-67df03b/install/llvm/bin/clang -DONLINE_MERGE_COUNTER_PROFILE=0 -DONLINE_MERGE_IMPLEMENTATION_SELECT=1 -DONLINE_MERGE_STACK_LOG2=13 -DONLINE_MERGE_TRACE_PROXY=0 -I/home/wxt/work-online-merge-p0-5-dev-67df03b/sw/spatzBenchmarks/include -I/home/wxt/work-online-merge-p0-5-dev-67df03b/sw/snRuntime/include -I/home/wxt/work-online-merge-p0-5-dev-67df03b/sw/snRuntime/vendor -I/home/wxt/work-online-merge-p0-5-dev-67df03b/sw/snRuntime/../toolchain/riscv-opcodes -I/home/wxt/work-online-merge-8c2dfda-p0-5-model-01-r1/build/spatzBenchmarks/online_merge_generated/N64_D128_S1_main_R1 -I/home/wxt/work-online-merge-p0-5-dev-67df03b/sw/spatzBenchmarks/online-softmax-merge  --gcc-toolchain=/home/wxt/work-online-merge-p0-5-dev-67df03b/install/riscv-gcc -mcpu=snitch -mcmodel=small -ffast-math -fno-builtin-printf -fno-common -falign-loops=16 -ffunction-sections -Wextra -static -mllvm -misched-topdown -menable-experimental-extensions -mno-relax -march=rv32imafdvzfh_xdma_xfquarter -mabi=ilp32d -O3 -g -o CMakeFiles/test-spatzBenchmarks-online-softmax-merge-b1.dir/online-softmax-merge/main.c.o -c /home/wxt/work-online-merge-p0-5-dev-67df03b/sw/spatzBenchmarks/online-softmax-merge/main.c,B1_SCALAR,NA,memory,NA,NO,NA,NA,NO_EXPLICIT_TRANSFER_PHASE,MODEL_WORKLOAD,capacity_skip,PASS,NA,133632,NA,8c2dfdaac25a3f7fb9ecd30cc8ff910c1b79216f,False,B1,0,d016400b1e90f3696ef6cfba08998cb7eb2c6909da11e52b1c14a2c96e2cf918,main,NA,B1,0,NA,128,64,0.0,0.0,100000000,0.0,NA,False,PASS,low_perturbation,754e351f4a1ef141f0d8095670e545f2d18ec0a5ffa86f600726ef66be8f6f96,150144,0,0,0,128,64,1.0,NO,SKIPPED_MEMORY_LIMIT,0.0,0,model_qwen2_5_72b_heads/memory/B1_SCALAR/trial-2/simulator.log,-1,YES,NA,NA,NA,20260808T080342Z_8c2dfdaa_p0-5-model-01,16512,NA,0,NA,1,33f066a87e3592e55aa4c78bcc583383243061423e6a790856d5b1be7f593fef,/home/wxt/work-online-merge-low-dasm-simulator-5c2aad2-r1/spatz_cluster.vlt,MODEL_DECODER_HEAD_SET_CAPACITY_PROBE,NA,0,NA,NA,NA,PASS,NA,SKIPPED_MEMORY_LIMIT,512,fe9b3351b8e5545d873a2e24fcb675b7475e7742eb741427377241e725c10ed0,capacity_skip,0,131072,0,NA,NA,NA,2026-08-08T10:59:15+00:00,NA,NA,NA,NA,NA,NA,NA,NA,NA,NA,NA,NA,NA,NA,NA,2,NA,Verilator 5.034 2025-02-24 rev v5.034,4f53cda18c2baa0c0354bb5f9a3ecbe5ed12ab4d8e11ba873c2f11161202b945,,,,,,
/home/wxt/work-online-merge-8c2dfda-p0-5-model-01-r1,128,64,133632,NA,6b30bdd1c175329912dc8c0edede92d73163f4629a262d5a964ce54a1f9d289d,0,NA,133632,133632,capacity,model_qwen2_5_72b_heads,main,120fa0c30199e54e6e9b5c60d8da40913eae8526640992cc5d4f130bef159775,0,hw/system/spatz_cluster/cfg/spatz_cluster.default.dram.hjson,NA,YES,clang version 14.0.6 (git@github.com:pulp-platform/llvm-project.git b494f2d8dde88723026db8ec16ac6c7ee1e140ca) | Target: riscv32-unknown-unknown-elf | Thread model: posix,9ba8f532e4e2cf1eb2a04479d5710398617c74a3325e2b5386ffa5fbd8ca4d17,/home/wxt/work-online-merge-p0-5-dev-67df03b/install/llvm/bin/clang -DONLINE_MERGE_COUNTER_PROFILE=0 -DONLINE_MERGE_IMPLEMENTATION_SELECT=2 -DONLINE_MERGE_STACK_LOG2=13 -DONLINE_MERGE_TRACE_PROXY=0 -I/home/wxt/work-online-merge-p0-5-dev-67df03b/sw/spatzBenchmarks/include -I/home/wxt/work-online-merge-p0-5-dev-67df03b/sw/snRuntime/include -I/home/wxt/work-online-merge-p0-5-dev-67df03b/sw/snRuntime/vendor -I/home/wxt/work-online-merge-p0-5-dev-67df03b/sw/snRuntime/../toolchain/riscv-opcodes -I/home/wxt/work-online-merge-8c2dfda-p0-5-model-01-r1/build/spatzBenchmarks/online_merge_generated/N64_D128_S1_main_R1 -I/home/wxt/work-online-merge-p0-5-dev-67df03b/sw/spatzBenchmarks/online-softmax-merge  --gcc-toolchain=/home/wxt/work-online-merge-p0-5-dev-67df03b/install/riscv-gcc -mcpu=snitch -mcmodel=small -ffast-math -fno-builtin-printf -fno-common -falign-loops=16 -ffunction-sections -Wextra -static -mllvm -misched-topdown -menable-experimental-extensions -mno-relax -march=rv32imafdvzfh_xdma_xfquarter -mabi=ilp32d -O3 -g -o CMakeFiles/test-spatzBenchmarks-online-softmax-merge-b2r.dir/online-softmax-merge/main.c.o -c /home/wxt/work-online-merge-p0-5-dev-67df03b/sw/spatzBenchmarks/online-softmax-merge/main.c,B2R_RVV,A0,memory,NA,NO,NA,NA,NO_EXPLICIT_TRANSFER_PHASE,MODEL_WORKLOAD,capacity_skip,PASS,NA,133632,NA,8c2dfdaac25a3f7fb9ecd30cc8ff910c1b79216f,False,B2-R,0,d016400b1e90f3696ef6cfba08998cb7eb2c6909da11e52b1c14a2c96e2cf918,main,NA,B2-R,0,NA,128,64,0.0,0.0,100000000,0.0,NA,False,PASS,low_perturbation,a73c7bed1774f42cf35d7feaeb262188095a21aae09bdbf304a7f77577f80ebb,150144,0,0,0,128,64,1.0,NO,SKIPPED_MEMORY_LIMIT;DYNAMIC_RVV_TRACE_PENDING,0.0,0,model_qwen2_5_72b_heads/memory/B2R_RVV/trial-0/simulator.log,-1,YES,NA,NA,NA,20260808T080342Z_8c2dfdaa_p0-5-model-01,16512,NA,0,NA,1,33f066a87e3592e55aa4c78bcc583383243061423e6a790856d5b1be7f593fef,/home/wxt/work-online-merge-low-dasm-simulator-5c2aad2-r1/spatz_cluster.vlt,MODEL_DECODER_HEAD_SET_CAPACITY_PROBE,NA,0,NA,NA,NA,PASS,NA,SKIPPED_MEMORY_LIMIT,512,117c790eaf3ffbe97db0c4ecb559de50b74b8f9cdf87c66f82c03ff3a61bdc01,capacity_skip,0,131072,0,NA,NA,NA,2026-08-08T11:00:03+00:00,NA,NA,NA,NA,NA,NA,NA,NA,NA,NA,NOT_APPLICABLE_TERMINAL_CASE,361ff71bcc241b448e49ff6d212d06a13a986e2fad861b0aa0b67e40e7a21d68,/home/wxt/work-online-merge-traced-simulator-088a44d-r1/spatz_cluster.vlt,NA,NA,0,NA,Verilator 5.034 2025-02-24 rev v5.034,4f53cda18c2baa0c0354bb5f9a3ecbe5ed12ab4d8e11ba873c2f11161202b945,,,,,,
/home/wxt/work-online-merge-8c2dfda-p0-5-model-01-r1,128,64,133632,NA,6b30bdd1c175329912dc8c0edede92d73163f4629a262d5a964ce54a1f9d289d,0,NA,133632,133632,capacity,model_qwen2_5_72b_heads,main,120fa0c30199e54e6e9b5c60d8da40913eae8526640992cc5d4f130bef159775,0,hw/system/spatz_cluster/cfg/spatz_cluster.default.dram.hjson,NA,YES,clang version 14.0.6 (git@github.com:pulp-platform/llvm-project.git b494f2d8dde88723026db8ec16ac6c7ee1e140ca) | Target: riscv32-unknown-unknown-elf | Thread model: posix,9ba8f532e4e2cf1eb2a04479d5710398617c74a3325e2b5386ffa5fbd8ca4d17,/home/wxt/work-online-merge-p0-5-dev-67df03b/install/llvm/bin/clang -DONLINE_MERGE_COUNTER_PROFILE=0 -DONLINE_MERGE_IMPLEMENTATION_SELECT=2 -DONLINE_MERGE_STACK_LOG2=13 -DONLINE_MERGE_TRACE_PROXY=0 -I/home/wxt/work-online-merge-p0-5-dev-67df03b/sw/spatzBenchmarks/include -I/home/wxt/work-online-merge-p0-5-dev-67df03b/sw/snRuntime/include -I/home/wxt/work-online-merge-p0-5-dev-67df03b/sw/snRuntime/vendor -I/home/wxt/work-online-merge-p0-5-dev-67df03b/sw/snRuntime/../toolchain/riscv-opcodes -I/home/wxt/work-online-merge-8c2dfda-p0-5-model-01-r1/build/spatzBenchmarks/online_merge_generated/N64_D128_S1_main_R1 -I/home/wxt/work-online-merge-p0-5-dev-67df03b/sw/spatzBenchmarks/online-softmax-merge  --gcc-toolchain=/home/wxt/work-online-merge-p0-5-dev-67df03b/install/riscv-gcc -mcpu=snitch -mcmodel=small -ffast-math -fno-builtin-printf -fno-common -falign-loops=16 -ffunction-sections -Wextra -static -mllvm -misched-topdown -menable-experimental-extensions -mno-relax -march=rv32imafdvzfh_xdma_xfquarter -mabi=ilp32d -O3 -g -o CMakeFiles/test-spatzBenchmarks-online-softmax-merge-b2r.dir/online-softmax-merge/main.c.o -c /home/wxt/work-online-merge-p0-5-dev-67df03b/sw/spatzBenchmarks/online-softmax-merge/main.c,B2R_RVV,A0,memory,NA,NO,NA,NA,NO_EXPLICIT_TRANSFER_PHASE,MODEL_WORKLOAD,capacity_skip,PASS,NA,133632,NA,8c2dfdaac25a3f7fb9ecd30cc8ff910c1b79216f,False,B2-R,0,d016400b1e90f3696ef6cfba08998cb7eb2c6909da11e52b1c14a2c96e2cf918,main,NA,B2-R,0,NA,128,64,0.0,0.0,100000000,0.0,NA,False,PASS,low_perturbation,a73c7bed1774f42cf35d7feaeb262188095a21aae09bdbf304a7f77577f80ebb,150144,0,0,0,128,64,1.0,NO,SKIPPED_MEMORY_LIMIT;DYNAMIC_RVV_TRACE_PENDING,0.0,0,model_qwen2_5_72b_heads/memory/B2R_RVV/trial-1/simulator.log,-1,YES,NA,NA,NA,20260808T080342Z_8c2dfdaa_p0-5-model-01,16512,NA,0,NA,1,33f066a87e3592e55aa4c78bcc583383243061423e6a790856d5b1be7f593fef,/home/wxt/work-online-merge-low-dasm-simulator-5c2aad2-r1/spatz_cluster.vlt,MODEL_DECODER_HEAD_SET_CAPACITY_PROBE,NA,0,NA,NA,NA,PASS,NA,SKIPPED_MEMORY_LIMIT,512,117c790eaf3ffbe97db0c4ecb559de50b74b8f9cdf87c66f82c03ff3a61bdc01,capacity_skip,0,131072,0,NA,NA,NA,2026-08-08T11:00:50+00:00,NA,NA,NA,NA,NA,NA,NA,NA,NA,NA,NOT_APPLICABLE_TERMINAL_CASE,361ff71bcc241b448e49ff6d212d06a13a986e2fad861b0aa0b67e40e7a21d68,/home/wxt/work-online-merge-traced-simulator-088a44d-r1/spatz_cluster.vlt,NA,NA,1,NA,Verilator 5.034 2025-02-24 rev v5.034,4f53cda18c2baa0c0354bb5f9a3ecbe5ed12ab4d8e11ba873c2f11161202b945,,,,,,
/home/wxt/work-online-merge-8c2dfda-p0-5-model-01-r1,128,64,133632,NA,6b30bdd1c175329912dc8c0edede92d73163f4629a262d5a964ce54a1f9d289d,0,NA,133632,133632,capacity,model_qwen2_5_72b_heads,main,120fa0c30199e54e6e9b5c60d8da40913eae8526640992cc5d4f130bef159775,0,hw/system/spatz_cluster/cfg/spatz_cluster.default.dram.hjson,NA,YES,clang version 14.0.6 (git@github.com:pulp-platform/llvm-project.git b494f2d8dde88723026db8ec16ac6c7ee1e140ca) | Target: riscv32-unknown-unknown-elf | Thread model: posix,9ba8f532e4e2cf1eb2a04479d5710398617c74a3325e2b5386ffa5fbd8ca4d17,/home/wxt/work-online-merge-p0-5-dev-67df03b/install/llvm/bin/clang -DONLINE_MERGE_COUNTER_PROFILE=0 -DONLINE_MERGE_IMPLEMENTATION_SELECT=2 -DONLINE_MERGE_STACK_LOG2=13 -DONLINE_MERGE_TRACE_PROXY=0 -I/home/wxt/work-online-merge-p0-5-dev-67df03b/sw/spatzBenchmarks/include -I/home/wxt/work-online-merge-p0-5-dev-67df03b/sw/snRuntime/include -I/home/wxt/work-online-merge-p0-5-dev-67df03b/sw/snRuntime/vendor -I/home/wxt/work-online-merge-p0-5-dev-67df03b/sw/snRuntime/../toolchain/riscv-opcodes -I/home/wxt/work-online-merge-8c2dfda-p0-5-model-01-r1/build/spatzBenchmarks/online_merge_generated/N64_D128_S1_main_R1 -I/home/wxt/work-online-merge-p0-5-dev-67df03b/sw/spatzBenchmarks/online-softmax-merge  --gcc-toolchain=/home/wxt/work-online-merge-p0-5-dev-67df03b/install/riscv-gcc -mcpu=snitch -mcmodel=small -ffast-math -fno-builtin-printf -fno-common -falign-loops=16 -ffunction-sections -Wextra -static -mllvm -misched-topdown -menable-experimental-extensions -mno-relax -march=rv32imafdvzfh_xdma_xfquarter -mabi=ilp32d -O3 -g -o CMakeFiles/test-spatzBenchmarks-online-softmax-merge-b2r.dir/online-softmax-merge/main.c.o -c /home/wxt/work-online-merge-p0-5-dev-67df03b/sw/spatzBenchmarks/online-softmax-merge/main.c,B2R_RVV,A0,memory,NA,NO,NA,NA,NO_EXPLICIT_TRANSFER_PHASE,MODEL_WORKLOAD,capacity_skip,PASS,NA,133632,NA,8c2dfdaac25a3f7fb9ecd30cc8ff910c1b79216f,False,B2-R,0,d016400b1e90f3696ef6cfba08998cb7eb2c6909da11e52b1c14a2c96e2cf918,main,NA,B2-R,0,NA,128,64,0.0,0.0,100000000,0.0,NA,False,PASS,low_perturbation,a73c7bed1774f42cf35d7feaeb262188095a21aae09bdbf304a7f77577f80ebb,150144,0,0,0,128,64,1.0,NO,SKIPPED_MEMORY_LIMIT;DYNAMIC_RVV_TRACE_PENDING,0.0,0,model_qwen2_5_72b_heads/memory/B2R_RVV/trial-2/simulator.log,-1,YES,NA,NA,NA,20260808T080342Z_8c2dfdaa_p0-5-model-01,16512,NA,0,NA,1,33f066a87e3592e55aa4c78bcc583383243061423e6a790856d5b1be7f593fef,/home/wxt/work-online-merge-low-dasm-simulator-5c2aad2-r1/spatz_cluster.vlt,MODEL_DECODER_HEAD_SET_CAPACITY_PROBE,NA,0,NA,NA,NA,PASS,NA,SKIPPED_MEMORY_LIMIT,512,117c790eaf3ffbe97db0c4ecb559de50b74b8f9cdf87c66f82c03ff3a61bdc01,capacity_skip,0,131072,0,NA,NA,NA,2026-08-08T11:01:41+00:00,NA,NA,NA,NA,NA,NA,NA,NA,NA,NA,NOT_APPLICABLE_TERMINAL_CASE,361ff71bcc241b448e49ff6d212d06a13a986e2fad861b0aa0b67e40e7a21d68,/home/wxt/work-online-merge-traced-simulator-088a44d-r1/spatz_cluster.vlt,NA,NA,2,NA,Verilator 5.034 2025-02-24 rev v5.034,4f53cda18c2baa0c0354bb5f9a3ecbe5ed12ab4d8e11ba873c2f11161202b945,,,,,,
/home/wxt/work-online-merge-8c2dfda-p0-5-model-01-r1,128,64,133632,NA,c6effaa74bc64ab872b2e08b7f76993dfad68fb71b67c8b7b4aabcbe379dd222,0,NA,133632,133632,capacity,model_qwen2_5_72b_heads,main,120fa0c30199e54e6e9b5c60d8da40913eae8526640992cc5d4f130bef159775,0,hw/system/spatz_cluster/cfg/spatz_cluster.default.dram.hjson,NA,YES,clang version 14.0.6 (git@github.com:pulp-platform/llvm-project.git b494f2d8dde88723026db8ec16ac6c7ee1e140ca) | Target: riscv32-unknown-unknown-elf | Thread model: posix,9ba8f532e4e2cf1eb2a04479d5710398617c74a3325e2b5386ffa5fbd8ca4d17,/home/wxt/work-online-merge-p0-5-dev-67df03b/install/llvm/bin/clang -DONLINE_MERGE_COUNTER_PROFILE=0 -DONLINE_MERGE_IMPLEMENTATION_SELECT=4 -DONLINE_MERGE_STACK_LOG2=13 -DONLINE_MERGE_TRACE_PROXY=0 -I/home/wxt/work-online-merge-p0-5-dev-67df03b/sw/spatzBenchmarks/include -I/home/wxt/work-online-merge-p0-5-dev-67df03b/sw/snRuntime/include -I/home/wxt/work-online-merge-p0-5-dev-67df03b/sw/snRuntime/vendor -I/home/wxt/work-online-merge-p0-5-dev-67df03b/sw/snRuntime/../toolchain/riscv-opcodes -I/home/wxt/work-online-merge-8c2dfda-p0-5-model-01-r1/build/spatzBenchmarks/online_merge_generated/N64_D128_S1_main_R1 -I/home/wxt/work-online-merge-p0-5-dev-67df03b/sw/spatzBenchmarks/online-softmax-merge  --gcc-toolchain=/home/wxt/work-online-merge-p0-5-dev-67df03b/install/riscv-gcc -mcpu=snitch -mcmodel=small -ffast-math -fno-builtin-printf -fno-common -falign-loops=16 -ffunction-sections -Wextra -static -mllvm -misched-topdown -menable-experimental-extensions -mno-relax -march=rv32imafdvzfh_xdma_xfquarter -mabi=ilp32d -O3 -g -o CMakeFiles/test-spatzBenchmarks-online-softmax-merge-a1.dir/online-softmax-merge/main.c.o -c /home/wxt/work-online-merge-p0-5-dev-67df03b/sw/spatzBenchmarks/online-softmax-merge/main.c,A1_SMU_SCALAR,NA,memory,NA,NO,NA,NA,NO_EXPLICIT_TRANSFER_PHASE,MODEL_WORKLOAD,capacity_skip,PASS,NA,133632,NA,8c2dfdaac25a3f7fb9ecd30cc8ff910c1b79216f,False,A1,0,d016400b1e90f3696ef6cfba08998cb7eb2c6909da11e52b1c14a2c96e2cf918,main,NA,A1,0,NA,128,64,0.0,0.0,100000000,0.0,NA,False,PASS,low_perturbation,90963ce22996fcf1437473266f2ea6a1c98b384f5cb1fab398ecbd1a76a3dbce,150144,0,0,0,128,64,1.0,NO,SKIPPED_MEMORY_LIMIT;SMU_FSM_GATE_FAILED,0.0,0,model_qwen2_5_72b_heads/memory/A1_SMU_SCALAR/trial-0/simulator.log,-1,YES,NA,NA,NA,20260808T080342Z_8c2dfdaa_p0-5-model-01,16512,0,0,NA,1,33f066a87e3592e55aa4c78bcc583383243061423e6a790856d5b1be7f593fef,/home/wxt/work-online-merge-low-dasm-simulator-5c2aad2-r1/spatz_cluster.vlt,MODEL_DECODER_HEAD_SET_CAPACITY_PROBE,NA,1,0,NA,NA,PASS,NA,SKIPPED_MEMORY_LIMIT,512,30cc4bf4036af4ed4c1966f00a05ec22c9b0806a01dde48d9ed3df69d9c33bee,capacity_skip,0,131072,0,NA,NA,NA,2026-08-08T11:02:33+00:00,NA,NA,NA,NA,NA,NA,NA,NA,NA,NA,NA,NA,NA,NA,NA,0,NA,Verilator 5.034 2025-02-24 rev v5.034,4f53cda18c2baa0c0354bb5f9a3ecbe5ed12ab4d8e11ba873c2f11161202b945,,,,,,
/home/wxt/work-online-merge-8c2dfda-p0-5-model-01-r1,128,64,133632,NA,c6effaa74bc64ab872b2e08b7f76993dfad68fb71b67c8b7b4aabcbe379dd222,0,NA,133632,133632,capacity,model_qwen2_5_72b_heads,main,120fa0c30199e54e6e9b5c60d8da40913eae8526640992cc5d4f130bef159775,0,hw/system/spatz_cluster/cfg/spatz_cluster.default.dram.hjson,NA,YES,clang version 14.0.6 (git@github.com:pulp-platform/llvm-project.git b494f2d8dde88723026db8ec16ac6c7ee1e140ca) | Target: riscv32-unknown-unknown-elf | Thread model: posix,9ba8f532e4e2cf1eb2a04479d5710398617c74a3325e2b5386ffa5fbd8ca4d17,/home/wxt/work-online-merge-p0-5-dev-67df03b/install/llvm/bin/clang -DONLINE_MERGE_COUNTER_PROFILE=0 -DONLINE_MERGE_IMPLEMENTATION_SELECT=4 -DONLINE_MERGE_STACK_LOG2=13 -DONLINE_MERGE_TRACE_PROXY=0 -I/home/wxt/work-online-merge-p0-5-dev-67df03b/sw/spatzBenchmarks/include -I/home/wxt/work-online-merge-p0-5-dev-67df03b/sw/snRuntime/include -I/home/wxt/work-online-merge-p0-5-dev-67df03b/sw/snRuntime/vendor -I/home/wxt/work-online-merge-p0-5-dev-67df03b/sw/snRuntime/../toolchain/riscv-opcodes -I/home/wxt/work-online-merge-8c2dfda-p0-5-model-01-r1/build/spatzBenchmarks/online_merge_generated/N64_D128_S1_main_R1 -I/home/wxt/work-online-merge-p0-5-dev-67df03b/sw/spatzBenchmarks/online-softmax-merge  --gcc-toolchain=/home/wxt/work-online-merge-p0-5-dev-67df03b/install/riscv-gcc -mcpu=snitch -mcmodel=small -ffast-math -fno-builtin-printf -fno-common -falign-loops=16 -ffunction-sections -Wextra -static -mllvm -misched-topdown -menable-experimental-extensions -mno-relax -march=rv32imafdvzfh_xdma_xfquarter -mabi=ilp32d -O3 -g -o CMakeFiles/test-spatzBenchmarks-online-softmax-merge-a1.dir/online-softmax-merge/main.c.o -c /home/wxt/work-online-merge-p0-5-dev-67df03b/sw/spatzBenchmarks/online-softmax-merge/main.c,A1_SMU_SCALAR,NA,memory,NA,NO,NA,NA,NO_EXPLICIT_TRANSFER_PHASE,MODEL_WORKLOAD,capacity_skip,PASS,NA,133632,NA,8c2dfdaac25a3f7fb9ecd30cc8ff910c1b79216f,False,A1,0,d016400b1e90f3696ef6cfba08998cb7eb2c6909da11e52b1c14a2c96e2cf918,main,NA,A1,0,NA,128,64,0.0,0.0,100000000,0.0,NA,False,PASS,low_perturbation,90963ce22996fcf1437473266f2ea6a1c98b384f5cb1fab398ecbd1a76a3dbce,150144,0,0,0,128,64,1.0,NO,SKIPPED_MEMORY_LIMIT;SMU_FSM_GATE_FAILED,0.0,0,model_qwen2_5_72b_heads/memory/A1_SMU_SCALAR/trial-1/simulator.log,-1,YES,NA,NA,NA,20260808T080342Z_8c2dfdaa_p0-5-model-01,16512,0,0,NA,1,33f066a87e3592e55aa4c78bcc583383243061423e6a790856d5b1be7f593fef,/home/wxt/work-online-merge-low-dasm-simulator-5c2aad2-r1/spatz_cluster.vlt,MODEL_DECODER_HEAD_SET_CAPACITY_PROBE,NA,1,0,NA,NA,PASS,NA,SKIPPED_MEMORY_LIMIT,512,30cc4bf4036af4ed4c1966f00a05ec22c9b0806a01dde48d9ed3df69d9c33bee,capacity_skip,0,131072,0,NA,NA,NA,2026-08-08T11:03:26+00:00,NA,NA,NA,NA,NA,NA,NA,NA,NA,NA,NA,NA,NA,NA,NA,1,NA,Verilator 5.034 2025-02-24 rev v5.034,4f53cda18c2baa0c0354bb5f9a3ecbe5ed12ab4d8e11ba873c2f11161202b945,,,,,,
/home/wxt/work-online-merge-8c2dfda-p0-5-model-01-r1,128,64,133632,NA,c6effaa74bc64ab872b2e08b7f76993dfad68fb71b67c8b7b4aabcbe379dd222,0,NA,133632,133632,capacity,model_qwen2_5_72b_heads,main,120fa0c30199e54e6e9b5c60d8da40913eae8526640992cc5d4f130bef159775,0,hw/system/spatz_cluster/cfg/spatz_cluster.default.dram.hjson,NA,YES,clang version 14.0.6 (git@github.com:pulp-platform/llvm-project.git b494f2d8dde88723026db8ec16ac6c7ee1e140ca) | Target: riscv32-unknown-unknown-elf | Thread model: posix,9ba8f532e4e2cf1eb2a04479d5710398617c74a3325e2b5386ffa5fbd8ca4d17,/home/wxt/work-online-merge-p0-5-dev-67df03b/install/llvm/bin/clang -DONLINE_MERGE_COUNTER_PROFILE=0 -DONLINE_MERGE_IMPLEMENTATION_SELECT=4 -DONLINE_MERGE_STACK_LOG2=13 -DONLINE_MERGE_TRACE_PROXY=0 -I/home/wxt/work-online-merge-p0-5-dev-67df03b/sw/spatzBenchmarks/include -I/home/wxt/work-online-merge-p0-5-dev-67df03b/sw/snRuntime/include -I/home/wxt/work-online-merge-p0-5-dev-67df03b/sw/snRuntime/vendor -I/home/wxt/work-online-merge-p0-5-dev-67df03b/sw/snRuntime/../toolchain/riscv-opcodes -I/home/wxt/work-online-merge-8c2dfda-p0-5-model-01-r1/build/spatzBenchmarks/online_merge_generated/N64_D128_S1_main_R1 -I/home/wxt/work-online-merge-p0-5-dev-67df03b/sw/spatzBenchmarks/online-softmax-merge  --gcc-toolchain=/home/wxt/work-online-merge-p0-5-dev-67df03b/install/riscv-gcc -mcpu=snitch -mcmodel=small -ffast-math -fno-builtin-printf -fno-common -falign-loops=16 -ffunction-sections -Wextra -static -mllvm -misched-topdown -menable-experimental-extensions -mno-relax -march=rv32imafdvzfh_xdma_xfquarter -mabi=ilp32d -O3 -g -o CMakeFiles/test-spatzBenchmarks-online-softmax-merge-a1.dir/online-softmax-merge/main.c.o -c /home/wxt/work-online-merge-p0-5-dev-67df03b/sw/spatzBenchmarks/online-softmax-merge/main.c,A1_SMU_SCALAR,NA,memory,NA,NO,NA,NA,NO_EXPLICIT_TRANSFER_PHASE,MODEL_WORKLOAD,capacity_skip,PASS,NA,133632,NA,8c2dfdaac25a3f7fb9ecd30cc8ff910c1b79216f,False,A1,0,d016400b1e90f3696ef6cfba08998cb7eb2c6909da11e52b1c14a2c96e2cf918,main,NA,A1,0,NA,128,64,0.0,0.0,100000000,0.0,NA,False,PASS,low_perturbation,90963ce22996fcf1437473266f2ea6a1c98b384f5cb1fab398ecbd1a76a3dbce,150144,0,0,0,128,64,1.0,NO,SKIPPED_MEMORY_LIMIT;SMU_FSM_GATE_FAILED,0.0,0,model_qwen2_5_72b_heads/memory/A1_SMU_SCALAR/trial-2/simulator.log,-1,YES,NA,NA,NA,20260808T080342Z_8c2dfdaa_p0-5-model-01,16512,0,0,NA,1,33f066a87e3592e55aa4c78bcc583383243061423e6a790856d5b1be7f593fef,/home/wxt/work-online-merge-low-dasm-simulator-5c2aad2-r1/spatz_cluster.vlt,MODEL_DECODER_HEAD_SET_CAPACITY_PROBE,NA,1,0,NA,NA,PASS,NA,SKIPPED_MEMORY_LIMIT,512,30cc4bf4036af4ed4c1966f00a05ec22c9b0806a01dde48d9ed3df69d9c33bee,capacity_skip,0,131072,0,NA,NA,NA,2026-08-08T11:04:10+00:00,NA,NA,NA,NA,NA,NA,NA,NA,NA,NA,NA,NA,NA,NA,NA,2,NA,Verilator 5.034 2025-02-24 rev v5.034,4f53cda18c2baa0c0354bb5f9a3ecbe5ed12ab4d8e11ba873c2f11161202b945,,,,,,
/home/wxt/work-online-merge-8c2dfda-p0-5-model-01-r1,128,64,133632,NA,24195ef03ae2547c163f1427b8fcbccdb55a3bbcfa11dc70f2463aa0670cb141,0,NA,133632,133632,capacity,model_qwen2_5_72b_heads,main,120fa0c30199e54e6e9b5c60d8da40913eae8526640992cc5d4f130bef159775,0,hw/system/spatz_cluster/cfg/spatz_cluster.default.dram.hjson,NA,YES,clang version 14.0.6 (git@github.com:pulp-platform/llvm-project.git b494f2d8dde88723026db8ec16ac6c7ee1e140ca) | Target: riscv32-unknown-unknown-elf | Thread model: posix,9ba8f532e4e2cf1eb2a04479d5710398617c74a3325e2b5386ffa5fbd8ca4d17,/home/wxt/work-online-merge-p0-5-dev-67df03b/install/llvm/bin/clang -DONLINE_MERGE_COUNTER_PROFILE=0 -DONLINE_MERGE_IMPLEMENTATION_SELECT=3 -DONLINE_MERGE_STACK_LOG2=13 -DONLINE_MERGE_TRACE_PROXY=0 -I/home/wxt/work-online-merge-p0-5-dev-67df03b/sw/spatzBenchmarks/include -I/home/wxt/work-online-merge-p0-5-dev-67df03b/sw/snRuntime/include -I/home/wxt/work-online-merge-p0-5-dev-67df03b/sw/snRuntime/vendor -I/home/wxt/work-online-merge-p0-5-dev-67df03b/sw/snRuntime/../toolchain/riscv-opcodes -I/home/wxt/work-online-merge-8c2dfda-p0-5-model-01-r1/build/spatzBenchmarks/online_merge_generated/N64_D128_S1_main_R1 -I/home/wxt/work-online-merge-p0-5-dev-67df03b/sw/spatzBenchmarks/online-softmax-merge  --gcc-toolchain=/home/wxt/work-online-merge-p0-5-dev-67df03b/install/riscv-gcc -mcpu=snitch -mcmodel=small -ffast-math -fno-builtin-printf -fno-common -falign-loops=16 -ffunction-sections -Wextra -static -mllvm -misched-topdown -menable-experimental-extensions -mno-relax -march=rv32imafdvzfh_xdma_xfquarter -mabi=ilp32d -O3 -g -o CMakeFiles/test-spatzBenchmarks-online-softmax-merge-a2.dir/online-softmax-merge/main.c.o -c /home/wxt/work-online-merge-p0-5-dev-67df03b/sw/spatzBenchmarks/online-softmax-merge/main.c,A2_SMU_FULL,A2,memory,NA,NO,NA,NA,NO_EXPLICIT_TRANSFER_PHASE,MODEL_WORKLOAD,capacity_skip,PASS,NA,133632,NA,8c2dfdaac25a3f7fb9ecd30cc8ff910c1b79216f,False,B3,0,d016400b1e90f3696ef6cfba08998cb7eb2c6909da11e52b1c14a2c96e2cf918,main,NA,B3,0,NA,128,64,0.0,0.0,100000000,0.0,NA,False,PASS,low_perturbation,d8510207b678a309194f4c22b108722b9160bb0f3157f2715ca51dfc7ff2b258,150144,0,0,0,128,64,1.0,NO,SKIPPED_MEMORY_LIMIT;SMU_FSM_GATE_FAILED,0.0,0,model_qwen2_5_72b_heads/memory/A2_SMU_FULL/trial-0/simulator.log,-1,YES,NA,NA,NA,20260808T080342Z_8c2dfdaa_p0-5-model-01,16512,NA,0,NA,1,33f066a87e3592e55aa4c78bcc583383243061423e6a790856d5b1be7f593fef,/home/wxt/work-online-merge-low-dasm-simulator-5c2aad2-r1/spatz_cluster.vlt,MODEL_DECODER_HEAD_SET_CAPACITY_PROBE,NA,1,NA,NA,NA,PASS,NA,SKIPPED_MEMORY_LIMIT,512,0767c456360ade0494f821355f7952c03bb1335c6a292eee7ce6239ddcee2ab7,capacity_skip,0,131072,0,NA,NA,NA,2026-08-08T11:04:55+00:00,NA,NA,NA,NA,NA,NA,NA,NA,NA,NA,NA,NA,NA,NA,NA,0,NA,Verilator 5.034 2025-02-24 rev v5.034,4f53cda18c2baa0c0354bb5f9a3ecbe5ed12ab4d8e11ba873c2f11161202b945,,,,,,
/home/wxt/work-online-merge-8c2dfda-p0-5-model-01-r1,128,64,133632,NA,24195ef03ae2547c163f1427b8fcbccdb55a3bbcfa11dc70f2463aa0670cb141,0,NA,133632,133632,capacity,model_qwen2_5_72b_heads,main,120fa0c30199e54e6e9b5c60d8da40913eae8526640992cc5d4f130bef159775,0,hw/system/spatz_cluster/cfg/spatz_cluster.default.dram.hjson,NA,YES,clang version 14.0.6 (git@github.com:pulp-platform/llvm-project.git b494f2d8dde88723026db8ec16ac6c7ee1e140ca) | Target: riscv32-unknown-unknown-elf | Thread model: posix,9ba8f532e4e2cf1eb2a04479d5710398617c74a3325e2b5386ffa5fbd8ca4d17,/home/wxt/work-online-merge-p0-5-dev-67df03b/install/llvm/bin/clang -DONLINE_MERGE_COUNTER_PROFILE=0 -DONLINE_MERGE_IMPLEMENTATION_SELECT=3 -DONLINE_MERGE_STACK_LOG2=13 -DONLINE_MERGE_TRACE_PROXY=0 -I/home/wxt/work-online-merge-p0-5-dev-67df03b/sw/spatzBenchmarks/include -I/home/wxt/work-online-merge-p0-5-dev-67df03b/sw/snRuntime/include -I/home/wxt/work-online-merge-p0-5-dev-67df03b/sw/snRuntime/vendor -I/home/wxt/work-online-merge-p0-5-dev-67df03b/sw/snRuntime/../toolchain/riscv-opcodes -I/home/wxt/work-online-merge-8c2dfda-p0-5-model-01-r1/build/spatzBenchmarks/online_merge_generated/N64_D128_S1_main_R1 -I/home/wxt/work-online-merge-p0-5-dev-67df03b/sw/spatzBenchmarks/online-softmax-merge  --gcc-toolchain=/home/wxt/work-online-merge-p0-5-dev-67df03b/install/riscv-gcc -mcpu=snitch -mcmodel=small -ffast-math -fno-builtin-printf -fno-common -falign-loops=16 -ffunction-sections -Wextra -static -mllvm -misched-topdown -menable-experimental-extensions -mno-relax -march=rv32imafdvzfh_xdma_xfquarter -mabi=ilp32d -O3 -g -o CMakeFiles/test-spatzBenchmarks-online-softmax-merge-a2.dir/online-softmax-merge/main.c.o -c /home/wxt/work-online-merge-p0-5-dev-67df03b/sw/spatzBenchmarks/online-softmax-merge/main.c,A2_SMU_FULL,A2,memory,NA,NO,NA,NA,NO_EXPLICIT_TRANSFER_PHASE,MODEL_WORKLOAD,capacity_skip,PASS,NA,133632,NA,8c2dfdaac25a3f7fb9ecd30cc8ff910c1b79216f,False,B3,0,d016400b1e90f3696ef6cfba08998cb7eb2c6909da11e52b1c14a2c96e2cf918,main,NA,B3,0,NA,128,64,0.0,0.0,100000000,0.0,NA,False,PASS,low_perturbation,d8510207b678a309194f4c22b108722b9160bb0f3157f2715ca51dfc7ff2b258,150144,0,0,0,128,64,1.0,NO,SKIPPED_MEMORY_LIMIT;SMU_FSM_GATE_FAILED,0.0,0,model_qwen2_5_72b_heads/memory/A2_SMU_FULL/trial-1/simulator.log,-1,YES,NA,NA,NA,20260808T080342Z_8c2dfdaa_p0-5-model-01,16512,NA,0,NA,1,33f066a87e3592e55aa4c78bcc583383243061423e6a790856d5b1be7f593fef,/home/wxt/work-online-merge-low-dasm-simulator-5c2aad2-r1/spatz_cluster.vlt,MODEL_DECODER_HEAD_SET_CAPACITY_PROBE,NA,1,NA,NA,NA,PASS,NA,SKIPPED_MEMORY_LIMIT,512,0767c456360ade0494f821355f7952c03bb1335c6a292eee7ce6239ddcee2ab7,capacity_skip,0,131072,0,NA,NA,NA,2026-08-08T11:05:50+00:00,NA,NA,NA,NA,NA,NA,NA,NA,NA,NA,NA,NA,NA,NA,NA,1,NA,Verilator 5.034 2025-02-24 rev v5.034,4f53cda18c2baa0c0354bb5f9a3ecbe5ed12ab4d8e11ba873c2f11161202b945,,,,,,
/home/wxt/work-online-merge-8c2dfda-p0-5-model-01-r1,128,64,133632,NA,24195ef03ae2547c163f1427b8fcbccdb55a3bbcfa11dc70f2463aa0670cb141,0,NA,133632,133632,capacity,model_qwen2_5_72b_heads,main,120fa0c30199e54e6e9b5c60d8da40913eae8526640992cc5d4f130bef159775,0,hw/system/spatz_cluster/cfg/spatz_cluster.default.dram.hjson,NA,YES,clang version 14.0.6 (git@github.com:pulp-platform/llvm-project.git b494f2d8dde88723026db8ec16ac6c7ee1e140ca) | Target: riscv32-unknown-unknown-elf | Thread model: posix,9ba8f532e4e2cf1eb2a04479d5710398617c74a3325e2b5386ffa5fbd8ca4d17,/home/wxt/work-online-merge-p0-5-dev-67df03b/install/llvm/bin/clang -DONLINE_MERGE_COUNTER_PROFILE=0 -DONLINE_MERGE_IMPLEMENTATION_SELECT=3 -DONLINE_MERGE_STACK_LOG2=13 -DONLINE_MERGE_TRACE_PROXY=0 -I/home/wxt/work-online-merge-p0-5-dev-67df03b/sw/spatzBenchmarks/include -I/home/wxt/work-online-merge-p0-5-dev-67df03b/sw/snRuntime/include -I/home/wxt/work-online-merge-p0-5-dev-67df03b/sw/snRuntime/vendor -I/home/wxt/work-online-merge-p0-5-dev-67df03b/sw/snRuntime/../toolchain/riscv-opcodes -I/home/wxt/work-online-merge-8c2dfda-p0-5-model-01-r1/build/spatzBenchmarks/online_merge_generated/N64_D128_S1_main_R1 -I/home/wxt/work-online-merge-p0-5-dev-67df03b/sw/spatzBenchmarks/online-softmax-merge  --gcc-toolchain=/home/wxt/work-online-merge-p0-5-dev-67df03b/install/riscv-gcc -mcpu=snitch -mcmodel=small -ffast-math -fno-builtin-printf -fno-common -falign-loops=16 -ffunction-sections -Wextra -static -mllvm -misched-topdown -menable-experimental-extensions -mno-relax -march=rv32imafdvzfh_xdma_xfquarter -mabi=ilp32d -O3 -g -o CMakeFiles/test-spatzBenchmarks-online-softmax-merge-a2.dir/online-softmax-merge/main.c.o -c /home/wxt/work-online-merge-p0-5-dev-67df03b/sw/spatzBenchmarks/online-softmax-merge/main.c,A2_SMU_FULL,A2,memory,NA,NO,NA,NA,NO_EXPLICIT_TRANSFER_PHASE,MODEL_WORKLOAD,capacity_skip,PASS,NA,133632,NA,8c2dfdaac25a3f7fb9ecd30cc8ff910c1b79216f,False,B3,0,d016400b1e90f3696ef6cfba08998cb7eb2c6909da11e52b1c14a2c96e2cf918,main,NA,B3,0,NA,128,64,0.0,0.0,100000000,0.0,NA,False,PASS,low_perturbation,d8510207b678a309194f4c22b108722b9160bb0f3157f2715ca51dfc7ff2b258,150144,0,0,0,128,64,1.0,NO,SKIPPED_MEMORY_LIMIT;SMU_FSM_GATE_FAILED,0.0,0,model_qwen2_5_72b_heads/memory/A2_SMU_FULL/trial-2/simulator.log,-1,YES,NA,NA,NA,20260808T080342Z_8c2dfdaa_p0-5-model-01,16512,NA,0,NA,1,33f066a87e3592e55aa4c78bcc583383243061423e6a790856d5b1be7f593fef,/home/wxt/work-online-merge-low-dasm-simulator-5c2aad2-r1/spatz_cluster.vlt,MODEL_DECODER_HEAD_SET_CAPACITY_PROBE,NA,1,NA,NA,NA,PASS,NA,SKIPPED_MEMORY_LIMIT,512,0767c456360ade0494f821355f7952c03bb1335c6a292eee7ce6239ddcee2ab7,capacity_skip,0,131072,0,NA,NA,NA,2026-08-08T11:06:47+00:00,NA,NA,NA,NA,NA,NA,NA,NA,NA,NA,NA,NA,NA,NA,NA,2,NA,Verilator 5.034 2025-02-24 rev v5.034,4f53cda18c2baa0c0354bb5f9a3ecbe5ed12ab4d8e11ba873c2f11161202b945,,,,,,
